date,close,기관수급,외인수급,신용부담,증시연료,패닉,밸류,환율,index,가드,급락매수,코스피목표,레버리지목표,1배_Daily,2배_Daily,1배_Weekly,2배_Weekly,코스피포지션,레버리지포지션
2008-01-02,1853.45,,,,,,,,,False,False,,,0.0,0.0,0.0,0.0,0.0,0.0
2008-01-03,1852.73,,,,,,,,,False,False,,,0.0,0.0,0.0,0.0,0.0,0.0
2008-01-04,1863.9,,,,,,,,,False,False,,,0.0,0.0,0.0,0.0,0.0,0.0
2008-01-07,1831.14,,,,,,,,,False,False,,,0.0,0.0,0.0,0.0,0.0,0.0
2008-01-08,1826.23,,,,,,,,,False,False,,,0.0,0.0,0.0,0.0,0.0,0.0
2008-01-09,1844.47,,,,,,,,,False,False,,,0.0,0.0,0.0,0.0,0.0,0.0
2008-01-10,1824.78,,,,,,,,,False,False,,,0.0,0.0,0.0,0.0,0.0,0.0
2008-01-11,1782.27,,,,,,,,,False,False,,,0.0,0.0,0.0,0.0,0.0,0.0
2008-01-14,1765.88,,,,,,,,,False,False,,,0.0,0.0,0.0,0.0,0.0,0.0
2008-01-15,1746.95,,,,,,,,,False,False,,,0.0,0.0,0.0,0.0,0.0,0.0
2008-01-16,1704.97,,,,,,,,,False,False,,,0.0,0.0,0.0,0.0,0.0,0.0
2008-01-17,1723.55,,,,,,,,,False,False,,,0.0,0.0,0.0,0.0,0.0,0.0
2008-01-18,1734.72,,,,,,,,,False,False,,,0.0,0.0,0.0,0.0,0.0,0.0
2008-01-21,1683.56,,,,,,,,,False,False,,,0.0,0.0,0.0,0.0,0.0,0.0
2008-01-22,1609.02,,,,,,,,,False,False,,,0.0,0.0,0.0,0.0,0.0,0.0
2008-01-23,1628.42,,,,,,,,,False,False,,,0.0,0.0,0.0,0.0,0.0,0.0
2008-01-24,1663.0,,,,,,,,,False,False,,,0.0,0.0,0.0,0.0,0.0,0.0
2008-01-25,1692.41,,,,,,,,,False,False,,,0.0,0.0,0.0,0.0,0.0,0.0
2008-01-28,1627.19,,,,,,,,,False,False,,,0.0,0.0,0.0,0.0,0.0,0.0
2008-01-29,1637.91,,,,,,,,,False,False,,,0.0,0.0,0.0,0.0,0.0,0.0
2008-01-30,1589.06,,,,,,,,,False,False,,,0.0,0.0,0.0,0.0,0.0,0.0
2008-01-31,1624.68,,,,,,,,,False,False,,,0.0,0.0,0.0,0.0,0.0,0.0
2008-02-01,1634.53,,,,,,,,,False,False,,,0.0,0.0,0.0,0.0,0.0,0.0
2008-02-04,1690.13,,,,,,,,,False,False,,,0.0,0.0,0.0,0.0,0.0,0.0
2008-02-05,1696.57,,,,,,,,,False,False,,,0.0,0.0,0.0,0.0,0.0,0.0
2008-02-11,1640.67,,,,,,,,,False,False,,,0.0,0.0,0.0,0.0,0.0,0.0
2008-02-12,1643.29,,,,,,,,,False,False,,,0.0,0.0,0.0,0.0,0.0,0.0
2008-02-13,1631.78,,,,,,,,,False,False,,,0.0,0.0,0.0,0.0,0.0,0.0
2008-02-14,1697.45,,,,,,,,,False,False,,,0.0,0.0,0.0,0.0,0.0,0.0
2008-02-15,1694.77,,,,,,,,,False,False,,,0.0,0.0,0.0,0.0,0.0,0.0
2008-02-18,1696.24,,,,,,,,,False,False,,,0.0,0.0,0.0,0.0,0.0,0.0
2008-02-19,1720.52,,,,,,,,,False,False,,,0.0,0.0,0.0,0.0,0.0,0.0
2008-02-20,1687.91,,,,,,,,,False,False,,,0.0,0.0,0.0,0.0,0.0,0.0
2008-02-21,1704.36,,,,,,,,,False,False,,,0.0,0.0,0.0,0.0,0.0,0.0
2008-02-22,1686.45,,,,,,,,,False,False,,,0.0,0.0,0.0,0.0,0.0,0.0
2008-02-25,1709.13,,,,,,,,,False,False,,,0.0,0.0,0.0,0.0,0.0,0.0
2008-02-26,1709.13,,,,,,,,,False,False,,,0.0,0.0,0.0,0.0,0.0,0.0
2008-02-27,1720.89,,,,,,,,,False,False,,,0.0,0.0,0.0,0.0,0.0,0.0
2008-02-28,1736.17,,,,,,,,,False,False,,,0.0,0.0,0.0,0.0,0.0,0.0
2008-02-29,1711.62,,,,,,,,,False,False,,,0.0,0.0,0.0,0.0,0.0,0.0
2008-03-03,1671.73,,,,,,,,,False,False,,,0.0,0.0,0.0,0.0,0.0,0.0
2008-03-04,1676.18,,,,,,,,,False,False,,,0.0,0.0,0.0,0.0,0.0,0.0
2008-03-05,1677.1,,,,,,,,,False,False,,,0.0,0.0,0.0,0.0,0.0,0.0
2008-03-06,1697.44,,,,,,,,,False,False,,,0.0,0.0,0.0,0.0,0.0,0.0
2008-03-07,1663.97,,,,,,,,,False,False,,,0.0,0.0,0.0,0.0,0.0,0.0
2008-03-10,1625.17,,,,,,,,,False,False,,,0.0,0.0,0.0,0.0,0.0,0.0
2008-03-11,1641.48,,,,,,,,,False,False,,,0.0,0.0,0.0,0.0,0.0,0.0
2008-03-12,1658.83,,,,,,,,,False,False,,,0.0,0.0,0.0,0.0,0.0,0.0
2008-03-13,1615.62,,,,,,,,,False,False,,,0.0,0.0,0.0,0.0,0.0,0.0
2008-03-14,1600.26,,,,,,,,,False,False,,,0.0,0.0,0.0,0.0,0.0,0.0
2008-03-17,1574.44,,,,,,,,,False,False,,,0.0,0.0,0.0,0.0,0.0,0.0
2008-03-18,1588.75,,,,,,,,,False,False,,,0.0,0.0,0.0,0.0,0.0,0.0
2008-03-19,1622.23,,,,,,,,,False,False,,,0.0,0.0,0.0,0.0,0.0,0.0
2008-03-20,1623.39,,,,,,,,,False,False,,,0.0,0.0,0.0,0.0,0.0,0.0
2008-03-21,1645.69,,,,,,,,,False,False,,,0.0,0.0,0.0,0.0,0.0,0.0
2008-03-24,1655.3,,,,,,,,,False,False,,,0.0,0.0,0.0,0.0,0.0,0.0
2008-03-25,1674.93,,,,,,,,,False,False,,,0.0,0.0,0.0,0.0,0.0,0.0
2008-03-26,1679.67,,,,,,,,,False,False,,,0.0,0.0,0.0,0.0,0.0,0.0
2008-03-27,1676.24,,,,,,,,,False,False,,,0.0,0.0,0.0,0.0,0.0,0.0
2008-03-28,1701.83,,,,,,,,,False,False,,,0.0,0.0,0.0,0.0,0.0,0.0
2008-03-31,1703.99,,,,,,,,,False,False,,,0.0,0.0,0.0,0.0,0.0,0.0
2008-04-01,1702.25,,,,,,,,,False,False,,,0.0,0.0,0.0,0.0,0.0,0.0
2008-04-02,1742.19,,,,,,,,,False,False,,,0.0,0.0,0.0,0.0,0.0,0.0
2008-04-03,1763.63,,,,,,,,,False,False,,,0.0,0.0,0.0,0.0,0.0,0.0
2008-04-04,1766.49,,,,,,,,,False,False,,,0.0,0.0,0.0,0.0,0.0,0.0
2008-04-07,1773.56,,,,,,,,,False,False,,,0.0,0.0,0.0,0.0,0.0,0.0
2008-04-08,1754.71,,,,,,,,,False,False,,,0.0,0.0,0.0,0.0,0.0,0.0
2008-04-10,1764.64,,,,,,,,,False,False,,,0.0,0.0,0.0,0.0,0.0,0.0
2008-04-11,1779.71,,,,,,,,,False,False,,,0.0,0.0,0.0,0.0,0.0,0.0
2008-04-14,1746.71,,,,,,,,,False,False,,,0.0,0.0,0.0,0.0,0.0,0.0
2008-04-15,1742.17,,,,,,,,,False,False,,,0.0,0.0,0.0,0.0,0.0,0.0
2008-04-16,1758.56,,,,,,,,,False,False,,,0.0,0.0,0.0,0.0,0.0,0.0
2008-04-17,1768.67,,,,,,,,,False,False,,,0.0,0.0,0.0,0.0,0.0,0.0
2008-04-18,1771.9,,,,,,,,,False,False,,,0.0,0.0,0.0,0.0,0.0,0.0
2008-04-21,1800.48,,,,,,,,,False,False,,,0.0,0.0,0.0,0.0,0.0,0.0
2008-04-22,1787.49,,,,,,,,,False,False,,,0.0,0.0,0.0,0.0,0.0,0.0
2008-04-23,1800.79,,,,,,,,,False,False,,,0.0,0.0,0.0,0.0,0.0,0.0
2008-04-24,1799.34,,,,,,,,,False,False,,,0.0,0.0,0.0,0.0,0.0,0.0
2008-04-25,1824.68,,,,,,,,,False,False,,,0.0,0.0,0.0,0.0,0.0,0.0
2008-04-28,1823.17,,,,,,,,,False,False,,,0.0,0.0,0.0,0.0,0.0,0.0
2008-04-29,1811.51,,,,,,,,,False,False,,,0.0,0.0,0.0,0.0,0.0,0.0
2008-04-30,1825.47,,,,,,,,,False,False,,,0.0,0.0,0.0,0.0,0.0,0.0
2008-05-02,1848.27,,,,,,,,,False,False,,,0.0,0.0,0.0,0.0,0.0,0.0
2008-05-06,1859.06,,,,,,,,,False,False,,,0.0,0.0,0.0,0.0,0.0,0.0
2008-05-07,1854.01,,,,,,,,,False,False,,,0.0,0.0,0.0,0.0,0.0,0.0
2008-05-08,1848.0,,,,,,,,,False,False,,,0.0,0.0,0.0,0.0,0.0,0.0
2008-05-09,1823.7,,,,,,,,,False,False,,,0.0,0.0,0.0,0.0,0.0,0.0
2008-05-13,1842.8,,,,,,,,,False,False,,,0.0,0.0,0.0,0.0,0.0,0.0
2008-05-14,1843.75,,,,,,,,,False,False,,,0.0,0.0,0.0,0.0,0.0,0.0
2008-05-15,1885.71,,,,,,,,,False,False,,,0.0,0.0,0.0,0.0,0.0,0.0
2008-05-16,1888.88,,,,,,,,,False,False,,,0.0,0.0,0.0,0.0,0.0,0.0
2008-05-19,1885.37,,,,,,,,,False,False,,,0.0,0.0,0.0,0.0,0.0,0.0
2008-05-20,1873.15,,,,,,,,,False,False,,,0.0,0.0,0.0,0.0,0.0,0.0
2008-05-21,1847.51,,,,,,,,,False,False,,,0.0,0.0,0.0,0.0,0.0,0.0
2008-05-22,1835.42,,,,,,,,,False,False,,,0.0,0.0,0.0,0.0,0.0,0.0
2008-05-23,1827.94,,,,,,,,,False,False,,,0.0,0.0,0.0,0.0,0.0,0.0
2008-05-26,1800.58,,,,,,,,,False,False,,,0.0,0.0,0.0,0.0,0.0,0.0
2008-05-27,1825.23,,,,,,,,,False,False,,,0.0,0.0,0.0,0.0,0.0,0.0
2008-05-28,1805.64,,,,,,,,,False,False,,,0.0,0.0,0.0,0.0,0.0,0.0
2008-05-29,1841.22,,,,,,,,,False,False,,,0.0,0.0,0.0,0.0,0.0,0.0
2008-05-30,1852.02,,,,,,,,,False,False,,,0.0,0.0,0.0,0.0,0.0,0.0
2008-06-02,1847.53,,,,,,,,,False,False,,,0.0,0.0,0.0,0.0,0.0,0.0
2008-06-03,1819.39,,,,,,,,,False,False,,,0.0,0.0,0.0,0.0,0.0,0.0
2008-06-04,1833.81,,,,,,,,,False,False,,,0.0,0.0,0.0,0.0,0.0,0.0
2008-06-05,1832.31,,,,,,,,,False,False,,,0.0,0.0,0.0,0.0,0.0,0.0
2008-06-09,1808.96,,,,,,,,,False,False,,,0.0,0.0,0.0,0.0,0.0,0.0
2008-06-10,1774.38,,,,,,,,,False,False,,,0.0,0.0,0.0,0.0,0.0,0.0
2008-06-11,1781.67,,,,,,,,,False,False,,,0.0,0.0,0.0,0.0,0.0,0.0
2008-06-12,1739.36,,,,,,,,,False,False,,,0.0,0.0,0.0,0.0,0.0,0.0
2008-06-13,1747.35,,,,,,,,,False,False,,,0.0,0.0,0.0,0.0,0.0,0.0
2008-06-16,1760.82,,,,,,,,,False,False,,,0.0,0.0,0.0,0.0,0.0,0.0
2008-06-17,1750.71,,,,,,,,,False,False,,,0.0,0.0,0.0,0.0,0.0,0.0
2008-06-18,1774.13,,,,,,,,,False,False,,,0.0,0.0,0.0,0.0,0.0,0.0
2008-06-19,1740.72,,,,,,,,,False,False,,,0.0,0.0,0.0,0.0,0.0,0.0
2008-06-20,1731.0,,,,,,,,,False,False,,,0.0,0.0,0.0,0.0,0.0,0.0
2008-06-23,1715.59,,,,,,,,,False,False,,,0.0,0.0,0.0,0.0,0.0,0.0
2008-06-24,1710.84,,,,,,,,,False,False,,,0.0,0.0,0.0,0.0,0.0,0.0
2008-06-25,1717.79,,,,,,,,,False,False,,,0.0,0.0,0.0,0.0,0.0,0.0
2008-06-26,1717.66,,,,,,,,,False,False,,,0.0,0.0,0.0,0.0,0.0,0.0
2008-06-27,1684.45,,,,,,,,,False,False,,,0.0,0.0,0.0,0.0,0.0,0.0
2008-06-30,1674.92,,,,,,,,,False,False,,,0.0,0.0,0.0,0.0,0.0,0.0
2008-07-01,1666.46,,,,,,,,,False,False,,,0.0,0.0,0.0,0.0,0.0,0.0
2008-07-02,1623.6,,,,,,,,,False,False,,,0.0,0.0,0.0,0.0,0.0,0.0
2008-07-03,1606.54,,,,,,,,,False,False,,,0.0,0.0,0.0,0.0,0.0,0.0
2008-07-04,1577.94,,,,,,,,,False,False,,,0.0,0.0,0.0,0.0,0.0,0.0
2008-07-07,1579.72,,,,,,,,,False,False,,,0.0,0.0,0.0,0.0,0.0,0.0
2008-07-08,1533.47,,,,,,,,,False,False,,,0.0,0.0,0.0,0.0,0.0,0.0
2008-07-09,1519.38,,,,,,,,,False,False,,,0.0,0.0,0.0,0.0,0.0,0.0
2008-07-10,1537.43,,,,,,,,,False,False,,,0.0,0.0,0.0,0.0,0.0,0.0
2008-07-11,1567.51,,,,,,,,,False,False,,,0.0,0.0,0.0,0.0,0.0,0.0
2008-07-14,1558.62,,,,,,,,,False,False,,,0.0,0.0,0.0,0.0,0.0,0.0
2008-07-15,1509.33,,,,,,,,,False,False,,,0.0,0.0,0.0,0.0,0.0,0.0
2008-07-16,1507.4,,,,,,,,,False,False,,,0.0,0.0,0.0,0.0,0.0,0.0
2008-07-17,1525.56,,,,,,,,,False,False,,,0.0,0.0,0.0,0.0,0.0,0.0
2008-07-18,1509.99,,,,,,,,,False,False,,,0.0,0.0,0.0,0.0,0.0,0.0
2008-07-21,1562.92,,,,,,,,,False,False,,,0.0,0.0,0.0,0.0,0.0,0.0
2008-07-22,1561.23,,,,,,,,,False,False,,,0.0,0.0,0.0,0.0,0.0,0.0
2008-07-23,1591.76,,,,,,,,,False,False,,,0.0,0.0,0.0,0.0,0.0,0.0
2008-07-24,1626.14,,,,,,,,,False,False,,,0.0,0.0,0.0,0.0,0.0,0.0
2008-07-25,1597.93,,,,,,,,,False,False,,,0.0,0.0,0.0,0.0,0.0,0.0
2008-07-28,1598.29,,,,,,,,,False,False,,,0.0,0.0,0.0,0.0,0.0,0.0
2008-07-29,1567.2,,,,,,,,,False,False,,,0.0,0.0,0.0,0.0,0.0,0.0
2008-07-30,1577.7,,,,,,,,,False,False,,,0.0,0.0,0.0,0.0,0.0,0.0
2008-07-31,1594.67,,,,,,,,,False,False,,,0.0,0.0,0.0,0.0,0.0,0.0
2008-08-01,1573.77,,,,,,,,,False,False,,,0.0,0.0,0.0,0.0,0.0,0.0
2008-08-04,1543.05,,,,,,,,,False,False,,,0.0,0.0,0.0,0.0,0.0,0.0
2008-08-05,1535.54,,,,,,,,,False,False,,,0.0,0.0,0.0,0.0,0.0,0.0
2008-08-06,1578.71,,,,,,,,,False,False,,,0.0,0.0,0.0,0.0,0.0,0.0
2008-08-07,1564.0,,,,,,,,,False,False,,,0.0,0.0,0.0,0.0,0.0,0.0
2008-08-08,1568.72,,,,,,,,,False,False,,,0.0,0.0,0.0,0.0,0.0,0.0
2008-08-11,1581.09,,,,,,,,,False,False,,,0.0,0.0,0.0,0.0,0.0,0.0
2008-08-12,1577.12,,,,,,,,,False,False,,,0.0,0.0,0.0,0.0,0.0,0.0
2008-08-13,1562.72,,,,,,,,,False,False,,,0.0,0.0,0.0,0.0,0.0,0.0
2008-08-14,1572.19,,,,,,,,,False,False,,,0.0,0.0,0.0,0.0,0.0,0.0
2008-08-18,1567.71,,,,,,,,,False,False,,,0.0,0.0,0.0,0.0,0.0,0.0
2008-08-19,1541.41,,,,,,,,,False,False,,,0.0,0.0,0.0,0.0,0.0,0.0
2008-08-20,1540.71,,,,,,,,,False,False,,,0.0,0.0,0.0,0.0,0.0,0.0
2008-08-21,1512.59,,,,,,,,,False,False,,,0.0,0.0,0.0,0.0,0.0,0.0
2008-08-22,1496.91,,,,,,,,,False,False,,,0.0,0.0,0.0,0.0,0.0,0.0
2008-08-25,1502.11,,,,,,,,,False,False,,,0.0,0.0,0.0,0.0,0.0,0.0
2008-08-26,1490.25,,,,,,,,,False,False,,,0.0,0.0,0.0,0.0,0.0,0.0
2008-08-27,1493.92,,,,,,,,,False,False,,,0.0,0.0,0.0,0.0,0.0,0.0
2008-08-28,1474.15,,,,,,,,,False,False,,,0.0,0.0,0.0,0.0,0.0,0.0
2008-08-29,1474.24,,,,,,,,,False,False,,,0.0,0.0,0.0,0.0,0.0,0.0
2008-09-01,1414.43,,,,,,,,,False,False,,,0.0,0.0,0.0,0.0,0.0,0.0
2008-09-02,1407.14,,,,,,,,,False,False,,,0.0,0.0,0.0,0.0,0.0,0.0
2008-09-03,1426.89,,,,,,,,,False,False,,,0.0,0.0,0.0,0.0,0.0,0.0
2008-09-04,1426.43,,,,,,,,,False,False,,,0.0,0.0,0.0,0.0,0.0,0.0
2008-09-05,1404.38,,,,,,,,,False,False,,,0.0,0.0,0.0,0.0,0.0,0.0
2008-09-08,1476.65,,,,,,,,,False,False,,,0.0,0.0,0.0,0.0,0.0,0.0
2008-09-09,1454.5,,,,,,,,,False,False,,,0.0,0.0,0.0,0.0,0.0,0.0
2008-09-10,1464.98,,,,,,,,,False,False,,,0.0,0.0,0.0,0.0,0.0,0.0
2008-09-11,1443.24,,,,,,,,,False,False,,,0.0,0.0,0.0,0.0,0.0,0.0
2008-09-12,1477.92,,,,,,,,,False,False,,,0.0,0.0,0.0,0.0,0.0,0.0
2008-09-16,1387.75,,,,,,,,,False,False,,,0.0,0.0,0.0,0.0,0.0,0.0
2008-09-17,1425.26,,,,,,,,,False,False,,,0.0,0.0,0.0,0.0,0.0,0.0
2008-09-18,1392.42,,,,,,,,,False,False,,,0.0,0.0,0.0,0.0,0.0,0.0
2008-09-19,1455.78,,,,,,,,,False,False,,,0.0,0.0,0.0,0.0,0.0,0.0
2008-09-22,1460.34,,,,,,,,,False,False,,,0.0,0.0,0.0,0.0,0.0,0.0
2008-09-23,1481.37,,,,,,,,,False,False,,,0.0,0.0,0.0,0.0,0.0,0.0
2008-09-24,1495.98,,,,,,,,,False,False,,,0.0,0.0,0.0,0.0,0.0,0.0
2008-09-25,1501.63,,,,,,,,,False,False,,,0.0,0.0,0.0,0.0,0.0,0.0
2008-09-26,1476.33,,,,,,,,,False,False,,,0.0,0.0,0.0,0.0,0.0,0.0
2008-09-29,1456.36,,,,,,,,,False,False,,,0.0,0.0,0.0,0.0,0.0,0.0
2008-09-30,1448.06,0.52,-0.22,,,,,,3.74,False,False,,,0.0,0.0,0.0,0.0,0.0,0.0
2008-10-01,1439.67,0.42,-0.19,,,,,-2.62,-1.0,False,False,,,0.0,0.0,0.0,0.0,0.0,0.0
2008-10-02,1419.65,0.12,-0.15,2.2,2.2,,,-2.04,7.88,False,False,,,0.0,0.0,0.0,0.0,0.0,0.0
2008-10-06,1358.75,0.09,-0.25,1.94,1.9,,,-2.62,6.98,False,False,,,0.0,0.0,0.0,0.0,0.0,0.0
2008-10-07,1366.1,-0.08,-0.21,1.86,1.79,,,-3.0,6.28,False,False,0.9,0.8,0.0,0.0,0.0,0.0,0.0,0.0
2008-10-08,1286.69,-0.17,-0.14,1.78,1.59,,,-3.0,5.7,False,False,0.9,0.8,0.9,0.8,0.0,0.0,0.9,0.8
2008-10-09,1294.89,-0.27,-0.12,1.65,1.31,,,-3.0,4.74,False,False,1.0,1.0,0.9,0.8,0.0,0.0,0.9,0.8
2008-10-10,1241.47,-0.27,-0.08,1.65,1.28,,,-3.0,4.69,False,False,1.0,1.0,1.0,1.0,0.0,0.0,1.0,1.0
2008-10-13,1288.53,-0.41,-0.05,1.55,1.12,,,-3.0,3.81,False,False,1.0,1.0,1.0,1.0,0.0,0.0,1.0,1.0
2008-10-14,1367.69,-0.14,-0.24,1.79,1.35,,,-2.7,5.54,False,False,1.0,1.0,1.0,1.0,1.0,1.0,1.0,1.0
2008-10-15,1340.28,-0.33,-0.05,1.82,1.31,,,-1.88,5.58,False,False,1.0,1.0,1.0,1.0,1.0,1.0,1.0,1.0
2008-10-16,1213.78,-0.48,-0.04,1.95,1.37,,,-2.69,5.25,False,False,1.0,1.0,1.0,1.0,1.0,1.0,1.0,1.0
2008-10-17,1180.67,-0.44,-0.24,1.74,1.13,,,-3.0,4.18,False,False,1.0,1.0,1.0,1.0,1.0,1.0,1.0,1.0
2008-10-20,1207.63,-0.52,-0.26,1.97,1.49,,,-3.0,5.1,False,False,1.0,1.0,1.0,1.0,1.0,1.0,1.0,1.0
2008-10-21,1196.1,-0.53,-0.38,1.89,1.43,,,-3.0,4.71,False,False,1.0,1.0,1.0,1.0,1.0,1.0,1.0,1.0
2008-10-22,1134.59,-0.6,-0.43,1.91,1.4,,,-3.0,4.51,False,False,1.0,1.0,1.0,1.0,1.0,1.0,1.0,1.0
2008-10-23,1049.71,-0.68,-0.46,1.65,1.07,,,-3.0,2.96,False,False,1.0,1.0,1.0,1.0,1.0,1.0,1.0,1.0
2008-10-24,938.75,-0.76,-0.48,1.84,1.35,,,-3.0,3.79,False,False,1.0,1.0,1.0,1.0,1.0,1.0,1.0,1.0
2008-10-27,946.45,-0.68,-0.48,1.98,1.51,,,-3.0,4.64,False,False,1.0,1.0,1.0,1.0,1.0,1.0,1.0,1.0
2008-10-28,999.16,-0.47,-0.51,2.06,1.68,,,-3.0,5.61,False,False,1.0,1.0,1.0,1.0,1.0,1.0,1.0,1.0
2008-10-29,968.97,-0.18,-0.72,2.24,1.77,,,-3.0,6.59,False,False,1.0,1.0,1.0,1.0,1.0,1.0,1.0,1.0
2008-10-30,1084.72,-0.26,-0.62,2.58,2.23,,,-3.0,7.52,False,False,1.0,1.0,1.0,1.0,1.0,1.0,1.0,1.0
2008-10-31,1113.06,-0.17,-0.51,2.76,2.67,,,-1.75,8.47,False,False,1.0,1.0,1.0,1.0,1.0,1.0,1.0,1.0
2008-11-03,1129.08,-0.24,-0.25,2.75,2.66,,,-1.96,8.41,False,False,1.0,1.0,1.0,1.0,1.0,1.0,1.0,1.0
2008-11-04,1153.35,-0.31,-0.16,2.81,2.87,,,-1.5,8.61,False,False,1.0,1.0,1.0,1.0,1.0,1.0,1.0,1.0
2008-11-05,1181.5,-0.24,-0.27,2.75,2.76,,,-1.6,8.51,False,False,1.0,1.0,1.0,1.0,1.0,1.0,1.0,1.0
2008-11-06,1092.22,-0.2,-0.19,2.79,3.0,,,-1.3,8.78,False,False,1.0,1.0,1.0,1.0,1.0,1.0,1.0,1.0
2008-11-07,1134.49,-0.14,-0.25,2.76,3.0,,,-2.06,8.66,False,False,1.0,1.0,1.0,1.0,1.0,1.0,1.0,1.0
2008-11-10,1152.46,-0.25,-0.1,2.69,2.9,,,-1.92,8.5,False,False,1.0,1.0,1.0,1.0,1.0,1.0,1.0,1.0
2008-11-11,1128.73,-0.31,0.04,2.67,2.88,,,-1.85,8.46,False,False,1.0,1.0,1.0,1.0,1.0,1.0,1.0,1.0
2008-11-12,1123.86,-0.25,-0.02,2.64,2.82,,,-1.96,8.43,False,False,1.0,1.0,1.0,1.0,1.0,1.0,1.0,1.0
2008-11-13,1088.44,-0.22,0.01,2.48,2.6,,,-2.08,8.13,False,False,1.0,1.0,1.0,1.0,1.0,1.0,1.0,1.0
2008-11-14,1088.26,-0.29,0.03,2.42,2.54,,,-2.17,7.91,False,False,1.0,1.0,1.0,1.0,1.0,1.0,1.0,1.0
2008-11-17,1078.32,-0.38,0.06,2.38,2.51,,,-2.31,7.69,False,False,1.0,1.0,1.0,1.0,1.0,1.0,1.0,1.0
2008-11-18,1036.16,-0.44,0.1,2.3,2.36,,,-2.35,7.36,False,False,1.0,1.0,1.0,1.0,1.0,1.0,1.0,1.0
2008-11-19,1016.82,-0.48,0.04,2.25,2.24,,,-2.49,7.04,False,False,1.0,1.0,1.0,1.0,1.0,1.0,1.0,1.0
2008-11-20,948.69,-0.47,0.03,2.09,1.99,,,-2.32,6.56,False,False,1.0,1.0,1.0,1.0,1.0,1.0,1.0,1.0
2008-11-21,1003.73,-0.46,0.07,2.12,2.19,,,-2.71,6.72,False,False,1.0,1.0,1.0,1.0,1.0,1.0,1.0,1.0
2008-11-24,970.14,-0.55,0.18,2.05,2.0,,,-2.6,6.27,False,False,1.0,1.0,1.0,1.0,1.0,1.0,1.0,1.0
2008-11-25,983.32,-0.71,0.24,2.0,1.93,,,-2.31,5.91,False,False,1.0,1.0,1.0,1.0,1.0,1.0,1.0,1.0
2008-11-26,1029.78,-0.79,0.32,2.1,2.06,,,-2.43,6.1,False,False,1.0,1.0,1.0,1.0,1.0,1.0,1.0,1.0
2008-11-27,1063.48,-0.74,0.36,2.06,2.04,,,-1.89,6.32,False,False,1.0,1.0,1.0,1.0,1.0,1.0,1.0,1.0
2008-11-28,1076.07,-0.76,0.47,2.01,1.99,,,-1.82,6.22,False,False,1.0,1.0,1.0,1.0,1.0,1.0,1.0,1.0
2008-12-01,1058.62,-0.72,0.52,2.0,1.99,,,-1.76,6.3,False,False,1.0,1.0,1.0,1.0,1.0,1.0,1.0,1.0
2008-12-02,1023.2,-0.71,0.54,1.94,1.89,,,-1.78,6.09,False,False,1.0,1.0,1.0,1.0,1.0,1.0,1.0,1.0
2008-12-03,1022.67,-0.86,0.66,1.93,1.93,,,-1.71,5.88,False,False,1.0,1.0,1.0,1.0,1.0,1.0,1.0,1.0
2008-12-04,1006.54,-1.01,0.59,1.96,2.0,,,-1.41,5.79,False,False,1.0,1.0,1.0,1.0,1.0,1.0,1.0,1.0
2008-12-05,1028.13,-1.19,0.68,1.9,1.88,,,-1.36,5.13,False,False,1.0,1.0,1.0,1.0,1.0,1.0,1.0,1.0
2008-12-08,1105.05,-1.1,0.67,1.82,1.67,,,-1.13,4.94,False,False,1.0,1.0,1.0,1.0,1.0,1.0,1.0,1.0
2008-12-09,1105.84,-0.9,0.75,1.62,1.24,,,-1.17,4.29,False,False,1.0,1.0,1.0,1.0,1.0,1.0,1.0,1.0
2008-12-10,1145.87,-0.95,0.88,1.54,1.08,,,-1.12,3.78,False,False,1.0,1.0,1.0,1.0,1.0,1.0,1.0,1.0
2008-12-11,1154.43,-0.85,1.05,1.55,1.17,,,-1.12,4.34,False,False,1.0,1.0,1.0,1.0,1.0,1.0,1.0,1.0
2008-12-12,1103.82,-0.7,1.12,1.52,1.18,,,-0.81,4.87,False,False,1.0,1.0,1.0,1.0,1.0,1.0,1.0,1.0
2008-12-15,1158.19,-0.83,1.22,1.56,1.27,,,-0.89,4.77,False,False,1.0,1.0,1.0,1.0,1.0,1.0,1.0,1.0
2008-12-16,1161.56,-0.67,1.26,1.57,1.35,,,-0.77,5.37,False,False,1.0,1.0,1.0,1.0,1.0,1.0,1.0,1.0
2008-12-17,1169.75,-0.75,1.31,1.61,1.45,,,-0.69,5.51,False,False,1.0,1.0,1.0,1.0,1.0,1.0,1.0,1.0
2008-12-18,1175.91,-0.94,1.47,1.59,1.5,,,0.09,5.51,False,False,1.0,1.0,1.0,1.0,1.0,1.0,1.0,1.0
2008-12-19,1180.97,-0.87,1.47,1.53,1.48,,,-0.13,5.41,False,False,1.0,1.0,1.0,1.0,1.0,1.0,1.0,1.0
2008-12-22,1179.61,-0.9,1.59,1.42,1.2,,,-0.01,4.77,False,False,1.0,1.0,1.0,1.0,1.0,1.0,1.0,1.0
2008-12-23,1144.31,-1.01,1.56,1.29,0.89,,,-0.23,3.45,False,False,1.0,1.0,1.0,1.0,1.0,1.0,1.0,1.0
2008-12-24,1128.51,-1.06,1.51,1.26,0.9,,,-0.49,3.02,False,False,1.0,1.0,1.0,1.0,1.0,1.0,1.0,1.0
2008-12-26,1117.86,-1.15,1.47,1.29,1.01,,,-0.02,3.33,False,False,1.0,1.0,1.0,1.0,1.0,1.0,1.0,1.0
2008-12-29,1117.59,-1.21,1.4,1.14,0.65,,,0.02,2.0,False,False,1.0,1.0,1.0,1.0,1.0,1.0,1.0,1.0
2008-12-30,1124.47,-1.23,1.37,1.0,0.36,,,0.2,1.0,False,False,1.0,1.0,1.0,1.0,1.0,1.0,1.0,1.0
2009-01-02,1157.4,-1.07,1.44,1.0,0.38,,,-0.13,1.38,False,False,1.0,0.9,1.0,1.0,1.0,1.0,1.0,1.0
2009-01-05,1173.57,-0.9,1.39,0.9,0.22,,,0.18,1.49,False,False,1.0,0.9,1.0,0.9,1.0,1.0,1.0,0.9
2009-01-06,1194.28,-0.9,1.54,1.0,0.4,,0.94,0.32,2.71,False,False,1.0,0.9,1.0,0.9,1.0,0.9,1.0,0.9
2009-01-07,1228.17,-0.69,1.67,1.15,0.62,,0.85,0.29,4.09,False,False,1.0,0.9,1.0,0.9,1.0,0.9,1.0,0.9
2009-01-08,1205.7,-0.77,1.87,1.18,0.79,,0.82,0.56,4.45,False,False,1.0,1.0,1.0,0.9,1.0,0.9,1.0,0.9
2009-01-09,1180.96,-0.93,1.82,1.21,0.88,,0.83,0.8,4.36,False,False,1.0,1.0,1.0,1.0,1.0,0.9,1.0,1.0
2009-01-12,1156.75,-1.01,1.75,1.32,1.15,,0.89,0.9,4.89,False,False,1.0,1.0,1.0,1.0,1.0,0.9,1.0,1.0
2009-01-13,1167.71,-1.14,1.64,1.32,1.16,,0.99,1.24,4.75,False,False,1.0,1.0,1.0,1.0,1.0,1.0,1.0,1.0
2009-01-14,1182.68,-1.33,1.69,1.22,1.03,,0.94,1.06,3.69,False,False,1.0,1.0,1.0,1.0,1.0,1.0,1.0,1.0
2009-01-15,1111.34,-1.25,1.73,1.15,0.91,,0.87,0.82,3.41,False,False,1.0,1.0,1.0,1.0,1.0,1.0,1.0,1.0
2009-01-16,1135.2,-1.5,1.69,1.02,0.63,,1.18,0.06,1.5,False,False,1.0,1.0,1.0,1.0,1.0,1.0,1.0,1.0
2009-01-19,1150.65,-1.42,1.57,0.96,0.55,,1.06,-0.04,1.19,False,False,1.0,1.0,1.0,1.0,1.0,1.0,1.0,1.0
2009-01-20,1126.81,-1.4,1.65,0.85,0.34,,1.01,0.28,0.76,False,False,1.0,0.9,1.0,1.0,1.0,1.0,1.0,1.0
2009-01-21,1103.61,-1.49,1.69,0.9,0.45,,1.06,0.82,1.22,False,False,1.0,0.9,1.0,0.9,1.0,1.0,1.0,0.9
2009-01-22,1116.23,-1.49,1.59,0.71,0.06,,1.2,0.61,-0.23,False,False,1.0,0.8,1.0,0.9,1.0,1.0,1.0,0.9
2009-01-23,1093.4,-1.55,1.59,0.75,0.16,,1.12,0.68,-0.08,False,False,0.9,0.7,1.0,0.8,1.0,1.0,1.0,0.8
2009-01-28,1157.98,-1.56,1.54,0.8,0.26,,1.22,0.74,0.29,False,False,0.9,0.6,0.9,0.7,0.9,0.7,0.9,0.7
2009-01-29,1166.56,-1.3,1.64,0.72,0.24,,0.92,1.23,1.01,False,False,0.9,0.6,0.9,0.6,0.9,0.7,0.9,0.6
2009-01-30,1162.11,-1.14,1.79,0.68,0.15,,0.87,1.32,1.29,False,False,0.9,0.6,0.9,0.6,0.9,0.7,0.9,0.6
2009-02-02,1146.95,-1.11,1.8,0.53,-0.13,,0.91,1.39,0.51,False,False,1.0,0.7,0.9,0.6,0.9,0.7,0.9,0.6
2009-02-03,1163.2,-1.42,1.85,0.5,-0.17,,0.99,1.27,-0.63,False,False,0.9,0.6,1.0,0.7,1.0,0.7,1.0,0.7
2009-02-04,1195.37,-1.51,1.93,0.54,-0.2,,0.9,1.42,-0.76,False,False,0.9,0.6,0.9,0.6,1.0,0.7,0.9,0.6
2009-02-05,1177.88,-1.31,1.91,0.23,-0.79,,0.71,1.2,-2.41,False,False,0.7,0.4,0.9,0.6,1.0,0.7,0.9,0.6
2009-02-06,1210.26,-1.46,1.9,-0.17,-1.59,,0.77,0.38,-5.49,False,False,0.5,0.2,0.7,0.4,1.0,0.7,0.7,0.4
2009-02-09,1202.69,-1.43,1.75,-0.41,-1.98,,0.67,0.58,-6.4,False,False,0.3,0.1,0.5,0.2,1.0,0.7,0.5,0.2
2009-02-10,1198.87,-1.39,1.79,-0.62,-2.39,,0.67,0.28,-7.19,False,False,0.2,0.1,0.3,0.1,0.3,0.1,0.3,0.1
2009-02-11,1190.18,-1.31,1.77,-0.39,-1.98,,0.7,0.32,-6.23,False,False,0.0,0.0,0.2,0.1,0.3,0.1,0.2,0.1
2009-02-12,1179.84,-1.31,1.72,-0.64,-2.4,,0.71,0.11,-7.16,False,False,0.0,0.0,0.0,0.0,0.3,0.1,0.0,0.0
2009-02-13,1192.44,-1.45,1.65,-0.59,-2.24,,0.76,0.56,-7.0,False,False,0.0,0.0,0.0,0.0,0.3,0.1,0.0,0.0
2009-02-16,1175.47,-1.36,1.59,-0.49,-2.05,,0.7,0.54,-6.56,False,False,0.0,0.0,0.0,0.0,0.3,0.1,0.0,0.0
2009-02-17,1127.19,-1.38,1.62,-0.71,-2.32,,0.79,0.32,-7.25,False,True,0.3,0.2,0.0,0.0,0.0,0.0,0.0,0.0
2009-02-18,1113.19,-1.54,1.62,-0.85,-2.51,,1.06,0.23,-7.77,False,True,0.3,0.2,0.3,0.2,0.0,0.0,0.3,0.2
2009-02-19,1107.1,-1.7,1.53,-0.65,-2.19,,1.18,0.34,-7.42,False,True,0.3,0.2,0.3,0.2,0.0,0.0,0.3,0.2
2009-02-20,1065.95,-1.74,1.52,-0.57,-2.07,,1.19,0.52,-7.22,False,True,0.3,0.2,0.3,0.2,0.0,0.0,0.3,0.2
2009-02-23,1099.55,-1.67,1.45,-0.58,-2.06,,1.29,0.44,-7.11,False,True,0.3,0.2,0.3,0.2,0.0,0.0,0.3,0.2
2009-02-24,1063.88,-1.61,1.46,-0.69,-2.15,,1.22,0.66,-7.23,False,True,0.3,0.2,0.3,0.2,0.3,0.2,0.3,0.2
2009-02-25,1067.08,-1.51,1.39,-0.78,-2.26,,1.31,0.68,-7.29,False,True,0.3,0.2,0.3,0.2,0.3,0.2,0.3,0.2
2009-02-26,1054.79,-1.74,1.35,-0.5,-1.81,,1.27,0.64,-6.83,False,True,0.3,0.2,0.3,0.2,0.3,0.2,0.3,0.2
2009-02-27,1063.03,-1.83,1.21,-0.62,-1.94,,1.32,1.0,-7.2,False,False,0.0,0.0,0.3,0.2,0.3,0.2,0.3,0.2
2009-03-02,1018.81,-1.85,1.19,-0.55,-1.84,,1.3,0.78,-7.12,False,False,0.0,0.0,0.0,0.0,0.3,0.2,0.0,0.0
2009-03-03,1025.57,-1.72,0.97,-0.56,-1.83,,1.39,0.44,-7.07,False,False,0.0,0.0,0.0,0.0,0.0,0.0,0.0,0.0
2009-03-04,1059.26,-1.59,0.83,-0.71,-2.14,,1.36,0.76,-7.33,False,False,0.0,0.0,0.0,0.0,0.0,0.0,0.0,0.0
2009-03-05,1058.18,-1.62,0.67,-0.54,-1.9,,1.28,0.58,-7.03,False,False,0.0,0.0,0.0,0.0,0.0,0.0,0.0,0.0
2009-03-06,1055.03,-1.65,0.59,-0.45,-1.79,,1.27,0.51,-6.88,False,False,0.0,0.0,0.0,0.0,0.0,0.0,0.0,0.0
2009-03-09,1071.73,-1.62,0.49,-0.55,-1.91,,1.27,0.52,-7.12,False,False,0.0,0.0,0.0,0.0,0.0,0.0,0.0,0.0
2009-03-10,1092.2,-1.6,0.43,-0.55,-1.88,,1.2,0.49,-7.13,False,False,0.0,0.0,0.0,0.0,0.0,0.0,0.0,0.0
2009-03-11,1127.51,-1.55,0.57,-0.55,-1.87,,1.13,0.72,-6.95,False,False,0.0,0.0,0.0,0.0,0.0,0.0,0.0,0.0
2009-03-12,1128.39,-1.44,0.84,-0.74,-2.14,,0.98,0.93,-7.2,False,False,0.0,0.0,0.0,0.0,0.0,0.0,0.0,0.0
2009-03-13,1126.03,-0.84,0.62,-0.68,-2.04,,0.98,0.91,-6.06,False,False,0.0,0.0,0.0,0.0,0.0,0.0,0.0,0.0
2009-03-16,1125.46,-0.95,0.64,-0.6,-1.95,,0.98,0.92,-6.0,False,False,0.0,0.0,0.0,0.0,0.0,0.0,0.0,0.0
2009-03-17,1163.88,-0.98,0.61,-0.28,-1.49,,0.98,1.17,-4.62,False,False,0.0,0.0,0.0,0.0,0.0,0.0,0.0,0.0
2009-03-18,1169.95,-0.63,0.64,-0.2,-1.39,,0.76,1.06,-3.52,False,False,0.0,0.0,0.0,0.0,0.0,0.0,0.0,0.0
2009-03-19,1161.81,-0.55,0.65,-0.39,-1.64,,0.69,0.8,-4.37,False,False,0.0,0.0,0.0,0.0,0.0,0.0,0.0,0.0
2009-03-20,1170.94,-0.56,0.72,-0.45,-1.66,,0.76,0.82,-4.5,False,False,0.0,0.0,0.0,0.0,0.0,0.0,0.0,0.0
2009-03-23,1199.5,-0.49,0.84,-0.39,-1.64,,0.85,0.8,-4.01,False,False,0.0,0.0,0.0,0.0,0.0,0.0,0.0,0.0
2009-03-24,1221.7,-0.46,0.91,-0.45,-1.67,,0.7,0.88,-4.16,False,False,0.0,0.0,0.0,0.0,0.0,0.0,0.0,0.0
2009-03-25,1229.02,-0.55,1.13,-0.52,-1.79,,0.6,0.85,-4.7,False,False,0.0,0.0,0.0,0.0,0.0,0.0,0.0,0.0
2009-03-26,1243.8,-0.49,1.13,-0.43,-1.67,,0.57,0.61,-4.26,False,False,0.0,0.0,0.0,0.0,0.0,0.0,0.0,0.0
2009-03-27,1237.51,-0.49,1.16,-0.37,-1.53,,0.52,0.7,-3.86,False,False,0.0,0.0,0.0,0.0,0.0,0.0,0.0,0.0
2009-03-30,1197.46,-0.67,1.25,-0.23,-1.3,,0.56,0.75,-3.47,False,False,0.0,0.0,0.0,0.0,0.0,0.0,0.0,0.0
2009-03-31,1206.26,-0.7,1.3,-0.26,-1.35,,0.72,0.44,-3.8,False,False,0.0,0.0,0.0,0.0,0.0,0.0,0.0,0.0
2009-04-01,1233.36,-0.73,1.28,-0.18,-1.21,,0.63,0.8,-3.31,False,False,0.0,0.0,0.0,0.0,0.0,0.0,0.0,0.0
2009-04-02,1276.97,-0.75,1.34,-0.2,-1.23,,0.55,0.57,-3.55,False,False,0.0,0.0,0.0,0.0,0.0,0.0,0.0,0.0
2009-04-03,1283.75,-0.57,1.43,-0.11,-1.06,,0.4,0.84,-2.38,False,False,0.0,0.0,0.0,0.0,0.0,0.0,0.0,0.0
2009-04-06,1297.85,-0.61,1.56,-0.12,-1.07,,0.39,0.58,-2.66,False,False,0.1,0.0,0.0,0.0,0.0,0.0,0.0,0.0
2009-04-07,1300.1,-0.69,1.61,-0.05,-0.94,,0.35,1.2,-2.07,False,False,0.1,0.0,0.1,0.0,0.1,0.0,0.1,0.0
2009-04-08,1262.07,-0.77,1.51,0.15,-0.55,,0.35,0.97,-1.19,False,False,0.2,0.0,0.1,0.0,0.1,0.0,0.1,0.0
2009-04-09,1316.35,-0.88,1.26,0.2,-0.5,,0.46,0.8,-1.49,False,False,0.3,0.0,0.2,0.0,0.1,0.0,0.2,0.0
2009-04-10,1336.04,-1.23,1.43,-0.0,-0.98,,0.33,0.88,-3.82,False,False,0.3,0.0,0.3,0.0,0.1,0.0,0.3,0.0
2009-04-13,1338.26,-1.37,1.48,-0.03,-1.01,,0.31,0.84,-4.33,False,False,0.3,0.0,0.3,0.0,0.1,0.0,0.3,0.0
2009-04-14,1342.63,-1.52,1.59,-0.13,-1.2,,0.31,1.0,-5.08,False,False,0.2,0.0,0.3,0.0,0.3,0.0,0.3,0.0
2009-04-15,1333.09,-1.72,1.6,-0.29,-1.55,,0.31,1.09,-6.24,False,False,0.1,0.0,0.2,0.0,0.3,0.0,0.2,0.0
2009-04-16,1336.72,-1.76,1.55,-0.37,-1.67,,0.32,1.13,-6.59,False,False,0.0,0.0,0.1,0.0,0.3,0.0,0.1,0.0
2009-04-17,1329.0,-1.87,1.64,-0.28,-1.47,,0.31,1.12,-6.39,False,False,0.0,0.0,0.0,0.0,0.3,0.0,0.0,0.0
2009-04-20,1336.39,-2.03,1.71,-0.38,-1.57,,0.33,1.05,-6.92,False,False,0.0,0.0,0.0,0.0,0.3,0.0,0.0,0.0
2009-04-21,1336.81,-2.11,1.74,-0.41,-1.59,,0.29,1.24,-7.08,False,False,0.0,0.0,0.0,0.0,0.0,0.0,0.0,0.0
2009-04-22,1356.02,-2.1,1.67,-0.45,-1.6,,0.29,0.93,-7.24,False,False,0.0,0.0,0.0,0.0,0.0,0.0,0.0,0.0
2009-04-23,1368.8,-2.14,1.67,-0.5,-1.63,,0.24,1.01,-7.39,False,False,0.0,0.0,0.0,0.0,0.0,0.0,0.0,0.0
2009-04-24,1354.1,-2.14,1.68,-0.58,-1.81,,0.23,1.08,-7.63,False,False,0.0,0.0,0.0,0.0,0.0,0.0,0.0,0.0
2009-04-27,1339.83,-2.12,1.66,-0.56,-1.69,,0.25,1.12,-7.46,False,False,0.0,0.0,0.0,0.0,0.0,0.0,0.0,0.0
2009-04-28,1300.24,-2.13,1.64,-0.64,-1.82,,0.28,1.14,-7.67,False,False,0.0,0.0,0.0,0.0,0.0,0.0,0.0,0.0
2009-04-29,1338.42,-2.1,1.65,-0.74,-2.0,,0.38,1.15,-7.87,False,False,0.0,0.0,0.0,0.0,0.0,0.0,0.0,0.0
2009-04-30,1369.36,-2.12,1.64,-0.62,-1.74,,0.26,1.05,-7.61,False,False,0.0,0.0,0.0,0.0,0.0,0.0,0.0,0.0
2009-05-04,1397.92,-2.14,1.67,-0.73,-1.86,,0.18,1.43,-7.77,False,False,0.0,0.0,0.0,0.0,0.0,0.0,0.0,0.0
2009-05-06,1393.45,-2.22,1.67,-0.75,-1.82,,0.14,1.61,-7.84,False,False,0.0,0.0,0.0,0.0,0.0,0.0,0.0,0.0
2009-05-07,1401.08,-2.24,1.65,-0.7,-1.78,,-0.38,1.55,-7.93,False,False,0.0,0.0,0.0,0.0,0.0,0.0,0.0,0.0
2009-05-08,1412.13,-2.28,1.67,-0.7,-1.9,,-0.4,1.61,-8.04,False,False,0.0,0.0,0.0,0.0,0.0,0.0,0.0,0.0
2009-05-11,1415.16,-2.29,1.76,-0.77,-1.97,,-0.43,1.66,-8.15,False,False,0.0,0.0,0.0,0.0,0.0,0.0,0.0,0.0
2009-05-12,1403.51,-2.33,1.75,-0.92,-2.12,,-0.43,1.68,-8.42,False,False,0.0,0.0,0.0,0.0,0.0,0.0,0.0,0.0
2009-05-13,1414.52,-2.27,1.68,-0.84,-1.97,,-0.38,1.63,-8.2,False,False,0.0,0.0,0.0,0.0,0.0,0.0,0.0,0.0
2009-05-14,1380.95,-2.17,1.6,-0.87,-2.0,,-0.43,1.62,-8.18,False,False,0.0,0.0,0.0,0.0,0.0,0.0,0.0,0.0
2009-05-15,1391.73,-2.22,1.57,-1.0,-2.18,,-0.34,1.5,-8.47,False,False,0.0,0.0,0.0,0.0,0.0,0.0,0.0,0.0
2009-05-18,1386.68,-2.23,1.59,-0.94,-1.97,,-0.36,1.58,-8.28,False,False,0.0,0.0,0.0,0.0,0.0,0.0,0.0,0.0
2009-05-19,1428.21,-2.19,1.57,-0.95,-1.98,,-0.35,1.64,-8.26,False,False,0.0,0.0,0.0,0.0,0.0,0.0,0.0,0.0
2009-05-20,1435.7,-2.12,1.59,-0.91,-1.9,,-0.48,1.64,-8.11,False,False,0.0,0.0,0.0,0.0,0.0,0.0,0.0,0.0
2009-05-21,1421.65,-2.06,1.65,-0.91,-1.8,,-0.5,1.74,-7.96,False,False,0.0,0.0,0.0,0.0,0.0,0.0,0.0,0.0
2009-05-22,1403.75,-2.05,1.66,-0.86,-1.65,,-0.47,1.87,-7.72,False,False,0.0,0.0,0.0,0.0,0.0,0.0,0.0,0.0
2009-05-25,1400.9,-2.02,1.65,-0.92,-1.67,,-0.37,1.94,-7.74,False,False,0.0,0.0,0.0,0.0,0.0,0.0,0.0,0.0
2009-05-26,1372.04,-2.05,1.66,-0.86,-1.63,,-0.37,1.89,-7.69,False,False,0.0,0.0,0.0,0.0,0.0,0.0,0.0,0.0
2009-05-27,1362.02,-2.09,1.68,-0.83,-1.62,,-0.3,1.95,-7.64,False,False,0.0,0.0,0.0,0.0,0.0,0.0,0.0,0.0
2009-05-28,1392.17,-2.07,1.74,-0.79,-1.47,,-0.28,1.82,-7.48,False,False,0.0,0.0,0.0,0.0,0.0,0.0,0.0,0.0
2009-05-29,1395.89,-1.99,1.79,-0.8,-1.4,,-0.34,1.95,-7.27,False,False,0.0,0.0,0.0,0.0,0.0,0.0,0.0,0.0
2009-06-01,1415.1,-2.02,1.82,-0.9,-1.57,,-0.4,1.93,-7.61,False,False,0.0,0.0,0.0,0.0,0.0,0.0,0.0,0.0
2009-06-02,1412.85,-2.06,1.81,-0.84,-1.45,,-0.45,1.92,-7.51,False,False,0.0,0.0,0.0,0.0,0.0,0.0,0.0,0.0
2009-06-03,1414.89,-2.06,1.83,-0.79,-1.38,,-0.45,2.07,-7.32,False,False,0.0,0.0,0.0,0.0,0.0,0.0,0.0,0.0
2009-06-04,1378.14,-1.96,1.79,-0.76,-1.33,,-0.45,2.18,-7.06,False,False,0.0,0.0,0.0,0.0,0.0,0.0,0.0,0.0
2009-06-05,1394.71,-2.0,1.74,-0.85,-1.45,,-0.31,2.02,-7.37,False,False,0.0,0.0,0.0,0.0,0.0,0.0,0.0,0.0
2009-06-08,1393.3,-2.02,1.7,-0.9,-1.55,,-0.38,1.94,-7.62,False,False,0.0,0.0,0.0,0.0,0.0,0.0,0.0,0.0
2009-06-09,1371.84,-1.95,1.66,-0.99,-1.68,,-0.38,1.98,-7.75,False,False,0.0,0.0,0.0,0.0,0.0,0.0,0.0,0.0
2009-06-10,1414.88,-2.01,1.66,-1.08,-1.72,,-0.29,1.83,-7.97,False,False,0.0,0.0,0.0,0.0,0.0,0.0,0.0,0.0
2009-06-11,1419.39,-1.94,1.74,-1.13,-1.74,,-0.46,1.89,-7.96,False,False,0.0,0.0,0.0,0.0,0.0,0.0,0.0,0.0
2009-06-12,1428.59,-1.92,1.86,-1.19,-1.81,,-0.52,1.71,-8.08,False,False,0.0,0.0,0.0,0.0,0.0,0.0,0.0,0.0
2009-06-15,1412.42,-1.93,1.85,-1.26,-1.78,,-0.52,1.58,-8.18,False,False,0.0,0.0,0.0,0.0,0.0,0.0,0.0,0.0
2009-06-16,1399.15,-2.0,1.85,-1.17,-1.68,,-0.45,1.61,-8.07,False,False,0.0,0.0,0.0,0.0,0.0,0.0,0.0,0.0
2009-06-17,1391.17,-2.01,1.76,-1.1,-1.61,,-0.37,1.56,-7.96,False,False,0.0,0.0,0.0,0.0,0.0,0.0,0.0,0.0
2009-06-18,1375.76,-1.99,1.65,-1.27,-1.82,,-0.32,1.29,-8.32,False,False,0.0,0.0,0.0,0.0,0.0,0.0,0.0,0.0
2009-06-19,1383.34,-2.02,1.63,-1.45,-1.98,,-0.27,1.23,-8.6,False,False,0.0,0.0,0.0,0.0,0.0,0.0,0.0,0.0
2009-06-22,1399.71,-1.99,1.62,-1.43,-1.84,,-0.31,1.22,-8.5,False,False,0.0,0.0,0.0,0.0,0.0,0.0,0.0,0.0
2009-06-23,1360.54,-1.91,1.59,-1.51,-1.84,,-0.38,1.03,-8.55,False,False,0.0,0.0,0.0,0.0,0.0,0.0,0.0,0.0
2009-06-24,1363.79,-1.88,1.52,-1.55,-1.86,,-0.21,1.05,-8.55,False,False,0.0,0.0,0.0,0.0,0.0,0.0,0.0,0.0
2009-06-25,1392.73,-1.85,1.43,-1.54,-1.83,,-0.21,1.01,-8.52,False,False,0.0,0.0,0.0,0.0,0.0,0.0,0.0,0.0
2009-06-26,1394.53,-1.84,1.46,-1.52,-1.8,,-0.36,0.95,-8.52,False,False,0.0,0.0,0.0,0.0,0.0,0.0,0.0,0.0
2009-06-29,1388.45,-1.86,1.47,-1.59,-1.76,,-0.37,0.88,-8.57,False,False,0.0,0.0,0.0,0.0,0.0,0.0,0.0,0.0
2009-06-30,1390.07,-1.83,1.42,-1.72,-1.75,,-0.31,0.71,-8.67,False,False,0.0,0.0,0.0,0.0,0.0,0.0,0.0,0.0
2009-07-01,1411.66,-1.68,1.33,-1.62,-1.71,,-0.31,0.84,-8.44,False,False,0.0,0.0,0.0,0.0,0.0,0.0,0.0,0.0
2009-07-02,1411.48,-1.67,1.38,-1.51,-1.53,,-0.47,1.06,-8.21,False,False,0.0,0.0,0.0,0.0,0.0,0.0,0.0,0.0
2009-07-03,1420.04,-1.67,1.47,-1.54,-1.5,,-0.47,1.01,-8.2,False,False,0.0,0.0,0.0,0.0,0.0,0.0,0.0,0.0
2009-07-06,1428.94,-1.59,1.47,-1.4,-1.41,,-0.55,0.97,-7.93,False,False,0.0,0.0,0.0,0.0,0.0,0.0,0.0,0.0
2009-07-07,1434.2,-1.58,1.47,-1.42,-1.41,,-0.55,0.77,-8.0,False,False,0.0,0.0,0.0,0.0,0.0,0.0,0.0,0.0
2009-07-08,1431.02,-1.53,1.45,-1.44,-1.34,,-0.59,0.78,-7.91,False,False,0.0,0.0,0.0,0.0,0.0,0.0,0.0,0.0
2009-07-09,1430.89,-1.57,1.3,-1.35,-1.3,,-0.58,0.62,-7.91,False,False,0.0,0.0,0.0,0.0,0.0,0.0,0.0,0.0
2009-07-10,1428.62,-1.58,1.24,-1.36,-1.3,,-0.54,0.66,-7.92,False,False,0.0,0.0,0.0,0.0,0.0,0.0,0.0,0.0
2009-07-13,1378.12,-1.49,1.19,-1.49,-1.41,,-0.53,0.76,-8.02,False,False,0.0,0.0,0.0,0.0,0.0,0.0,0.0,0.0
2009-07-14,1385.56,-1.43,1.12,-1.54,-1.36,,-0.21,0.53,-7.98,False,False,0.0,0.0,0.0,0.0,0.0,0.0,0.0,0.0
2009-07-15,1420.86,-1.4,1.12,-1.43,-1.27,,-0.26,0.59,-7.75,False,False,0.0,0.0,0.0,0.0,0.0,0.0,0.0,0.0
2009-07-16,1432.22,-1.35,1.25,-1.35,-1.15,,-0.54,0.69,-7.5,False,False,0.0,0.0,0.0,0.0,0.0,0.0,0.0,0.0
2009-07-17,1440.1,-1.29,1.38,-1.35,-1.06,,-0.54,0.7,-7.29,False,False,0.0,0.0,0.0,0.0,0.0,0.0,0.0,0.0
2009-07-20,1478.51,-1.22,1.41,-1.42,-1.03,,-0.6,0.79,-7.25,False,False,0.0,0.0,0.0,0.0,0.0,0.0,0.0,0.0
2009-07-21,1488.99,-1.08,1.5,-1.38,-0.98,,-0.64,0.87,-6.89,False,False,0.0,0.0,0.0,0.0,0.0,0.0,0.0,0.0
2009-07-22,1494.04,-1.02,1.59,-1.07,-0.76,,-0.66,0.83,-5.95,False,False,0.0,0.0,0.0,0.0,0.0,0.0,0.0,0.0
2009-07-23,1496.49,-1.0,1.65,-0.94,-0.65,-0.0,-0.66,0.83,-4.57,False,False,0.0,0.0,0.0,0.0,0.0,0.0,0.0,0.0
2009-07-24,1502.59,-0.97,1.63,-0.78,-0.54,-0.0,-0.68,0.9,-4.03,False,False,0.0,0.0,0.0,0.0,0.0,0.0,0.0,0.0
2009-07-27,1524.05,-0.89,1.63,-0.75,-0.49,-0.0,-0.68,0.92,-3.72,False,False,0.0,0.0,0.0,0.0,0.0,0.0,0.0,0.0
2009-07-28,1526.03,-0.87,1.7,-0.74,-0.44,-0.0,-0.71,0.93,-3.56,False,False,0.0,0.0,0.0,0.0,0.0,0.0,0.0,0.0
2009-07-29,1524.32,-0.98,1.78,-0.66,-0.37,0.0,-0.71,0.91,-3.5,False,False,0.0,0.0,0.0,0.0,0.0,0.0,0.0,0.0
2009-07-30,1534.74,-1.0,1.8,-0.56,-0.28,-0.0,-0.71,0.9,-3.21,False,False,0.0,0.0,0.0,0.0,0.0,0.0,0.0,0.0
2009-07-31,1557.29,-1.0,1.79,-0.53,-0.24,-0.0,-0.71,0.98,-3.07,False,False,0.0,0.0,0.0,0.0,0.0,0.0,0.0,0.0
2009-08-03,1564.98,-1.02,1.85,-0.5,-0.21,-0.0,-0.75,0.96,-2.99,False,False,0.0,0.0,0.0,0.0,0.0,0.0,0.0,0.0
2009-08-04,1566.37,-1.06,1.85,-0.51,-0.18,-0.0,-0.77,0.7,-3.2,False,False,0.0,0.0,0.0,0.0,0.0,0.0,0.0,0.0
2009-08-05,1559.47,-1.11,1.88,-0.53,-0.17,0.0,-0.77,0.66,-3.35,False,False,0.0,0.0,0.0,0.0,0.0,0.0,0.0,0.0
2009-08-06,1565.04,-1.08,1.89,-0.45,-0.13,0.0,-0.74,0.69,-3.01,False,False,0.0,0.0,0.0,0.0,0.0,0.0,0.0,0.0
2009-08-07,1576.0,-0.97,1.81,-0.51,-0.22,-0.0,-0.77,0.58,-3.11,False,False,0.0,0.0,0.0,0.0,0.0,0.0,0.0,0.0
2009-08-10,1576.11,-0.98,1.81,-0.49,-0.17,-0.0,-0.79,0.49,-3.08,False,False,0.0,0.0,0.0,0.0,0.0,0.0,0.0,0.0
2009-08-11,1579.21,-1.02,1.88,-0.54,-0.14,-0.0,-0.79,0.45,-3.22,False,False,0.0,0.0,0.0,0.0,0.0,0.0,0.0,0.0
2009-08-12,1565.35,-0.96,1.89,-0.53,-0.14,0.0,-0.79,0.39,-3.09,False,False,0.0,0.0,0.0,0.0,0.0,0.0,0.0,0.0
2009-08-13,1564.64,-0.97,1.79,-0.54,-0.13,0.0,-0.75,0.37,-3.18,False,False,0.0,0.0,0.0,0.0,0.0,0.0,0.0,0.0
2009-08-14,1591.41,-1.05,1.73,-0.54,-0.1,-0.0,-0.75,0.57,-3.23,False,False,0.0,0.0,0.0,0.0,0.0,0.0,0.0,0.0
2009-08-17,1547.06,-1.08,1.74,-0.44,-0.03,0.0,-0.81,0.49,-3.03,False,False,0.0,0.0,0.0,0.0,0.0,0.0,0.0,0.0
2009-08-18,1550.24,-1.28,1.66,-0.52,-0.07,0.0,-0.68,0.4,-3.72,False,False,0.0,0.0,0.0,0.0,0.0,0.0,0.0,0.0
2009-08-19,1545.96,-1.21,1.53,-0.57,-0.1,0.0,-0.7,0.39,-3.79,False,False,0.0,0.0,0.0,0.0,0.0,0.0,0.0,0.0
2009-08-20,1576.39,-1.28,1.48,-0.51,-0.02,0.0,-0.67,0.35,-3.75,False,False,0.0,0.0,0.0,0.0,0.0,0.0,0.0,0.0
2009-08-21,1580.98,-1.23,1.4,-0.61,-0.06,0.0,-0.79,0.41,-3.95,False,False,0.0,0.0,0.0,0.0,0.0,0.0,0.0,0.0
2009-08-24,1612.22,-1.3,1.35,-0.64,-0.05,-0.0,-0.79,0.39,-4.17,False,False,0.0,0.0,0.0,0.0,0.0,0.0,0.0,0.0
2009-08-25,1601.38,-1.31,1.31,-0.79,-0.15,0.0,-0.83,0.42,-4.65,False,False,0.0,0.0,0.0,0.0,0.0,0.0,0.0,0.0
2009-08-26,1614.12,-1.31,1.25,-0.78,-0.15,-0.0,-0.83,0.47,-4.63,False,False,0.0,0.0,0.0,0.0,0.0,0.0,0.0,0.0
2009-08-27,1599.33,-1.31,1.23,-0.81,-0.14,0.0,-0.85,0.5,-4.68,False,False,0.0,0.0,0.0,0.0,0.0,0.0,0.0,0.0
2009-08-28,1607.94,-1.32,1.21,-0.93,-0.18,0.0,-0.82,0.43,-4.99,False,False,0.0,0.0,0.0,0.0,0.0,0.0,0.0,0.0
2009-08-31,1591.85,-1.32,1.15,-0.9,-0.14,0.0,-0.82,0.44,-4.91,False,False,0.0,0.0,0.0,0.0,0.0,0.0,0.0,0.0
2009-09-01,1623.06,-1.32,1.06,-1.04,-0.22,-0.0,-0.79,0.38,-5.31,False,False,0.0,0.0,0.0,0.0,0.0,0.0,0.0,0.0
2009-09-02,1613.16,-1.19,0.96,-1.01,-0.22,0.0,-0.87,0.36,-5.08,False,False,0.0,0.0,0.0,0.0,0.0,0.0,0.0,0.0
2009-09-03,1613.53,-1.18,0.89,-1.01,-0.22,0.0,-0.85,0.33,-5.09,False,False,0.0,0.0,0.0,0.0,0.0,0.0,0.0,0.0
2009-09-04,1608.9,-1.15,0.85,-0.97,-0.17,0.0,-0.85,0.4,-4.89,False,False,0.0,0.0,0.0,0.0,0.0,0.0,0.0,0.0
2009-09-07,1608.57,-1.13,0.81,-0.93,-0.17,0.0,-0.8,0.42,-4.77,False,False,0.0,0.0,0.0,0.0,0.0,0.0,0.0,0.0
2009-09-08,1619.69,-1.09,0.76,-1.0,-0.18,0.0,-0.8,0.46,-4.85,False,False,0.0,0.0,0.0,0.0,0.0,0.0,0.0,0.0
2009-09-09,1607.77,-1.06,0.73,-0.97,-0.12,0.0,-0.85,0.55,-4.67,False,False,0.0,0.0,0.0,0.0,0.0,0.0,0.0,0.0
2009-09-10,1644.68,-1.14,0.71,-1.01,-0.11,-0.0,-0.79,0.53,-4.87,False,False,0.0,0.0,0.0,0.0,0.0,0.0,0.0,0.0
2009-09-11,1651.7,-0.95,0.71,-1.03,-0.12,-0.0,-0.9,0.55,-4.57,False,False,0.0,0.0,0.0,0.0,0.0,0.0,0.0,0.0
2009-09-14,1634.91,-0.97,0.75,-0.94,-0.03,0.0,-0.9,0.52,-4.34,False,False,0.0,0.0,0.0,0.0,0.0,0.0,0.0,0.0
2009-09-15,1653.4,-0.9,0.77,-1.17,-0.18,-0.0,-0.87,0.54,-4.78,False,False,0.0,0.0,0.0,0.0,0.0,0.0,0.0,0.0
2009-09-16,1683.33,-0.98,0.86,-0.96,-0.11,-0.0,-0.94,0.55,-4.44,False,False,0.0,0.0,0.0,0.0,0.0,0.0,0.0,0.0
2009-09-17,1695.47,-0.84,1.0,-0.9,-0.06,-0.0,-0.97,0.59,-3.91,False,False,0.0,0.0,0.0,0.0,0.0,0.0,0.0,0.0
2009-09-18,1699.71,-0.95,1.15,-0.77,0.05,-0.0,-0.98,0.66,-3.62,False,False,0.0,0.0,0.0,0.0,0.0,0.0,0.0,0.0
2009-09-21,1695.5,-1.08,1.38,-0.84,0.03,0.0,-0.98,0.64,-4.01,False,False,0.0,0.0,0.0,0.0,0.0,0.0,0.0,0.0
2009-09-22,1718.88,-1.12,1.38,-0.68,0.18,-0.0,-0.97,0.71,-3.53,False,False,0.0,0.0,0.0,0.0,0.0,0.0,0.0,0.0
2009-09-23,1711.47,-1.1,1.45,-0.64,0.18,0.0,-0.99,0.76,-3.36,False,False,0.0,0.0,0.0,0.0,0.0,0.0,0.0,0.0
2009-09-24,1693.88,-1.1,1.43,-0.63,0.2,0.0,-0.98,0.78,-3.29,False,False,0.0,0.0,0.0,0.0,0.0,0.0,0.0,0.0
2009-09-25,1691.48,-1.1,1.33,-0.66,0.16,0.0,-0.96,0.78,-3.43,False,False,0.0,0.0,0.0,0.0,0.0,0.0,0.0,0.0
2009-09-28,1675.55,-1.11,1.24,-0.56,0.25,0.0,-0.95,0.79,-3.16,False,False,0.0,0.0,0.0,0.0,0.0,0.0,0.0,0.0
2009-09-29,1690.05,-1.12,1.21,-0.64,0.25,0.0,-0.91,0.76,-3.34,False,False,0.0,0.0,0.0,0.0,0.0,0.0,0.0,0.0
2009-09-30,1673.14,-1.13,1.17,-0.61,0.22,0.0,-0.95,0.76,-3.38,False,False,0.0,0.0,0.0,0.0,0.0,0.0,0.0,0.0
2009-10-01,1644.63,-1.06,1.18,-0.82,0.07,0.0,-0.9,0.79,-3.86,False,False,0.0,0.0,0.0,0.0,0.0,0.0,0.0,0.0
2009-10-05,1606.9,-1.02,1.13,-0.93,0.0,0.0,-0.83,0.76,-4.09,False,False,0.0,0.0,0.0,0.0,0.0,0.0,0.0,0.0
2009-10-06,1598.44,-1.0,1.05,-1.01,-0.1,0.0,-0.7,0.76,-4.32,False,False,0.0,0.0,0.0,0.0,0.0,0.0,0.0,0.0
2009-10-07,1598.0,-0.97,1.02,-0.8,0.03,0.0,-0.66,0.78,-3.65,False,False,0.0,0.0,0.0,0.0,0.0,0.0,0.0,0.0
2009-10-08,1615.46,-0.96,1.01,-0.78,0.07,0.0,-0.66,0.79,-3.51,False,False,0.0,0.0,0.0,0.0,0.0,0.0,0.0,0.0
2009-10-09,1646.79,-0.91,1.0,-0.9,-0.04,0.0,-0.72,0.82,-3.83,False,False,0.0,0.0,0.0,0.0,0.0,0.0,0.0,0.0
2009-10-12,1639.81,-0.96,1.01,-0.95,-0.09,0.0,-0.84,0.83,-4.15,False,False,0.0,0.0,0.0,0.0,0.0,0.0,0.0,0.0
2009-10-13,1628.93,-0.94,0.92,-0.91,-0.04,0.0,-0.83,0.83,-3.99,False,False,0.0,0.0,0.0,0.0,0.0,0.0,0.0,0.0
2009-10-14,1649.09,-0.92,0.9,-0.93,-0.02,0.0,-0.79,0.95,-3.92,False,False,0.0,0.0,0.0,0.0,0.0,0.0,0.0,0.0
2009-10-15,1658.99,-0.86,0.92,-0.86,-0.0,0.0,-0.84,0.91,-3.63,False,False,0.0,0.0,0.0,0.0,0.0,0.0,0.0,0.0
2009-10-16,1640.36,-0.91,0.88,-0.95,-0.07,0.0,-0.89,0.85,-4.08,False,False,0.0,0.0,0.0,0.0,0.0,0.0,0.0,0.0
2009-10-19,1649.07,-0.91,0.81,-0.98,-0.09,0.0,-0.82,0.76,-4.21,False,False,0.0,0.0,0.0,0.0,0.0,0.0,0.0,0.0
2009-10-20,1659.15,-0.75,0.58,-0.9,-0.01,0.0,-0.83,0.7,-3.74,False,False,0.0,0.0,0.0,0.0,0.0,0.0,0.0,0.0
2009-10-21,1653.86,-0.72,0.57,-0.85,0.01,0.0,-0.88,0.63,-3.6,False,False,0.0,0.0,0.0,0.0,0.0,0.0,0.0,0.0
2009-10-22,1630.33,-0.67,0.48,-0.94,-0.12,0.0,-0.88,0.56,-3.91,False,False,0.0,0.0,0.0,0.0,0.0,0.0,0.0,0.0
2009-10-23,1640.17,-0.64,0.41,-0.98,-0.17,0.0,-0.76,0.52,-4.0,False,False,0.0,0.0,0.0,0.0,0.0,0.0,0.0,0.0
2009-10-26,1657.11,-0.64,0.46,-0.98,-0.21,0.0,-0.8,0.55,-4.02,False,False,0.0,0.0,0.0,0.0,0.0,0.0,0.0,0.0
2009-10-27,1649.53,-0.5,0.51,-1.0,-0.22,0.0,-0.88,0.56,-3.8,False,False,0.0,0.0,0.0,0.0,0.0,0.0,0.0,0.0
2009-10-28,1609.71,-0.53,0.56,-1.04,-0.23,0.0,-0.81,0.47,-3.94,False,False,0.0,0.0,0.0,0.0,0.0,0.0,0.0,0.0
2009-10-29,1585.85,-0.56,0.48,-1.07,-0.25,0.0,-0.64,0.4,-4.08,False,False,0.0,0.0,0.0,0.0,0.0,0.0,0.0,0.0
2009-10-30,1580.69,-0.57,0.34,-0.92,-0.21,0.0,-0.55,0.42,-3.74,False,False,0.0,0.0,0.0,0.0,0.0,0.0,0.0,0.0
2009-11-02,1559.09,-0.71,0.41,-0.83,-0.16,0.0,-0.54,0.44,-3.75,False,False,0.0,0.0,0.0,0.0,0.0,0.0,0.0,0.0
2009-11-03,1549.92,-0.75,0.51,-0.91,-0.2,0.0,-0.46,0.35,-4.0,False,False,0.0,0.0,0.0,0.0,0.0,0.0,0.0,0.0
2009-11-04,1579.93,-0.84,0.56,-0.96,-0.2,0.0,-0.45,0.33,-4.29,False,False,0.0,0.0,0.0,0.0,0.0,0.0,0.0,0.0
2009-11-05,1552.24,-0.86,0.55,-1.03,-0.21,0.0,-0.55,0.35,-4.51,False,False,0.0,0.0,0.0,0.0,0.0,0.0,0.0,0.0
2009-11-06,1572.46,-0.91,0.56,-1.03,-0.24,0.0,-0.44,0.35,-4.59,False,False,0.0,0.0,0.0,0.0,0.0,0.0,0.0,0.0
2009-11-09,1576.79,-0.9,0.5,-1.11,-0.26,0.0,-0.5,0.43,-4.77,False,False,0.0,0.0,0.0,0.0,0.0,0.0,0.0,0.0
2009-11-10,1582.3,-0.82,0.55,-1.08,-0.24,0.0,-0.54,0.48,-4.53,False,False,0.0,0.0,0.0,0.0,0.0,0.0,0.0,0.0
2009-11-11,1594.82,-0.74,0.63,-1.04,-0.18,0.0,-0.55,0.46,-4.19,False,False,0.0,0.0,0.0,0.0,0.0,0.0,0.0,0.0
2009-11-12,1572.73,-0.69,0.51,-1.08,-0.19,0.0,-0.6,0.58,-4.2,False,False,0.0,0.0,0.0,0.0,0.0,0.0,0.0,0.0
2009-11-13,1571.99,-0.69,0.3,-0.99,-0.14,0.0,-0.48,0.61,-3.96,False,False,0.0,0.0,0.0,0.0,0.0,0.0,0.0,0.0
2009-11-16,1592.47,-0.55,0.12,-0.89,-0.08,0.0,-0.48,0.5,-3.5,False,False,0.0,0.0,0.0,0.0,0.0,0.0,0.0,0.0
2009-11-17,1585.98,-0.45,0.06,-0.98,-0.14,0.0,-0.6,0.56,-3.6,False,False,0.0,0.0,0.0,0.0,0.0,0.0,0.0,0.0
2009-11-18,1603.97,-0.45,0.05,-1.02,-0.12,0.0,-0.55,0.68,-3.58,False,False,0.0,0.0,0.0,0.0,0.0,0.0,0.0,0.0
2009-11-19,1620.54,-0.29,0.08,-0.95,-0.06,0.0,-0.66,0.64,-3.05,False,False,0.0,0.0,0.0,0.0,0.0,0.0,0.0,0.0
2009-11-20,1620.6,-0.24,0.36,-0.93,-0.05,0.0,-0.73,0.64,-2.8,False,False,0.0,0.0,0.0,0.0,0.0,0.0,0.0,0.0
2009-11-23,1619.05,-0.22,0.32,-0.83,0.04,0.0,-0.73,0.59,-2.42,False,False,0.0,0.0,0.0,0.0,0.0,0.0,0.0,0.0
2009-11-24,1606.42,-0.32,0.24,-0.82,0.07,0.0,-0.72,0.62,-2.61,False,False,0.1,0.0,0.0,0.0,0.0,0.0,0.0,0.0
2009-11-25,1611.88,-0.24,0.26,-0.61,0.22,0.0,-0.64,0.55,-1.68,False,False,0.2,0.0,0.1,0.0,0.0,0.0,0.1,0.0
2009-11-26,1599.52,-0.17,0.32,-0.63,0.21,0.0,-0.71,0.62,-1.55,False,False,0.2,0.0,0.2,0.0,0.0,0.0,0.2,0.0
2009-11-27,1524.5,-0.24,0.52,-0.66,0.22,0.65,-0.63,0.6,-0.36,False,False,0.4,0.1,0.2,0.0,0.0,0.0,0.2,0.0
2009-11-30,1555.6,-0.07,0.35,-0.69,0.26,0.74,-0.33,0.44,0.19,False,False,0.5,0.2,0.4,0.1,0.0,0.0,0.4,0.1
2009-12-01,1569.72,-0.15,0.34,-0.58,0.32,0.72,-0.39,0.51,0.32,False,False,0.7,0.3,0.5,0.2,0.5,0.2,0.5,0.2
2009-12-02,1591.63,0.02,0.28,-0.39,0.49,0.58,-0.44,0.58,1.18,False,False,0.8,0.5,0.7,0.3,0.5,0.2,0.7,0.3
2009-12-03,1615.0,-0.03,0.4,-0.41,0.47,0.44,-0.58,0.56,0.68,False,False,0.9,0.6,0.8,0.5,0.5,0.2,0.8,0.5
2009-12-04,1624.76,0.19,0.46,-0.47,0.44,0.38,-0.72,0.61,0.89,False,False,1.0,0.7,0.9,0.6,0.5,0.2,0.9,0.6
2009-12-07,1632.65,0.3,0.53,-0.5,0.43,0.36,-0.78,0.6,1.04,False,False,1.0,0.7,1.0,0.7,0.5,0.2,1.0,0.7
2009-12-08,1627.78,0.25,0.6,-0.52,0.42,0.38,-0.79,0.55,0.92,False,False,1.0,0.8,1.0,0.7,1.0,0.7,1.0,0.7
2009-12-09,1634.17,0.25,0.58,-0.33,0.57,0.35,-0.78,0.47,1.48,False,False,1.0,0.8,1.0,0.8,1.0,0.7,1.0,0.8
2009-12-10,1652.73,0.31,0.54,-0.19,0.67,0.24,-0.79,0.38,1.84,False,False,1.0,0.9,1.0,0.8,1.0,0.7,1.0,0.8
2009-12-11,1656.9,0.38,0.68,-0.07,0.78,0.23,-0.92,0.28,2.36,False,False,1.0,0.9,1.0,0.9,1.0,0.7,1.0,0.9
2009-12-14,1664.77,0.43,0.72,-0.02,0.84,0.18,-0.93,0.26,2.6,False,False,1.0,0.9,1.0,0.9,1.0,0.7,1.0,0.9
2009-12-15,1665.85,0.46,0.66,-0.13,0.77,0.16,-0.96,0.29,2.27,False,False,1.0,1.0,1.0,0.9,1.0,0.9,1.0,0.9
2009-12-16,1664.24,0.47,0.64,0.06,0.99,0.15,-0.97,0.28,2.98,False,False,1.0,1.0,1.0,1.0,1.0,0.9,1.0,1.0
2009-12-17,1647.84,0.42,0.53,0.0,0.86,0.2,-0.95,0.16,2.57,False,False,1.0,1.0,1.0,1.0,1.0,0.9,1.0,1.0
2009-12-18,1647.04,0.38,0.25,-0.14,0.76,0.21,-0.89,-0.06,1.78,False,False,1.0,1.0,1.0,1.0,1.0,0.9,1.0,1.0
2009-12-21,1644.23,0.46,0.09,-0.24,0.68,0.21,-0.89,-0.13,1.51,False,False,1.0,1.0,1.0,1.0,1.0,0.9,1.0,1.0
2009-12-22,1655.54,0.65,-0.06,-0.17,0.77,0.17,-0.88,-0.21,2.09,False,False,1.0,1.0,1.0,1.0,1.0,1.0,1.0,1.0
2009-12-23,1661.35,0.77,-0.11,-0.3,0.64,0.14,-0.92,-0.21,1.77,False,False,1.0,1.0,1.0,1.0,1.0,1.0,1.0,1.0
2009-12-24,1682.34,0.88,-0.08,-0.37,0.59,0.03,-0.96,-0.28,1.56,False,False,1.0,1.0,1.0,1.0,1.0,1.0,1.0,1.0
2009-12-28,1685.59,1.11,-0.01,-0.42,0.57,0.0,-1.02,-0.31,1.9,False,False,1.0,1.0,1.0,1.0,1.0,1.0,1.0,1.0
2009-12-29,1672.48,1.09,0.04,-0.45,0.56,0.0,-1.02,-0.2,1.82,False,False,1.0,1.0,1.0,1.0,1.0,1.0,1.0,1.0
2009-12-30,1682.77,1.11,0.06,-0.26,0.65,0.0,-0.98,-0.38,2.4,False,False,1.0,1.0,1.0,1.0,1.0,1.0,1.0,1.0
2010-01-04,1696.14,1.21,0.15,-0.05,0.84,-0.0,-1.03,-0.17,3.48,False,False,1.0,1.0,1.0,1.0,1.0,1.0,1.0,1.0
2010-01-05,1690.62,1.23,0.16,-0.34,0.65,0.0,-1.05,-0.19,2.61,False,False,1.0,1.0,1.0,1.0,1.0,1.0,1.0,1.0
2010-01-06,1705.32,1.0,0.29,-0.19,0.84,-0.0,-1.05,-0.1,2.78,False,False,1.0,1.0,1.0,1.0,1.0,1.0,1.0,1.0
2010-01-07,1683.45,0.89,0.38,-0.0,1.03,0.0,-1.06,-0.02,3.28,False,False,1.0,1.0,1.0,1.0,1.0,1.0,1.0,1.0
2010-01-08,1695.26,0.87,0.41,0.16,1.18,0.0,-1.01,-0.09,3.78,False,False,1.0,1.0,1.0,1.0,1.0,1.0,1.0,1.0
2010-01-11,1694.12,0.88,0.36,0.2,1.13,0.0,-1.05,-0.08,3.82,False,False,1.0,1.0,1.0,1.0,1.0,1.0,1.0,1.0
2010-01-12,1698.64,0.87,0.28,0.3,1.22,0.0,-1.04,0.06,4.14,False,False,1.0,1.0,1.0,1.0,1.0,1.0,1.0,1.0
2010-01-13,1671.41,0.9,0.27,0.4,1.37,0.0,-1.04,-0.04,4.54,False,False,1.0,1.0,1.0,1.0,1.0,1.0,1.0,1.0
2010-01-14,1685.77,0.75,0.11,0.28,1.3,0.0,-0.96,-0.11,3.84,False,False,1.0,1.0,1.0,1.0,1.0,1.0,1.0,1.0
2010-01-15,1701.8,0.83,-0.0,0.22,1.25,0.0,-0.99,0.02,3.8,False,False,1.0,1.0,1.0,1.0,1.0,1.0,1.0,1.0
2010-01-18,1711.78,0.86,0.09,0.29,1.35,-0.0,-1.05,-0.04,4.14,False,False,1.0,1.0,1.0,1.0,1.0,1.0,1.0,1.0
2010-01-19,1710.22,0.82,0.06,0.09,1.15,0.0,-1.07,-0.15,3.28,False,False,1.0,1.0,1.0,1.0,1.0,1.0,1.0,1.0
2010-01-20,1714.38,0.83,-0.03,0.19,1.28,-0.0,-1.07,-0.3,3.59,False,False,1.0,1.0,1.0,1.0,1.0,1.0,1.0,1.0
2010-01-21,1722.01,0.73,0.03,0.25,1.37,-0.0,-1.07,-0.28,3.67,False,False,1.0,1.0,1.0,1.0,1.0,1.0,1.0,1.0
2010-01-22,1684.35,0.71,0.06,0.24,1.35,0.0,-1.07,-0.24,3.6,False,False,1.0,1.0,1.0,1.0,1.0,1.0,1.0,1.0
2010-01-25,1670.2,0.56,-0.23,0.13,1.24,0.0,-1.0,-0.48,2.69,False,False,1.0,1.0,1.0,1.0,1.0,1.0,1.0,1.0
2010-01-26,1637.34,0.46,-0.28,0.18,1.3,0.0,-0.95,-0.29,2.72,False,False,1.0,1.0,1.0,1.0,1.0,1.0,1.0,1.0
2010-01-27,1625.48,0.35,-0.42,0.35,1.46,0.0,-0.81,-0.33,3.07,False,False,1.0,1.0,1.0,1.0,1.0,1.0,1.0,1.0
2010-01-28,1642.43,0.52,-0.62,0.14,1.26,0.0,-0.73,-0.39,2.62,False,False,1.0,1.0,1.0,1.0,1.0,1.0,1.0,1.0
2010-01-29,1602.43,0.51,-0.63,0.13,1.27,0.0,-0.82,-0.34,2.57,False,False,1.0,1.0,1.0,1.0,1.0,1.0,1.0,1.0
2010-02-01,1606.44,0.53,-0.74,0.12,1.29,0.0,-0.6,-0.37,2.66,False,False,1.0,1.0,1.0,1.0,1.0,1.0,1.0,1.0
2010-02-02,1595.81,0.55,-0.8,0.08,1.26,0.0,-0.62,-0.37,2.52,False,False,1.0,1.0,1.0,1.0,1.0,1.0,1.0,1.0
2010-02-03,1615.02,0.48,-0.82,0.09,1.16,0.0,-0.55,-0.27,2.33,False,False,1.0,1.0,1.0,1.0,1.0,1.0,1.0,1.0
2010-02-04,1616.42,0.5,-0.87,0.02,1.06,0.0,-0.7,-0.25,1.96,False,False,1.0,1.0,1.0,1.0,1.0,1.0,1.0,1.0
2010-02-05,1567.12,0.5,-0.94,-0.02,1.06,0.31,-0.7,-0.29,2.4,False,False,1.0,1.0,1.0,1.0,1.0,1.0,1.0,1.0
2010-02-08,1552.79,0.66,-1.11,-0.0,1.11,0.35,-0.41,-0.57,2.88,False,False,1.0,1.0,1.0,1.0,1.0,1.0,1.0,1.0
2010-02-09,1570.49,0.66,-1.18,0.18,1.3,0.46,-0.33,-0.7,3.71,False,False,1.0,1.0,1.0,1.0,1.0,1.0,1.0,1.0
2010-02-10,1570.12,0.7,-1.23,0.11,1.21,0.38,-0.46,-0.56,3.36,False,False,1.0,1.0,1.0,1.0,1.0,1.0,1.0,1.0
2010-02-11,1597.81,0.7,-1.21,0.2,1.32,0.52,-0.46,-0.7,3.87,False,False,1.0,1.0,1.0,1.0,1.0,1.0,1.0,1.0
2010-02-12,1593.66,0.73,-1.13,0.16,1.27,0.45,-0.61,-0.76,3.61,False,False,1.0,1.0,1.0,1.0,1.0,1.0,1.0,1.0
2010-02-16,1601.05,0.71,-1.3,0.09,1.22,0.43,-0.55,-0.68,3.3,False,False,1.0,1.0,1.0,1.0,1.0,1.0,1.0,1.0
2010-02-17,1627.43,0.74,-1.28,-0.0,1.16,0.55,-0.63,-0.76,3.25,False,False,1.0,1.0,1.0,1.0,1.0,1.0,1.0,1.0
2010-02-18,1621.19,0.8,-1.1,0.06,1.16,0.59,-0.78,-0.63,3.65,False,False,1.0,1.0,1.0,1.0,1.0,1.0,1.0,1.0
2010-02-19,1593.9,0.82,-1.08,-0.07,1.02,0.77,-0.77,-0.76,3.47,False,False,1.0,1.0,1.0,1.0,1.0,1.0,1.0,1.0
2010-02-22,1627.1,0.82,-1.11,-0.03,1.06,0.72,-0.54,-0.96,3.56,False,False,1.0,1.0,1.0,1.0,1.0,1.0,1.0,1.0
2010-02-23,1628.9,1.08,-0.87,0.16,1.25,0.7,-0.78,-0.75,4.77,False,False,1.0,1.0,1.0,1.0,1.0,1.0,1.0,1.0
2010-02-24,1612.83,1.14,-0.88,0.11,1.19,0.65,-0.78,-0.81,4.61,False,False,1.0,1.0,1.0,1.0,1.0,1.0,1.0,1.0
2010-02-25,1587.51,1.22,-1.02,0.27,1.29,0.86,-0.69,-0.73,5.48,False,False,1.0,1.0,1.0,1.0,1.0,1.0,1.0,1.0
2010-02-26,1594.58,1.07,-1.0,0.13,1.15,0.78,-0.51,-0.98,4.64,False,False,1.0,1.0,1.0,1.0,1.0,1.0,1.0,1.0
2010-03-02,1615.12,1.19,-1.14,0.22,1.22,0.49,-0.59,-1.0,4.59,False,False,1.0,1.0,1.0,1.0,1.0,1.0,1.0,1.0
2010-03-03,1622.44,1.18,-0.94,0.01,0.98,0.49,-0.7,-0.82,3.97,False,False,1.0,1.0,1.0,1.0,1.0,1.0,1.0,1.0
2010-03-04,1618.2,1.25,-0.85,-0.07,0.93,0.49,-0.77,-0.82,3.89,False,False,1.0,1.0,1.0,1.0,1.0,1.0,1.0,1.0
2010-03-05,1634.57,1.37,-0.81,-0.16,0.9,0.42,-0.7,-0.77,3.88,False,False,1.0,1.0,1.0,1.0,1.0,1.0,1.0,1.0
2010-03-08,1660.04,1.54,-0.77,-0.04,1.03,0.41,-0.85,-0.37,4.7,False,False,1.0,1.0,1.0,1.0,1.0,1.0,1.0,1.0
2010-03-09,1660.83,1.65,-0.51,-0.05,0.96,0.0,-0.95,-0.45,4.2,False,False,1.0,1.0,1.0,1.0,1.0,1.0,1.0,1.0
2010-03-10,1662.24,1.56,-0.19,-0.01,0.92,0.0,-0.95,-0.55,4.14,False,False,1.0,1.0,1.0,1.0,1.0,1.0,1.0,1.0
2010-03-11,1656.62,1.57,-0.07,0.11,1.0,0.0,-0.95,-0.58,4.55,False,False,1.0,1.0,1.0,1.0,1.0,1.0,1.0,1.0
2010-03-12,1662.74,1.66,-0.19,0.17,1.08,0.0,-0.94,-0.6,4.87,False,False,1.0,1.0,1.0,1.0,1.0,1.0,1.0,1.0
2010-03-15,1649.5,1.63,-0.09,0.25,1.16,0.0,-0.95,-0.56,5.12,False,False,1.0,1.0,1.0,1.0,1.0,1.0,1.0,1.0
2010-03-16,1648.01,1.52,-0.13,0.32,1.21,0.0,-0.9,-0.66,5.06,False,False,1.0,1.0,1.0,1.0,1.0,1.0,1.0,1.0
2010-03-17,1682.86,1.34,0.11,0.28,1.09,0.02,-0.9,-0.61,4.65,False,False,1.0,1.0,1.0,1.0,1.0,1.0,1.0,1.0
2010-03-18,1675.17,1.27,0.46,0.16,0.94,0.0,-1.05,-0.43,4.21,False,False,1.0,1.0,1.0,1.0,1.0,1.0,1.0,1.0
2010-03-19,1686.11,1.26,0.41,0.14,0.87,0.0,-1.02,-0.46,4.03,False,False,1.0,1.0,1.0,1.0,1.0,1.0,1.0,1.0
2010-03-22,1672.67,1.31,0.46,0.03,0.78,0.0,-1.06,-0.47,3.78,False,False,1.0,1.0,1.0,1.0,1.0,1.0,1.0,1.0
2010-03-23,1681.82,1.14,0.46,0.19,0.94,0.0,-1.01,-0.65,3.92,False,False,1.0,1.0,1.0,1.0,1.0,1.0,1.0,1.0
2010-03-24,1681.01,1.03,0.4,0.21,0.9,0.0,-1.06,-0.61,3.64,False,False,1.0,1.0,1.0,1.0,1.0,1.0,1.0,1.0
2010-03-25,1688.39,0.88,0.6,0.26,0.91,0.0,-1.06,-0.56,3.55,False,False,1.0,1.0,1.0,1.0,1.0,1.0,1.0,1.0
2010-03-26,1697.72,0.87,0.78,0.2,0.94,0.0,-1.06,-0.45,3.57,False,False,1.0,1.0,1.0,1.0,1.0,1.0,1.0,1.0
2010-03-29,1691.99,0.85,1.04,0.22,0.99,0.0,-1.09,-0.43,3.74,False,False,1.0,1.0,1.0,1.0,1.0,1.0,1.0,1.0
2010-03-30,1700.19,0.75,1.27,0.19,0.96,0.0,-1.08,-0.23,3.6,False,False,1.0,1.0,1.0,1.0,1.0,1.0,1.0,1.0
2010-03-31,1692.85,0.63,1.24,0.31,1.08,0.0,-1.09,-0.2,3.75,False,False,1.0,1.0,1.0,1.0,1.0,1.0,1.0,1.0
2010-04-01,1719.17,0.52,1.18,0.22,1.03,0.0,-1.08,-0.17,3.24,False,False,1.0,1.0,1.0,1.0,1.0,1.0,1.0,1.0
2010-04-02,1723.49,0.47,1.26,0.35,1.15,-0.0,-1.09,-0.23,3.56,False,False,1.0,1.0,1.0,1.0,1.0,1.0,1.0,1.0
2010-04-05,1724.99,0.15,1.48,0.36,1.19,-0.0,-1.1,-0.36,2.97,False,False,1.0,1.0,1.0,1.0,1.0,1.0,1.0,1.0
2010-04-06,1726.09,0.04,1.37,0.22,0.97,-0.0,-1.1,-0.3,2.05,False,False,1.0,1.0,1.0,1.0,1.0,1.0,1.0,1.0
2010-04-07,1726.6,-0.03,1.26,0.37,0.99,-0.0,-1.1,-0.37,2.19,False,False,1.0,1.0,1.0,1.0,1.0,1.0,1.0,1.0
2010-04-08,1733.78,-0.16,1.37,0.41,1.17,-0.0,-1.11,-0.5,2.21,False,False,1.0,1.0,1.0,1.0,1.0,1.0,1.0,1.0
2010-04-09,1724.47,-0.44,1.59,0.31,1.09,0.0,-1.11,-0.84,1.12,False,False,1.0,1.0,1.0,1.0,1.0,1.0,1.0,1.0
2010-04-12,1710.3,-0.42,1.7,0.23,0.96,0.0,-1.09,-0.83,0.84,False,False,1.0,0.9,1.0,1.0,1.0,1.0,1.0,1.0
2010-04-13,1710.59,-0.42,1.57,0.25,0.9,0.0,-1.05,-0.75,0.81,False,False,1.0,0.9,1.0,0.9,1.0,0.9,1.0,0.9
2010-04-14,1735.33,-0.27,1.42,0.29,0.85,-0.0,-1.05,-1.01,0.99,False,False,1.0,0.8,1.0,0.9,1.0,0.9,1.0,0.9
2010-04-15,1743.91,-0.28,1.33,0.08,0.67,-0.0,-1.11,-0.99,0.12,False,False,1.0,0.7,1.0,0.8,1.0,0.9,1.0,0.8
2010-04-16,1734.49,-0.39,1.43,0.02,0.61,0.0,-1.12,-0.82,-0.27,False,False,1.0,0.7,1.0,0.7,1.0,0.9,1.0,0.7
2010-04-19,1705.3,-0.51,1.43,0.17,0.77,0.0,-1.11,-0.84,0.04,False,False,0.9,0.6,1.0,0.7,1.0,0.9,1.0,0.7
2010-04-20,1718.03,-0.47,1.42,0.15,0.8,0.0,-1.02,-1.08,0.05,False,False,0.9,0.6,0.9,0.6,0.9,0.6,0.9,0.6
2010-04-21,1747.58,-0.53,1.25,0.4,0.92,-0.0,-1.06,-1.03,0.64,False,False,0.9,0.5,0.9,0.6,0.9,0.6,0.9,0.6
2010-04-22,1739.52,-0.38,1.25,0.42,1.02,0.0,-1.12,-0.8,1.28,False,False,0.9,0.6,0.9,0.5,0.9,0.6,0.9,0.5
2010-04-23,1737.03,-0.47,1.2,0.36,0.95,0.0,-1.11,-0.76,0.81,False,False,1.0,0.7,0.9,0.6,0.9,0.6,0.9,0.6
2010-04-26,1752.2,-0.44,1.15,0.26,0.87,-0.0,-1.1,-0.61,0.57,False,False,1.0,0.7,1.0,0.7,0.9,0.6,1.0,0.7
2010-04-27,1749.55,-0.36,1.11,0.32,0.9,0.0,-1.12,-0.5,0.98,False,False,1.0,0.8,1.0,0.7,1.0,0.7,1.0,0.7
2010-04-28,1733.91,-0.36,1.17,0.29,0.92,0.0,-1.12,-0.37,1.03,False,False,1.0,0.8,1.0,0.8,1.0,0.7,1.0,0.8
2010-04-29,1728.42,-0.46,1.07,0.23,0.88,0.0,-1.09,-0.54,0.46,False,False,1.0,0.7,1.0,0.8,1.0,0.7,1.0,0.8
2010-04-30,1741.56,-0.47,1.01,0.36,0.85,0.0,0.04,-0.22,1.41,False,False,1.0,0.8,1.0,0.7,1.0,0.7,1.0,0.7
2010-05-03,1721.21,-0.46,1.14,0.44,1.0,0.0,-0.03,-0.16,1.91,False,False,1.0,0.8,1.0,0.8,1.0,0.7,1.0,0.8
2010-05-04,1718.75,-0.4,0.92,0.23,0.9,0.0,0.04,-0.49,1.13,False,False,1.0,0.8,1.0,0.8,1.0,0.8,1.0,0.8
2010-05-06,1684.71,-0.52,0.88,0.43,1.03,0.0,0.05,-0.25,1.66,False,False,1.0,0.9,1.0,0.8,1.0,0.8,1.0,0.8
2010-05-07,1647.5,-0.25,0.37,-0.15,0.74,0.18,0.22,-0.58,0.48,False,False,1.0,0.9,1.0,0.9,1.0,0.8,1.0,0.9
2010-05-10,1677.63,0.29,-0.42,0.57,1.06,0.37,0.33,-1.01,3.73,False,False,1.0,0.9,1.0,0.9,1.0,0.8,1.0,0.9
2010-05-11,1670.24,0.3,-0.78,1.22,1.52,0.38,0.22,-0.81,5.49,False,False,1.0,0.9,1.0,0.9,1.0,0.9,1.0,0.9
2010-05-12,1663.03,0.26,-0.8,0.69,1.2,0.41,0.26,-0.81,4.07,False,False,1.0,0.9,1.0,0.9,1.0,0.9,1.0,0.9
2010-05-13,1694.58,0.28,-0.93,0.53,1.1,0.36,0.26,-0.6,3.59,False,False,1.0,0.9,1.0,0.9,1.0,0.9,1.0,0.9
2010-05-14,1695.63,0.28,-0.9,0.2,0.84,0.34,0.02,-0.26,2.5,False,False,1.0,1.0,1.0,0.9,1.0,0.9,1.0,0.9
2010-05-17,1651.51,0.37,-1.12,0.26,0.89,0.92,0.02,-0.45,3.75,False,False,1.0,1.0,1.0,1.0,1.0,0.9,1.0,1.0
2010-05-18,1643.24,0.48,-1.52,0.16,0.8,0.83,0.21,-0.98,3.2,False,False,1.0,1.0,1.0,1.0,1.0,1.0,1.0,1.0
2010-05-19,1630.08,0.56,-1.7,0.37,0.94,0.86,0.25,-0.88,4.03,False,False,1.0,1.0,1.0,1.0,1.0,1.0,1.0,1.0
2010-05-20,1600.18,0.72,-1.91,0.3,0.95,0.8,0.28,-1.32,3.89,False,False,1.0,1.0,1.0,1.0,1.0,1.0,1.0,1.0
2010-05-24,1604.93,0.77,-2.03,0.17,0.94,0.83,0.38,-1.9,3.49,False,False,1.0,1.0,1.0,1.0,1.0,1.0,1.0,1.0
2010-05-25,1560.83,0.93,-2.14,0.01,0.78,1.4,0.37,-2.46,3.97,False,False,1.0,1.0,1.0,1.0,1.0,1.0,1.0,1.0
2010-05-26,1582.12,1.24,-2.32,-0.1,0.77,1.45,0.45,-2.99,4.21,False,False,1.0,1.0,1.0,1.0,1.0,1.0,1.0,1.0
2010-05-27,1607.5,1.27,-2.38,0.23,0.93,1.63,0.41,-2.34,5.53,False,False,1.0,1.0,1.0,1.0,1.0,1.0,1.0,1.0
2010-05-28,1622.78,1.35,-2.5,0.37,0.9,1.6,0.34,-2.52,5.71,False,False,1.0,1.0,1.0,1.0,1.0,1.0,1.0,1.0
2010-05-31,1641.25,1.37,-2.5,0.55,1.01,1.54,0.28,-1.92,6.26,False,False,1.0,1.0,1.0,1.0,1.0,1.0,1.0,1.0
2010-06-01,1630.4,1.34,-2.41,0.31,0.76,1.56,0.23,-2.04,5.58,False,False,1.0,1.0,1.0,1.0,1.0,1.0,1.0,1.0
2010-06-03,1661.84,1.41,-2.37,0.23,0.79,1.42,0.27,-2.1,5.4,False,False,1.0,1.0,1.0,1.0,1.0,1.0,1.0,1.0
2010-06-04,1664.13,1.41,-2.28,0.13,0.68,1.37,0.12,-1.8,5.11,False,False,1.0,1.0,1.0,1.0,1.0,1.0,1.0,1.0
2010-06-07,1637.97,1.5,-2.34,0.13,0.76,1.56,0.11,-2.14,5.49,False,False,1.0,1.0,1.0,1.0,1.0,1.0,1.0,1.0
2010-06-08,1651.48,1.43,-2.35,-0.03,0.74,1.22,0.23,-2.99,4.22,False,False,1.0,1.0,1.0,1.0,1.0,1.0,1.0,1.0
2010-06-09,1647.22,1.25,-2.22,0.25,0.96,1.07,0.18,-3.0,4.48,False,False,1.0,1.0,1.0,1.0,1.0,1.0,1.0,1.0
2010-06-10,1651.7,1.17,-2.17,0.29,0.94,1.02,0.18,-3.0,4.33,False,False,1.0,1.0,1.0,1.0,1.0,1.0,1.0,1.0
2010-06-11,1675.34,1.27,-2.35,0.16,0.83,0.9,0.18,-3.0,3.83,False,False,1.0,1.0,1.0,1.0,1.0,1.0,1.0,1.0
2010-06-14,1690.6,1.27,-2.2,-0.07,0.64,0.65,0.04,-3.0,2.61,False,False,1.0,1.0,1.0,1.0,1.0,1.0,1.0,1.0
2010-06-15,1690.03,1.28,-2.11,-0.29,0.44,0.65,-0.02,-2.98,1.85,False,False,1.0,1.0,1.0,1.0,1.0,1.0,1.0,1.0
2010-06-16,1705.33,1.29,-2.01,-0.35,0.39,0.31,-0.02,-3.0,1.05,False,False,1.0,1.0,1.0,1.0,1.0,1.0,1.0,1.0
2010-06-17,1707.92,1.29,-1.77,-0.25,0.39,0.28,-0.1,-2.71,1.46,False,False,1.0,1.0,1.0,1.0,1.0,1.0,1.0,1.0
2010-06-18,1711.95,1.22,-1.61,-0.01,0.47,0.23,-0.07,-2.56,2.05,False,False,1.0,1.0,1.0,1.0,1.0,1.0,1.0,1.0
2010-06-21,1739.68,1.21,-1.45,-0.11,0.38,0.05,-0.07,-2.37,1.45,False,False,1.0,0.9,1.0,1.0,1.0,1.0,1.0,1.0
2010-06-22,1731.48,1.2,-1.37,-0.07,0.44,0.09,-0.22,-1.76,1.96,False,False,1.0,0.9,1.0,0.9,1.0,0.9,1.0,0.9
2010-06-23,1725.82,1.07,-1.4,0.08,0.51,0.0,-0.21,-1.82,1.9,False,False,1.0,1.0,1.0,0.9,1.0,0.9,1.0,0.9
2010-06-24,1739.87,0.87,-1.33,-0.02,0.52,0.0,-0.15,-1.94,1.21,False,False,1.0,1.0,1.0,1.0,1.0,0.9,1.0,1.0
2010-06-25,1729.84,0.92,-1.26,0.01,0.45,0.0,-0.22,-2.0,1.26,False,False,1.0,0.9,1.0,1.0,1.0,0.9,1.0,1.0
2010-06-28,1732.03,0.93,-1.27,-0.14,0.3,0.0,-0.16,-2.39,0.5,False,False,1.0,0.9,1.0,0.9,1.0,0.9,1.0,0.9
2010-06-29,1707.76,1.05,-1.38,-0.33,0.13,0.0,-0.22,-2.04,0.16,False,False,1.0,0.8,1.0,0.9,1.0,0.9,1.0,0.9
2010-06-30,1698.29,1.08,-1.41,-0.26,0.27,0.0,-0.06,-2.25,0.61,False,False,1.0,0.7,1.0,0.8,1.0,0.9,1.0,0.8
2010-07-01,1686.24,1.12,-1.53,-0.16,0.33,0.0,0.02,-2.4,0.94,False,False,1.0,0.7,1.0,0.7,1.0,0.9,1.0,0.7
2010-07-02,1671.82,1.06,-1.71,-0.17,0.34,0.0,0.09,-2.58,0.61,False,False,1.0,0.7,1.0,0.7,1.0,0.9,1.0,0.7
2010-07-05,1675.37,1.0,-1.84,0.1,0.45,0.0,0.16,-2.67,1.25,False,False,1.0,0.7,1.0,0.7,1.0,0.9,1.0,0.7
2010-07-06,1684.94,0.93,-1.8,-0.27,0.3,0.0,0.16,-2.47,0.06,False,False,1.0,0.7,1.0,0.7,1.0,0.7,1.0,0.7
2010-07-07,1675.65,1.03,-1.9,-0.57,-0.0,0.0,0.09,-2.53,-1.02,False,False,0.9,0.6,1.0,0.7,1.0,0.7,1.0,0.7
2010-07-08,1698.64,1.21,-1.97,-0.88,-0.2,0.0,0.16,-2.49,-1.6,False,False,0.8,0.5,0.9,0.6,1.0,0.7,0.9,0.6
2010-07-09,1723.01,1.3,-1.9,-0.97,-0.24,0.0,0.01,-2.18,-1.54,False,False,0.7,0.3,0.8,0.5,1.0,0.7,0.8,0.5
2010-07-12,1734.05,1.37,-1.9,-1.15,-0.55,0.0,0.1,-1.99,-2.15,False,False,0.5,0.2,0.7,0.3,1.0,0.7,0.7,0.3
2010-07-13,1735.08,1.37,-1.89,-1.4,-0.67,0.0,0.02,-2.13,-2.98,False,False,0.3,0.1,0.5,0.2,0.5,0.2,0.5,0.2
2010-07-14,1758.01,1.44,-1.84,-1.18,-0.49,-0.0,0.02,-2.23,-2.06,False,False,0.3,0.0,0.3,0.1,0.5,0.2,0.3,0.1
2010-07-15,1751.29,1.45,-1.68,-0.94,-0.32,0.0,-0.15,-2.11,-1.17,False,False,0.3,0.0,0.3,0.0,0.5,0.2,0.3,0.0
2010-07-16,1738.45,1.23,-1.54,-0.58,-0.14,0.0,-0.08,-2.17,-0.47,False,False,0.4,0.1,0.3,0.0,0.5,0.2,0.3,0.0
2010-07-19,1731.95,1.1,-1.47,-0.22,0.04,0.0,0.01,-1.94,0.56,False,False,0.5,0.2,0.4,0.1,0.5,0.2,0.4,0.1
2010-07-20,1736.77,1.02,-1.55,0.16,0.51,0.0,0.03,-2.41,1.74,False,False,0.7,0.4,0.5,0.2,0.5,0.2,0.5,0.2
2010-07-21,1748.78,1.04,-1.59,0.06,0.45,0.0,0.02,-2.29,1.48,False,False,0.9,0.6,0.7,0.4,0.5,0.2,0.7,0.4
2010-07-22,1735.53,1.03,-1.5,0.03,0.35,0.0,-0.07,-2.16,1.31,False,False,1.0,0.8,0.9,0.6,0.5,0.2,0.9,0.6
2010-07-23,1758.06,1.01,-1.47,-0.19,0.19,-0.0,0.03,-1.98,0.6,False,False,1.0,0.8,1.0,0.8,0.5,0.2,1.0,0.8
2010-07-26,1769.07,1.05,-1.35,-0.42,-0.25,-0.0,-0.15,-1.86,-0.47,False,False,1.0,0.8,1.0,0.8,0.5,0.2,1.0,0.8
2010-07-27,1768.31,1.02,-1.29,-0.5,-0.27,0.0,-0.18,-1.9,-0.8,False,False,0.9,0.6,1.0,0.8,1.0,0.8,1.0,0.8
2010-07-28,1773.47,0.82,-1.11,-0.42,-0.16,-0.0,-0.19,-1.69,-0.73,False,False,0.8,0.5,0.9,0.6,1.0,0.8,0.9,0.6
2010-07-29,1770.88,0.86,-1.01,-0.36,-0.03,0.0,-0.26,-1.71,-0.28,False,False,0.8,0.4,0.8,0.5,1.0,0.8,0.8,0.5
2010-07-30,1759.33,0.86,-0.92,-0.5,-0.19,0.0,-0.25,-1.83,-0.9,False,False,0.7,0.3,0.8,0.4,1.0,0.8,0.8,0.4
2010-08-02,1782.27,0.93,-0.84,-0.43,-0.08,-0.0,-0.15,-1.66,-0.2,False,False,0.7,0.3,0.7,0.3,1.0,0.8,0.7,0.3
2010-08-03,1790.6,1.03,-0.8,-0.37,0.01,-0.0,-0.34,-1.25,0.49,False,False,0.8,0.4,0.7,0.3,0.7,0.3,0.7,0.3
2010-08-04,1789.26,0.94,-0.64,-0.45,-0.22,0.0,-0.35,-1.3,-0.24,False,False,0.8,0.4,0.8,0.4,0.7,0.3,0.8,0.4
2010-08-05,1783.86,0.81,-0.55,-0.66,-0.36,0.0,-0.35,-1.37,-1.3,False,False,0.8,0.4,0.8,0.4,0.7,0.3,0.8,0.4
2010-08-06,1783.83,0.8,-0.58,-0.41,0.01,0.0,-0.34,-1.12,-0.04,False,False,0.8,0.4,0.8,0.4,0.7,0.3,0.8,0.4
2010-08-09,1790.17,0.85,-0.63,-0.18,0.02,0.0,-0.34,-1.09,0.68,False,False,0.8,0.5,0.8,0.4,0.7,0.3,0.8,0.4
2010-08-10,1781.13,0.79,-0.57,-0.17,0.56,0.0,-0.35,-0.57,1.61,False,False,0.8,0.5,0.8,0.5,0.8,0.5,0.8,0.5
2010-08-11,1758.19,0.58,-0.45,-0.82,-0.55,0.0,-0.26,-0.47,-1.98,False,False,0.7,0.5,0.8,0.5,0.8,0.5,0.8,0.5
2010-08-12,1721.75,0.47,-0.56,-1.1,-1.26,0.0,-0.13,-1.13,-4.14,False,False,0.6,0.4,0.7,0.5,0.8,0.5,0.7,0.5
2010-08-13,1746.24,0.66,-0.81,-0.45,-0.39,0.0,0.15,-1.19,-0.98,False,False,0.6,0.4,0.6,0.4,0.8,0.5,0.6,0.4
2010-08-16,1743.31,0.74,-0.86,-0.08,-0.0,0.0,-0.04,-1.09,0.65,False,False,0.6,0.4,0.6,0.4,0.8,0.5,0.6,0.4
2010-08-17,1755.03,0.79,-0.96,-0.44,0.02,0.0,-0.04,-1.27,-0.23,False,False,0.5,0.3,0.6,0.4,0.6,0.4,0.6,0.4
2010-08-18,1761.99,0.94,-0.96,-1.41,-0.59,0.0,-0.06,-1.02,-2.99,False,False,0.5,0.3,0.5,0.3,0.6,0.4,0.5,0.3
2010-08-19,1779.64,0.99,-0.86,-1.33,-0.48,0.0,-0.15,-0.56,-2.33,False,False,0.5,0.3,0.5,0.3,0.6,0.4,0.5,0.3
2010-08-20,1775.54,1.06,-0.75,-1.57,-0.76,0.0,-0.26,-0.66,-3.13,False,False,0.4,0.2,0.5,0.3,0.6,0.4,0.5,0.3
2010-08-23,1767.71,0.91,-0.66,-1.69,-0.72,0.0,-0.26,-0.52,-3.58,False,False,0.2,0.1,0.4,0.2,0.6,0.4,0.4,0.2
2010-08-24,1760.53,0.79,-0.62,-1.02,-0.23,0.0,-0.17,0.01,-1.31,False,False,0.1,0.0,0.2,0.1,0.2,0.1,0.2,0.1
2010-08-25,1734.79,0.85,-0.7,-0.66,0.07,0.0,-0.15,0.17,0.23,False,False,0.3,0.1,0.1,0.0,0.2,0.1,0.1,0.0
2010-08-26,1729.76,0.72,-0.71,-0.69,0.17,0.0,0.07,0.67,0.34,False,False,0.5,0.3,0.3,0.1,0.2,0.1,0.3,0.1
2010-08-27,1729.56,0.74,-0.74,-0.77,-0.17,0.0,0.08,0.42,-0.45,False,False,0.6,0.3,0.5,0.3,0.2,0.1,0.5,0.3
2010-08-30,1760.13,0.71,-0.76,-0.73,-0.33,0.0,0.08,0.24,-0.75,False,False,0.8,0.4,0.6,0.3,0.2,0.1,0.6,0.3
2010-08-31,1742.75,0.76,-0.76,-1.76,-1.09,0.0,-0.17,-0.17,-4.37,False,False,0.7,0.4,0.8,0.4,0.8,0.4,0.8,0.4
2010-09-01,1764.69,0.76,-0.86,-1.41,-0.76,0.01,-0.04,-0.16,-3.16,False,False,0.5,0.2,0.7,0.4,0.8,0.4,0.7,0.4
2010-09-02,1775.73,0.94,-0.91,-1.52,-0.71,0.01,-0.19,0.3,-2.81,False,False,0.3,0.1,0.5,0.2,0.8,0.4,0.5,0.2
2010-09-03,1780.02,0.97,-0.87,-1.37,-0.6,0.01,-0.29,0.07,-2.36,False,False,0.2,0.1,0.3,0.1,0.8,0.4,0.3,0.1
2010-09-06,1792.42,0.89,-0.78,-1.04,-0.36,-0.0,-0.3,0.24,-1.36,False,False,0.1,0.0,0.2,0.1,0.8,0.4,0.2,0.1
2010-09-07,1787.74,0.77,-0.64,-1.22,-0.32,0.01,-0.4,0.84,-1.68,False,False,0.2,0.0,0.1,0.0,0.1,0.0,0.1,0.0
2010-09-08,1779.22,0.71,-0.54,-1.11,-0.46,0.0,-0.4,0.7,-1.8,False,False,0.3,0.0,0.2,0.0,0.1,0.0,0.2,0.0
2010-09-09,1784.36,0.73,-0.54,-0.95,-0.42,0.0,-0.31,0.99,-1.1,False,False,0.4,0.1,0.3,0.0,0.1,0.0,0.3,0.0
2010-09-10,1802.58,0.75,-0.5,-0.47,-0.04,-0.0,-0.4,1.11,0.76,False,False,0.6,0.2,0.4,0.1,0.1,0.0,0.4,0.1
2010-09-13,1818.86,0.74,-0.31,-0.4,0.16,-0.0,-0.47,1.05,1.23,False,False,0.7,0.4,0.6,0.2,0.1,0.0,0.6,0.2
2010-09-14,1815.25,0.52,-0.05,-0.62,0.16,0.0,-0.51,0.77,0.08,False,False,0.8,0.5,0.7,0.4,0.7,0.4,0.7,0.4
2010-09-15,1823.88,0.21,0.1,-0.89,0.02,-0.0,-0.51,0.82,-1.45,False,False,0.8,0.5,0.8,0.5,0.7,0.4,0.8,0.5
2010-09-16,1811.85,0.11,0.16,0.0,0.49,0.0,-0.51,0.63,1.15,False,False,0.9,0.6,0.8,0.5,0.7,0.4,0.8,0.5
2010-09-17,1827.35,0.01,0.17,-0.3,0.06,-0.0,-0.5,0.61,-0.49,False,False,0.8,0.5,0.9,0.6,0.7,0.4,0.9,0.6
2010-09-20,1832.63,0.17,0.18,-0.62,-0.07,-0.0,-0.55,0.5,-1.15,False,False,0.7,0.4,0.8,0.5,0.7,0.4,0.8,0.5
2010-09-24,1846.6,0.13,0.2,-0.63,-0.09,-0.0,-0.55,-0.02,-1.57,False,False,0.6,0.3,0.7,0.4,0.7,0.4,0.7,0.4
2010-09-27,1860.83,0.15,0.21,-0.8,-0.32,-0.0,-0.6,0.36,-2.1,False,False,0.6,0.3,0.6,0.3,0.7,0.4,0.6,0.3
2010-09-28,1855.97,0.09,0.29,-0.28,0.11,0.0,-0.64,0.48,-0.25,False,False,0.6,0.2,0.6,0.3,0.6,0.3,0.6,0.3
2010-09-29,1866.45,0.01,0.31,-0.06,0.19,-0.0,-0.63,0.58,0.28,False,False,0.6,0.2,0.6,0.2,0.6,0.3,0.6,0.2
2010-09-30,1872.81,0.05,0.45,0.11,0.41,-0.0,-0.66,1.04,1.42,False,False,0.7,0.4,0.6,0.2,0.6,0.3,0.6,0.2
2010-10-01,1876.73,-0.11,0.57,0.19,0.58,-0.0,-0.66,0.89,1.47,False,False,0.8,0.6,0.7,0.4,0.6,0.3,0.7,0.4
2010-10-04,1879.29,-0.18,0.7,-0.35,0.22,-0.0,-0.66,1.3,-0.33,False,False,0.9,0.7,0.8,0.6,0.6,0.3,0.8,0.6
2010-10-05,1878.94,-0.46,0.94,-0.72,-0.08,0.0,-0.69,1.4,-2.22,False,False,0.8,0.6,0.9,0.7,0.9,0.7,0.9,0.7
2010-10-06,1903.95,-0.57,1.02,0.04,0.41,-0.0,-0.68,1.4,0.18,False,False,0.8,0.6,0.8,0.6,0.9,0.7,0.8,0.6
2010-10-07,1900.85,-0.61,1.24,0.08,0.17,0.0,-0.72,1.58,-0.02,False,False,0.8,0.5,0.8,0.6,0.9,0.7,0.8,0.6
2010-10-08,1897.07,-0.53,1.19,0.33,0.68,0.0,-0.72,1.56,1.54,False,False,0.8,0.5,0.8,0.5,0.9,0.7,0.8,0.5
2010-10-11,1889.91,-0.56,1.22,0.18,0.77,0.0,-0.71,1.33,1.12,False,False,0.8,0.6,0.8,0.5,0.9,0.7,0.8,0.5
2010-10-12,1868.04,-0.66,1.32,0.63,1.34,0.0,-0.71,1.49,2.9,False,False,1.0,0.8,0.8,0.6,0.8,0.6,0.8,0.6
2010-10-13,1876.15,-0.82,1.31,0.53,1.35,0.0,-0.64,1.13,2.18,False,False,1.0,0.9,1.0,0.8,0.8,0.6,1.0,0.8
2010-10-14,1899.76,-0.81,1.13,0.59,1.42,0.0,-0.67,1.09,2.31,False,False,1.0,1.0,1.0,0.9,0.8,0.6,1.0,0.9
2010-10-15,1902.29,-0.64,1.01,0.57,1.62,0.0,-0.72,1.39,3.0,False,False,1.0,1.0,1.0,1.0,0.8,0.6,1.0,1.0
2010-10-18,1875.42,-0.45,0.94,0.37,1.34,0.0,-0.72,1.52,2.59,False,False,1.0,1.0,1.0,1.0,0.8,0.6,1.0,1.0
2010-10-19,1857.32,-0.58,0.79,-0.23,0.75,0.0,-0.64,1.23,-0.21,False,False,1.0,0.9,1.0,1.0,1.0,1.0,1.0,1.0
2010-10-20,1870.44,-0.68,0.73,0.04,0.62,0.0,-0.59,1.09,-0.07,False,False,0.9,0.8,1.0,0.9,1.0,1.0,1.0,0.9
2010-10-21,1874.69,-0.61,0.6,-0.38,0.01,0.0,-0.63,1.04,-1.95,False,False,0.8,0.6,0.9,0.8,1.0,1.0,0.9,0.8
2010-10-22,1897.31,-0.62,0.56,-0.63,-0.34,0.0,-0.64,1.33,-2.92,False,False,0.6,0.4,0.8,0.6,1.0,1.0,0.8,0.6
2010-10-25,1915.71,-0.52,0.71,-0.47,-0.15,-0.0,-0.72,1.13,-2.11,False,False,0.5,0.2,0.6,0.4,1.0,1.0,0.6,0.4
2010-10-26,1919.41,-0.48,0.8,-1.24,-0.68,-0.0,-0.76,1.29,-4.36,False,False,0.3,0.1,0.5,0.2,0.5,0.2,0.5,0.2
2010-10-27,1909.54,-0.66,0.92,-0.89,-0.3,0.0,-0.77,1.21,-3.48,False,False,0.1,0.0,0.3,0.1,0.5,0.2,0.3,0.1
2010-10-28,1907.87,-0.87,0.86,-0.69,-0.16,0.0,-0.76,0.93,-3.48,False,False,0.1,0.0,0.1,0.0,0.5,0.2,0.1,0.0
2010-10-29,1882.95,-0.93,0.79,0.12,0.5,0.0,-0.75,0.94,-0.78,False,False,0.2,0.1,0.1,0.0,0.5,0.2,0.1,0.0
2010-11-01,1914.74,-0.93,0.55,-0.85,-0.24,0.0,-0.66,0.77,-4.19,False,False,0.1,0.1,0.2,0.1,0.5,0.2,0.2,0.1
2010-11-02,1918.04,-0.76,0.43,-0.75,-0.2,0.0,-0.76,0.92,-3.61,False,False,0.1,0.1,0.1,0.1,0.1,0.1,0.1,0.1
2010-11-03,1935.97,-0.79,0.37,-0.52,0.03,-0.0,-0.77,1.05,-2.84,False,False,0.1,0.1,0.1,0.1,0.1,0.1,0.1,0.1
2010-11-04,1942.5,-0.72,0.28,-1.15,-0.46,-0.0,-0.78,1.05,-4.7,False,False,0.1,0.1,0.1,0.1,0.1,0.1,0.1,0.1
2010-11-05,1938.96,-0.92,0.35,-1.41,-0.7,0.0,-0.78,0.98,-5.79,False,False,0.0,0.0,0.1,0.1,0.1,0.1,0.1,0.1
2010-11-08,1942.41,-1.02,0.5,-1.98,-1.21,0.0,-0.77,0.87,-7.17,False,False,0.0,0.0,0.0,0.0,0.1,0.1,0.0,0.0
2010-11-09,1947.46,-1.0,0.52,-1.91,-1.07,-0.0,-0.78,0.74,-6.98,False,False,0.0,0.0,0.0,0.0,0.0,0.0,0.0,0.0
2010-11-10,1967.85,-1.0,0.56,-1.54,-0.86,-0.0,-0.79,0.71,-6.28,False,False,0.0,0.0,0.0,0.0,0.0,0.0,0.0,0.0
2010-11-11,1914.73,-1.12,0.71,-1.44,-1.05,0.21,-0.79,0.66,-6.21,False,False,0.0,0.0,0.0,0.0,0.0,0.0,0.0,0.0
2010-11-12,1913.12,-0.72,0.28,-1.45,-0.83,0.21,-0.74,0.66,-5.48,False,False,0.0,0.0,0.0,0.0,0.0,0.0,0.0,0.0
2010-11-15,1913.81,-0.97,0.48,-1.16,-0.54,0.13,-0.73,0.51,-5.19,False,False,0.0,0.0,0.0,0.0,0.0,0.0,0.0,0.0
2010-11-16,1899.13,-0.89,0.53,-0.89,-0.5,0.14,-0.74,0.59,-4.41,False,False,0.0,0.0,0.0,0.0,0.0,0.0,0.0,0.0
2010-11-17,1897.11,-0.94,0.59,-1.47,-1.14,0.13,-0.69,0.81,-6.13,False,False,0.0,0.0,0.0,0.0,0.0,0.0,0.0,0.0
2010-11-18,1927.86,-0.93,0.55,-1.36,-1.2,0.14,-0.68,0.59,-6.05,False,False,0.0,0.0,0.0,0.0,0.0,0.0,0.0,0.0
2010-11-19,1940.96,-0.83,0.54,-0.8,-0.4,0.08,-0.76,0.77,-4.0,False,False,0.0,0.0,0.0,0.0,0.0,0.0,0.0,0.0
2010-11-22,1944.34,-1.0,0.52,-0.8,0.2,0.06,-0.78,0.58,-3.73,False,False,0.0,0.0,0.0,0.0,0.0,0.0,0.0,0.0
2010-11-23,1928.94,-0.91,0.47,-1.62,-0.6,0.12,-0.78,0.57,-5.95,False,False,0.0,0.0,0.0,0.0,0.0,0.0,0.0,0.0
2010-11-24,1925.98,-0.94,0.43,-1.22,-0.21,0.13,-0.75,-0.13,-5.15,False,False,0.0,0.0,0.0,0.0,0.0,0.0,0.0,0.0
2010-11-25,1927.68,-0.55,0.39,-0.92,0.18,0.12,-0.75,0.41,-3.05,False,False,0.0,0.0,0.0,0.0,0.0,0.0,0.0,0.0
2010-11-26,1901.8,-0.4,0.33,-0.41,0.33,0.2,-0.75,0.46,-1.12,False,False,0.1,0.0,0.0,0.0,0.0,0.0,0.0,0.0
2010-11-29,1895.54,-0.13,0.39,-0.59,-0.04,0.07,-0.67,0.3,-1.69,False,False,0.2,0.0,0.1,0.0,0.0,0.0,0.1,0.0
2010-11-30,1904.63,-0.11,0.37,-0.47,0.14,0.08,-0.66,0.47,-0.99,False,False,0.3,0.1,0.2,0.0,0.2,0.0,0.2,0.0
2010-12-01,1929.32,0.0,0.35,-0.69,-0.15,0.08,-0.67,0.31,-1.77,False,False,0.4,0.1,0.3,0.1,0.2,0.0,0.3,0.1
2010-12-02,1950.26,0.03,0.35,-0.23,0.2,0.05,-0.76,0.63,0.01,False,False,0.6,0.2,0.4,0.1,0.2,0.0,0.4,0.1
2010-12-03,1957.26,0.0,0.4,-0.06,0.92,0.03,-0.8,0.58,1.38,False,False,0.7,0.3,0.6,0.2,0.2,0.0,0.6,0.2
2010-12-06,1953.64,-0.01,0.37,-0.03,0.82,0.04,-0.8,0.94,1.48,False,False,0.8,0.5,0.7,0.3,0.2,0.0,0.7,0.3
2010-12-07,1962.52,-0.07,0.33,-0.64,0.31,0.02,-0.79,0.71,-1.14,False,False,0.8,0.5,0.8,0.5,0.8,0.5,0.8,0.5
2010-12-08,1955.72,-0.07,0.35,-0.36,0.53,0.03,-0.81,0.73,-0.09,False,False,0.9,0.6,0.8,0.5,0.8,0.5,0.8,0.5
2010-12-09,1988.96,-0.18,0.33,-0.58,0.12,-0.0,-0.79,0.36,-1.77,False,False,0.8,0.5,0.9,0.6,0.8,0.5,0.9,0.6
2010-12-10,1986.14,-0.35,0.59,-0.77,0.1,0.0,-0.82,0.37,-2.53,False,False,0.6,0.3,0.8,0.5,0.8,0.5,0.8,0.5
2010-12-13,1996.59,-0.16,0.43,-1.13,-0.4,-0.0,-0.82,0.51,-3.59,False,False,0.4,0.1,0.6,0.3,0.8,0.5,0.6,0.3
2010-12-14,2009.05,-0.12,0.41,-1.19,-0.59,-0.0,-0.82,0.34,-3.97,False,False,0.3,0.1,0.4,0.1,0.4,0.1,0.4,0.1
2010-12-15,2017.48,-0.25,0.59,-0.26,0.09,-0.0,-0.83,0.35,-1.09,False,False,0.2,0.0,0.3,0.1,0.4,0.1,0.3,0.1
2010-12-16,2009.24,-0.55,0.68,-0.55,-0.19,0.0,-0.84,0.08,-3.0,False,False,0.1,0.0,0.2,0.0,0.4,0.1,0.2,0.0
2010-12-17,2026.3,-0.64,0.65,-0.74,-0.18,-0.0,-0.83,-0.06,-3.65,False,False,0.1,0.0,0.1,0.0,0.4,0.1,0.1,0.0
2010-12-20,2020.28,-0.49,0.62,-0.65,0.09,0.0,-0.84,-0.02,-2.77,False,False,0.1,0.0,0.1,0.0,0.4,0.1,0.1,0.0
2010-12-21,2037.09,-0.44,0.58,-1.5,-1.32,-0.0,-0.84,-0.06,-6.02,False,False,0.1,0.0,0.1,0.0,0.1,0.0,0.1,0.0
2010-12-22,2038.11,-0.51,0.51,-0.9,-0.67,-0.0,-0.85,0.02,-4.37,False,False,0.0,0.0,0.1,0.0,0.1,0.0,0.1,0.0
2010-12-23,2037.53,-0.95,0.58,-0.58,-0.13,0.0,-0.85,0.01,-3.92,False,False,0.0,0.0,0.0,0.0,0.1,0.0,0.0,0.0
2010-12-24,2029.6,-1.02,0.63,-0.11,0.36,0.0,-0.85,-0.05,-2.39,False,False,0.1,0.0,0.0,0.0,0.1,0.0,0.0,0.0
2010-12-27,2022.19,-1.15,0.63,-1.04,-0.55,0.0,-0.84,-0.19,-5.72,False,False,0.0,0.0,0.1,0.0,0.1,0.0,0.1,0.0
2010-12-28,2033.32,-1.2,0.68,-1.48,-1.25,0.0,-0.82,-0.22,-7.04,False,False,0.0,0.0,0.0,0.0,0.0,0.0,0.0,0.0
2010-12-29,2043.49,-1.07,0.76,-1.96,-1.84,-0.0,-0.85,-0.11,-7.79,False,False,0.0,0.0,0.0,0.0,0.0,0.0,0.0,0.0
2010-12-30,2051.0,-1.16,0.71,-1.29,-1.28,-0.0,-0.86,-0.19,-6.75,False,False,0.0,0.0,0.0,0.0,0.0,0.0,0.0,0.0
2011-01-03,2070.08,-0.85,0.56,-2.49,-2.32,-0.0,-0.86,-0.08,-8.34,False,False,0.0,0.0,0.0,0.0,0.0,0.0,0.0,0.0
2011-01-04,2085.14,-0.71,0.54,-2.34,-1.88,-0.0,-0.9,-0.1,-7.88,False,False,0.0,0.0,0.0,0.0,0.0,0.0,0.0,0.0
2011-01-05,2082.55,-0.59,0.61,-1.7,-1.17,0.0,-0.93,-0.04,-6.45,False,False,0.0,0.0,0.0,0.0,0.0,0.0,0.0,0.0
2011-01-06,2077.61,-0.6,0.59,-1.44,-1.33,0.0,-0.94,-0.08,-6.23,False,False,0.0,0.0,0.0,0.0,0.0,0.0,0.0,0.0
2011-01-07,2086.2,-0.57,0.53,-1.37,-1.36,-0.0,-0.92,-0.15,-6.14,False,False,0.0,0.0,0.0,0.0,0.0,0.0,0.0,0.0
2011-01-10,2080.81,-0.47,0.44,-0.47,-0.53,0.0,-0.95,-0.32,-3.41,False,False,0.0,0.0,0.0,0.0,0.0,0.0,0.0,0.0
2011-01-11,2088.32,-0.39,0.35,-0.64,-0.55,-0.0,-0.94,-0.17,-3.63,False,False,0.0,0.0,0.0,0.0,0.0,0.0,0.0,0.0
2011-01-12,2094.95,-0.28,0.28,-0.51,-0.6,-0.0,-0.95,-0.21,-3.2,False,False,0.0,0.0,0.0,0.0,0.0,0.0,0.0,0.0
2011-01-13,2089.48,-0.26,0.3,-0.28,-0.3,0.0,-0.98,0.15,-2.04,False,False,0.1,0.0,0.0,0.0,0.0,0.0,0.0,0.0
2011-01-14,2108.17,-0.51,0.28,-0.05,-0.09,-0.0,-0.94,0.04,-1.84,False,False,0.1,0.0,0.1,0.0,0.0,0.0,0.1,0.0
2011-01-17,2099.85,-0.47,0.2,-0.03,0.0,0.0,-1.01,-0.3,-1.78,False,False,0.2,0.0,0.1,0.0,0.0,0.0,0.1,0.0
2011-01-18,2096.48,-0.71,0.15,-0.05,0.06,0.0,-0.98,-0.2,-2.29,False,False,0.2,0.0,0.2,0.0,0.2,0.0,0.2,0.0
2011-01-19,2115.69,-0.68,0.1,-0.33,0.06,-0.0,-0.97,-0.0,-2.79,False,False,0.3,0.0,0.2,0.0,0.2,0.0,0.2,0.0
2011-01-20,2106.66,-0.47,0.09,-0.38,-0.25,0.0,-1.02,0.19,-2.79,False,False,0.2,0.0,0.3,0.0,0.2,0.0,0.3,0.0
2011-01-21,2069.92,-0.45,0.02,-0.82,-0.55,0.0,-1.01,0.01,-4.22,False,False,0.1,0.0,0.2,0.0,0.2,0.0,0.2,0.0
2011-01-24,2082.16,-0.42,-0.08,-0.81,-0.46,0.0,-0.88,-0.03,-4.01,False,False,0.1,0.0,0.1,0.0,0.2,0.0,0.1,0.0
2011-01-25,2086.67,-0.32,-0.18,-1.18,-0.89,0.0,-0.92,0.01,-5.1,False,False,0.0,0.0,0.1,0.0,0.1,0.0,0.1,0.0
2011-01-26,2110.46,-0.2,-0.24,-0.98,-0.28,0.0,-0.92,-0.21,-3.84,False,False,0.0,0.0,0.0,0.0,0.1,0.0,0.0,0.0
2011-01-27,2115.01,-0.1,-0.3,-1.55,-0.93,0.0,-0.98,-0.04,-5.49,False,False,0.0,0.0,0.0,0.0,0.1,0.0,0.0,0.0
2011-01-28,2107.87,-0.14,-0.22,-1.59,-1.09,0.0,-0.98,0.27,-5.68,False,False,0.0,0.0,0.0,0.0,0.1,0.0,0.0,0.0
2011-01-31,2069.73,-0.25,-0.25,-1.68,-1.54,0.0,-0.97,0.08,-6.47,False,False,0.0,0.0,0.0,0.0,0.1,0.0,0.0,0.0
2011-02-01,2072.03,-0.11,-0.43,-1.57,-0.96,0.0,-0.84,-0.02,-5.58,False,False,0.0,0.0,0.0,0.0,0.0,0.0,0.0,0.0
2011-02-07,2081.74,-0.14,-0.53,-0.48,0.02,0.0,-0.84,0.01,-2.18,False,False,0.0,0.0,0.0,0.0,0.0,0.0,0.0,0.0
2011-02-08,2069.7,-0.07,-0.55,-1.57,-1.09,0.0,-0.88,0.06,-5.65,False,False,0.0,0.0,0.0,0.0,0.0,0.0,0.0,0.0
2011-02-09,2045.58,-0.04,-0.64,-1.45,-0.68,0.0,-0.84,0.04,-4.98,False,False,0.0,0.0,0.0,0.0,0.0,0.0,0.0,0.0
2011-02-10,2008.5,-0.03,-0.79,-1.78,-0.86,0.23,-0.79,-0.24,-5.55,False,False,0.0,0.0,0.0,0.0,0.0,0.0,0.0,0.0
2011-02-11,1977.19,0.15,-1.11,-1.05,0.09,0.42,-0.73,-0.34,-2.31,False,False,0.1,0.0,0.0,0.0,0.0,0.0,0.0,0.0
2011-02-14,2014.59,0.32,-1.27,-0.98,0.16,0.62,-0.69,-0.38,-1.33,False,False,0.1,0.0,0.1,0.0,0.0,0.0,0.1,0.0
2011-02-15,2010.52,0.46,-1.3,-1.34,-0.42,0.64,-0.74,-0.33,-2.66,False,False,0.2,0.0,0.1,0.0,0.1,0.0,0.1,0.0
2011-02-16,1989.11,0.68,-1.39,-2.05,-1.24,0.69,-0.73,-0.28,-4.7,False,False,0.2,0.0,0.2,0.0,0.1,0.0,0.2,0.0
2011-02-17,1977.22,0.64,-1.28,-2.21,-1.39,0.75,-0.7,-0.28,-5.11,False,False,0.2,0.0,0.2,0.0,0.1,0.0,0.2,0.0
2011-02-18,2013.14,0.83,-1.35,-2.27,-1.48,0.88,-0.68,0.11,-4.63,False,False,0.1,0.0,0.2,0.0,0.1,0.0,0.2,0.0
2011-02-21,2005.3,0.98,-1.35,-2.1,-1.48,0.85,-0.73,0.37,-3.95,False,False,0.0,0.0,0.1,0.0,0.1,0.0,0.1,0.0
2011-02-22,1969.92,0.85,-1.31,-1.88,-1.07,1.2,-0.71,0.11,-2.65,False,False,0.0,0.0,0.0,0.0,0.0,0.0,0.0,0.0
2011-02-23,1961.63,0.98,-1.34,-1.88,-1.2,1.08,-0.67,0.26,-2.71,False,False,0.0,0.0,0.0,0.0,0.0,0.0,0.0,0.0
2011-02-24,1949.88,1.11,-1.32,-2.02,-1.45,1.08,-0.66,0.04,-3.15,False,False,0.0,0.0,0.0,0.0,0.0,0.0,0.0,0.0
2011-02-25,1963.43,1.26,-1.36,-1.76,-1.08,1.09,-0.64,-0.16,-1.77,False,False,0.1,0.0,0.0,0.0,0.0,0.0,0.0,0.0
2011-02-28,1939.3,1.27,-1.47,-1.33,-0.32,1.06,-0.66,-0.0,0.42,False,False,0.3,0.1,0.1,0.0,0.0,0.0,0.1,0.0
2011-03-02,1928.24,1.35,-1.57,-1.79,-0.9,1.05,-0.63,0.7,-1.11,False,False,0.4,0.2,0.3,0.1,0.0,0.0,0.3,0.1
2011-03-03,1970.66,1.4,-1.65,-1.1,-0.35,1.43,-0.6,0.34,2.11,False,False,0.6,0.4,0.4,0.2,0.0,0.0,0.4,0.2
2011-03-04,2004.68,1.5,-1.56,-1.53,-1.05,1.26,-0.68,0.34,-0.07,False,False,0.8,0.5,0.6,0.4,0.0,0.0,0.6,0.4
2011-03-07,1980.27,1.47,-1.34,-1.65,-1.14,1.51,-0.72,0.82,0.23,False,False,0.9,0.6,0.8,0.5,0.0,0.0,0.8,0.5
2011-03-08,1996.32,1.36,-1.31,-1.65,-1.19,1.4,-0.69,0.7,-0.36,False,False,0.8,0.5,0.9,0.6,0.9,0.6,0.9,0.6
2011-03-09,2001.47,1.56,-1.41,-1.3,-0.82,1.34,-0.71,0.7,1.38,False,False,0.9,0.7,0.8,0.5,0.9,0.6,0.8,0.5
2011-03-10,1981.58,1.56,-1.4,-0.73,-0.51,1.46,-0.72,0.6,3.31,False,False,0.9,0.7,0.9,0.7,0.9,0.6,0.9,0.7
2011-03-11,1955.54,1.82,-1.66,-0.89,-0.56,1.51,-0.69,0.4,3.38,False,False,1.0,0.8,0.9,0.7,0.9,0.6,0.9,0.7
2011-03-14,1971.23,1.83,-1.65,-0.49,-0.23,1.3,-0.64,0.06,4.21,False,False,1.0,0.9,1.0,0.8,0.9,0.6,1.0,0.8
2011-03-15,1923.92,1.78,-1.49,-0.37,0.2,1.6,-0.67,0.08,5.37,False,False,1.0,1.0,1.0,0.9,1.0,0.9,1.0,0.9
2011-03-16,1957.97,1.79,-1.53,-0.71,-0.3,1.68,-0.56,-0.21,4.18,False,False,1.0,1.0,1.0,1.0,1.0,0.9,1.0,1.0
2011-03-17,1959.03,2.11,-1.53,-0.23,0.24,1.59,-0.64,0.15,6.19,False,False,1.0,1.0,1.0,1.0,1.0,0.9,1.0,1.0
2011-03-18,1981.13,2.03,-1.49,-0.01,0.62,1.48,-0.64,0.06,6.58,False,False,1.0,1.0,1.0,1.0,1.0,0.9,1.0,1.0
2011-03-21,2003.42,2.09,-1.45,0.08,0.81,1.18,-0.69,0.15,6.63,False,False,1.0,1.0,1.0,1.0,1.0,0.9,1.0,1.0
2011-03-22,2013.66,1.97,-1.42,0.33,1.07,1.08,-0.72,0.35,6.96,False,False,1.0,1.0,1.0,1.0,1.0,1.0,1.0,1.0
2011-03-23,2012.18,2.03,-1.43,0.1,0.36,0.92,-0.75,0.2,5.85,False,False,1.0,1.0,1.0,1.0,1.0,1.0,1.0,1.0
2011-03-24,2036.78,2.02,-1.37,0.22,0.61,0.76,-0.75,0.45,6.17,False,False,1.0,1.0,1.0,1.0,1.0,1.0,1.0,1.0
2011-03-25,2054.04,1.95,-1.27,0.25,0.78,0.59,-0.8,0.58,6.1,False,False,1.0,1.0,1.0,1.0,1.0,1.0,1.0,1.0
2011-03-28,2056.39,1.78,-1.16,0.23,0.79,0.56,-0.83,0.74,5.85,False,False,1.0,1.0,1.0,1.0,1.0,1.0,1.0,1.0
2011-03-29,2072.13,1.58,-1.08,0.49,1.21,0.36,-0.83,0.66,6.1,False,False,1.0,1.0,1.0,1.0,1.0,1.0,1.0,1.0
2011-03-30,2091.38,1.55,-0.99,0.28,0.77,0.2,-0.87,0.66,5.01,False,False,1.0,1.0,1.0,1.0,1.0,1.0,1.0,1.0
2011-03-31,2106.7,1.63,-0.89,0.11,0.53,0.06,-0.95,0.87,4.44,False,False,1.0,1.0,1.0,1.0,1.0,1.0,1.0,1.0
2011-04-01,2121.01,1.5,-0.76,-0.26,-0.04,-0.0,-1.01,1.07,2.64,False,False,1.0,1.0,1.0,1.0,1.0,1.0,1.0,1.0
2011-04-04,2115.87,1.35,-0.64,0.14,0.78,0.02,-1.05,1.01,4.3,False,False,1.0,1.0,1.0,1.0,1.0,1.0,1.0,1.0
2011-04-05,2130.43,1.18,-0.6,0.47,1.22,-0.0,-1.05,1.07,5.12,False,False,1.0,1.0,1.0,1.0,1.0,1.0,1.0,1.0
2011-04-06,2126.71,0.97,-0.52,1.28,2.31,0.01,-1.08,0.98,7.08,False,False,1.0,1.0,1.0,1.0,1.0,1.0,1.0,1.0
2011-04-07,2122.14,0.86,-0.39,0.76,1.37,0.02,-1.05,0.97,5.32,False,False,1.0,1.0,1.0,1.0,1.0,1.0,1.0,1.0
2011-04-08,2127.97,0.57,-0.2,0.85,2.02,0.0,-1.05,0.71,5.6,False,False,1.0,1.0,1.0,1.0,1.0,1.0,1.0,1.0
2011-04-11,2122.39,0.51,-0.14,1.33,2.7,0.01,-1.08,0.7,6.85,False,False,1.0,1.0,1.0,1.0,1.0,1.0,1.0,1.0
2011-04-12,2089.4,0.39,-0.16,0.97,2.04,0.0,-1.04,0.52,5.44,False,False,1.0,1.0,1.0,1.0,1.0,1.0,1.0,1.0
2011-04-13,2121.92,0.19,-0.17,0.74,1.48,0.0,-0.94,0.57,4.04,False,False,1.0,1.0,1.0,1.0,1.0,1.0,1.0,1.0
2011-04-14,2141.06,0.06,-0.19,0.63,1.27,-0.0,-1.05,0.55,3.16,False,False,1.0,1.0,1.0,1.0,1.0,1.0,1.0,1.0
2011-04-15,2140.5,-0.05,-0.21,0.11,0.29,0.0,-1.11,0.58,0.19,False,False,1.0,0.9,1.0,1.0,1.0,1.0,1.0,1.0
2011-04-18,2137.72,-0.11,-0.23,0.6,0.96,0.0,-1.1,0.69,2.3,False,False,1.0,0.9,1.0,0.9,1.0,1.0,1.0,0.9
2011-04-19,2122.68,-0.23,-0.25,0.11,0.29,0.0,-1.1,0.51,-0.28,False,False,1.0,0.8,1.0,0.9,1.0,0.9,1.0,0.9
2011-04-20,2169.91,-0.18,-0.43,0.14,0.25,-0.0,-1.04,0.39,-0.28,False,False,0.9,0.7,1.0,0.8,1.0,0.9,1.0,0.8
2011-04-21,2198.54,0.08,-0.41,0.08,0.08,-0.0,-1.14,0.53,0.01,False,False,0.9,0.6,0.9,0.7,1.0,0.9,0.9,0.7
2011-04-22,2197.82,0.02,-0.26,-0.45,-0.43,0.0,-1.16,0.59,-2.1,False,False,0.8,0.5,0.9,0.6,1.0,0.9,0.9,0.6
2011-04-25,2216.0,-0.08,-0.26,-0.93,-0.85,-0.0,-1.15,0.51,-4.0,False,False,0.6,0.3,0.8,0.5,1.0,0.9,0.8,0.5
2011-04-26,2206.3,-0.09,-0.25,-0.19,0.11,0.01,-1.16,0.46,-0.98,False,False,0.5,0.2,0.6,0.3,0.6,0.3,0.6,0.3
2011-04-27,2206.7,-0.19,-0.26,-0.04,0.19,0.0,-1.16,0.41,-0.79,False,False,0.5,0.2,0.5,0.2,0.6,0.3,0.5,0.2
2011-04-28,2208.35,-0.24,-0.16,-0.13,0.35,0.0,-0.18,0.69,-0.21,False,False,0.5,0.2,0.5,0.2,0.6,0.3,0.5,0.2
2011-04-29,2192.36,-0.28,-0.22,0.03,0.53,0.02,-0.18,0.77,0.38,False,False,0.6,0.3,0.5,0.2,0.6,0.3,0.5,0.2
2011-05-02,2228.96,-0.33,-0.28,-0.25,0.4,-0.0,-0.16,0.9,-0.62,False,False,0.8,0.4,0.6,0.3,0.6,0.3,0.6,0.3
2011-05-03,2200.73,-0.15,-0.26,0.07,0.82,0.1,-0.21,0.94,1.46,False,False,0.8,0.5,0.8,0.4,0.8,0.4,0.8,0.4
2011-05-04,2180.64,-0.3,-0.29,-0.05,0.91,0.19,-0.16,0.75,1.02,False,False,0.9,0.6,0.8,0.5,0.8,0.4,0.8,0.5
2011-05-06,2147.45,-0.26,-0.37,-0.27,0.67,0.43,-0.13,0.64,0.61,False,False,0.9,0.7,0.9,0.6,0.8,0.4,0.9,0.6
2011-05-09,2139.17,-0.25,-0.41,0.01,0.81,0.47,-0.1,0.47,1.54,False,False,0.9,0.7,0.9,0.7,0.8,0.4,0.9,0.7
2011-05-11,2166.63,-0.4,-0.35,-0.48,0.51,0.39,-0.07,0.62,-0.54,False,False,0.9,0.7,0.9,0.7,0.8,0.4,0.9,0.7
2011-05-12,2122.65,-0.38,-0.31,-1.11,-0.61,0.72,-0.12,0.59,-3.03,False,False,0.7,0.6,0.9,0.7,0.8,0.4,0.9,0.7
2011-05-13,2120.08,-0.34,-0.49,-0.7,0.26,0.6,-0.03,0.13,-1.2,False,False,0.7,0.4,0.7,0.6,0.8,0.4,0.7,0.6
2011-05-16,2104.18,-0.28,-0.61,-0.33,0.74,0.64,-0.03,0.19,0.66,False,False,0.7,0.4,0.7,0.4,0.8,0.4,0.7,0.4
2011-05-17,2102.41,-0.25,-0.67,0.11,1.45,0.65,0.01,0.24,2.83,False,False,0.7,0.4,0.7,0.4,0.7,0.4,0.7,0.4
2011-05-18,2135.78,-0.33,-0.6,-0.87,0.22,0.64,0.01,0.39,-1.47,False,False,0.6,0.4,0.7,0.4,0.7,0.4,0.7,0.4
2011-05-19,2095.51,-0.22,-0.55,-1.29,-0.2,1.03,-0.08,0.65,-1.98,False,False,0.7,0.4,0.6,0.4,0.7,0.4,0.6,0.4
2011-05-20,2111.5,-0.17,-0.57,-1.49,-0.31,0.67,0.01,0.61,-3.14,False,False,0.6,0.4,0.7,0.4,0.7,0.4,0.7,0.4
2011-05-23,2055.71,-0.16,-0.62,-1.18,0.26,1.12,-0.03,0.6,-0.73,False,False,0.5,0.3,0.6,0.4,0.7,0.4,0.6,0.4
2011-05-24,2061.76,-0.2,-0.81,-0.99,0.63,1.11,0.1,0.28,-0.01,False,False,0.5,0.2,0.5,0.3,0.5,0.3,0.5,0.3
2011-05-25,2035.87,0.0,-0.91,-0.48,1.08,1.16,0.1,0.3,2.42,False,False,0.6,0.4,0.5,0.2,0.5,0.3,0.5,0.2
2011-05-26,2091.91,-0.02,-0.96,-0.38,0.99,1.48,0.15,0.04,2.96,False,False,0.7,0.6,0.6,0.4,0.5,0.3,0.6,0.4
2011-05-27,2100.24,0.22,-0.94,-0.65,0.73,1.42,0.04,0.46,2.58,False,False,0.9,0.8,0.7,0.6,0.5,0.3,0.7,0.6
2011-05-30,2093.79,0.26,-0.98,-0.56,0.77,1.45,0.0,0.73,3.08,False,False,1.0,0.9,0.9,0.8,0.5,0.3,0.9,0.8
2011-05-31,2142.47,0.24,-1.01,-0.71,0.63,1.22,0.04,0.69,2.04,False,False,1.0,1.0,1.0,0.9,1.0,0.9,1.0,0.9
2011-06-01,2141.34,0.58,-0.9,-0.22,1.13,1.11,-0.12,0.89,4.42,False,False,1.0,1.0,1.0,1.0,1.0,0.9,1.0,1.0
2011-06-02,2114.2,0.47,-0.9,-0.22,1.1,1.38,-0.12,0.8,4.57,False,False,1.0,1.0,1.0,1.0,1.0,0.9,1.0,1.0
2011-06-03,2113.47,0.42,-0.91,-0.18,1.32,1.36,-0.04,0.73,4.76,False,False,1.0,1.0,1.0,1.0,1.0,0.9,1.0,1.0
2011-06-07,2099.71,0.5,-0.91,0.9,2.09,1.39,-0.04,0.73,7.3,False,False,1.0,1.0,1.0,1.0,1.0,1.0,1.0,1.0
2011-06-08,2083.35,0.42,-0.84,0.47,1.63,1.52,0.01,0.55,6.38,False,False,1.0,1.0,1.0,1.0,1.0,1.0,1.0,1.0
2011-06-09,2071.42,0.27,-0.87,0.31,1.56,1.48,0.05,0.35,5.74,False,False,1.0,1.0,1.0,1.0,1.0,1.0,1.0,1.0
2011-06-10,2046.67,0.36,-1.07,0.48,1.74,1.46,0.08,0.43,6.26,False,False,1.0,1.0,1.0,1.0,1.0,1.0,1.0,1.0
2011-06-13,2048.74,0.18,-0.87,0.53,1.64,1.45,0.12,0.49,6.05,False,False,1.0,1.0,1.0,1.0,1.0,1.0,1.0,1.0
2011-06-14,2076.83,0.33,-0.82,-0.05,0.54,1.4,0.12,0.3,3.89,False,False,1.0,1.0,1.0,1.0,1.0,1.0,1.0,1.0
2011-06-15,2086.53,0.45,-0.64,-0.46,0.27,1.34,0.05,0.55,2.97,False,False,1.0,1.0,1.0,1.0,1.0,1.0,1.0,1.0
2011-06-16,2046.63,0.54,-0.55,-0.99,-0.49,1.56,0.04,0.61,1.32,False,False,1.0,1.0,1.0,1.0,1.0,1.0,1.0,1.0
2011-06-17,2031.93,0.42,-0.61,-0.2,0.4,1.45,0.12,0.45,3.82,False,False,1.0,1.0,1.0,1.0,1.0,1.0,1.0,1.0
2011-06-20,2019.65,0.42,-0.57,0.04,0.75,1.43,0.17,0.67,4.83,False,False,1.0,1.0,1.0,1.0,1.0,1.0,1.0,1.0
2011-06-21,2048.17,0.36,-0.58,0.17,0.64,1.06,0.21,0.66,4.26,False,False,1.0,1.0,1.0,1.0,1.0,1.0,1.0,1.0
2011-06-22,2063.9,0.48,-0.51,-0.01,0.42,1.03,0.12,0.81,3.86,False,False,1.0,1.0,1.0,1.0,1.0,1.0,1.0,1.0
2011-06-23,2055.86,0.56,-0.48,-0.11,0.32,0.96,0.07,0.78,3.53,False,False,1.0,1.0,1.0,1.0,1.0,1.0,1.0,1.0
2011-06-24,2090.81,0.59,-0.51,-0.17,0.11,0.55,0.11,0.6,2.37,False,False,1.0,1.0,1.0,1.0,1.0,1.0,1.0,1.0
2011-06-27,2070.29,0.81,-0.57,0.08,0.2,0.65,-0.01,0.61,3.68,False,False,1.0,1.0,1.0,1.0,1.0,1.0,1.0,1.0
2011-06-28,2062.91,0.66,-0.65,0.14,0.27,0.67,0.07,0.47,3.54,False,False,1.0,1.0,1.0,1.0,1.0,1.0,1.0,1.0
2011-06-29,2094.42,0.83,-0.66,0.36,0.57,0.38,0.08,0.39,4.23,False,False,1.0,1.0,1.0,1.0,1.0,1.0,1.0,1.0
2011-06-30,2100.69,0.7,-0.67,0.62,0.86,0.38,-0.02,0.38,4.77,False,False,1.0,1.0,1.0,1.0,1.0,1.0,1.0,1.0
2011-07-01,2125.74,0.81,-0.64,0.21,0.38,0.32,-0.02,0.61,3.58,False,False,1.0,1.0,1.0,1.0,1.0,1.0,1.0,1.0
2011-07-04,2145.3,1.11,-0.6,0.2,0.37,0.3,-0.12,0.61,4.12,False,False,1.0,1.0,1.0,1.0,1.0,1.0,1.0,1.0
2011-07-05,2161.75,1.17,-0.61,0.66,0.9,0.24,-0.15,0.41,5.53,False,False,1.0,1.0,1.0,1.0,1.0,1.0,1.0,1.0
2011-07-06,2171.19,1.36,-0.6,1.24,1.59,0.18,-0.18,0.18,7.13,False,False,1.0,1.0,1.0,1.0,1.0,1.0,1.0,1.0
2011-07-07,2180.59,1.49,-0.64,1.32,1.68,0.13,-0.2,0.19,7.39,False,False,1.0,1.0,1.0,1.0,1.0,1.0,1.0,1.0
2011-07-08,2180.35,1.61,-0.38,1.52,1.77,0.07,-0.23,0.06,7.77,False,False,1.0,1.0,1.0,1.0,1.0,1.0,1.0,1.0
2011-07-11,2157.16,0.97,0.08,1.51,1.34,0.18,-0.2,0.26,6.98,False,False,1.0,1.0,1.0,1.0,1.0,1.0,1.0,1.0
2011-07-12,2109.73,0.8,0.1,1.39,1.37,0.51,-0.17,0.16,6.96,False,False,1.0,1.0,1.0,1.0,1.0,1.0,1.0,1.0
2011-07-13,2129.64,0.66,-0.01,1.97,2.24,0.46,-0.06,-0.01,7.94,False,False,1.0,1.0,1.0,1.0,1.0,1.0,1.0,1.0
2011-07-14,2130.07,0.55,-0.08,1.97,1.98,0.25,-0.11,-0.01,7.47,False,False,1.0,1.0,1.0,1.0,1.0,1.0,1.0,1.0
2011-07-15,2145.2,0.59,-0.08,2.17,2.34,0.19,-0.11,0.14,7.91,False,False,1.0,1.0,1.0,1.0,1.0,1.0,1.0,1.0
2011-07-18,2130.48,0.75,-0.05,1.98,2.1,0.22,-0.15,0.26,7.8,False,False,1.0,1.0,1.0,1.0,1.0,1.0,1.0,1.0
2011-07-19,2130.21,0.7,-0.09,1.64,1.72,0.15,-0.11,0.01,6.97,False,False,1.0,1.0,1.0,1.0,1.0,1.0,1.0,1.0
2011-07-20,2154.95,0.78,-0.17,0.86,0.94,0.14,-0.11,0.14,5.17,False,False,1.0,1.0,1.0,1.0,1.0,1.0,1.0,1.0
2011-07-21,2145.04,0.87,-0.21,0.77,0.66,0.16,-0.18,0.21,4.87,False,False,1.0,1.0,1.0,1.0,1.0,1.0,1.0,1.0
2011-07-22,2171.23,1.02,-0.24,0.87,0.95,0.07,-0.15,0.33,5.56,False,False,1.0,1.0,1.0,1.0,1.0,1.0,1.0,1.0
2011-07-25,2150.48,1.06,-0.15,0.88,0.9,0.09,-0.21,0.33,5.64,False,False,1.0,1.0,1.0,1.0,1.0,1.0,1.0,1.0
2011-07-26,2168.7,1.05,-0.17,1.12,1.11,0.07,-0.1,-0.08,6.08,False,False,1.0,1.0,1.0,1.0,1.0,1.0,1.0,1.0
2011-07-27,2174.31,1.16,-0.26,1.15,1.42,0.01,-0.15,0.11,6.51,False,False,1.0,1.0,1.0,1.0,1.0,1.0,1.0,1.0
2011-07-28,2155.85,1.35,-0.37,1.69,2.25,0.06,-0.18,0.14,7.97,False,False,1.0,1.0,1.0,1.0,1.0,1.0,1.0,1.0
2011-07-29,2133.21,1.34,-0.45,1.18,1.44,0.07,-0.14,0.1,6.84,False,False,1.0,1.0,1.0,1.0,1.0,1.0,1.0,1.0
2011-08-01,2172.31,1.29,-0.53,1.24,1.39,0.12,-0.04,0.06,6.87,False,False,1.0,1.0,1.0,1.0,1.0,1.0,1.0,1.0
2011-08-02,2121.27,1.39,-0.56,1.45,1.78,0.48,-0.16,0.15,7.8,False,False,1.0,1.0,1.0,1.0,1.0,1.0,1.0,1.0
2011-08-03,2066.26,1.22,-0.74,1.32,1.56,0.99,0.04,-0.31,7.68,False,False,1.0,1.0,1.0,1.0,1.0,1.0,1.0,1.0
2011-08-04,2018.47,1.28,-1.0,1.79,2.25,1.26,0.18,-0.7,8.57,False,False,1.0,1.0,1.0,1.0,1.0,1.0,1.0,1.0
2011-08-05,1943.75,1.19,-1.24,2.37,2.78,2.06,0.3,-1.11,9.24,False,True,1.0,1.0,1.0,1.0,1.0,1.0,1.0,1.0
2011-08-08,1869.45,2.1,-1.67,2.52,3.0,2.78,0.6,-1.11,9.68,False,True,1.0,1.0,1.0,1.0,1.0,1.0,1.0,1.0
2011-08-09,1801.35,2.5,-1.68,2.56,3.0,2.92,0.81,-1.54,9.75,False,True,1.0,1.0,1.0,1.0,1.0,1.0,1.0,1.0
2011-08-10,1806.24,2.75,-1.86,2.83,3.0,2.92,0.9,-1.38,9.81,False,True,1.0,1.0,1.0,1.0,1.0,1.0,1.0,1.0
2011-08-11,1817.44,2.66,-2.11,3.0,3.0,2.91,0.89,-1.06,9.81,False,True,1.0,1.0,1.0,1.0,1.0,1.0,1.0,1.0
2011-08-12,1793.31,2.69,-2.16,3.0,3.0,2.82,0.89,-1.48,9.8,False,True,1.0,1.0,1.0,1.0,1.0,1.0,1.0,1.0
2011-08-16,1879.87,2.55,-2.07,3.0,3.0,2.81,0.9,-0.74,9.8,True,True,1.0,1.0,1.0,1.0,1.0,1.0,1.0,1.0
2011-08-17,1892.67,2.44,-1.79,3.0,3.0,2.79,0.77,-0.66,9.79,True,True,1.0,0.8,1.0,1.0,1.0,1.0,1.0,1.0
2011-08-18,1860.58,2.34,-1.68,3.0,3.0,2.85,0.77,-0.32,9.8,False,False,0.7,0.6,1.0,0.8,1.0,1.0,1.0,0.8
2011-08-19,1744.88,2.05,-1.66,3.0,3.0,2.96,0.83,-0.58,9.77,True,True,0.9,0.6,0.7,0.6,1.0,1.0,0.7,0.6
2011-08-22,1710.7,1.99,-1.67,3.0,3.0,2.97,0.93,-1.26,9.75,True,True,0.7,0.4,0.9,0.6,1.0,1.0,0.9,0.6
2011-08-23,1776.68,2.0,-1.7,3.0,3.0,2.94,1.02,-1.03,9.76,True,True,0.7,0.4,0.7,0.4,0.7,0.4,0.7,0.4
2011-08-24,1754.78,2.05,-1.67,3.0,3.0,2.95,0.91,-1.1,9.76,True,True,0.7,0.4,0.7,0.4,0.7,0.4,0.7,0.4
2011-08-25,1764.58,1.81,-1.58,3.0,3.0,2.95,0.93,-0.65,9.75,True,True,0.6,0.2,0.7,0.4,0.7,0.4,0.7,0.4
2011-08-26,1778.95,1.73,-1.55,3.0,3.0,2.94,0.92,-0.92,9.73,True,True,0.6,0.2,0.6,0.2,0.7,0.4,0.6,0.2
2011-08-29,1829.5,1.79,-1.53,3.0,3.0,2.89,0.9,-0.47,9.74,True,True,0.6,0.2,0.6,0.2,0.7,0.4,0.6,0.2
2011-08-30,1843.82,1.84,-1.56,3.0,3.0,2.88,0.85,-0.74,9.74,True,False,0.3,0.0,0.6,0.2,0.6,0.2,0.6,0.2
2011-08-31,1880.11,1.67,-1.56,3.0,3.0,2.81,0.83,-0.98,9.7,True,False,0.3,0.0,0.3,0.0,0.6,0.2,0.3,0.0
2011-09-01,1880.7,1.77,-1.43,3.0,3.0,2.81,0.78,-0.7,9.73,True,False,0.3,0.0,0.3,0.0,0.6,0.2,0.3,0.0
2011-09-02,1867.75,1.51,-1.1,3.0,3.0,2.84,0.78,-0.65,9.7,True,False,0.3,0.0,0.3,0.0,0.6,0.2,0.3,0.0
2011-09-05,1785.83,1.37,-1.06,3.0,3.0,2.94,0.78,-0.74,9.69,True,True,0.6,0.2,0.3,0.0,0.6,0.2,0.3,0.0
2011-09-06,1766.71,1.05,-1.08,3.0,3.0,2.95,0.91,-0.92,9.64,True,True,0.6,0.2,0.6,0.2,0.6,0.2,0.6,0.2
2011-09-07,1833.46,0.86,-1.18,3.0,3.0,2.89,0.92,-1.15,9.58,True,True,0.6,0.2,0.6,0.2,0.6,0.2,0.6,0.2
2011-09-08,1846.64,0.82,-1.11,3.0,3.0,2.87,0.85,-0.81,9.58,True,True,0.6,0.2,0.6,0.2,0.6,0.2,0.6,0.2
2011-09-09,1812.93,1.12,-0.91,2.87,2.85,2.91,0.83,-0.81,9.61,True,True,0.6,0.2,0.6,0.2,0.6,0.2,0.6,0.2
2011-09-14,1749.16,1.06,-0.83,2.67,2.53,2.96,0.87,-1.05,9.52,True,True,0.6,0.2,0.6,0.2,0.6,0.2,0.6,0.2
2011-09-15,1774.08,1.21,-0.96,2.47,2.28,2.73,0.94,-2.21,9.35,True,True,0.6,0.2,0.6,0.2,0.6,0.2,0.6,0.2
2011-09-16,1840.1,1.28,-1.1,2.71,2.63,2.86,0.91,-2.38,9.5,True,True,0.6,0.2,0.6,0.2,0.6,0.2,0.6,0.2
2011-09-19,1820.94,1.56,-1.05,2.7,2.73,2.79,0.82,-2.3,9.57,True,True,0.6,0.2,0.6,0.2,0.6,0.2,0.6,0.2
2011-09-20,1837.97,1.62,-1.02,2.64,2.7,2.04,0.84,-3.0,9.38,True,True,0.6,0.2,0.6,0.2,0.6,0.2,0.6,0.2
2011-09-21,1854.28,1.78,-1.01,2.56,2.47,1.9,0.82,-3.0,9.32,True,False,0.3,0.0,0.6,0.2,0.6,0.2,0.6,0.2
2011-09-22,1800.55,1.68,-0.87,2.67,2.62,1.86,0.79,-3.0,9.35,True,False,0.3,0.0,0.3,0.0,0.6,0.2,0.3,0.0
2011-09-23,1697.44,1.39,-0.92,2.55,2.38,2.44,0.89,-3.0,9.33,True,True,0.6,0.2,0.3,0.0,0.6,0.2,0.3,0.0
2011-09-26,1652.71,1.32,-1.11,2.59,2.52,2.49,1.06,-3.0,9.35,True,True,0.6,0.2,0.6,0.2,0.6,0.2,0.6,0.2
2011-09-27,1735.71,1.51,-1.16,2.74,2.86,2.83,1.1,-3.0,9.57,True,True,0.6,0.2,0.6,0.2,0.6,0.2,0.6,0.2
2011-09-28,1723.09,1.51,-1.08,2.6,2.65,2.65,0.96,-3.0,9.47,True,True,0.6,0.2,0.6,0.2,0.6,0.2,0.6,0.2
2011-09-29,1769.29,1.23,-0.96,2.35,2.16,2.69,0.99,-3.0,9.23,True,True,0.6,0.2,0.6,0.2,0.6,0.2,0.6,0.2
2011-09-30,1769.65,1.39,-0.95,2.58,2.38,2.57,0.91,-3.0,9.37,True,True,0.6,0.2,0.6,0.2,0.6,0.2,0.6,0.2
2011-10-04,1706.19,1.28,-0.92,2.55,2.31,2.69,0.91,-3.0,9.35,True,False,0.3,0.0,0.6,0.2,0.6,0.2,0.6,0.2
2011-10-05,1666.52,1.27,-1.28,2.47,2.15,2.7,1.03,-3.0,9.27,True,True,0.6,0.2,0.3,0.0,0.6,0.2,0.3,0.0
2011-10-06,1710.32,1.4,-1.34,2.61,2.47,2.54,1.1,-3.0,9.38,True,True,0.6,0.2,0.6,0.2,0.6,0.2,0.6,0.2
2011-10-07,1759.77,1.64,-1.25,2.6,2.53,2.58,1.02,-3.0,9.46,True,True,0.6,0.2,0.6,0.2,0.6,0.2,0.6,0.2
2011-10-10,1766.44,1.76,-1.07,2.41,2.18,2.34,0.91,-3.0,9.33,True,True,0.6,0.2,0.6,0.2,0.6,0.2,0.6,0.2
2011-10-11,1795.02,1.68,-1.06,2.29,1.9,2.32,0.9,-3.0,9.19,True,True,0.6,0.2,0.6,0.2,0.6,0.2,0.6,0.2
2011-10-12,1809.5,1.65,-0.98,2.36,2.03,2.24,0.86,-3.0,9.22,True,False,0.3,0.0,0.6,0.2,0.6,0.2,0.6,0.2
2011-10-13,1823.1,1.65,-1.0,2.44,2.1,2.02,0.84,-3.0,9.19,False,False,0.4,0.2,0.3,0.0,0.6,0.2,0.3,0.0
2011-10-14,1835.4,1.69,-0.89,2.33,1.92,1.97,0.81,-3.0,9.11,False,False,0.6,0.4,0.4,0.2,0.6,0.2,0.4,0.2
2011-10-17,1865.18,1.69,-0.84,2.43,2.12,1.76,0.8,-2.99,9.14,False,False,0.7,0.6,0.6,0.4,0.6,0.2,0.6,0.4
2011-10-18,1838.9,1.47,-0.74,2.31,1.93,1.78,0.75,-2.36,9.0,False,False,0.9,0.8,0.7,0.6,0.7,0.6,0.7,0.6
2011-10-19,1855.92,1.56,-0.68,2.25,1.83,1.75,0.78,-2.57,8.96,False,False,1.0,1.0,0.9,0.8,0.7,0.6,0.9,0.8
2011-10-20,1805.09,1.42,-0.64,2.18,1.74,1.86,0.75,-2.24,8.9,False,False,1.0,1.0,1.0,1.0,0.7,0.6,1.0,1.0
2011-10-21,1838.38,1.35,-0.7,2.16,1.77,1.74,0.84,-2.45,8.8,False,False,1.0,1.0,1.0,1.0,0.7,0.6,1.0,1.0
2011-10-24,1898.32,1.54,-0.69,2.15,1.84,1.25,0.78,-2.48,8.69,False,False,1.0,1.0,1.0,1.0,0.7,0.6,1.0,1.0
2011-10-25,1888.65,1.78,-0.47,2.27,2.23,1.11,0.63,-2.19,8.99,False,False,1.0,1.0,1.0,1.0,1.0,1.0,1.0,1.0
2011-10-26,1894.31,1.48,-0.29,2.23,2.17,0.76,0.66,-2.04,8.67,False,False,1.0,1.0,1.0,1.0,1.0,1.0,1.0,1.0
2011-10-27,1922.04,1.46,-0.33,2.05,1.9,0.72,0.66,-2.18,8.38,False,False,1.0,1.0,1.0,1.0,1.0,1.0,1.0,1.0
2011-10-28,1929.48,1.59,-0.36,2.08,1.95,0.63,0.58,-1.72,8.51,False,False,1.0,1.0,1.0,1.0,1.0,1.0,1.0,1.0
2011-10-31,1909.03,1.6,-0.24,1.99,1.76,0.67,0.53,-1.47,8.44,False,False,1.0,1.0,1.0,1.0,1.0,1.0,1.0,1.0
2011-11-01,1909.63,1.43,-0.24,1.95,1.79,0.35,0.62,-1.66,8.07,False,False,1.0,1.0,1.0,1.0,1.0,1.0,1.0,1.0
2011-11-02,1898.01,1.38,-0.09,1.91,1.7,0.19,0.62,-1.99,7.78,False,False,1.0,1.0,1.0,1.0,1.0,1.0,1.0,1.0
2011-11-03,1869.96,1.38,-0.11,1.95,1.83,0.19,0.62,-1.91,7.91,False,False,1.0,1.0,1.0,1.0,1.0,1.0,1.0,1.0
2011-11-04,1928.41,1.08,-0.12,1.89,1.7,0.18,0.71,-1.93,7.48,False,False,1.0,1.0,1.0,1.0,1.0,1.0,1.0,1.0
2011-11-07,1919.1,1.19,-0.19,1.81,1.61,0.17,0.53,-1.72,7.43,False,False,1.0,1.0,1.0,1.0,1.0,1.0,1.0,1.0
2011-11-08,1903.14,1.08,-0.1,1.69,1.45,0.14,0.57,-1.76,7.04,False,False,1.0,1.0,1.0,1.0,1.0,1.0,1.0,1.0
2011-11-09,1907.53,1.03,-0.08,1.58,1.24,0.05,0.62,-1.53,6.64,False,False,1.0,1.0,1.0,1.0,1.0,1.0,1.0,1.0
2011-11-10,1813.25,1.14,-0.12,1.56,1.13,0.49,0.61,-1.45,7.14,False,True,1.0,1.0,1.0,1.0,1.0,1.0,1.0,1.0
2011-11-11,1863.45,1.01,-0.32,1.46,1.0,0.36,0.84,-1.54,6.58,False,True,1.0,1.0,1.0,1.0,1.0,1.0,1.0,1.0
2011-11-14,1902.81,0.91,-0.4,1.58,1.16,0.16,0.74,-1.13,6.58,False,True,1.0,1.0,1.0,1.0,1.0,1.0,1.0,1.0
2011-11-15,1886.12,0.91,-0.3,1.48,0.96,0.24,0.61,-0.95,6.38,False,True,1.0,1.0,1.0,1.0,1.0,1.0,1.0,1.0
2011-11-16,1856.07,0.91,-0.23,1.08,0.26,0.4,0.66,-1.26,5.19,False,True,1.0,1.0,1.0,1.0,1.0,1.0,1.0,1.0
2011-11-17,1876.67,0.8,-0.16,0.67,-0.3,0.25,0.75,-1.28,3.25,False,False,1.0,1.0,1.0,1.0,1.0,1.0,1.0,1.0
2011-11-18,1839.17,0.85,-0.21,0.68,-0.31,0.42,0.7,-1.33,3.61,False,False,1.0,1.0,1.0,1.0,1.0,1.0,1.0,1.0
2011-11-21,1820.03,0.72,-0.34,0.81,-0.07,0.36,0.78,-1.62,3.64,False,False,1.0,1.0,1.0,1.0,1.0,1.0,1.0,1.0
2011-11-22,1826.28,0.56,-0.48,0.9,0.09,0.34,0.82,-1.83,3.53,False,False,1.0,1.0,1.0,1.0,1.0,1.0,1.0,1.0
2011-11-23,1783.1,0.72,-0.65,0.77,-0.04,0.49,0.81,-1.62,3.72,False,False,1.0,1.0,1.0,1.0,1.0,1.0,1.0,1.0
2011-11-24,1795.06,0.68,-0.74,0.54,-0.3,0.43,0.89,-1.61,2.64,False,False,1.0,1.0,1.0,1.0,1.0,1.0,1.0,1.0
2011-11-25,1776.4,0.67,-0.86,0.44,-0.45,0.45,0.87,-1.71,2.14,False,False,1.0,1.0,1.0,1.0,1.0,1.0,1.0,1.0
2011-11-28,1815.28,0.71,-1.12,0.44,-0.41,0.44,0.9,-2.02,1.99,False,False,1.0,1.0,1.0,1.0,1.0,1.0,1.0,1.0
2011-11-29,1856.52,1.14,-1.24,0.34,-0.52,0.36,0.83,-1.63,2.54,False,False,1.0,1.0,1.0,1.0,1.0,1.0,1.0,1.0
2011-11-30,1847.51,1.46,-1.11,0.29,-0.59,0.39,0.73,-1.33,3.29,False,False,1.0,1.0,1.0,1.0,1.0,1.0,1.0,1.0
2011-12-01,1916.18,1.5,-0.87,0.22,-0.66,0.09,0.76,-1.33,2.68,False,False,1.0,1.0,1.0,1.0,1.0,1.0,1.0,1.0
2011-12-02,1916.04,2.01,-0.59,0.41,-0.44,0.07,0.54,-1.13,4.57,False,False,1.0,1.0,1.0,1.0,1.0,1.0,1.0,1.0
2011-12-05,1922.9,2.08,-0.59,0.5,-0.39,0.03,0.54,-1.24,4.85,False,False,1.0,1.0,1.0,1.0,1.0,1.0,1.0,1.0
2011-12-06,1902.82,2.19,-0.68,0.61,-0.27,0.14,0.53,-1.4,5.43,False,False,1.0,1.0,1.0,1.0,1.0,1.0,1.0,1.0
2011-12-07,1919.42,2.32,-0.88,0.83,0.01,0.05,0.58,-1.48,6.11,False,False,1.0,1.0,1.0,1.0,1.0,1.0,1.0,1.0
2011-12-08,1912.39,2.39,-0.81,0.75,-0.09,0.03,0.53,-1.53,5.96,False,False,1.0,1.0,1.0,1.0,1.0,1.0,1.0,1.0
2011-12-09,1874.75,2.42,-0.56,0.64,-0.25,0.09,0.53,-1.37,5.87,False,False,1.0,1.0,1.0,1.0,1.0,1.0,1.0,1.0
2011-12-12,1899.76,2.31,-0.6,0.5,-0.46,0.04,0.68,-1.53,5.14,False,False,1.0,1.0,1.0,1.0,1.0,1.0,1.0,1.0
2011-12-13,1864.06,2.15,-0.59,0.5,-0.41,0.1,0.59,-1.67,4.91,False,False,1.0,1.0,1.0,1.0,1.0,1.0,1.0,1.0
2011-12-14,1857.75,1.96,-0.64,0.61,-0.22,0.08,0.69,-1.65,4.98,False,False,1.0,1.0,1.0,1.0,1.0,1.0,1.0,1.0
2011-12-15,1819.11,2.09,-0.78,0.48,-0.31,0.15,0.73,-1.7,4.93,False,True,1.0,1.0,1.0,1.0,1.0,1.0,1.0,1.0
2011-12-16,1839.96,1.94,-0.7,0.59,-0.15,0.1,0.82,-1.0,5.25,False,True,1.0,1.0,1.0,1.0,1.0,1.0,1.0,1.0
2011-12-19,1776.93,1.9,-0.56,0.38,-0.46,0.31,0.77,-0.84,4.87,False,True,1.0,1.0,1.0,1.0,1.0,1.0,1.0,1.0
2011-12-20,1793.06,1.73,-0.58,0.29,-0.53,0.3,0.9,-1.26,4.12,False,True,1.0,1.0,1.0,1.0,1.0,1.0,1.0,1.0
2011-12-21,1848.41,1.75,-0.61,0.4,-0.4,0.23,0.87,-0.35,4.77,False,True,1.0,1.0,1.0,1.0,1.0,1.0,1.0,1.0
2011-12-22,1847.49,1.8,-0.35,0.31,-0.5,0.23,0.76,-0.06,4.76,False,True,1.0,1.0,1.0,1.0,1.0,1.0,1.0,1.0
2011-12-23,1867.22,1.74,-0.32,0.24,-0.63,0.17,0.76,0.23,4.37,False,True,1.0,1.0,1.0,1.0,1.0,1.0,1.0,1.0
2011-12-26,1856.7,1.85,-0.1,0.2,-0.65,0.16,0.67,0.92,4.8,False,False,1.0,1.0,1.0,1.0,1.0,1.0,1.0,1.0
2011-12-27,1842.02,1.72,0.09,0.11,-0.76,0.14,0.72,0.38,4.07,False,False,1.0,1.0,1.0,1.0,1.0,1.0,1.0,1.0
2011-12-28,1825.12,1.52,0.06,-0.07,-0.98,0.17,0.76,0.56,3.09,False,False,1.0,1.0,1.0,1.0,1.0,1.0,1.0,1.0
2011-12-29,1825.74,1.36,-0.05,0.07,-0.83,0.0,0.81,0.35,2.79,False,False,1.0,1.0,1.0,1.0,1.0,1.0,1.0,1.0
2012-01-02,1826.37,1.15,-0.28,0.15,-0.69,0.0,0.81,0.3,2.58,False,False,1.0,1.0,1.0,1.0,1.0,1.0,1.0,1.0
2012-01-03,1875.41,0.97,-0.38,-0.13,-1.06,0.04,0.8,0.53,1.06,False,False,1.0,1.0,1.0,1.0,1.0,1.0,1.0,1.0
2012-01-04,1866.22,1.25,-0.24,-0.21,-1.14,0.03,0.65,0.7,1.51,False,False,1.0,1.0,1.0,1.0,1.0,1.0,1.0,1.0
2012-01-05,1863.74,1.23,0.03,-0.13,-1.07,0.02,0.66,0.96,1.98,False,False,1.0,1.0,1.0,1.0,1.0,1.0,1.0,1.0
2012-01-06,1843.14,1.22,0.08,-0.22,-1.2,0.04,0.66,0.72,1.51,False,False,1.0,0.9,1.0,1.0,1.0,1.0,1.0,1.0
2012-01-09,1826.49,1.08,-0.02,-0.04,-1.06,0.0,0.76,0.57,1.65,False,False,1.0,0.9,1.0,0.9,1.0,1.0,1.0,0.9
2012-01-10,1853.22,0.94,0.01,0.07,-0.9,0.0,0.8,0.48,1.8,False,False,1.0,1.0,1.0,0.9,1.0,0.9,1.0,0.9
2012-01-11,1845.55,1.19,0.05,0.1,-0.85,0.0,0.71,0.34,2.44,False,False,1.0,1.0,1.0,1.0,1.0,0.9,1.0,1.0
2012-01-12,1864.57,1.2,0.13,-0.14,-1.14,0.0,0.75,0.27,1.5,False,False,1.0,1.0,1.0,1.0,1.0,0.9,1.0,1.0
2012-01-13,1875.68,1.18,0.34,-0.42,-1.46,0.0,0.65,0.27,0.34,False,False,1.0,0.9,1.0,1.0,1.0,0.9,1.0,1.0
2012-01-16,1859.27,1.48,0.68,-0.25,-1.3,0.0,0.64,0.29,1.9,False,False,1.0,0.9,1.0,0.9,1.0,0.9,1.0,0.9
2012-01-17,1892.74,1.47,0.68,-0.38,-1.46,0.0,0.69,0.16,1.28,False,False,1.0,0.9,1.0,0.9,1.0,0.9,1.0,0.9
2012-01-18,1892.39,1.58,0.95,-0.28,-1.33,0.0,0.58,0.11,2.05,False,False,1.0,0.9,1.0,0.9,1.0,0.9,1.0,0.9
2012-01-19,1914.97,1.39,1.25,-0.28,-1.32,0.0,0.58,0.15,1.77,False,False,1.0,0.9,1.0,0.9,1.0,0.9,1.0,0.9
2012-01-20,1949.89,1.26,1.54,-0.31,-1.33,-0.0,0.47,-0.0,1.39,False,False,1.0,1.0,1.0,0.9,1.0,0.9,1.0,0.9
2012-01-25,1952.23,1.07,2.21,-0.24,-1.25,-0.0,0.35,0.23,1.59,False,False,1.0,1.0,1.0,1.0,1.0,1.0,1.0,1.0
2012-01-26,1957.18,0.66,2.5,-0.17,-1.16,-0.0,0.35,0.44,1.12,False,False,1.0,0.9,1.0,1.0,1.0,1.0,1.0,1.0
2012-01-27,1964.83,0.5,2.58,-0.07,-1.09,-0.0,0.3,0.34,1.05,False,False,1.0,0.9,1.0,0.9,1.0,1.0,1.0,0.9
2012-01-30,1940.55,0.37,2.62,0.08,-0.94,0.0,0.29,0.15,1.23,False,False,1.0,0.9,1.0,0.9,1.0,1.0,1.0,0.9
2012-01-31,1955.79,0.36,2.64,0.17,-0.77,0.0,0.41,0.1,1.73,False,False,1.0,0.9,1.0,0.9,1.0,0.9,1.0,0.9
2012-02-01,1959.24,0.22,2.64,0.2,-0.76,0.0,0.35,-0.17,1.31,False,False,1.0,0.9,1.0,0.9,1.0,0.9,1.0,0.9
2012-02-02,1984.3,0.06,2.65,0.23,-0.72,-0.0,0.29,-0.32,0.94,False,False,1.0,0.9,1.0,0.9,1.0,0.9,1.0,0.9
2012-02-03,1972.34,-0.18,2.85,0.22,-0.7,0.0,0.24,-0.15,0.53,False,False,1.0,0.8,1.0,0.9,1.0,0.9,1.0,0.9
2012-02-06,1973.13,-0.29,2.78,0.22,-0.7,0.0,0.24,0.16,0.37,False,False,1.0,0.8,1.0,0.8,1.0,0.9,1.0,0.8
2012-02-07,1981.59,-0.39,2.9,0.26,-0.68,0.0,0.24,0.05,0.24,False,False,1.0,0.7,1.0,0.8,1.0,0.8,1.0,0.8
2012-02-08,2003.73,-0.29,2.99,0.27,-0.64,-0.0,0.23,0.2,0.69,False,False,1.0,0.7,1.0,0.7,1.0,0.8,1.0,0.7
2012-02-09,2014.62,-0.32,3.0,0.22,-0.67,-0.0,0.11,-0.02,0.3,False,False,1.0,0.6,1.0,0.7,1.0,0.8,1.0,0.7
2012-02-10,1993.71,-0.5,2.99,0.27,-0.56,0.0,0.11,0.13,0.2,False,False,1.0,0.6,1.0,0.6,1.0,0.8,1.0,0.6
2012-02-13,2005.74,-0.65,2.92,0.38,-0.39,0.0,0.18,-0.11,0.23,False,False,1.0,0.6,1.0,0.6,1.0,0.8,1.0,0.6
2012-02-14,2002.64,-0.7,2.89,0.28,-0.55,0.0,0.11,0.08,-0.34,False,False,0.9,0.6,1.0,0.6,1.0,0.6,1.0,0.6
2012-02-15,2025.32,-0.83,2.77,0.26,-0.53,-0.0,0.11,0.19,-0.7,False,False,0.9,0.5,0.9,0.6,1.0,0.6,0.9,0.6
2012-02-16,1997.45,-0.74,2.75,0.03,-0.84,0.0,0.07,0.14,-1.53,False,False,0.8,0.4,0.9,0.5,1.0,0.6,0.9,0.5
2012-02-17,2023.47,-0.98,2.65,0.06,-0.79,0.0,0.18,-0.11,-2.09,False,False,0.6,0.3,0.8,0.4,1.0,0.6,0.8,0.4
2012-02-20,2024.9,-0.92,2.6,0.11,-0.69,0.0,0.07,0.15,-1.63,False,False,0.5,0.1,0.6,0.3,1.0,0.6,0.6,0.3
2012-02-21,2024.24,-0.95,2.5,0.14,-0.61,0.0,0.06,0.32,-1.49,False,False,0.5,0.1,0.5,0.1,0.5,0.1,0.5,0.1
2012-02-22,2028.65,-1.01,2.3,-0.02,-0.81,-0.0,0.07,0.22,-2.45,False,False,0.3,0.0,0.5,0.1,0.5,0.1,0.5,0.1
2012-02-23,2007.8,-0.95,2.2,0.01,-0.77,0.0,0.06,0.31,-2.2,False,False,0.3,0.0,0.3,0.0,0.5,0.1,0.3,0.0
2012-02-24,2019.89,-0.98,2.12,-0.1,-0.89,0.0,0.12,0.37,-2.67,False,False,0.3,0.0,0.3,0.0,0.5,0.1,0.3,0.0
2012-02-27,1991.16,-0.98,2.07,-0.02,-0.75,0.0,0.07,0.43,-2.31,False,False,0.2,0.0,0.3,0.0,0.5,0.1,0.3,0.0
2012-02-28,2003.69,-1.05,2.08,-0.04,-0.7,0.0,0.19,0.56,-2.31,False,False,0.2,0.0,0.2,0.0,0.2,0.0,0.2,0.0
2012-02-29,2030.25,-0.98,2.04,-0.06,-0.73,-0.0,0.12,0.62,-2.27,False,False,0.2,0.0,0.2,0.0,0.2,0.0,0.2,0.0
2012-03-02,2034.63,-0.97,2.05,0.08,-0.54,-0.0,0.03,1.0,-1.49,False,False,0.2,0.0,0.2,0.0,0.2,0.0,0.2,0.0
2012-03-05,2016.06,-1.02,1.96,0.04,-0.56,0.0,0.02,0.81,-1.87,False,False,0.3,0.0,0.2,0.0,0.2,0.0,0.2,0.0
2012-03-06,2000.36,-1.14,1.98,-0.04,-0.65,0.0,0.07,0.56,-2.58,False,False,0.3,0.0,0.3,0.0,0.3,0.0,0.3,0.0
2012-03-07,1982.15,-1.2,1.92,-0.01,-0.6,0.0,0.13,0.38,-2.65,False,False,0.2,0.0,0.3,0.0,0.3,0.0,0.3,0.0
2012-03-08,2000.76,-1.33,1.75,-0.07,-0.71,0.0,0.26,0.06,-3.38,False,False,0.2,0.0,0.2,0.0,0.3,0.0,0.2,0.0
2012-03-09,2018.3,-1.34,1.51,-0.2,-0.92,0.0,0.12,0.36,-4.01,False,False,0.1,0.0,0.2,0.0,0.3,0.0,0.2,0.0
2012-03-12,2002.5,-1.29,1.48,-0.33,-1.1,0.0,0.06,0.26,-4.48,False,False,0.0,0.0,0.1,0.0,0.3,0.0,0.1,0.0
2012-03-13,2025.04,-1.29,1.42,-0.64,-1.46,0.0,0.12,0.2,-5.49,False,False,0.0,0.0,0.0,0.0,0.0,0.0,0.0,0.0
2012-03-14,2045.08,-1.26,1.4,-0.69,-1.48,-0.0,0.06,0.19,-5.55,False,False,0.0,0.0,0.0,0.0,0.0,0.0,0.0,0.0
2012-03-15,2043.76,-1.2,1.51,-0.66,-1.43,0.0,-0.03,0.14,-5.37,False,False,0.0,0.0,0.0,0.0,0.0,0.0,0.0,0.0
2012-03-16,2034.44,-1.3,1.55,-0.68,-1.44,0.0,0.01,0.45,-5.44,False,False,0.0,0.0,0.0,0.0,0.0,0.0,0.0,0.0
2012-03-19,2047.0,-1.25,1.58,-0.6,-1.34,-0.0,0.01,0.57,-5.04,False,False,0.0,0.0,0.0,0.0,0.0,0.0,0.0,0.0
2012-03-20,2042.15,-1.26,1.55,-0.58,-1.31,0.0,-0.05,0.66,-4.99,False,False,0.0,0.0,0.0,0.0,0.0,0.0,0.0,0.0
2012-03-21,2027.23,-1.28,1.53,-0.44,-1.11,0.0,-0.05,0.71,-4.53,False,False,0.0,0.0,0.0,0.0,0.0,0.0,0.0,0.0
2012-03-22,2026.12,-1.25,1.47,-0.51,-1.19,0.0,-0.01,0.61,-4.73,False,False,0.0,0.0,0.0,0.0,0.0,0.0,0.0,0.0
2012-03-23,2026.83,-1.16,1.37,-0.51,-1.15,0.0,-0.01,0.57,-4.58,False,False,0.0,0.0,0.0,0.0,0.0,0.0,0.0,0.0
2012-03-26,2019.19,-1.16,1.39,-0.42,-1.03,0.0,-0.01,0.8,-4.14,False,False,0.0,0.0,0.0,0.0,0.0,0.0,0.0,0.0
2012-03-27,2039.76,-1.24,1.36,-0.65,-1.26,0.0,0.0,0.5,-5.13,False,False,0.0,0.0,0.0,0.0,0.0,0.0,0.0,0.0
2012-03-28,2031.74,-1.26,1.41,-0.58,-1.17,0.0,-0.06,0.41,-4.98,False,False,0.0,0.0,0.0,0.0,0.0,0.0,0.0,0.0
2012-03-29,2014.41,-1.31,1.38,-0.6,-1.22,0.0,-0.05,0.51,-5.15,False,False,0.0,0.0,0.0,0.0,0.0,0.0,0.0,0.0
2012-03-30,2014.04,-1.41,1.24,-0.68,-1.25,0.0,0.06,0.35,-5.57,False,False,0.0,0.0,0.0,0.0,0.0,0.0,0.0,0.0
2012-04-02,2029.29,-1.39,1.14,-0.58,-1.15,0.0,0.06,0.45,-5.25,False,False,0.0,0.0,0.0,0.0,0.0,0.0,0.0,0.0
2012-04-03,2049.28,-1.33,1.11,-0.48,-1.03,-0.0,-0.0,0.65,-4.75,False,False,0.0,0.0,0.0,0.0,0.0,0.0,0.0,0.0
2012-04-04,2018.61,-1.22,1.21,-0.5,-1.06,0.0,-0.1,0.73,-4.6,False,False,0.0,0.0,0.0,0.0,0.0,0.0,0.0,0.0
2012-04-05,2028.77,-1.15,1.32,-0.5,-1.05,0.0,0.01,0.58,-4.42,False,False,0.0,0.0,0.0,0.0,0.0,0.0,0.0,0.0
2012-04-06,2029.03,-1.23,1.4,-0.4,-0.93,0.0,-0.0,0.56,-4.22,False,False,0.0,0.0,0.0,0.0,0.0,0.0,0.0,0.0
2012-04-09,1997.08,-1.49,1.42,-0.25,-0.76,0.0,-0.0,0.45,-4.26,False,False,0.0,0.0,0.0,0.0,0.0,0.0,0.0,0.0
2012-04-10,1994.41,-1.53,1.39,-0.28,-0.81,0.0,0.15,0.49,-4.4,False,False,0.0,0.0,0.0,0.0,0.0,0.0,0.0,0.0
2012-04-12,1986.63,-1.55,1.33,-0.31,-0.85,0.0,0.15,0.41,-4.62,False,False,0.0,0.0,0.0,0.0,0.0,0.0,0.0,0.0
2012-04-13,2008.91,-1.45,1.1,-0.45,-1.04,0.0,0.15,0.51,-4.95,False,False,0.0,0.0,0.0,0.0,0.0,0.0,0.0,0.0
2012-04-16,1992.63,-1.17,1.07,-0.43,-1.03,0.0,0.08,0.65,-4.33,False,False,0.0,0.0,0.0,0.0,0.0,0.0,0.0,0.0
2012-04-17,1985.3,-1.32,0.99,-0.34,-0.94,0.0,0.15,0.43,-4.45,False,False,0.0,0.0,0.0,0.0,0.0,0.0,0.0,0.0
2012-04-18,2004.53,-1.26,0.87,-0.27,-0.81,0.0,0.16,0.59,-4.0,False,False,0.0,0.0,0.0,0.0,0.0,0.0,0.0,0.0
2012-04-19,1999.86,-1.2,0.81,-0.16,-0.66,0.0,0.1,0.43,-3.56,False,False,0.0,0.0,0.0,0.0,0.0,0.0,0.0,0.0
2012-04-20,1974.65,-1.2,0.75,-0.32,-0.85,0.0,0.17,0.29,-4.19,False,False,0.0,0.0,0.0,0.0,0.0,0.0,0.0,0.0
2012-04-23,1972.63,-1.2,0.64,-0.37,-0.89,0.0,0.25,0.38,-4.33,False,False,0.0,0.0,0.0,0.0,0.0,0.0,0.0,0.0
2012-04-24,1963.42,-1.1,0.55,-0.38,-0.91,0.0,0.25,0.14,-4.3,False,False,0.0,0.0,0.0,0.0,0.0,0.0,0.0,0.0
2012-04-25,1961.98,-1.04,0.51,-0.29,-0.83,0.0,0.46,0.16,-3.82,False,False,0.0,0.0,0.0,0.0,0.0,0.0,0.0,0.0
2012-04-26,1964.04,-1.0,0.36,-0.32,-0.82,0.0,0.46,0.01,-3.89,False,False,0.0,0.0,0.0,0.0,0.0,0.0,0.0,0.0
2012-04-27,1975.35,-0.96,0.29,-0.34,-0.86,0.0,0.46,0.08,-3.92,False,False,0.0,0.0,0.0,0.0,0.0,0.0,0.0,0.0
2012-04-30,1981.99,-0.9,0.29,-0.4,-0.93,0.0,0.4,0.04,-4.03,False,False,0.0,0.0,0.0,0.0,0.0,0.0,0.0,0.0
2012-05-02,1999.07,-0.88,0.34,-0.51,-1.07,0.0,0.35,-0.03,-4.42,False,False,0.0,0.0,0.0,0.0,0.0,0.0,0.0,0.0
2012-05-03,1995.11,-0.85,0.25,-0.44,-1.06,0.0,0.29,-0.03,-4.28,False,False,0.0,0.0,0.0,0.0,0.0,0.0,0.0,0.0
2012-05-04,1989.15,-0.83,0.16,-0.25,-0.88,0.0,0.34,0.14,-3.53,False,False,0.0,0.0,0.0,0.0,0.0,0.0,0.0,0.0
2012-05-07,1956.44,-0.86,0.06,-0.34,-0.98,0.0,0.34,-0.08,-4.05,False,False,0.0,0.0,0.0,0.0,0.0,0.0,0.0,0.0
2012-05-08,1967.01,-0.81,-0.13,-0.39,-1.01,0.0,0.47,-0.14,-4.15,False,False,0.0,0.0,0.0,0.0,0.0,0.0,0.0,0.0
2012-05-09,1950.29,-0.58,-0.38,-0.33,-0.95,0.0,0.41,-0.2,-3.63,False,False,0.0,0.0,0.0,0.0,0.0,0.0,0.0,0.0
2012-05-10,1944.93,-0.45,-0.47,-0.36,-0.97,0.0,0.48,-0.41,-3.51,False,False,0.0,0.0,0.0,0.0,0.0,0.0,0.0,0.0
2012-05-11,1917.13,-0.52,-0.53,-0.48,-1.08,0.0,0.53,-0.27,-4.01,False,False,0.0,0.0,0.0,0.0,0.0,0.0,0.0,0.0
2012-05-14,1913.73,-0.61,-0.54,-0.54,-1.12,0.0,0.63,-0.45,-4.43,False,False,0.0,0.0,0.0,0.0,0.0,0.0,0.0,0.0
2012-05-15,1898.96,-0.73,-0.65,-0.48,-1.03,0.0,0.63,-0.62,-4.54,False,False,0.0,0.0,0.0,0.0,0.0,0.0,0.0,0.0
2012-05-16,1840.53,-0.56,-0.68,-0.54,-1.05,0.0,0.68,-0.62,-4.32,False,False,0.0,0.0,0.0,0.0,0.0,0.0,0.0,0.0
2012-05-17,1845.24,-0.45,-0.78,-0.51,-1.04,0.0,0.78,-0.75,-4.06,False,False,0.0,0.0,0.0,0.0,0.0,0.0,0.0,0.0
2012-05-18,1782.46,-0.5,-0.77,-0.34,-0.9,0.0,0.78,-0.78,-3.66,False,False,0.0,0.0,0.0,0.0,0.0,0.0,0.0,0.0
2012-05-21,1799.13,-0.43,-0.88,-0.36,-0.87,0.0,0.9,-0.77,-3.5,False,False,0.0,0.0,0.0,0.0,0.0,0.0,0.0,0.0
2012-05-22,1828.69,-0.43,-0.86,-0.2,-0.71,0.0,0.86,-0.79,-2.94,False,False,0.0,0.0,0.0,0.0,0.0,0.0,0.0,0.0
2012-05-23,1808.62,-0.5,-0.82,-0.12,-0.64,0.0,0.81,-0.44,-2.66,False,False,0.0,0.0,0.0,0.0,0.0,0.0,0.0,0.0
2012-05-24,1814.47,-0.4,-0.97,-0.13,-0.62,0.0,0.84,-0.85,-2.68,False,False,0.0,0.0,0.0,0.0,0.0,0.0,0.0,0.0
2012-05-25,1824.17,-0.28,-1.07,-0.09,-0.57,0.0,0.83,-0.98,-2.35,False,False,0.1,0.0,0.0,0.0,0.0,0.0,0.0,0.0
2012-05-29,1849.91,-0.17,-1.18,-0.04,-0.49,0.0,0.81,-1.04,-1.95,False,False,0.1,0.0,0.1,0.0,0.1,0.0,0.1,0.0
2012-05-30,1844.86,0.02,-1.28,-0.13,-0.56,0.0,0.76,-0.82,-1.77,False,False,0.2,0.0,0.1,0.0,0.1,0.0,0.1,0.0
2012-05-31,1843.47,0.03,-1.37,0.02,-0.41,0.0,0.77,-0.82,-1.19,False,False,0.3,0.0,0.2,0.0,0.1,0.0,0.2,0.0
2012-06-01,1834.51,0.02,-1.37,-0.06,-0.46,0.0,0.77,-0.91,-1.52,False,False,0.4,0.0,0.3,0.0,0.1,0.0,0.3,0.0
2012-06-04,1783.13,0.06,-1.41,0.09,-0.3,0.0,0.8,-0.83,-0.8,False,False,0.5,0.1,0.4,0.0,0.1,0.0,0.4,0.0
2012-06-05,1801.85,0.23,-1.47,0.11,-0.29,0.0,0.9,-0.95,-0.36,False,False,0.6,0.2,0.5,0.1,0.5,0.1,0.5,0.1
2012-06-07,1847.95,0.51,-1.55,0.16,-0.28,0.09,0.86,-1.1,0.52,False,False,0.7,0.3,0.6,0.2,0.5,0.1,0.6,0.2
2012-06-08,1835.64,0.54,-1.4,0.16,-0.25,0.08,0.76,-0.89,0.76,False,False,0.8,0.4,0.7,0.3,0.5,0.1,0.7,0.3
2012-06-11,1867.04,0.56,-1.32,0.18,-0.21,0.15,0.79,-0.95,1.07,False,False,0.9,0.6,0.8,0.4,0.5,0.1,0.8,0.4
2012-06-12,1854.74,0.59,-1.17,0.18,-0.21,0.13,0.71,-0.69,1.3,False,False,1.0,0.7,0.9,0.6,0.9,0.6,0.9,0.6
2012-06-13,1859.32,0.63,-1.1,0.31,-0.13,0.13,0.73,-0.66,1.86,False,False,1.0,0.8,1.0,0.7,0.9,0.6,1.0,0.7
2012-06-14,1871.48,0.57,-0.96,0.34,-0.09,0.12,0.72,-0.82,1.83,False,False,1.0,0.9,1.0,0.8,0.9,0.6,1.0,0.8
2012-06-15,1858.16,0.6,-0.89,0.39,-0.04,0.0,0.68,-0.74,1.92,False,False,1.0,0.9,1.0,0.9,0.9,0.6,1.0,0.9
2012-06-18,1891.71,0.7,-0.83,0.42,0.04,0.0,0.73,-0.55,2.49,False,False,1.0,1.0,1.0,0.9,0.9,0.6,1.0,0.9
2012-06-19,1891.77,0.71,-0.7,0.49,0.14,0.0,0.64,-0.4,2.9,False,False,1.0,1.0,1.0,1.0,1.0,1.0,1.0,1.0
2012-06-20,1904.12,0.68,-0.59,0.55,0.19,0.0,0.64,-0.21,3.17,False,False,1.0,1.0,1.0,1.0,1.0,1.0,1.0,1.0
2012-06-21,1889.15,0.68,-0.51,0.62,0.25,0.0,0.6,-0.17,3.43,False,False,1.0,1.0,1.0,1.0,1.0,1.0,1.0,1.0
2012-06-22,1847.39,0.77,-0.52,0.64,0.25,0.0,0.64,-0.28,3.66,False,False,1.0,1.0,1.0,1.0,1.0,1.0,1.0,1.0
2012-06-25,1825.38,0.42,-0.51,0.65,0.25,0.0,0.76,-0.39,2.9,False,False,1.0,1.0,1.0,1.0,1.0,1.0,1.0,1.0
2012-06-26,1817.81,0.32,-0.63,0.77,0.35,0.0,0.81,-0.42,3.04,False,False,1.0,1.0,1.0,1.0,1.0,1.0,1.0,1.0
2012-06-27,1817.65,0.3,-0.69,0.78,0.37,0.0,0.84,-0.26,3.1,False,False,1.0,1.0,1.0,1.0,1.0,1.0,1.0,1.0
2012-06-28,1819.18,0.24,-0.78,0.61,0.25,0.0,0.84,-0.13,2.42,False,False,1.0,1.0,1.0,1.0,1.0,1.0,1.0,1.0
2012-06-29,1854.01,0.32,-0.81,0.47,0.14,0.0,0.83,-0.06,2.13,False,False,1.0,1.0,1.0,1.0,1.0,1.0,1.0,1.0
2012-07-02,1851.65,0.57,-0.86,0.46,0.21,0.0,0.72,0.32,2.88,False,False,1.0,1.0,1.0,1.0,1.0,1.0,1.0,1.0
2012-07-03,1867.82,0.61,-0.83,0.23,0.03,0.0,0.75,0.19,2.16,False,False,1.0,1.0,1.0,1.0,1.0,1.0,1.0,1.0
2012-07-04,1874.45,0.64,-0.74,0.37,0.13,0.0,0.7,0.41,2.82,False,False,1.0,1.0,1.0,1.0,1.0,1.0,1.0,1.0
2012-07-05,1875.49,0.43,-0.59,0.32,0.16,0.0,0.66,0.45,2.35,False,False,1.0,1.0,1.0,1.0,1.0,1.0,1.0,1.0
2012-07-06,1858.2,0.43,-0.66,0.3,0.11,0.0,0.66,0.4,2.16,False,False,1.0,1.0,1.0,1.0,1.0,1.0,1.0,1.0
2012-07-09,1836.13,0.3,-0.65,0.34,0.12,0.0,0.71,0.17,1.87,False,False,1.0,1.0,1.0,1.0,1.0,1.0,1.0,1.0
2012-07-10,1829.45,0.32,-0.86,0.36,0.13,0.0,0.8,0.02,1.85,False,False,1.0,1.0,1.0,1.0,1.0,1.0,1.0,1.0
2012-07-11,1826.39,0.27,-0.92,0.44,0.19,0.0,0.81,0.21,2.07,False,False,1.0,1.0,1.0,1.0,1.0,1.0,1.0,1.0
2012-07-12,1785.39,0.28,-1.05,0.26,0.05,0.0,0.81,0.25,1.41,False,False,1.0,1.0,1.0,1.0,1.0,1.0,1.0,1.0
2012-07-13,1812.89,0.11,-1.18,0.11,-0.1,0.0,0.91,-0.08,0.24,False,False,1.0,0.9,1.0,1.0,1.0,1.0,1.0,1.0
2012-07-16,1817.79,0.28,-1.23,0.13,-0.09,0.0,0.84,0.03,0.7,False,False,1.0,0.8,1.0,0.9,1.0,1.0,1.0,0.9
2012-07-17,1821.96,0.27,-1.35,0.11,-0.09,0.0,0.85,0.28,0.7,False,False,1.0,0.8,1.0,0.8,1.0,0.8,1.0,0.8
2012-07-18,1794.91,0.58,-1.22,-0.03,-0.17,0.0,0.82,0.41,1.11,False,False,1.0,0.7,1.0,0.8,1.0,0.8,1.0,0.8
2012-07-19,1822.96,0.42,-1.29,0.06,-0.12,0.0,0.89,0.26,0.95,False,False,1.0,0.7,1.0,0.7,1.0,0.8,1.0,0.7
2012-07-20,1822.93,0.62,-1.24,-0.13,-0.28,0.0,0.81,0.48,0.82,False,False,1.0,0.8,1.0,0.7,1.0,0.8,1.0,0.7
2012-07-23,1789.44,0.78,-1.07,-0.08,-0.24,0.0,0.81,0.38,1.44,False,False,1.0,0.8,1.0,0.8,1.0,0.8,1.0,0.8
2012-07-24,1793.93,0.75,-0.99,-0.16,-0.3,0.0,0.89,0.26,1.12,False,False,1.0,0.8,1.0,0.8,1.0,0.8,1.0,0.8
2012-07-25,1769.31,0.72,-0.9,0.13,-0.08,0.0,0.89,0.28,2.12,False,False,1.0,0.9,1.0,0.8,1.0,0.8,1.0,0.8
2012-07-26,1782.47,0.81,-0.83,0.08,-0.08,0.0,0.96,0.25,2.25,False,False,1.0,0.9,1.0,0.9,1.0,0.8,1.0,0.9
2012-07-27,1829.16,0.82,-0.81,0.05,-0.11,0.0,0.92,0.43,2.22,False,False,1.0,1.0,1.0,0.9,1.0,0.8,1.0,0.9
2012-07-30,1843.79,0.82,-0.59,0.04,-0.16,0.0,0.8,0.56,2.27,False,False,1.0,1.0,1.0,1.0,1.0,0.8,1.0,1.0
2012-07-31,1881.99,0.74,-0.41,-0.05,-0.17,0.0,0.75,0.61,1.93,False,False,1.0,1.0,1.0,1.0,1.0,1.0,1.0,1.0
2012-08-01,1879.93,0.85,-0.21,-0.03,-0.17,0.0,0.64,0.68,2.31,False,False,1.0,1.0,1.0,1.0,1.0,1.0,1.0,1.0
2012-08-02,1869.4,1.0,-0.27,0.19,-0.04,0.0,0.64,0.68,3.3,False,False,1.0,1.0,1.0,1.0,1.0,1.0,1.0,1.0
2012-08-03,1848.68,0.96,-0.24,0.41,0.08,0.0,0.68,0.48,3.8,False,False,1.0,1.0,1.0,1.0,1.0,1.0,1.0,1.0
2012-08-06,1885.88,1.05,-0.25,0.6,0.08,0.0,0.77,0.45,4.4,False,False,1.0,1.0,1.0,1.0,1.0,1.0,1.0,1.0
2012-08-07,1886.8,1.2,-0.1,0.56,-0.03,0.0,0.63,0.58,4.55,False,False,1.0,1.0,1.0,1.0,1.0,1.0,1.0,1.0
2012-08-08,1903.23,1.3,-0.04,0.56,-0.01,0.0,0.62,0.61,4.8,False,False,1.0,1.0,1.0,1.0,1.0,1.0,1.0,1.0
2012-08-09,1940.59,1.32,0.33,0.82,0.15,0.0,0.56,0.66,5.61,False,False,1.0,1.0,1.0,1.0,1.0,1.0,1.0,1.0
2012-08-10,1946.4,1.29,0.96,0.98,0.21,-0.0,0.48,0.76,6.1,False,False,1.0,1.0,1.0,1.0,1.0,1.0,1.0,1.0
2012-08-13,1932.44,0.96,1.3,0.8,0.14,0.0,0.44,0.84,5.3,False,False,1.0,1.0,1.0,1.0,1.0,1.0,1.0,1.0
2012-08-14,1956.96,0.83,1.42,1.01,0.28,-0.0,0.49,0.84,5.66,False,False,1.0,1.0,1.0,1.0,1.0,1.0,1.0,1.0
2012-08-16,1957.91,0.61,1.51,1.47,0.59,-0.0,0.43,0.95,6.36,False,False,1.0,1.0,1.0,1.0,1.0,1.0,1.0,1.0
2012-08-17,1946.54,0.62,1.64,1.41,0.56,0.0,0.43,0.95,6.31,False,False,1.0,1.0,1.0,1.0,1.0,1.0,1.0,1.0
2012-08-20,1946.31,0.48,1.73,1.52,0.69,0.0,0.43,0.96,6.41,False,False,1.0,1.0,1.0,1.0,1.0,1.0,1.0,1.0
2012-08-21,1943.22,0.49,1.73,1.39,0.59,0.0,0.44,1.3,6.23,False,False,1.0,1.0,1.0,1.0,1.0,1.0,1.0,1.0
2012-08-22,1935.19,0.51,1.83,1.37,0.5,0.0,0.44,1.35,6.19,False,False,1.0,1.0,1.0,1.0,1.0,1.0,1.0,1.0
2012-08-23,1942.54,0.41,1.93,1.38,0.57,0.0,0.49,1.32,6.18,False,False,1.0,1.0,1.0,1.0,1.0,1.0,1.0,1.0
2012-08-24,1919.81,0.32,1.95,1.47,0.61,0.0,0.44,1.39,6.21,False,False,1.0,1.0,1.0,1.0,1.0,1.0,1.0,1.0
2012-08-27,1917.87,0.37,1.85,1.35,0.48,0.0,0.55,1.21,5.94,False,False,1.0,1.0,1.0,1.0,1.0,1.0,1.0,1.0
2012-08-28,1916.33,0.17,1.86,1.25,0.48,0.0,0.55,1.4,5.49,False,False,1.0,1.0,1.0,1.0,1.0,1.0,1.0,1.0
2012-08-29,1928.54,0.13,1.71,1.36,0.57,0.0,0.55,1.46,5.68,False,False,1.0,1.0,1.0,1.0,1.0,1.0,1.0,1.0
2012-08-30,1906.38,0.04,1.56,1.23,0.52,0.0,0.5,1.64,5.23,False,False,1.0,1.0,1.0,1.0,1.0,1.0,1.0,1.0
2012-08-31,1905.12,-0.17,1.46,1.18,0.56,0.0,0.6,1.45,4.72,False,False,1.0,1.0,1.0,1.0,1.0,1.0,1.0,1.0
2012-09-03,1912.71,-0.21,1.38,1.04,0.4,0.0,0.6,1.49,4.14,False,False,1.0,1.0,1.0,1.0,1.0,1.0,1.0,1.0
2012-09-04,1907.13,-0.22,1.4,0.96,0.42,0.0,0.55,1.57,4.0,False,False,1.0,1.0,1.0,1.0,1.0,1.0,1.0,1.0
2012-09-05,1874.03,-0.39,1.38,0.85,0.3,0.0,0.59,1.55,3.24,False,False,1.0,1.0,1.0,1.0,1.0,1.0,1.0,1.0
2012-09-06,1881.24,-0.76,1.36,0.79,0.27,0.0,0.71,1.47,2.21,False,False,1.0,1.0,1.0,1.0,1.0,1.0,1.0,1.0
2012-09-07,1929.58,-0.86,1.2,0.62,0.1,0.0,0.66,1.52,1.25,False,False,1.0,1.0,1.0,1.0,1.0,1.0,1.0,1.0
2012-09-10,1924.7,-0.65,0.95,0.54,0.08,0.0,0.48,1.36,1.21,False,False,1.0,0.9,1.0,1.0,1.0,1.0,1.0,1.0
2012-09-11,1920.0,-0.59,0.88,0.24,-0.08,0.0,0.53,1.48,0.44,False,False,1.0,0.9,1.0,0.9,1.0,0.9,1.0,0.9
2012-09-12,1950.03,-0.59,0.85,0.17,-0.12,0.0,0.53,1.41,0.18,False,False,1.0,0.8,1.0,0.9,1.0,0.9,1.0,0.9
2012-09-13,1950.69,-0.34,0.78,0.23,-0.19,0.0,0.41,1.41,0.72,False,False,1.0,0.7,1.0,0.8,1.0,0.9,1.0,0.8
2012-09-14,2007.58,-0.37,0.72,0.26,-0.18,-0.0,0.41,1.29,0.65,False,False,1.0,0.7,1.0,0.7,1.0,0.9,1.0,0.7
2012-09-17,2002.35,-0.31,0.99,0.23,-0.21,0.0,0.16,1.55,0.84,False,False,1.0,0.7,1.0,0.7,1.0,0.9,1.0,0.7
2012-09-18,2004.96,-0.58,1.12,0.25,-0.17,0.0,0.21,1.46,0.32,False,False,1.0,0.7,1.0,0.7,1.0,0.7,1.0,0.7
2012-09-19,2007.88,-0.56,1.04,0.41,-0.09,-0.0,0.21,1.31,0.77,False,False,1.0,0.7,1.0,0.7,1.0,0.7,1.0,0.7
2012-09-20,1990.33,-0.58,1.01,0.59,0.01,0.0,0.16,1.26,1.25,False,False,1.0,0.7,1.0,0.7,1.0,0.7,1.0,0.7
2012-09-21,2002.37,-0.64,1.0,0.48,-0.11,0.0,0.22,1.04,0.59,False,False,1.0,0.7,1.0,0.7,1.0,0.7,1.0,0.7
2012-09-24,2003.44,-0.69,1.06,0.41,-0.18,0.0,0.21,1.17,0.24,False,False,1.0,0.7,1.0,0.7,1.0,0.7,1.0,0.7
2012-09-25,1991.41,-0.57,1.03,0.26,-0.29,0.0,0.21,1.22,0.02,False,False,1.0,0.7,1.0,0.7,1.0,0.7,1.0,0.7
2012-09-26,1980.44,-0.51,1.09,0.16,-0.45,0.0,0.22,1.34,-0.24,False,False,0.9,0.6,1.0,0.7,1.0,0.7,1.0,0.7
2012-09-27,1988.7,-0.65,1.13,0.19,-0.43,0.0,0.28,1.22,-0.48,False,False,0.9,0.5,0.9,0.6,1.0,0.7,0.9,0.6
2012-09-28,1996.21,-0.57,1.14,0.25,-0.22,0.0,0.28,1.24,0.2,False,False,0.9,0.5,0.9,0.5,1.0,0.7,0.9,0.5
2012-10-02,1996.03,-0.56,1.2,0.16,-0.19,0.0,0.22,1.33,0.09,False,False,0.9,0.5,0.9,0.5,0.9,0.5,0.9,0.5
2012-10-04,1992.68,-0.66,1.21,0.18,-0.11,0.0,0.22,1.07,-0.11,False,False,0.9,0.5,0.9,0.5,0.9,0.5,0.9,0.5
2012-10-05,1995.17,-0.73,1.16,0.59,0.39,0.0,0.22,1.04,1.43,False,False,0.9,0.6,0.9,0.5,0.9,0.5,0.9,0.5
2012-10-08,1981.89,-0.59,1.15,0.47,0.18,0.0,0.22,0.91,1.11,False,False,1.0,0.7,0.9,0.6,0.9,0.5,0.9,0.6
2012-10-09,1979.04,-0.66,1.25,0.11,-0.02,0.0,0.3,0.88,-0.17,False,False,0.9,0.6,1.0,0.7,1.0,0.7,1.0,0.7
2012-10-10,1948.22,-0.78,1.18,0.07,-0.05,0.0,0.3,0.85,-0.67,False,False,0.9,0.6,0.9,0.6,1.0,0.7,0.9,0.6
2012-10-11,1933.09,-0.85,1.15,-0.06,-0.2,0.0,0.44,0.89,-1.32,False,False,0.8,0.5,0.9,0.6,1.0,0.7,0.9,0.6
2012-10-12,1933.26,-0.96,1.08,-0.15,-0.29,0.0,0.5,0.99,-1.89,False,False,0.7,0.3,0.8,0.5,1.0,0.7,0.8,0.5
2012-10-15,1925.59,-1.02,1.0,-0.02,-0.25,0.0,0.5,1.01,-1.72,False,False,0.6,0.2,0.7,0.3,1.0,0.7,0.7,0.3
2012-10-16,1941.54,-0.92,0.95,0.06,-0.06,0.0,0.55,1.03,-0.97,False,False,0.5,0.1,0.6,0.2,0.6,0.2,0.6,0.2
2012-10-17,1955.15,-0.96,0.75,-0.3,-0.27,0.0,0.49,1.46,-2.17,False,False,0.4,0.1,0.5,0.1,0.6,0.2,0.5,0.1
2012-10-18,1959.12,-0.83,0.69,-0.62,-0.51,0.0,0.41,1.38,-3.06,False,False,0.3,0.0,0.4,0.1,0.6,0.2,0.4,0.1
2012-10-19,1943.84,-0.74,0.7,-0.31,-0.26,0.0,0.41,1.35,-1.75,False,False,0.3,0.0,0.3,0.0,0.6,0.2,0.3,0.0
2012-10-22,1941.59,-0.67,0.56,-0.46,-0.27,0.0,0.49,1.23,-2.08,False,False,0.3,0.0,0.3,0.0,0.6,0.2,0.3,0.0
2012-10-23,1926.81,-0.6,0.51,-0.63,-0.47,0.0,0.49,1.21,-2.62,False,False,0.2,0.0,0.3,0.0,0.3,0.0,0.3,0.0
2012-10-24,1913.96,-0.71,0.45,-0.34,-0.16,0.0,0.56,1.11,-1.8,False,False,0.2,0.0,0.2,0.0,0.3,0.0,0.2,0.0
2012-10-25,1924.5,-0.62,0.33,-0.32,-0.18,0.0,0.57,1.17,-1.56,False,False,0.3,0.0,0.2,0.0,0.3,0.0,0.2,0.0
2012-10-26,1891.43,-0.66,0.34,-0.36,-0.16,0.0,0.56,1.53,-1.56,False,False,0.3,0.0,0.3,0.0,0.3,0.0,0.3,0.0
2012-10-29,1891.52,-0.6,0.28,-0.43,-0.4,0.0,0.68,1.49,-1.91,False,False,0.3,0.0,0.3,0.0,0.3,0.0,0.3,0.0
2012-10-30,1899.58,-0.53,0.28,-0.66,-0.52,0.0,0.68,1.51,-2.47,False,False,0.3,0.0,0.3,0.0,0.3,0.0,0.3,0.0
2012-10-31,1912.06,-0.52,0.26,-0.2,-0.15,0.0,0.63,1.55,-0.81,False,False,0.4,0.1,0.3,0.0,0.3,0.0,0.3,0.0
2012-11-01,1898.44,-0.41,0.19,-0.47,-0.4,0.0,0.61,1.38,-1.68,False,False,0.4,0.1,0.4,0.1,0.3,0.0,0.4,0.1
2012-11-02,1918.72,-0.53,0.21,-0.71,-0.5,0.0,0.62,1.33,-2.69,False,False,0.3,0.1,0.4,0.1,0.3,0.0,0.4,0.1
2012-11-05,1908.22,-0.44,0.2,-0.16,-0.08,0.0,0.56,1.11,-0.68,False,False,0.4,0.1,0.3,0.1,0.3,0.0,0.3,0.1
2012-11-06,1928.17,-0.44,0.1,-0.27,-0.33,0.0,0.62,1.0,-1.39,False,False,0.5,0.1,0.4,0.1,0.4,0.1,0.4,0.1
2012-11-07,1937.55,-0.37,0.09,-0.42,-0.62,0.0,0.49,1.17,-2.0,False,False,0.4,0.1,0.5,0.1,0.4,0.1,0.5,0.1
2012-11-08,1914.41,-0.29,0.12,-0.9,-1.21,0.0,0.47,1.36,-3.65,False,False,0.3,0.1,0.4,0.1,0.4,0.1,0.4,0.1
2012-11-09,1904.41,-0.38,0.1,-0.83,-1.19,0.0,0.56,1.08,-3.74,False,False,0.3,0.1,0.3,0.1,0.4,0.1,0.3,0.1
2012-11-12,1900.87,-0.41,0.07,-0.79,-1.15,0.0,0.61,1.12,-3.64,False,False,0.2,0.0,0.3,0.1,0.4,0.1,0.3,0.1
2012-11-13,1889.7,-0.42,-0.01,-1.1,-1.54,0.0,0.61,1.21,-4.78,False,False,0.1,0.0,0.2,0.0,0.2,0.0,0.2,0.0
2012-11-14,1894.04,-0.41,-0.16,-1.35,-1.85,0.0,0.66,1.02,-5.66,False,False,0.0,0.0,0.1,0.0,0.2,0.0,0.1,0.0
2012-11-15,1870.72,-0.36,-0.24,-1.47,-1.82,0.0,0.66,1.26,-5.68,False,False,0.0,0.0,0.0,0.0,0.2,0.0,0.0,0.0
2012-11-16,1860.83,-0.3,-0.36,-1.56,-2.03,0.0,0.73,1.12,-6.02,False,False,0.0,0.0,0.0,0.0,0.2,0.0,0.0,0.0
2012-11-19,1878.1,-0.28,-0.39,-1.21,-2.07,0.0,0.77,1.04,-5.45,False,False,0.0,0.0,0.0,0.0,0.2,0.0,0.0,0.0
2012-11-20,1890.18,-0.16,-0.45,-1.63,-2.32,0.0,0.71,1.29,-6.15,False,False,0.0,0.0,0.0,0.0,0.0,0.0,0.0,0.0
2012-11-21,1884.04,-0.08,-0.46,-1.78,-2.45,0.0,0.66,1.39,-6.38,False,False,0.0,0.0,0.0,0.0,0.0,0.0,0.0,0.0
2012-11-22,1899.5,-0.18,-0.36,-1.59,-2.18,0.0,0.67,1.4,-5.94,False,False,0.0,0.0,0.0,0.0,0.0,0.0,0.0,0.0
2012-11-23,1911.33,-0.01,-0.4,-1.52,-2.14,0.0,0.6,1.19,-5.61,False,False,0.0,0.0,0.0,0.0,0.0,0.0,0.0,0.0
2012-11-26,1908.51,0.04,-0.34,-1.62,-2.18,0.0,0.53,1.3,-5.7,False,False,0.0,0.0,0.0,0.0,0.0,0.0,0.0,0.0
2012-11-27,1925.2,0.0,-0.32,-1.62,-2.21,0.0,0.59,1.19,-5.81,False,False,0.0,0.0,0.0,0.0,0.0,0.0,0.0,0.0
2012-11-28,1912.78,0.16,-0.35,-1.48,-2.06,0.0,0.51,1.31,-5.14,False,False,0.0,0.0,0.0,0.0,0.0,0.0,0.0,0.0
2012-11-29,1934.85,0.19,-0.45,-1.27,-1.84,0.0,0.53,1.22,-4.48,False,False,0.0,0.0,0.0,0.0,0.0,0.0,0.0,0.0
2012-11-30,1932.9,0.46,-0.47,-1.24,-1.85,0.0,0.44,1.38,-3.84,False,False,0.0,0.0,0.0,0.0,0.0,0.0,0.0,0.0
2012-12-03,1940.02,0.35,-0.47,-1.06,-1.64,0.0,0.44,1.35,-3.44,False,False,0.0,0.0,0.0,0.0,0.0,0.0,0.0,0.0
2012-12-04,1935.18,0.3,-0.36,-1.19,-1.67,0.0,0.43,1.34,-3.84,False,False,0.0,0.0,0.0,0.0,0.0,0.0,0.0,0.0
2012-12-05,1947.04,0.22,-0.33,-0.36,-1.03,0.0,0.44,1.29,-1.19,False,False,0.1,0.0,0.0,0.0,0.0,0.0,0.0,0.0
2012-12-06,1949.62,0.29,-0.32,-0.37,-0.94,0.0,0.36,1.28,-0.94,False,False,0.2,0.1,0.1,0.0,0.0,0.0,0.1,0.0
2012-12-07,1957.45,0.42,-0.24,-0.54,-1.01,0.0,0.36,1.26,-1.12,False,False,0.3,0.1,0.2,0.1,0.0,0.0,0.2,0.1
2012-12-10,1957.42,0.54,-0.12,-0.72,-1.08,0.0,0.35,1.4,-1.25,False,False,0.4,0.1,0.3,0.1,0.0,0.0,0.3,0.1
2012-12-11,1964.62,0.36,0.02,-0.44,-0.8,0.0,0.35,1.44,-0.49,False,False,0.6,0.2,0.4,0.1,0.4,0.1,0.4,0.1
2012-12-12,1975.44,0.35,0.05,-0.4,-0.7,0.0,0.29,1.41,-0.3,False,False,0.7,0.3,0.6,0.2,0.4,0.1,0.6,0.2
2012-12-13,2002.77,0.36,0.11,-0.06,-0.25,0.0,0.22,1.46,1.25,False,False,0.7,0.4,0.7,0.3,0.4,0.1,0.7,0.3
2012-12-14,1995.04,0.29,0.3,0.14,-0.05,0.0,0.13,1.41,1.9,False,False,0.8,0.6,0.7,0.4,0.4,0.1,0.7,0.4
2012-12-17,1983.07,0.12,0.34,0.34,0.03,0.0,0.14,1.36,2.09,False,False,0.9,0.7,0.8,0.6,0.4,0.1,0.8,0.6
2012-12-18,1993.09,0.01,0.4,0.1,-0.18,0.0,0.21,1.49,1.05,False,False,1.0,0.8,0.9,0.7,0.9,0.7,0.9,0.7
2012-12-20,1999.5,-0.02,0.31,0.17,-0.12,0.0,0.14,1.08,0.95,False,False,1.0,0.9,1.0,0.8,0.9,0.7,1.0,0.8
2012-12-21,1980.42,0.18,0.31,0.11,-0.16,0.0,0.13,1.03,1.23,False,False,1.0,0.9,1.0,0.9,0.9,0.7,1.0,0.9
2012-12-24,1981.82,0.04,0.41,0.13,-0.24,0.0,0.22,1.02,0.9,False,False,1.0,0.8,1.0,0.9,0.9,0.7,1.0,0.9
2012-12-26,1982.25,0.07,0.43,0.01,-0.45,0.0,0.22,0.99,0.33,False,False,1.0,0.8,1.0,0.8,0.9,0.7,1.0,0.8
2012-12-27,1987.35,0.23,0.47,0.71,0.13,0.0,0.22,1.2,3.35,False,False,1.0,0.8,1.0,0.8,0.9,0.7,1.0,0.8
2012-12-28,1997.05,0.12,0.42,0.55,0.05,0.0,0.2,1.15,2.59,False,False,1.0,0.8,1.0,0.8,0.9,0.7,1.0,0.8
2013-01-02,2031.1,0.17,0.47,0.73,0.26,-0.0,0.13,1.33,3.45,False,False,1.0,0.9,1.0,0.8,1.0,0.8,1.0,0.8
2013-01-03,2019.41,0.1,0.51,0.84,0.38,0.0,0.0,1.46,3.72,False,False,1.0,0.9,1.0,0.9,1.0,0.8,1.0,0.9
2013-01-04,2011.94,0.05,0.51,0.86,0.38,0.0,0.06,1.47,3.69,False,False,1.0,1.0,1.0,0.9,1.0,0.8,1.0,0.9
2013-01-07,2011.25,0.04,0.47,0.97,0.5,0.0,0.06,1.3,3.95,False,False,1.0,1.0,1.0,1.0,1.0,0.8,1.0,1.0
2013-01-08,1997.94,0.1,0.4,0.92,0.55,0.0,0.06,1.22,3.97,False,False,1.0,1.0,1.0,1.0,1.0,1.0,1.0,1.0
2013-01-09,1991.81,0.03,0.38,0.7,0.39,0.0,0.13,1.21,3.14,False,False,1.0,1.0,1.0,1.0,1.0,1.0,1.0,1.0
2013-01-10,2006.8,-0.01,0.35,0.35,-0.04,0.0,0.14,1.28,1.67,False,False,1.0,1.0,1.0,1.0,1.0,1.0,1.0,1.0
2013-01-11,1996.67,-0.09,0.31,0.51,0.11,0.0,0.11,1.24,2.02,False,False,1.0,1.0,1.0,1.0,1.0,1.0,1.0,1.0
2013-01-14,2007.04,-0.05,0.2,0.78,0.56,0.0,0.13,1.44,3.41,False,False,1.0,1.0,1.0,1.0,1.0,1.0,1.0,1.0
2013-01-15,1983.74,-0.02,0.14,0.59,0.43,0.0,0.05,1.34,2.76,False,False,1.0,1.0,1.0,1.0,1.0,1.0,1.0,1.0
2013-01-16,1977.45,0.04,0.02,0.6,0.48,0.0,0.2,1.43,3.05,False,False,1.0,1.0,1.0,1.0,1.0,1.0,1.0,1.0
2013-01-17,1974.27,0.1,-0.09,0.78,0.67,0.0,0.22,1.29,3.73,False,False,1.0,1.0,1.0,1.0,1.0,1.0,1.0,1.0
2013-01-18,1987.85,0.15,-0.1,0.67,0.5,0.0,0.27,1.31,3.39,False,False,1.0,1.0,1.0,1.0,1.0,1.0,1.0,1.0
2013-01-21,1986.86,0.17,-0.11,0.4,0.27,0.0,0.19,1.2,2.43,False,False,1.0,1.0,1.0,1.0,1.0,1.0,1.0,1.0
2013-01-22,1996.52,0.27,-0.2,0.59,0.64,0.0,0.19,0.91,3.42,False,False,1.0,1.0,1.0,1.0,1.0,1.0,1.0,1.0
2013-01-23,1980.41,0.32,-0.33,0.61,0.82,0.0,0.11,0.88,3.69,False,False,1.0,1.0,1.0,1.0,1.0,1.0,1.0,1.0
2013-01-24,1964.48,0.25,-0.41,0.42,0.5,0.0,0.2,0.74,2.62,False,False,1.0,1.0,1.0,1.0,1.0,1.0,1.0,1.0
2013-01-25,1946.69,0.22,-0.49,0.43,0.64,0.0,0.29,0.65,2.75,False,False,1.0,1.0,1.0,1.0,1.0,1.0,1.0,1.0
2013-01-28,1939.71,0.21,-0.67,0.37,0.65,0.0,0.37,0.35,2.41,False,False,1.0,1.0,1.0,1.0,1.0,1.0,1.0,1.0
2013-01-29,1955.96,0.48,-0.78,0.32,0.5,0.0,0.43,-0.1,2.46,False,False,1.0,1.0,1.0,1.0,1.0,1.0,1.0,1.0
2013-01-30,1964.43,0.5,-0.74,0.46,0.59,0.0,0.35,0.09,3.03,False,False,1.0,1.0,1.0,1.0,1.0,1.0,1.0,1.0
2013-01-31,1961.94,0.58,-0.79,0.54,0.7,0.0,0.28,-0.2,3.37,False,False,1.0,1.0,1.0,1.0,1.0,1.0,1.0,1.0
2013-02-01,1957.79,0.69,-0.82,-0.1,0.14,0.0,0.28,-0.15,1.35,False,False,1.0,1.0,1.0,1.0,1.0,1.0,1.0,1.0
2013-02-04,1953.21,0.7,-0.83,-0.03,0.32,0.0,0.34,-0.43,1.68,False,False,1.0,1.0,1.0,1.0,1.0,1.0,1.0,1.0
2013-02-05,1938.18,0.65,-0.81,0.28,0.35,0.0,0.35,-0.5,2.31,False,False,1.0,1.0,1.0,1.0,1.0,1.0,1.0,1.0
2013-02-06,1936.19,0.57,-0.81,0.86,0.97,0.0,0.43,-0.43,4.34,False,False,1.0,1.0,1.0,1.0,1.0,1.0,1.0,1.0
2013-02-07,1931.77,0.7,-0.86,0.61,0.9,0.0,0.43,-0.5,3.92,False,False,1.0,1.0,1.0,1.0,1.0,1.0,1.0,1.0
2013-02-08,1950.9,0.59,-0.85,0.39,0.43,0.0,0.42,-0.54,2.54,False,False,1.0,1.0,1.0,1.0,1.0,1.0,1.0,1.0
2013-02-12,1945.79,0.7,-0.82,-0.02,0.1,0.0,0.32,-0.53,1.33,False,False,1.0,1.0,1.0,1.0,1.0,1.0,1.0,1.0
2013-02-13,1976.07,0.53,-0.76,-0.05,0.09,0.0,0.33,-0.61,0.81,False,False,1.0,0.9,1.0,1.0,1.0,1.0,1.0,1.0
2013-02-14,1979.61,0.68,-0.69,0.17,0.4,0.0,0.21,-0.55,2.2,False,False,1.0,0.9,1.0,0.9,1.0,1.0,1.0,0.9
2013-02-15,1981.18,0.78,-0.62,0.31,0.47,0.0,0.14,-0.36,2.94,False,False,1.0,0.9,1.0,0.9,1.0,1.0,1.0,0.9
2013-02-18,1981.91,0.79,-0.56,0.18,0.35,0.0,0.14,-0.25,2.55,False,False,1.0,0.9,1.0,0.9,1.0,1.0,1.0,0.9
2013-02-19,1985.83,0.81,-0.54,0.41,0.61,0.0,0.14,-0.35,3.44,False,False,1.0,0.9,1.0,0.9,1.0,0.9,1.0,0.9
2013-02-20,2024.64,0.74,-0.48,0.77,0.96,0.0,0.12,-0.19,4.57,False,False,1.0,1.0,1.0,0.9,1.0,0.9,1.0,0.9
2013-02-21,2015.22,0.76,-0.21,0.48,0.81,0.0,-0.03,-0.33,3.81,False,False,1.0,1.0,1.0,1.0,1.0,0.9,1.0,1.0
2013-02-22,2018.89,0.58,-0.08,0.52,0.84,0.0,-0.03,-0.55,3.53,False,False,1.0,1.0,1.0,1.0,1.0,0.9,1.0,1.0
2013-02-25,2009.52,0.66,-0.0,0.63,0.66,0.0,-0.03,-0.33,3.82,False,False,1.0,1.0,1.0,1.0,1.0,0.9,1.0,1.0
2013-02-26,2000.01,0.5,0.15,0.91,1.11,0.0,0.03,-0.47,4.65,False,False,1.0,1.0,1.0,1.0,1.0,1.0,1.0,1.0
2013-02-27,2004.04,0.3,0.26,0.78,1.05,0.0,0.03,-0.74,3.83,False,False,1.0,1.0,1.0,1.0,1.0,1.0,1.0,1.0
2013-02-28,2026.49,0.25,0.25,1.16,1.38,0.0,0.03,-0.59,4.96,False,False,1.0,1.0,1.0,1.0,1.0,1.0,1.0,1.0
2013-03-04,2013.15,0.31,0.35,0.86,1.06,0.0,-0.04,-0.48,4.16,False,False,1.0,1.0,1.0,1.0,1.0,1.0,1.0,1.0
2013-03-05,2016.61,-0.09,0.51,0.49,0.77,0.0,-0.04,-0.67,2.03,False,False,1.0,1.0,1.0,1.0,1.0,1.0,1.0,1.0
2013-03-06,2020.74,-0.17,0.56,0.95,1.17,0.0,-0.04,-0.58,3.52,False,False,1.0,1.0,1.0,1.0,1.0,1.0,1.0,1.0
2013-03-07,2004.4,-0.16,0.56,0.93,1.11,0.0,-0.05,-0.45,3.47,False,False,1.0,1.0,1.0,1.0,1.0,1.0,1.0,1.0
2013-03-08,2006.01,-0.21,0.57,0.75,0.89,0.0,0.03,-0.48,2.67,False,False,1.0,1.0,1.0,1.0,1.0,1.0,1.0,1.0
2013-03-11,2003.35,-0.21,0.59,0.86,0.95,0.0,0.03,-0.74,2.9,False,False,1.0,1.0,1.0,1.0,1.0,1.0,1.0,1.0
2013-03-12,1993.34,0.11,0.48,0.66,0.73,0.0,0.03,-0.99,2.71,False,False,1.0,1.0,1.0,1.0,1.0,1.0,1.0,1.0
2013-03-13,1999.73,0.08,0.4,0.63,0.8,0.0,0.11,-0.91,2.7,False,False,1.0,1.0,1.0,1.0,1.0,1.0,1.0,1.0
2013-03-14,2002.13,0.12,0.36,0.49,0.32,0.0,0.03,-1.17,1.6,False,False,1.0,1.0,1.0,1.0,1.0,1.0,1.0,1.0
2013-03-15,1986.5,-0.07,0.23,0.36,0.24,0.0,0.03,-1.46,0.49,False,False,1.0,0.9,1.0,1.0,1.0,1.0,1.0,1.0
2013-03-18,1968.18,0.09,-0.03,0.7,0.66,0.0,0.11,-1.34,2.32,False,False,1.0,0.9,1.0,0.9,1.0,1.0,1.0,0.9
2013-03-19,1978.56,0.15,-0.18,0.66,0.74,0.0,0.21,-1.46,2.38,False,False,1.0,0.9,1.0,0.9,1.0,0.9,1.0,0.9
2013-03-20,1959.41,0.25,-0.28,0.3,0.31,0.0,0.18,-1.59,0.97,False,False,1.0,0.9,1.0,0.9,1.0,0.9,1.0,0.9
2013-03-21,1950.82,0.29,-0.45,0.38,0.4,0.0,0.29,-1.73,1.3,False,False,1.0,0.9,1.0,0.9,1.0,0.9,1.0,0.9
2013-03-22,1948.71,0.16,-0.71,0.07,0.04,0.0,0.31,-1.76,-0.43,False,False,1.0,0.8,1.0,0.9,1.0,0.9,1.0,0.9
2013-03-25,1977.67,0.5,-0.96,-0.26,-0.32,0.0,0.31,-1.91,-1.17,False,False,0.9,0.6,1.0,0.8,1.0,0.9,1.0,0.8
2013-03-26,1983.7,0.54,-1.01,-0.77,-0.85,0.0,0.18,-1.55,-2.95,False,False,0.7,0.4,0.9,0.6,0.9,0.6,0.9,0.6
2013-03-27,1993.44,0.69,-1.04,-0.55,-0.58,0.0,0.1,-1.54,-1.75,False,False,0.5,0.3,0.7,0.4,0.9,0.6,0.7,0.4
2013-03-28,1993.52,0.95,-1.13,-0.25,-0.37,0.0,0.09,-1.69,-0.17,False,False,0.5,0.2,0.5,0.3,0.9,0.6,0.5,0.3
2013-03-29,2004.89,1.03,-1.21,-0.59,-0.62,0.0,0.09,-1.6,-1.21,False,False,0.5,0.1,0.5,0.2,0.9,0.6,0.5,0.2
2013-04-01,1995.99,1.01,-1.26,-0.24,-0.4,0.0,-0.0,-1.54,-0.07,False,False,0.5,0.2,0.5,0.1,0.9,0.6,0.5,0.1
2013-04-02,1986.15,1.27,-1.41,-0.88,-0.89,0.0,0.0,-1.59,-1.82,False,False,0.6,0.2,0.5,0.2,0.5,0.2,0.5,0.2
2013-04-03,1983.22,1.11,-1.44,-0.78,-1.16,0.0,0.09,-1.76,-2.42,False,False,0.6,0.2,0.6,0.2,0.5,0.2,0.6,0.2
2013-04-04,1959.45,1.23,-1.48,-0.56,-0.92,0.0,0.1,-1.75,-1.27,False,False,0.5,0.1,0.6,0.2,0.5,0.2,0.6,0.2
2013-04-05,1927.23,1.61,-1.61,-0.69,-1.08,0.0,0.28,-2.21,-1.07,False,False,0.5,0.2,0.5,0.1,0.5,0.2,0.5,0.1
2013-04-08,1918.69,1.81,-1.84,-0.29,-0.84,0.0,0.47,-2.49,0.61,False,False,0.5,0.2,0.5,0.2,0.5,0.2,0.5,0.2
2013-04-09,1920.74,1.88,-1.92,-0.6,-1.1,0.0,0.55,-2.77,-0.52,False,False,0.6,0.3,0.5,0.2,0.5,0.2,0.5,0.2
2013-04-10,1935.58,2.05,-1.91,-0.61,-1.14,0.0,0.54,-2.53,-0.06,False,False,0.7,0.4,0.6,0.3,0.5,0.2,0.6,0.3
2013-04-11,1949.8,2.01,-1.86,-0.86,-1.24,0.0,0.46,-2.3,-0.83,False,False,0.8,0.4,0.7,0.4,0.5,0.2,0.7,0.4
2013-04-12,1924.23,1.86,-1.7,-0.63,-0.93,0.0,0.36,-2.22,-0.09,False,False,0.8,0.4,0.8,0.4,0.5,0.2,0.8,0.4
2013-04-15,1920.45,1.57,-1.58,-0.3,-0.56,0.0,0.53,-2.26,0.71,False,False,0.8,0.5,0.8,0.4,0.5,0.2,0.8,0.4
2013-04-16,1922.21,1.44,-1.53,-0.1,-0.48,0.0,0.54,-2.02,1.14,False,False,0.9,0.6,0.8,0.5,0.8,0.5,0.8,0.5
2013-04-17,1923.84,1.47,-1.54,0.53,-0.02,0.0,0.53,-1.92,3.37,False,False,0.9,0.7,0.9,0.6,0.8,0.5,0.9,0.6
2013-04-18,1900.06,1.45,-1.49,0.08,-0.27,0.0,0.53,-2.03,1.9,False,False,1.0,0.8,0.9,0.7,0.8,0.5,0.9,0.7
2013-04-19,1906.75,1.39,-1.47,0.15,-0.2,0.0,0.67,-2.0,2.1,False,False,1.0,0.9,1.0,0.8,0.8,0.5,1.0,0.8
2013-04-22,1926.31,1.38,-1.45,-0.42,-0.73,0.0,0.62,-1.89,-0.06,False,False,1.0,0.9,1.0,0.9,0.8,0.5,1.0,0.9
2013-04-23,1918.63,1.29,-1.4,-0.5,-0.77,0.0,0.52,-1.95,-0.59,False,False,0.9,0.8,1.0,0.9,1.0,0.9,1.0,0.9
2013-04-24,1935.31,1.28,-1.43,-0.2,-0.38,0.0,0.54,-1.86,0.74,False,False,0.9,0.7,0.9,0.8,1.0,0.9,0.9,0.8
2013-04-25,1951.6,1.14,-1.36,-0.39,-0.53,0.0,0.44,-1.64,-0.22,False,False,0.9,0.6,0.9,0.7,1.0,0.9,0.9,0.7
2013-04-26,1944.56,1.03,-1.27,-0.55,-0.58,0.0,0.33,-1.45,-0.85,False,False,0.8,0.4,0.9,0.6,1.0,0.9,0.9,0.6
2013-04-29,1940.7,1.04,-1.32,-0.2,-0.27,0.0,0.3,-1.38,0.49,False,False,0.8,0.5,0.8,0.4,1.0,0.9,0.8,0.4
2013-04-30,1963.95,1.14,-1.33,-0.45,-0.41,0.01,0.31,-1.16,0.03,False,False,0.9,0.5,0.8,0.5,0.8,0.5,0.8,0.5
2013-05-02,1957.21,1.47,-1.25,-0.29,-0.24,0.01,0.41,-0.8,1.77,False,False,0.9,0.6,0.9,0.5,0.8,0.5,0.9,0.5
2013-05-03,1965.71,1.22,-1.17,-0.76,-0.59,0.0,0.44,-0.43,-0.32,False,False,0.9,0.6,0.9,0.6,0.8,0.5,0.9,0.6
2013-05-06,1961.48,1.04,-1.09,-0.71,-0.66,0.0,0.41,-0.44,-0.72,False,False,0.9,0.6,0.9,0.6,0.8,0.5,0.9,0.6
2013-05-07,1954.35,0.8,-0.97,-0.68,-0.67,0.0,0.44,-0.35,-1.14,False,False,0.8,0.5,0.9,0.6,0.9,0.6,0.9,0.6
2013-05-08,1956.45,0.67,-0.96,-0.14,0.12,0.0,0.44,-0.27,1.11,False,False,0.8,0.5,0.8,0.5,0.9,0.6,0.8,0.5
2013-05-09,1979.45,0.67,-1.02,-0.72,-0.3,0.0,0.44,0.19,-0.78,False,False,0.7,0.4,0.8,0.5,0.9,0.6,0.8,0.5
2013-05-10,1944.75,0.83,-0.98,-0.9,-0.73,0.0,0.36,-0.17,-1.65,False,False,0.7,0.3,0.7,0.4,0.9,0.6,0.7,0.4
2013-05-13,1948.7,0.78,-1.07,-0.98,-1.1,0.0,0.47,-0.64,-2.72,False,False,0.5,0.3,0.7,0.3,0.9,0.6,0.7,0.3
2013-05-14,1968.83,0.94,-1.09,-0.67,-0.66,0.0,0.44,-0.72,-0.99,False,False,0.6,0.3,0.5,0.3,0.5,0.3,0.5,0.3
2013-05-15,1971.26,1.09,-1.02,-0.64,-0.63,0.0,0.39,-0.64,-0.44,False,False,0.5,0.2,0.6,0.3,0.5,0.3,0.6,0.3
2013-05-16,1986.81,1.1,-1.0,-0.93,-0.59,0.0,0.39,-0.79,-1.16,False,False,0.5,0.1,0.5,0.2,0.5,0.3,0.5,0.2
2013-05-20,1982.43,1.21,-0.87,-1.21,-0.77,0.0,0.35,-0.83,-1.81,False,False,0.5,0.1,0.5,0.1,0.5,0.3,0.5,0.1
2013-05-21,1981.09,1.04,-0.8,-1.48,-1.03,0.0,0.35,-1.01,-3.26,False,False,0.5,0.1,0.5,0.1,0.5,0.1,0.5,0.1
2013-05-22,1993.83,0.89,-0.74,-1.29,-1.02,0.0,0.35,-0.85,-3.06,False,False,0.3,0.1,0.5,0.1,0.5,0.1,0.5,0.1
2013-05-23,1969.19,0.94,-0.7,-1.04,-0.75,0.0,0.34,-1.08,-2.05,False,False,0.2,0.0,0.3,0.1,0.5,0.1,0.3,0.1
2013-05-24,1973.45,0.73,-0.67,-1.25,-1.02,0.0,0.39,-1.39,-3.5,False,False,0.1,0.0,0.2,0.0,0.5,0.1,0.2,0.0
2013-05-27,1979.97,0.66,-0.7,-1.36,-1.31,0.0,0.39,-1.41,-4.28,False,False,0.1,0.0,0.1,0.0,0.5,0.1,0.1,0.0
2013-05-28,1986.22,0.65,-0.76,-1.04,-0.84,0.0,0.38,-1.33,-2.99,False,False,0.1,0.0,0.1,0.0,0.1,0.0,0.1,0.0
2013-05-29,2001.2,0.77,-0.79,-1.42,-1.16,0.0,0.34,-1.17,-3.96,False,False,0.1,0.0,0.1,0.0,0.1,0.0,0.1,0.0
2013-05-30,2000.1,0.56,-0.63,-1.67,-1.52,0.0,0.28,-1.43,-5.33,False,False,0.0,0.0,0.1,0.0,0.1,0.0,0.1,0.0
2013-05-31,2001.05,0.24,-0.51,-1.66,-1.61,0.0,0.28,-1.37,-5.88,False,False,0.0,0.0,0.0,0.0,0.1,0.0,0.0,0.0
2013-06-03,1989.57,0.25,-0.43,-1.58,-1.46,0.0,0.28,-1.26,-5.51,False,False,0.0,0.0,0.0,0.0,0.1,0.0,0.0,0.0
2013-06-04,1989.51,0.12,-0.42,-1.86,-1.89,0.0,0.33,-1.31,-6.58,False,False,0.0,0.0,0.0,0.0,0.0,0.0,0.0,0.0
2013-06-05,1959.19,-0.02,-0.4,-0.82,-1.0,0.0,0.33,-1.17,-3.98,False,False,0.0,0.0,0.0,0.0,0.0,0.0,0.0,0.0
2013-06-07,1923.85,-0.02,-0.39,-1.09,-0.93,0.18,0.43,-0.94,-4.02,False,False,0.0,0.0,0.0,0.0,0.0,0.0,0.0,0.0
2013-06-10,1932.7,0.2,-0.63,-1.71,-1.67,0.07,0.5,-0.96,-5.84,False,False,0.0,0.0,0.0,0.0,0.0,0.0,0.0,0.0
2013-06-11,1920.68,0.19,-0.77,-1.27,-1.39,0.0,0.47,-1.53,-5.15,False,False,0.0,0.0,0.0,0.0,0.0,0.0,0.0,0.0
2013-06-12,1909.91,0.54,-0.9,-1.29,-1.3,0.0,0.5,-1.39,-4.4,False,False,0.0,0.0,0.0,0.0,0.0,0.0,0.0,0.0
2013-06-13,1882.73,0.67,-1.01,-1.55,-1.53,0.0,0.53,-1.21,-4.89,False,False,0.0,0.0,0.0,0.0,0.0,0.0,0.0,0.0
2013-06-14,1889.24,0.86,-1.31,-1.54,-1.41,0.0,0.58,-1.17,-4.41,False,False,0.0,0.0,0.0,0.0,0.0,0.0,0.0,0.0
2013-06-17,1883.1,1.12,-1.4,-1.2,-1.13,0.0,0.57,-1.03,-2.74,False,False,0.0,0.0,0.0,0.0,0.0,0.0,0.0,0.0
2013-06-18,1900.62,1.16,-1.48,-1.87,-1.62,0.01,0.58,-0.79,-4.65,False,False,0.0,0.0,0.0,0.0,0.0,0.0,0.0,0.0
2013-06-19,1888.31,1.4,-1.52,-1.89,-1.57,0.03,0.53,-0.79,-4.14,False,False,0.0,0.0,0.0,0.0,0.0,0.0,0.0,0.0
2013-06-20,1850.49,1.39,-1.51,-2.05,-1.78,0.3,0.57,-0.72,-4.27,False,False,0.0,0.0,0.0,0.0,0.0,0.0,0.0,0.0
2013-06-21,1822.83,1.47,-1.63,-1.69,-1.48,0.4,0.67,-1.3,-3.01,False,False,0.0,0.0,0.0,0.0,0.0,0.0,0.0,0.0
2013-06-24,1799.01,2.07,-1.84,-1.57,-1.23,0.48,0.76,-1.29,-0.78,False,False,0.1,0.1,0.0,0.0,0.0,0.0,0.0,0.0
2013-06-25,1780.63,2.12,-1.85,-1.3,-1.08,0.45,0.82,-1.45,0.11,False,False,0.3,0.2,0.1,0.1,0.1,0.1,0.1,0.1
2013-06-26,1783.45,2.17,-1.83,-1.23,-0.91,0.43,0.86,-1.21,0.75,False,False,0.5,0.3,0.3,0.2,0.1,0.1,0.3,0.2
2013-06-27,1834.7,2.04,-1.83,-0.74,-0.42,1.49,0.86,-1.17,4.26,False,False,0.7,0.5,0.5,0.3,0.1,0.1,0.5,0.3
2013-06-28,1863.32,1.96,-1.85,-0.36,0.07,1.66,0.72,-1.19,5.56,False,False,0.9,0.7,0.7,0.5,0.1,0.1,0.7,0.5
2013-07-01,1855.73,1.9,-1.76,0.28,0.51,1.69,0.61,-1.1,6.9,False,False,1.0,0.9,0.9,0.7,0.1,0.1,0.9,0.7
2013-07-02,1855.02,1.78,-1.81,-0.57,-0.33,1.71,0.65,-0.78,4.59,False,False,1.0,0.9,1.0,0.9,1.0,0.9,1.0,0.9
2013-07-03,1824.66,1.75,-1.76,0.91,1.06,2.0,0.65,-0.77,8.11,False,False,1.0,1.0,1.0,0.9,1.0,0.9,1.0,0.9
2013-07-04,1839.14,1.71,-1.85,0.08,0.14,1.89,0.76,-1.0,6.3,False,False,1.0,1.0,1.0,1.0,1.0,0.9,1.0,1.0
2013-07-05,1833.31,1.82,-1.88,-0.14,0.29,1.7,0.71,-0.88,6.06,False,False,1.0,1.0,1.0,1.0,1.0,0.9,1.0,1.0
2013-07-08,1816.85,1.63,-1.74,-0.22,0.03,1.75,0.73,-0.79,5.49,False,False,1.0,1.0,1.0,1.0,1.0,0.9,1.0,1.0
2013-07-09,1830.35,1.62,-1.71,-0.02,0.12,1.75,0.78,-0.99,5.87,False,False,1.0,1.0,1.0,1.0,1.0,1.0,1.0,1.0
2013-07-10,1824.16,1.49,-1.58,-0.16,0.04,1.75,0.73,-0.54,5.5,False,False,1.0,1.0,1.0,1.0,1.0,1.0,1.0,1.0
2013-07-11,1877.6,1.27,-1.43,-1.16,-0.83,1.91,0.76,-0.26,2.34,False,False,1.0,1.0,1.0,1.0,1.0,1.0,1.0,1.0
2013-07-12,1869.98,1.16,-1.12,-0.88,-0.53,1.95,0.55,0.32,3.53,False,False,1.0,1.0,1.0,1.0,1.0,1.0,1.0,1.0
2013-07-15,1875.16,0.79,-0.99,-0.69,-0.42,1.87,0.6,0.18,3.13,False,False,1.0,1.0,1.0,1.0,1.0,1.0,1.0,1.0
2013-07-16,1866.36,0.71,-0.95,-0.74,-0.32,1.87,0.59,0.05,2.93,False,False,1.0,1.0,1.0,1.0,1.0,1.0,1.0,1.0
2013-07-17,1887.49,0.59,-0.94,-0.16,0.04,1.69,0.6,0.13,4.14,False,False,1.0,1.0,1.0,1.0,1.0,1.0,1.0,1.0
2013-07-18,1875.48,0.82,-0.87,-0.47,-0.3,1.56,0.54,0.13,3.33,False,False,1.0,1.0,1.0,1.0,1.0,1.0,1.0,1.0
2013-07-19,1871.41,0.72,-0.8,-0.84,-0.67,1.42,0.68,-0.27,1.35,False,False,1.0,1.0,1.0,1.0,1.0,1.0,1.0,1.0
2013-07-22,1880.35,0.4,-0.65,-1.26,-1.22,1.2,0.7,-0.36,-1.73,False,False,0.9,0.8,1.0,1.0,1.0,1.0,1.0,1.0
2013-07-23,1904.15,0.44,-0.58,-0.79,-0.68,0.97,0.63,-0.15,-0.01,False,False,0.9,0.7,0.9,0.8,0.9,0.8,0.9,0.8
2013-07-24,1912.08,0.36,-0.43,-0.89,-0.77,0.9,0.53,-0.11,-0.68,False,False,0.8,0.5,0.9,0.7,0.9,0.8,0.9,0.7
2013-07-25,1909.61,0.33,-0.3,-0.81,-0.5,0.53,0.49,-0.0,-0.79,False,False,0.7,0.4,0.8,0.5,0.9,0.8,0.8,0.5
2013-07-26,1910.81,0.3,-0.27,-0.67,-0.37,0.4,0.52,-0.09,-0.59,False,False,0.7,0.3,0.7,0.4,0.9,0.8,0.7,0.4
2013-07-29,1899.89,0.27,-0.3,-0.06,-0.0,0.46,0.49,-0.02,1.53,False,False,0.8,0.5,0.7,0.3,0.9,0.8,0.7,0.3
2013-07-30,1917.05,0.16,-0.27,0.15,0.24,0.43,0.54,-0.05,2.07,False,False,0.8,0.6,0.8,0.5,0.8,0.5,0.8,0.5
2013-07-31,1914.03,0.33,-0.25,-0.56,-0.2,0.23,0.48,-0.3,-0.44,False,False,0.8,0.6,0.8,0.6,0.8,0.5,0.8,0.6
2013-08-01,1920.74,0.4,-0.19,-0.5,-0.3,0.2,0.5,-0.46,-0.35,False,False,0.9,0.6,0.8,0.6,0.8,0.5,0.8,0.6
2013-08-02,1923.38,0.31,-0.13,-0.72,-0.32,0.18,0.49,-0.63,-1.27,False,False,0.8,0.6,0.9,0.6,0.8,0.5,0.9,0.6
2013-08-05,1916.22,0.24,-0.09,-0.26,-0.05,0.13,0.48,-0.79,-0.04,False,False,0.8,0.5,0.8,0.6,0.8,0.5,0.8,0.6
2013-08-06,1906.62,0.11,-0.01,-0.09,0.27,0.18,0.49,-0.49,0.79,False,False,0.8,0.4,0.8,0.5,0.8,0.5,0.8,0.5
2013-08-07,1878.33,0.09,-0.04,-0.25,0.1,0.46,0.55,-0.66,0.57,False,False,0.8,0.5,0.8,0.4,0.8,0.5,0.8,0.4
2013-08-08,1883.97,0.04,-0.07,-0.26,0.07,0.0,0.64,-0.76,-0.54,False,False,0.8,0.5,0.8,0.5,0.8,0.5,0.8,0.5
2013-08-09,1880.71,-0.04,-0.15,-0.49,-0.22,0.0,0.62,-0.76,-1.77,False,False,0.8,0.4,0.8,0.5,0.8,0.5,0.8,0.5
2013-08-12,1884.83,0.02,-0.17,-0.2,0.26,0.0,0.63,-0.94,-0.31,False,False,0.8,0.4,0.8,0.4,0.8,0.5,0.8,0.4
2013-08-13,1913.03,0.08,-0.22,-0.61,-0.05,0.0,0.62,-0.79,-1.58,False,False,0.7,0.3,0.8,0.4,0.8,0.4,0.8,0.4
2013-08-14,1923.91,0.33,-0.16,-0.57,-0.1,0.0,0.49,-0.43,-0.81,False,False,0.6,0.2,0.7,0.3,0.8,0.4,0.7,0.3
2013-08-16,1920.11,0.16,-0.06,-0.66,-0.21,0.0,0.47,-0.35,-1.51,False,False,0.5,0.1,0.6,0.2,0.8,0.4,0.6,0.2
2013-08-19,1917.64,0.12,0.03,-0.69,-0.24,0.0,0.5,-0.23,-1.62,False,False,0.6,0.2,0.5,0.1,0.8,0.4,0.5,0.1
2013-08-20,1887.85,-0.1,0.1,-0.24,0.28,0.0,0.51,-0.18,-0.21,False,False,0.6,0.2,0.6,0.2,0.6,0.2,0.6,0.2
2013-08-21,1867.46,-0.46,0.17,-0.13,0.5,0.0,0.66,-0.17,-0.41,False,False,0.6,0.2,0.6,0.2,0.6,0.2,0.6,0.2
2013-08-22,1849.12,-0.36,0.05,0.52,1.12,0.0,0.74,-0.1,2.38,False,False,0.7,0.4,0.6,0.2,0.6,0.2,0.6,0.2
2013-08-23,1870.16,-0.31,-0.02,0.62,1.09,0.18,0.81,-0.43,2.87,False,False,0.8,0.6,0.7,0.4,0.6,0.2,0.7,0.4
2013-08-26,1887.86,-0.34,-0.02,0.15,0.62,0.28,0.74,-0.15,1.29,False,False,0.9,0.7,0.8,0.6,0.6,0.2,0.8,0.6
2013-08-27,1885.84,-0.19,0.01,0.19,0.72,0.26,0.66,0.27,2.05,False,False,1.0,0.9,0.9,0.7,0.9,0.7,0.9,0.7
2013-08-28,1884.52,-0.06,0.05,0.21,0.71,0.16,0.66,0.12,2.14,False,False,1.0,1.0,1.0,0.9,0.9,0.7,1.0,0.9
2013-08-29,1907.54,-0.16,0.08,-0.14,0.4,0.29,0.67,-0.0,0.79,False,False,1.0,0.9,1.0,1.0,0.9,0.7,1.0,1.0
2013-08-30,1926.36,-0.19,0.25,0.18,0.8,0.3,0.51,0.23,2.23,False,False,1.0,0.9,1.0,0.9,0.9,0.7,1.0,0.9
2013-09-02,1924.81,-0.21,0.37,0.37,0.99,0.31,0.44,0.47,3.03,False,False,1.0,0.9,1.0,0.9,0.9,0.7,1.0,0.9
2013-09-03,1933.74,-0.11,0.35,0.21,0.84,0.24,0.45,0.72,2.67,False,False,1.0,0.9,1.0,0.9,1.0,0.9,1.0,0.9
2013-09-04,1933.03,-0.03,0.39,1.11,1.53,0.22,0.44,0.69,5.51,False,False,1.0,0.9,1.0,0.9,1.0,0.9,1.0,0.9
2013-09-05,1951.65,0.03,0.52,1.36,1.75,0.02,0.44,0.76,6.03,False,False,1.0,1.0,1.0,0.9,1.0,0.9,1.0,0.9
2013-09-06,1955.31,-0.01,0.71,0.95,0.99,-0.0,0.38,0.53,4.34,False,False,1.0,1.0,1.0,1.0,1.0,0.9,1.0,1.0
2013-09-09,1974.67,-0.24,0.91,1.06,1.3,-0.0,0.34,0.6,4.56,False,False,1.0,1.0,1.0,1.0,1.0,0.9,1.0,1.0
2013-09-10,1994.06,-0.43,1.21,0.93,1.4,-0.0,0.3,0.76,4.2,False,False,1.0,1.0,1.0,1.0,1.0,1.0,1.0,1.0
2013-09-11,2003.85,-0.76,1.47,1.17,1.35,-0.0,0.25,1.14,4.2,False,False,1.0,1.0,1.0,1.0,1.0,1.0,1.0,1.0
2013-09-12,2004.06,-1.16,1.7,1.2,1.43,-0.0,0.25,1.15,3.63,False,False,1.0,1.0,1.0,1.0,1.0,1.0,1.0,1.0
2013-09-13,1994.32,-1.97,2.06,1.43,1.73,0.02,0.25,1.04,2.89,False,False,1.0,1.0,1.0,1.0,1.0,1.0,1.0,1.0
2013-09-16,2013.37,-2.25,2.21,1.49,1.81,-0.0,0.26,1.13,2.57,False,False,1.0,1.0,1.0,1.0,1.0,1.0,1.0,1.0
2013-09-17,2005.58,-2.4,2.33,1.53,1.68,0.0,0.19,1.07,2.09,False,False,1.0,1.0,1.0,1.0,1.0,1.0,1.0,1.0
2013-09-23,2009.41,-2.51,2.37,1.88,2.31,0.0,0.19,1.05,3.53,False,False,1.0,1.0,1.0,1.0,1.0,1.0,1.0,1.0
2013-09-24,2007.1,-2.63,2.41,1.54,2.06,0.0,0.19,1.42,2.34,False,False,1.0,1.0,1.0,1.0,1.0,1.0,1.0,1.0
2013-09-25,1998.06,-2.64,2.43,1.55,2.09,0.0,0.19,1.33,2.33,False,False,1.0,1.0,1.0,1.0,1.0,1.0,1.0,1.0
2013-09-26,2007.32,-2.77,2.5,1.24,1.68,0.0,0.26,1.85,0.97,False,False,1.0,1.0,1.0,1.0,1.0,1.0,1.0,1.0
2013-09-27,2011.8,-2.96,2.59,0.66,1.25,0.0,0.19,1.83,-1.56,False,False,0.9,0.8,1.0,1.0,1.0,1.0,1.0,1.0
2013-09-30,1996.96,-2.99,2.61,0.39,0.91,0.0,0.19,2.02,-2.66,False,False,0.7,0.6,0.9,0.8,1.0,1.0,0.9,0.8
2013-10-01,1998.87,-3.0,2.58,-0.12,0.6,0.0,0.26,1.81,-4.29,False,False,0.5,0.4,0.7,0.6,0.7,0.6,0.7,0.6
2013-10-02,1999.47,-3.0,2.56,-0.84,-0.04,0.0,0.26,1.91,-6.23,False,False,0.3,0.2,0.5,0.4,0.7,0.6,0.5,0.4
2013-10-04,1996.98,-3.0,2.51,-0.75,-0.1,0.0,0.26,1.67,-6.23,False,False,0.1,0.0,0.3,0.2,0.7,0.6,0.3,0.2
2013-10-07,1994.42,-3.0,2.51,-0.55,-0.34,0.0,0.26,1.6,-6.18,False,False,0.0,0.0,0.1,0.0,0.7,0.6,0.1,0.0
2013-10-08,2002.76,-3.0,2.51,-1.06,-0.26,0.0,0.26,1.43,-6.88,False,False,0.0,0.0,0.0,0.0,0.0,0.0,0.0,0.0
2013-10-10,2001.4,-3.0,2.55,-1.81,-1.36,0.0,0.25,1.38,-8.33,False,False,0.0,0.0,0.0,0.0,0.0,0.0,0.0,0.0
2013-10-11,2024.9,-3.0,2.51,-1.76,-1.0,-0.0,0.26,1.61,-8.08,False,False,0.0,0.0,0.0,0.0,0.0,0.0,0.0,0.0
2013-10-14,2020.27,-3.0,2.47,-1.67,-0.73,0.0,0.12,1.54,-7.89,False,False,0.0,0.0,0.0,0.0,0.0,0.0,0.0,0.0
2013-10-15,2040.96,-3.0,2.43,-1.78,-0.83,-0.0,0.18,1.55,-8.05,False,False,0.0,0.0,0.0,0.0,0.0,0.0,0.0,0.0
2013-10-16,2034.61,-3.0,2.4,-2.2,-1.18,0.0,0.05,1.81,-8.53,False,False,0.0,0.0,0.0,0.0,0.0,0.0,0.0,0.0
2013-10-17,2040.61,-3.0,2.32,-1.14,-0.53,0.0,0.11,1.64,-7.22,False,False,0.0,0.0,0.0,0.0,0.0,0.0,0.0,0.0
2013-10-18,2052.4,-2.88,2.16,-1.5,-0.35,-0.0,0.05,1.62,-7.43,False,False,0.0,0.0,0.0,0.0,0.0,0.0,0.0,0.0
2013-10-21,2053.01,-2.79,2.12,-1.58,-0.49,-0.0,0.04,1.38,-7.57,False,False,0.0,0.0,0.0,0.0,0.0,0.0,0.0,0.0
2013-10-22,2056.12,-2.77,2.05,-1.47,-0.53,-0.0,0.05,1.37,-7.46,False,False,0.0,0.0,0.0,0.0,0.0,0.0,0.0,0.0
2013-10-23,2035.75,-2.66,1.99,-1.49,-0.47,0.0,-0.02,1.33,-7.37,False,False,0.0,0.0,0.0,0.0,0.0,0.0,0.0,0.0
2013-10-24,2046.69,-2.77,2.04,-1.91,-1.02,0.0,0.12,1.26,-8.18,False,False,0.0,0.0,0.0,0.0,0.0,0.0,0.0,0.0
2013-10-25,2034.39,-2.77,2.04,-1.83,-0.89,0.0,0.05,1.2,-8.07,False,False,0.0,0.0,0.0,0.0,0.0,0.0,0.0,0.0
2013-10-28,2048.14,-2.71,1.99,-1.45,-0.55,0.0,0.13,1.3,-7.41,False,False,0.0,0.0,0.0,0.0,0.0,0.0,0.0,0.0
2013-10-29,2051.76,-2.68,1.97,-1.66,-0.62,0.0,0.05,1.27,-7.67,False,False,0.0,0.0,0.0,0.0,0.0,0.0,0.0,0.0
2013-10-30,2059.58,-2.66,1.95,-1.68,-0.75,-0.0,0.05,1.17,-7.78,False,False,0.0,0.0,0.0,0.0,0.0,0.0,0.0,0.0
2013-10-31,2030.09,-2.64,1.92,-0.92,-0.24,0.0,-0.02,1.22,-6.46,False,False,0.0,0.0,0.0,0.0,0.0,0.0,0.0,0.0
2013-11-01,2039.42,-2.67,1.84,-1.48,-0.55,0.0,0.14,1.09,-7.47,False,False,0.0,0.0,0.0,0.0,0.0,0.0,0.0,0.0
2013-11-04,2025.17,-2.62,1.83,-1.99,-0.91,0.0,0.06,1.13,-8.13,False,False,0.0,0.0,0.0,0.0,0.0,0.0,0.0,0.0
2013-11-05,2013.93,-2.54,1.69,-1.2,-0.75,0.0,0.14,1.04,-7.18,False,False,0.0,0.0,0.0,0.0,0.0,0.0,0.0,0.0
2013-11-06,2013.67,-2.51,1.63,-1.95,-1.26,0.0,0.22,1.07,-8.21,False,False,0.0,0.0,0.0,0.0,0.0,0.0,0.0,0.0
2013-11-07,2004.04,-2.43,1.54,-2.0,-0.96,0.0,0.22,1.14,-8.03,False,False,0.0,0.0,0.0,0.0,0.0,0.0,0.0,0.0
2013-11-08,1984.87,-2.37,1.49,-2.06,-1.09,0.0,0.23,1.27,-8.08,False,False,0.0,0.0,0.0,0.0,0.0,0.0,0.0,0.0
2013-11-11,1977.3,-2.33,1.36,-2.2,-1.19,0.0,0.31,1.25,-8.23,False,False,0.0,0.0,0.0,0.0,0.0,0.0,0.0,0.0
2013-11-12,1995.48,-2.24,1.3,-2.46,-1.56,0.0,0.31,1.05,-8.56,False,False,0.0,0.0,0.0,0.0,0.0,0.0,0.0,0.0
2013-11-13,1963.56,-2.16,1.23,-2.42,-1.51,0.1,0.26,0.78,-8.46,False,False,0.0,0.0,0.0,0.0,0.0,0.0,0.0,0.0
2013-11-14,1967.56,-2.14,1.16,-2.3,-1.32,0.09,0.33,0.83,-8.26,False,False,0.0,0.0,0.0,0.0,0.0,0.0,0.0,0.0
2013-11-15,2005.64,-2.08,1.1,-2.31,-1.31,0.3,0.31,0.94,-8.07,False,False,0.0,0.0,0.0,0.0,0.0,0.0,0.0,0.0
2013-11-18,2010.81,-1.96,1.06,-1.96,-1.06,0.28,0.17,0.99,-7.49,False,False,0.0,0.0,0.0,0.0,0.0,0.0,0.0,0.0
2013-11-19,2031.64,-1.86,1.03,-1.92,-1.07,0.2,0.09,1.12,-7.42,False,False,0.0,0.0,0.0,0.0,0.0,0.0,0.0,0.0
2013-11-20,2017.24,-1.79,1.05,-2.19,-1.12,0.27,0.0,1.23,-7.59,False,False,0.0,0.0,0.0,0.0,0.0,0.0,0.0,0.0
2013-11-21,1993.78,-1.63,0.94,-2.25,-1.21,0.46,0.09,1.22,-7.39,False,False,0.0,0.0,0.0,0.0,0.0,0.0,0.0,0.0
2013-11-22,2006.23,-1.59,0.83,-1.77,-0.88,0.39,0.18,1.15,-6.56,False,False,0.0,0.0,0.0,0.0,0.0,0.0,0.0,0.0
2013-11-25,2015.98,-1.48,0.8,-1.68,-0.83,0.31,0.17,1.04,-6.35,False,False,0.0,0.0,0.0,0.0,0.0,0.0,0.0,0.0
2013-11-26,2022.64,-1.4,0.78,-2.14,-1.24,0.27,0.09,1.17,-7.23,False,False,0.0,0.0,0.0,0.0,0.0,0.0,0.0,0.0
2013-11-27,2028.81,-1.31,0.73,-1.95,-1.16,0.22,0.09,1.19,-6.87,False,False,0.0,0.0,0.0,0.0,0.0,0.0,0.0,0.0
2013-11-28,2045.77,-1.24,0.72,-2.29,-1.59,0.08,0.01,1.04,-7.69,False,False,0.0,0.0,0.0,0.0,0.0,0.0,0.0,0.0
2013-11-29,2044.87,-1.06,0.76,-2.41,-1.73,0.08,-0.08,1.23,-7.68,False,False,0.0,0.0,0.0,0.0,0.0,0.0,0.0,0.0
2013-12-02,2030.78,-1.03,0.74,-2.07,-1.44,0.16,-0.08,1.15,-7.01,False,False,0.0,0.0,0.0,0.0,0.0,0.0,0.0,0.0
2013-12-03,2009.36,-1.13,0.76,-1.86,-1.33,0.32,0.01,1.1,-6.57,False,False,0.0,0.0,0.0,0.0,0.0,0.0,0.0,0.0
2013-12-04,1986.8,-1.14,0.74,-1.67,-1.23,0.53,0.19,1.13,-5.91,False,False,0.0,0.0,0.0,0.0,0.0,0.0,0.0,0.0
2013-12-05,1984.77,-1.04,0.64,-1.24,-0.82,0.53,0.28,1.12,-4.48,False,False,0.0,0.0,0.0,0.0,0.0,0.0,0.0,0.0
2013-12-06,1980.41,-0.98,0.53,-1.79,-1.32,0.5,0.28,1.03,-6.03,False,False,0.0,0.0,0.0,0.0,0.0,0.0,0.0,0.0
2013-12-09,2000.38,-0.97,0.52,-2.21,-1.67,0.43,0.29,1.05,-6.99,False,False,0.0,0.0,0.0,0.0,0.0,0.0,0.0,0.0
2013-12-10,1993.45,-0.92,0.54,-2.32,-1.73,0.43,0.2,0.94,-7.16,False,False,0.0,0.0,0.0,0.0,0.0,0.0,0.0,0.0
2013-12-11,1977.97,-0.88,0.49,-2.91,-2.45,0.36,0.28,0.98,-8.19,False,False,0.0,0.0,0.0,0.0,0.0,0.0,0.0,0.0
2013-12-12,1967.93,-0.83,0.45,-2.99,-2.69,0.43,0.29,0.84,-8.32,False,False,0.0,0.0,0.0,0.0,0.0,0.0,0.0,0.0
2013-12-13,1962.91,-0.54,0.27,-2.51,-2.22,0.04,0.35,0.9,-7.66,False,False,0.0,0.0,0.0,0.0,0.0,0.0,0.0,0.0
2013-12-16,1961.15,-0.34,0.15,-2.21,-2.01,0.02,0.36,0.74,-7.03,False,False,0.0,0.0,0.0,0.0,0.0,0.0,0.0,0.0
2013-12-17,1965.74,-0.3,0.1,-2.01,-1.78,0.0,0.36,0.56,-6.61,False,False,0.0,0.0,0.0,0.0,0.0,0.0,0.0,0.0
2013-12-18,1974.63,-0.27,0.02,-2.82,-2.42,0.0,0.36,0.59,-7.95,False,False,0.0,0.0,0.0,0.0,0.0,0.0,0.0,0.0
2013-12-19,1975.65,-0.08,-0.08,-2.66,-2.31,0.0,0.36,0.56,-7.57,False,False,0.0,0.0,0.0,0.0,0.0,0.0,0.0,0.0
2013-12-20,1983.35,0.08,-0.11,-2.75,-2.4,0.0,0.36,0.38,-7.59,False,False,0.0,0.0,0.0,0.0,0.0,0.0,0.0,0.0
2013-12-23,1996.89,0.18,-0.14,-2.84,-2.48,0.0,0.29,0.42,-7.65,False,False,0.0,0.0,0.0,0.0,0.0,0.0,0.0,0.0
2013-12-24,2001.59,0.27,-0.17,-2.51,-2.24,0.0,0.2,0.32,-7.06,False,False,0.0,0.0,0.0,0.0,0.0,0.0,0.0,0.0
2013-12-26,1999.3,0.49,-0.21,-2.39,-2.19,0.0,0.2,0.39,-6.56,False,False,0.0,0.0,0.0,0.0,0.0,0.0,0.0,0.0
2013-12-27,2002.28,0.75,-0.25,-2.07,-1.89,0.0,0.2,0.22,-5.41,False,False,0.0,0.0,0.0,0.0,0.0,0.0,0.0,0.0
2013-12-30,2011.34,0.66,-0.26,-1.97,-1.83,0.0,0.2,0.32,-5.29,False,False,0.0,0.0,0.0,0.0,0.0,0.0,0.0,0.0
2014-01-02,1967.19,0.72,-0.26,-1.48,-1.44,0.12,0.11,0.36,-3.56,False,False,0.0,0.0,0.0,0.0,0.0,0.0,0.0,0.0
2014-01-03,1946.14,0.7,-0.36,-1.19,-1.03,0.14,0.38,0.46,-2.21,False,False,0.0,0.0,0.0,0.0,0.0,0.0,0.0,0.0
2014-01-06,1953.28,0.7,-0.44,0.03,0.02,0.04,0.43,0.34,2.05,False,False,0.2,0.2,0.0,0.0,0.0,0.0,0.0,0.0
2014-01-07,1959.44,0.61,-0.37,0.12,0.28,0.05,0.43,0.07,2.35,False,False,0.4,0.4,0.2,0.2,0.2,0.2,0.2,0.2
2014-01-08,1958.96,0.57,-0.29,-0.47,-0.06,0.05,0.43,0.02,0.33,False,False,0.6,0.5,0.4,0.4,0.2,0.2,0.4,0.4
2014-01-09,1946.11,0.52,-0.25,-0.91,-0.5,0.0,0.43,0.03,-1.62,False,False,0.7,0.5,0.6,0.5,0.2,0.2,0.6,0.5
2014-01-10,1938.54,0.39,-0.27,-1.35,-0.97,0.0,0.44,0.07,-3.56,False,False,0.7,0.5,0.7,0.5,0.2,0.2,0.7,0.5
2014-01-13,1948.92,0.31,-0.27,-1.17,-0.6,0.0,0.47,0.09,-2.83,False,False,0.5,0.3,0.7,0.5,0.2,0.2,0.7,0.5
2014-01-14,1946.07,0.36,-0.29,-1.02,-0.46,0.0,0.42,0.25,-2.1,False,False,0.3,0.1,0.5,0.3,0.5,0.3,0.5,0.3
2014-01-15,1953.28,0.22,-0.2,-0.87,-0.26,0.0,0.43,0.15,-1.79,False,False,0.2,0.0,0.3,0.1,0.5,0.3,0.3,0.1
2014-01-16,1957.32,0.05,-0.18,-0.49,0.11,0.0,0.42,0.05,-0.79,False,False,0.3,0.1,0.2,0.0,0.5,0.3,0.2,0.0
2014-01-17,1944.48,0.07,-0.17,-0.77,-0.11,0.0,0.42,0.06,-1.73,False,False,0.3,0.1,0.3,0.1,0.5,0.3,0.3,0.1
2014-01-20,1953.78,0.06,-0.22,-1.05,-0.25,0.0,0.47,0.0,-2.66,False,False,0.4,0.1,0.3,0.1,0.5,0.3,0.3,0.1
2014-01-21,1963.89,0.02,-0.22,-1.54,-0.92,0.02,0.42,-0.04,-4.66,False,False,0.3,0.1,0.4,0.1,0.4,0.1,0.4,0.1
2014-01-22,1970.42,0.05,-0.26,-1.3,-0.52,0.01,0.36,-0.32,-3.77,False,False,0.2,0.1,0.3,0.1,0.4,0.1,0.3,0.1
2014-01-23,1947.59,0.03,-0.28,-1.19,-0.43,0.1,0.35,-0.35,-3.34,False,False,0.1,0.0,0.2,0.1,0.4,0.1,0.2,0.1
2014-01-24,1940.56,-0.02,-0.34,-0.92,-0.27,0.09,0.44,-0.45,-2.67,False,False,0.0,0.0,0.1,0.0,0.4,0.1,0.1,0.0
2014-01-27,1910.34,-0.17,-0.38,-0.98,-0.28,0.4,0.49,-0.73,-2.74,False,False,0.0,0.0,0.0,0.0,0.4,0.1,0.0,0.0
2014-01-28,1916.93,-0.04,-0.55,-1.09,-0.33,0.42,0.58,-0.72,-2.77,False,False,0.0,0.0,0.0,0.0,0.0,0.0,0.0,0.0
2014-01-29,1941.15,0.11,-0.64,-0.89,-0.15,0.58,0.54,-0.55,-1.33,False,False,0.1,0.0,0.0,0.0,0.0,0.0,0.0,0.0
2014-02-03,1919.96,0.19,-0.65,-0.64,-0.01,0.17,0.49,-0.41,-1.06,False,False,0.3,0.1,0.1,0.0,0.0,0.0,0.1,0.0
2014-02-04,1886.85,0.32,-0.7,-0.72,0.02,0.47,0.54,-0.7,-0.45,False,False,0.4,0.1,0.3,0.1,0.3,0.1,0.3,0.1
2014-02-05,1891.32,0.46,-0.81,-0.21,0.46,0.43,0.64,-0.59,1.76,False,False,0.6,0.3,0.4,0.1,0.3,0.1,0.4,0.1
2014-02-06,1907.89,0.59,-0.9,-0.01,0.41,0.51,0.64,-0.59,2.6,False,False,0.8,0.5,0.6,0.3,0.3,0.1,0.6,0.3
2014-02-07,1922.5,0.69,-0.93,-0.19,0.45,0.57,0.59,-0.55,2.58,False,False,0.9,0.7,0.8,0.5,0.3,0.1,0.8,0.5
2014-02-10,1923.3,0.72,-0.93,-0.51,0.32,0.52,0.54,-0.43,1.61,False,False,1.0,0.9,0.9,0.7,0.3,0.1,0.9,0.7
2014-02-11,1932.06,0.83,-0.97,-1.11,-0.53,0.51,0.54,-0.32,-0.85,False,False,0.9,0.8,1.0,0.9,1.0,0.9,1.0,0.9
2014-02-12,1935.84,0.87,-0.94,-0.72,0.0,0.46,0.5,-0.21,1.0,False,False,0.9,0.8,0.9,0.8,1.0,0.9,0.9,0.8
2014-02-13,1926.96,0.88,-0.92,-0.43,0.41,0.51,0.5,-0.13,2.45,False,False,0.9,0.8,0.9,0.8,1.0,0.9,0.9,0.8
2014-02-14,1940.28,0.92,-0.94,-0.24,0.58,0.51,0.55,-0.18,3.19,False,False,0.9,0.8,0.9,0.8,1.0,0.9,0.9,0.8
2014-02-17,1946.36,0.92,-0.91,-0.16,0.87,0.5,0.49,-0.01,3.79,False,False,0.9,0.8,0.9,0.8,1.0,0.9,0.9,0.8
2014-02-18,1946.91,0.95,-0.9,-0.63,0.45,0.45,0.48,0.24,2.24,False,False,1.0,1.0,0.9,0.8,0.9,0.8,0.9,0.8
2014-02-19,1942.93,0.93,-0.9,-0.59,0.45,0.45,0.48,0.11,2.22,False,False,1.0,1.0,1.0,1.0,0.9,0.8,1.0,1.0
2014-02-20,1930.57,0.89,-0.89,-0.27,0.7,0.49,0.49,0.05,3.3,False,False,1.0,1.0,1.0,1.0,0.9,0.8,1.0,1.0
2014-02-21,1957.83,0.87,-0.92,-0.78,0.21,0.6,0.55,-0.23,1.42,False,False,1.0,1.0,1.0,1.0,0.9,0.8,1.0,1.0
2014-02-24,1949.05,0.82,-0.84,-0.86,0.04,0.52,0.42,-0.3,0.65,False,False,1.0,0.9,1.0,1.0,0.9,0.8,1.0,1.0
2014-02-25,1964.86,0.8,-0.81,-0.96,-0.08,0.49,0.48,-0.55,0.01,False,False,1.0,0.8,1.0,0.9,1.0,0.9,1.0,0.9
2014-02-26,1970.77,0.79,-0.75,-0.68,0.37,0.21,0.41,-0.54,0.82,False,False,1.0,0.8,1.0,0.8,1.0,0.9,1.0,0.8
2014-02-27,1978.43,0.71,-0.65,-0.52,0.56,0.2,0.35,-0.37,1.36,False,False,1.0,0.8,1.0,0.8,1.0,0.9,1.0,0.8
2014-02-28,1979.99,0.62,-0.54,-0.32,0.55,0.08,0.34,-0.25,1.5,False,False,1.0,0.8,1.0,0.8,1.0,0.9,1.0,0.8
2014-03-03,1964.69,0.49,-0.48,-0.42,0.41,0.03,0.34,-0.2,0.67,False,False,1.0,0.8,1.0,0.8,1.0,0.9,1.0,0.8
2014-03-04,1954.11,0.39,-0.43,-0.56,0.41,0.0,0.42,-0.33,0.01,False,False,1.0,0.8,1.0,0.8,1.0,0.8,1.0,0.8
2014-03-05,1971.24,0.3,-0.35,-0.31,0.59,0.0,0.44,-0.33,0.72,False,False,1.0,0.8,1.0,0.8,1.0,0.8,1.0,0.8
2014-03-06,1975.62,0.25,-0.3,-0.24,0.71,0.0,0.35,-0.24,0.98,False,False,1.0,0.7,1.0,0.8,1.0,0.8,1.0,0.8
2014-03-07,1974.68,0.12,-0.27,-0.32,0.64,0.0,0.35,-0.16,0.42,False,False,1.0,0.7,1.0,0.7,1.0,0.8,1.0,0.7
2014-03-10,1954.42,0.06,-0.25,-0.54,0.36,0.0,0.35,-0.17,-0.7,False,False,0.9,0.6,1.0,0.7,1.0,0.8,1.0,0.7
2014-03-11,1963.87,-0.06,-0.23,-0.77,0.05,0.0,0.44,-0.28,-1.99,False,False,0.8,0.5,0.9,0.6,0.9,0.6,0.9,0.6
2014-03-12,1932.54,-0.05,-0.25,-0.28,0.46,0.11,0.43,-0.18,0.07,False,False,0.8,0.4,0.8,0.5,0.9,0.6,0.8,0.5
2014-03-13,1934.38,-0.15,-0.29,-0.4,0.2,0.08,0.58,-0.31,-0.92,False,False,0.7,0.3,0.8,0.4,0.9,0.6,0.8,0.4
2014-03-14,1919.9,-0.05,-0.36,-0.81,-0.0,0.1,0.53,-0.25,-1.99,False,False,0.6,0.2,0.7,0.3,0.9,0.6,0.7,0.3
2014-03-17,1927.53,0.02,-0.47,-0.43,0.55,0.1,0.6,-0.45,-0.15,False,False,0.6,0.2,0.6,0.2,0.9,0.6,0.6,0.2
2014-03-18,1940.21,0.05,-0.53,-0.95,0.09,0.14,0.59,-0.54,-2.05,False,False,0.6,0.2,0.6,0.2,0.6,0.2,0.6,0.2
2014-03-19,1937.68,0.12,-0.55,-0.67,0.49,0.14,0.53,-0.59,-0.66,False,False,0.6,0.2,0.6,0.2,0.6,0.2,0.6,0.2
2014-03-20,1919.52,0.15,-0.53,-0.74,0.51,0.23,0.53,-0.57,-0.52,False,False,0.6,0.2,0.6,0.2,0.6,0.2,0.6,0.2
2014-03-21,1934.94,0.07,-0.51,-0.9,0.04,0.05,0.61,-0.88,-2.27,False,False,0.6,0.2,0.6,0.2,0.6,0.2,0.6,0.2
2014-03-24,1945.55,0.07,-0.56,-1.14,-0.31,0.06,0.54,-0.76,-3.29,False,False,0.4,0.1,0.6,0.2,0.6,0.2,0.6,0.2
2014-03-25,1941.25,0.1,-0.54,-1.5,-0.69,0.0,0.49,-0.71,-4.56,False,False,0.3,0.1,0.4,0.1,0.4,0.1,0.4,0.1
2014-03-26,1964.31,0.12,-0.6,-1.18,-0.09,0.1,0.56,-0.75,-2.88,False,False,0.2,0.1,0.3,0.1,0.4,0.1,0.3,0.1
2014-03-27,1977.97,0.14,-0.58,-1.05,-0.03,0.09,0.41,-0.64,-2.5,False,False,0.1,0.0,0.2,0.1,0.4,0.1,0.2,0.1
2014-03-28,1981.0,0.13,-0.56,-0.69,0.37,0.08,0.32,-0.33,-0.97,False,False,0.2,0.0,0.1,0.0,0.4,0.1,0.1,0.0
2014-03-31,1985.61,0.12,-0.54,-1.03,0.09,0.04,0.32,-0.25,-2.25,False,False,0.2,0.0,0.2,0.0,0.4,0.1,0.2,0.0
2014-04-01,1991.98,0.08,-0.45,-0.82,0.08,0.02,0.31,-0.14,-1.82,False,False,0.3,0.0,0.2,0.0,0.2,0.0,0.2,0.0
2014-04-02,1997.25,-0.0,-0.37,-1.13,-0.34,0.0,0.31,-0.07,-3.27,False,False,0.3,0.0,0.3,0.0,0.2,0.0,0.3,0.0
2014-04-03,1993.7,-0.19,-0.26,-0.1,0.76,0.01,0.21,-0.05,0.38,False,False,0.4,0.2,0.3,0.0,0.2,0.0,0.3,0.0
2014-04-04,1988.09,-0.24,-0.19,-0.93,-0.24,0.0,0.3,-0.18,-3.2,False,False,0.3,0.1,0.4,0.2,0.2,0.0,0.4,0.2
2014-04-07,1989.7,-0.21,-0.21,-1.01,-0.53,0.0,0.3,-0.08,-3.65,False,False,0.3,0.1,0.3,0.1,0.2,0.0,0.3,0.1
2014-04-08,1993.03,-0.2,-0.15,-1.16,-0.74,0.0,0.22,-0.22,-4.28,False,False,0.2,0.1,0.3,0.1,0.3,0.1,0.3,0.1
2014-04-09,1998.95,-0.15,-0.1,-1.6,-1.77,-0.0,0.21,0.06,-6.01,False,False,0.2,0.1,0.2,0.1,0.3,0.1,0.2,0.1
2014-04-10,2008.61,-0.07,0.02,-1.29,-1.47,-0.0,0.2,0.62,-4.77,False,False,0.0,0.0,0.2,0.1,0.3,0.1,0.2,0.1
2014-04-11,1997.44,-0.17,0.17,-1.11,-0.89,0.0,0.1,0.7,-3.85,False,False,0.0,0.0,0.0,0.0,0.3,0.1,0.0,0.0
2014-04-14,1997.02,-0.28,0.26,-0.8,-0.35,0.0,0.2,0.58,-2.65,False,False,0.0,0.0,0.0,0.0,0.3,0.1,0.0,0.0
2014-04-15,1992.27,-0.3,0.29,-0.2,0.5,0.0,0.21,0.46,-0.01,False,False,0.2,0.1,0.0,0.0,0.0,0.0,0.0,0.0
2014-04-16,1992.21,-0.45,0.35,0.14,0.99,0.0,0.22,0.43,1.22,False,False,0.4,0.3,0.2,0.1,0.0,0.0,0.2,0.1
2014-04-17,1992.05,-0.5,0.37,-0.06,0.66,0.0,0.22,0.38,0.06,False,False,0.6,0.4,0.4,0.3,0.0,0.0,0.4,0.3
2014-04-18,2004.28,-0.55,0.45,-0.51,0.07,0.0,0.22,0.43,-1.96,False,False,0.6,0.4,0.6,0.4,0.0,0.0,0.6,0.4
2014-04-21,1999.22,-0.51,0.49,-0.68,-0.31,0.0,0.19,0.5,-2.76,False,False,0.6,0.4,0.6,0.4,0.0,0.0,0.6,0.4
2014-04-22,2004.22,-0.58,0.5,-0.58,-0.03,0.0,0.2,0.53,-2.28,False,False,0.5,0.3,0.6,0.4,0.6,0.4,0.6,0.4
2014-04-23,2000.37,-0.59,0.55,-0.41,0.4,0.0,0.2,0.42,-1.31,False,False,0.4,0.1,0.5,0.3,0.6,0.4,0.5,0.3
2014-04-24,1998.34,-0.64,0.6,-0.34,0.61,0.0,0.2,0.42,-0.91,False,False,0.3,0.1,0.4,0.1,0.6,0.4,0.4,0.1
2014-04-25,1971.66,-0.68,0.57,-0.3,0.65,0.0,0.21,0.62,-0.75,False,False,0.4,0.1,0.3,0.1,0.6,0.4,0.3,0.1
2014-04-28,1969.26,-0.75,0.53,-0.26,0.65,0.0,0.44,0.59,-0.78,False,False,0.5,0.2,0.4,0.1,0.6,0.4,0.4,0.1
2014-04-29,1964.77,-0.7,0.45,-0.26,0.44,0.0,0.44,0.91,-0.82,False,False,0.6,0.2,0.5,0.2,0.5,0.2,0.5,0.2
2014-04-30,1961.79,-0.62,0.39,-0.12,0.68,0.0,0.45,1.34,0.26,False,False,0.7,0.3,0.6,0.2,0.5,0.2,0.6,0.2
2014-05-02,1959.44,-0.61,0.32,-0.09,0.82,0.0,0.66,1.16,0.56,False,False,0.8,0.4,0.7,0.3,0.5,0.2,0.7,0.3
2014-05-07,1939.88,-0.57,0.24,-0.52,0.19,0.0,0.67,1.13,-1.42,False,False,0.8,0.4,0.8,0.4,0.8,0.4,0.8,0.4
2014-05-08,1950.6,-0.55,0.12,-0.57,-0.06,0.0,0.74,1.25,-1.83,False,False,0.7,0.3,0.8,0.4,0.8,0.4,0.8,0.4
2014-05-09,1956.55,-0.49,0.06,-0.21,0.46,0.0,0.71,1.52,0.07,False,False,0.7,0.4,0.7,0.3,0.8,0.4,0.7,0.3
2014-05-12,1964.94,-0.51,0.08,-0.19,0.16,0.0,0.64,1.33,-0.48,False,False,0.7,0.3,0.7,0.4,0.8,0.4,0.7,0.4
2014-05-13,1982.93,-0.52,0.0,-1.06,-1.04,0.0,0.59,1.25,-4.3,False,False,0.5,0.2,0.7,0.3,0.7,0.3,0.7,0.3
2014-05-14,2010.83,-0.45,0.0,-1.12,-0.89,-0.0,0.53,1.3,-4.09,False,False,0.4,0.2,0.5,0.2,0.7,0.3,0.5,0.2
2014-05-15,2010.2,-0.32,0.06,-0.67,-0.15,0.0,0.47,1.06,-1.89,False,False,0.4,0.2,0.4,0.2,0.7,0.3,0.4,0.2
2014-05-16,2013.44,-0.39,0.17,-0.38,0.34,-0.0,0.47,0.99,-0.61,False,False,0.4,0.1,0.4,0.2,0.7,0.3,0.4,0.2
2014-05-19,2015.14,-0.48,0.26,-0.6,-0.02,-0.0,0.47,0.87,-1.91,False,False,0.3,0.1,0.4,0.1,0.7,0.3,0.4,0.1
2014-05-20,2011.26,-0.49,0.3,-0.66,-0.18,0.0,0.42,0.84,-2.31,False,False,0.3,0.1,0.3,0.1,0.3,0.1,0.3,0.1
2014-05-21,2008.33,-0.53,0.33,-0.68,-0.31,0.0,0.47,0.83,-2.61,False,False,0.3,0.1,0.3,0.1,0.3,0.1,0.3,0.1
2014-05-22,2015.59,-0.63,0.35,-0.39,0.07,-0.0,0.47,0.61,-1.69,False,False,0.4,0.1,0.3,0.1,0.3,0.1,0.3,0.1
2014-05-23,2017.17,-0.61,0.41,-0.45,0.31,-0.0,0.42,0.68,-1.42,False,False,0.3,0.0,0.4,0.1,0.3,0.1,0.4,0.1
2014-05-26,2010.35,-0.63,0.42,-0.59,0.11,0.0,0.42,0.83,-2.03,False,False,0.3,0.0,0.3,0.0,0.3,0.1,0.3,0.0
2014-05-27,1997.63,-0.66,0.39,-0.82,-0.37,0.0,0.42,0.88,-3.29,False,False,0.3,0.0,0.3,0.0,0.3,0.0,0.3,0.0
2014-05-28,2017.06,-0.66,0.4,-0.35,0.48,0.0,0.49,1.13,-0.78,False,False,0.4,0.1,0.3,0.0,0.3,0.0,0.3,0.0
2014-05-29,2012.26,-0.55,0.4,-0.01,0.89,0.0,0.42,1.07,0.86,False,False,0.5,0.2,0.4,0.1,0.3,0.0,0.4,0.1
2014-05-30,1994.96,-0.58,0.44,0.02,0.98,0.0,0.42,1.18,1.08,False,False,0.6,0.4,0.5,0.2,0.3,0.0,0.5,0.2
2014-06-02,2002.0,-0.58,0.44,-0.18,0.67,0.0,0.49,1.12,0.13,False,False,0.7,0.5,0.6,0.4,0.3,0.0,0.6,0.4
2014-06-03,2008.56,-0.65,0.51,-0.46,0.25,0.0,0.49,0.88,-1.46,False,False,0.8,0.5,0.7,0.5,0.7,0.5,0.7,0.5
2014-06-05,1995.48,-0.66,0.51,-0.23,0.29,0.0,0.42,0.91,-0.87,False,False,0.8,0.5,0.8,0.5,0.7,0.5,0.8,0.5
2014-06-09,1990.04,-0.81,0.56,-0.57,-0.04,0.0,0.49,0.89,-2.49,False,False,0.6,0.3,0.8,0.5,0.7,0.5,0.8,0.5
2014-06-10,2011.8,-0.8,0.6,0.07,0.87,0.0,0.55,1.17,0.62,False,False,0.6,0.3,0.6,0.3,0.6,0.3,0.6,0.3
2014-06-11,2014.67,-0.8,0.66,-0.51,-0.01,0.0,0.42,1.14,-2.14,False,False,0.5,0.2,0.6,0.3,0.6,0.3,0.6,0.3
2014-06-12,2011.65,-0.82,0.71,-0.68,-0.21,0.0,0.42,1.14,-2.86,False,False,0.4,0.2,0.5,0.2,0.6,0.3,0.5,0.2
2014-06-13,1990.85,-0.89,0.66,-0.36,0.19,0.0,0.42,0.95,-1.82,False,False,0.4,0.1,0.4,0.2,0.6,0.3,0.4,0.2
2014-06-16,1993.59,-0.94,0.52,0.16,0.92,0.0,0.5,0.79,0.34,False,False,0.5,0.3,0.4,0.1,0.6,0.3,0.4,0.1
2014-06-17,2001.55,-0.85,0.46,0.27,1.16,0.0,0.5,0.88,1.21,False,False,0.5,0.3,0.5,0.3,0.5,0.3,0.5,0.3
2014-06-18,1989.49,-0.73,0.38,-0.36,0.07,0.0,0.49,0.78,-1.79,False,False,0.6,0.3,0.5,0.3,0.5,0.3,0.5,0.3
2014-06-19,1992.03,-0.8,0.41,-0.72,-0.31,0.0,0.56,0.94,-3.19,False,False,0.5,0.3,0.6,0.3,0.5,0.3,0.6,0.3
2014-06-20,1968.07,-0.74,0.39,-0.56,0.2,0.0,0.5,0.96,-1.99,False,False,0.5,0.3,0.5,0.3,0.5,0.3,0.5,0.3
2014-06-23,1974.92,-0.68,0.36,-0.6,0.0,0.0,0.6,1.01,-2.2,False,False,0.4,0.2,0.5,0.3,0.5,0.3,0.5,0.3
2014-06-24,1994.35,-0.63,0.32,-0.14,0.87,0.03,0.56,0.94,0.34,False,False,0.4,0.1,0.4,0.2,0.4,0.2,0.4,0.2
2014-06-25,1981.77,-0.55,0.31,-0.18,0.71,0.06,0.49,1.02,0.26,False,False,0.5,0.2,0.4,0.1,0.4,0.2,0.4,0.1
2014-06-26,1995.05,-0.52,0.29,-0.63,0.29,0.04,0.54,0.97,-1.44,False,False,0.6,0.2,0.5,0.2,0.4,0.2,0.5,0.2
2014-06-27,1988.51,-0.45,0.32,-0.4,0.5,0.01,0.47,1.43,-0.24,False,False,0.7,0.3,0.6,0.2,0.4,0.2,0.6,0.2
2014-06-30,2002.21,-0.41,0.38,0.13,1.22,0.02,0.54,1.45,2.3,False,False,0.9,0.5,0.7,0.3,0.4,0.2,0.7,0.3
2014-07-01,1999.0,-0.39,0.4,0.34,1.69,0.0,0.47,1.41,3.42,False,False,0.9,0.6,0.9,0.5,0.9,0.5,0.9,0.5
2014-07-02,2015.28,-0.45,0.43,-0.02,1.21,0.0,0.47,1.46,1.8,False,False,0.9,0.7,0.9,0.6,0.9,0.5,0.9,0.6
2014-07-03,2010.97,-0.45,0.46,0.38,1.6,0.01,0.39,1.42,3.26,False,False,1.0,0.9,0.9,0.7,0.9,0.5,0.9,0.7
2014-07-04,2009.66,-0.47,0.48,-0.16,0.74,0.0,0.4,1.27,0.62,False,False,1.0,0.9,1.0,0.9,0.9,0.5,1.0,0.9
2014-07-07,2005.12,-0.36,0.45,0.23,1.46,0.0,0.4,1.17,2.8,False,False,1.0,0.9,1.0,0.9,0.9,0.5,1.0,0.9
2014-07-08,2006.66,-0.45,0.48,-0.18,0.75,0.0,0.47,0.94,0.51,False,False,1.0,0.9,1.0,0.9,1.0,0.9,1.0,0.9
2014-07-09,2000.5,-0.48,0.44,0.18,1.32,0.0,0.49,0.76,2.05,False,False,1.0,0.9,1.0,0.9,1.0,0.9,1.0,0.9
2014-07-10,2002.84,-0.49,0.35,-0.5,-0.08,0.0,0.56,0.73,-1.76,False,False,0.9,0.7,1.0,0.9,1.0,0.9,1.0,0.9
2014-07-11,1988.74,-0.51,0.37,-0.02,0.92,0.0,0.49,0.64,0.81,False,False,0.9,0.7,0.9,0.7,1.0,0.9,0.9,0.7
2014-07-14,1993.88,-0.58,0.43,0.06,0.96,0.0,0.57,0.36,0.82,False,False,0.9,0.6,0.9,0.7,1.0,0.9,0.9,0.7
2014-07-15,2012.72,-0.56,0.4,0.09,1.08,0.0,0.56,0.43,1.14,False,False,0.9,0.7,0.9,0.6,0.9,0.6,0.9,0.6
2014-07-16,2013.48,-0.6,0.46,-0.1,0.73,0.0,0.47,-0.09,-0.24,False,False,0.8,0.6,0.9,0.7,0.9,0.6,0.9,0.7
2014-07-17,2020.9,-0.57,0.44,-0.14,0.53,-0.0,0.47,-0.57,-0.82,False,False,0.9,0.6,0.8,0.6,0.9,0.6,0.8,0.6
2014-07-18,2019.42,-0.62,0.49,-0.31,0.47,0.0,0.39,-0.59,-1.47,False,False,0.8,0.5,0.9,0.6,0.9,0.6,0.9,0.6
2014-07-21,2018.5,-0.73,0.53,-0.44,0.27,0.0,0.47,-0.49,-2.23,False,False,0.6,0.3,0.8,0.5,0.9,0.6,0.8,0.5
2014-07-22,2028.93,-0.83,0.56,-0.55,-0.11,-0.0,0.47,-0.38,-3.17,False,False,0.4,0.1,0.6,0.3,0.6,0.3,0.6,0.3
2014-07-23,2028.32,-0.88,0.58,-0.96,-0.7,0.0,0.39,-0.32,-4.88,False,False,0.3,0.1,0.4,0.1,0.6,0.3,0.4,0.1
2014-07-24,2026.62,-0.87,0.6,-0.92,-0.58,0.0,0.39,-0.37,-4.67,False,False,0.1,0.0,0.3,0.1,0.6,0.3,0.3,0.1
2014-07-25,2033.85,-0.94,0.6,-0.6,-0.02,-0.0,0.39,-0.53,-3.5,False,False,0.0,0.0,0.1,0.0,0.6,0.3,0.1,0.0
2014-07-28,2048.81,-0.95,0.53,-0.43,0.16,-0.0,0.38,-0.46,-2.92,False,False,0.0,0.0,0.0,0.0,0.6,0.3,0.0,0.0
2014-07-29,2061.97,-0.87,0.51,-0.61,0.0,-0.0,0.31,-0.45,-3.37,False,False,0.0,0.0,0.0,0.0,0.0,0.0,0.0,0.0
2014-07-30,2082.61,-0.74,0.55,-0.14,0.51,-0.0,0.24,-0.39,-1.24,False,False,0.1,0.0,0.0,0.0,0.0,0.0,0.0,0.0
2014-07-31,2076.12,-0.72,0.61,0.24,0.98,0.0,0.15,-0.29,0.53,False,False,0.3,0.2,0.1,0.0,0.0,0.0,0.1,0.0
2014-08-01,2073.1,-0.7,0.68,-0.01,0.65,0.0,0.15,-0.54,-0.64,False,False,0.5,0.2,0.3,0.2,0.0,0.0,0.3,0.2
2014-08-04,2080.42,-0.54,0.63,-0.02,0.59,0.0,0.23,-0.77,-0.46,False,False,0.6,0.3,0.5,0.2,0.0,0.0,0.5,0.2
2014-08-05,2066.26,-0.57,0.65,0.27,0.83,0.0,0.15,-0.83,0.48,False,False,0.8,0.4,0.6,0.3,0.6,0.3,0.6,0.3
2014-08-06,2060.73,-0.65,0.67,0.26,0.77,0.0,0.23,-0.96,0.15,False,False,0.9,0.5,0.8,0.4,0.6,0.3,0.8,0.4
2014-08-07,2054.51,-0.6,0.71,0.47,1.03,0.0,0.24,-1.0,1.17,False,False,0.9,0.5,0.9,0.5,0.6,0.3,0.9,0.5
2014-08-08,2031.1,-0.59,0.67,0.17,0.9,0.0,0.24,-1.12,0.2,False,False,0.9,0.6,0.9,0.5,0.6,0.3,0.9,0.5
2014-08-11,2039.37,-0.53,0.62,0.7,1.49,0.0,0.38,-1.22,2.48,False,False,1.0,0.7,0.9,0.6,0.6,0.3,0.9,0.6
2014-08-12,2041.47,-0.54,0.63,0.06,0.54,0.0,0.31,-1.2,-0.53,False,False,0.9,0.7,1.0,0.7,1.0,0.7,1.0,0.7
2014-08-13,2062.36,-0.53,0.61,0.12,0.44,0.0,0.3,-1.01,-0.42,False,False,0.9,0.6,0.9,0.7,1.0,0.7,0.9,0.7
2014-08-14,2063.22,-0.56,0.69,0.15,0.87,0.0,0.22,-1.11,0.17,False,False,0.9,0.6,0.9,0.6,1.0,0.7,0.9,0.6
2014-08-18,2053.13,-0.59,0.67,0.05,0.92,0.0,0.22,-0.85,0.05,False,False,0.9,0.6,0.9,0.6,1.0,0.7,0.9,0.6
2014-08-19,2071.14,-0.61,0.62,-0.01,0.72,0.01,0.3,-0.56,-0.26,False,False,0.8,0.4,0.9,0.6,0.9,0.6,0.9,0.6
2014-08-20,2072.78,-0.55,0.61,0.33,1.0,0.0,0.21,-0.65,1.03,False,False,0.9,0.5,0.8,0.4,0.9,0.6,0.8,0.4
2014-08-21,2044.21,-0.55,0.59,-0.01,0.71,0.19,0.12,-0.86,-0.05,False,False,0.9,0.6,0.9,0.5,0.9,0.6,0.9,0.5
2014-08-22,2056.7,-0.66,0.55,0.03,0.74,0.14,0.3,-0.98,-0.26,False,False,0.9,0.5,0.9,0.6,0.9,0.6,0.9,0.6
2014-08-25,2060.89,-0.61,0.53,-0.03,0.63,0.12,0.22,-0.71,-0.4,False,False,0.9,0.5,0.9,0.5,0.9,0.6,0.9,0.5
2014-08-26,2068.05,-0.58,0.5,-0.35,0.14,0.07,0.21,-0.7,-1.95,False,False,0.8,0.4,0.9,0.5,0.9,0.5,0.9,0.5
2014-08-27,2074.93,-0.58,0.48,-0.37,0.31,0.03,0.2,-0.65,-1.83,False,False,0.6,0.3,0.8,0.4,0.9,0.5,0.8,0.4
2014-08-28,2075.76,-0.59,0.42,-0.3,0.45,0.01,0.11,-0.57,-1.55,False,False,0.5,0.2,0.6,0.3,0.9,0.5,0.6,0.3
2014-08-29,2068.54,-0.59,0.35,-0.28,0.51,0.02,0.11,-0.63,-1.43,False,False,0.5,0.1,0.5,0.2,0.9,0.5,0.5,0.2
2014-09-01,2067.86,-0.59,0.3,-0.5,0.15,0.02,0.2,-0.62,-2.45,False,False,0.3,0.0,0.5,0.1,0.9,0.5,0.5,0.1
2014-09-02,2051.58,-0.7,0.32,-0.76,-0.32,0.08,0.2,-0.63,-3.82,False,False,0.3,0.0,0.3,0.0,0.3,0.0,0.3,0.0
2014-09-03,2051.2,-0.71,0.28,-0.01,0.45,0.05,0.3,-0.9,-1.15,False,False,0.3,0.1,0.3,0.0,0.3,0.0,0.3,0.0
2014-09-04,2056.26,-0.71,0.28,-0.4,0.15,0.05,0.3,-0.93,-2.57,False,False,0.3,0.0,0.3,0.1,0.3,0.0,0.3,0.1
2014-09-05,2049.41,-0.68,0.25,-0.49,0.2,0.06,0.21,-0.76,-2.59,False,False,0.2,0.0,0.3,0.0,0.3,0.0,0.3,0.0
2014-09-11,2034.16,-0.67,0.27,-0.85,-0.39,0.01,0.3,-1.03,-4.31,False,False,0.2,0.0,0.2,0.0,0.2,0.0,0.2,0.0
2014-09-12,2041.86,-0.67,0.28,-0.63,0.05,0.01,0.38,-1.57,-3.48,False,False,0.2,0.0,0.2,0.0,0.2,0.0,0.2,0.0
2014-09-15,2035.82,-0.63,0.26,0.14,0.5,0.02,0.3,-1.67,-1.01,False,False,0.2,0.0,0.2,0.0,0.2,0.0,0.2,0.0
2014-09-16,2042.92,-0.62,0.23,-0.22,0.42,0.0,0.38,-1.74,-2.01,False,False,0.2,0.0,0.2,0.0,0.2,0.0,0.2,0.0
2014-09-17,2062.61,-0.52,0.12,-0.74,-0.01,0.01,0.29,-1.63,-3.6,False,False,0.2,0.0,0.2,0.0,0.2,0.0,0.2,0.0
2014-09-18,2047.74,-0.4,0.09,-0.53,0.03,0.04,0.19,-1.6,-2.81,False,False,0.2,0.0,0.2,0.0,0.2,0.0,0.2,0.0
2014-09-19,2053.82,-0.4,0.08,-1.17,-0.87,0.0,0.29,-1.85,-5.36,False,False,0.2,0.0,0.2,0.0,0.2,0.0,0.2,0.0
2014-09-22,2039.27,-0.31,-0.03,-1.07,-0.8,0.02,0.2,-1.7,-4.93,False,False,0.1,0.0,0.2,0.0,0.2,0.0,0.2,0.0
2014-09-23,2028.91,-0.23,-0.13,-0.76,-0.24,0.0,0.29,-1.64,-3.42,False,False,0.0,0.0,0.1,0.0,0.1,0.0,0.1,0.0
2014-09-24,2035.64,0.03,-0.22,-0.77,0.01,0.0,0.38,-1.49,-2.45,False,False,0.0,0.0,0.0,0.0,0.1,0.0,0.0,0.0
2014-09-25,2034.11,0.08,-0.24,-0.65,0.22,0.0,0.37,-1.57,-1.79,False,False,0.1,0.0,0.0,0.0,0.1,0.0,0.0,0.0
2014-09-26,2031.64,0.09,-0.25,-0.59,0.24,0.0,0.37,-1.63,-1.62,False,False,0.2,0.0,0.1,0.0,0.1,0.0,0.1,0.0
2014-09-29,2026.6,0.07,-0.28,-1.14,-0.4,0.0,0.37,-1.75,-3.87,False,False,0.2,0.0,0.2,0.0,0.1,0.0,0.2,0.0
2014-09-30,2020.09,0.01,-0.27,-0.87,-0.16,0.0,0.38,-2.15,-3.29,False,False,0.2,0.0,0.2,0.0,0.2,0.0,0.2,0.0
2014-10-01,1991.54,0.02,-0.24,0.17,1.35,0.0,0.38,-2.12,1.51,False,False,0.4,0.2,0.2,0.0,0.2,0.0,0.2,0.0
2014-10-02,1976.16,0.05,-0.33,-0.34,0.61,0.0,0.56,-2.47,-0.93,False,False,0.4,0.2,0.4,0.2,0.2,0.0,0.4,0.2
2014-10-06,1968.39,0.15,-0.46,0.63,1.26,0.0,0.61,-2.42,2.64,False,False,0.5,0.4,0.4,0.2,0.2,0.0,0.4,0.2
2014-10-07,1972.91,0.22,-0.54,-0.85,-0.32,0.0,0.62,-2.63,-3.23,False,False,0.5,0.4,0.5,0.4,0.5,0.4,0.5,0.4
2014-10-08,1965.25,0.35,-0.62,-0.63,0.2,0.0,0.61,-2.68,-1.74,False,False,0.6,0.4,0.5,0.4,0.5,0.4,0.5,0.4
2014-10-10,1940.92,0.38,-0.7,-0.99,-0.53,0.17,0.65,-2.95,-3.34,False,False,0.4,0.2,0.6,0.4,0.5,0.4,0.6,0.4
2014-10-13,1927.21,0.45,-0.77,-1.04,-0.22,0.17,0.7,-2.86,-2.86,False,False,0.3,0.2,0.4,0.2,0.5,0.4,0.4,0.2
2014-10-14,1929.25,0.66,-0.85,-1.18,-0.51,0.07,0.72,-2.5,-3.14,False,False,0.1,0.0,0.3,0.2,0.3,0.2,0.3,0.2
2014-10-15,1925.91,0.76,-0.93,-0.45,0.37,0.08,0.71,-2.38,0.19,False,False,0.3,0.1,0.1,0.0,0.3,0.2,0.1,0.0
2014-10-16,1918.83,0.8,-0.99,-0.97,-0.32,0.0,0.72,-2.21,-2.12,False,False,0.3,0.1,0.3,0.1,0.3,0.2,0.3,0.1
2014-10-17,1900.66,0.8,-0.96,0.57,1.34,0.0,0.73,-2.28,3.95,False,False,0.5,0.3,0.3,0.1,0.3,0.2,0.3,0.1
2014-10-20,1930.06,0.86,-1.05,0.39,1.04,0.58,0.78,-2.08,4.36,False,False,0.6,0.5,0.5,0.3,0.3,0.2,0.5,0.3
2014-10-21,1915.28,0.99,-1.04,-0.81,-0.16,0.55,0.71,-1.8,0.25,False,False,0.8,0.6,0.6,0.5,0.6,0.5,0.6,0.5
2014-10-22,1936.97,0.92,-1.01,-0.83,-0.15,1.02,0.73,-1.67,1.05,False,False,0.8,0.7,0.8,0.6,0.6,0.5,0.8,0.6
2014-10-23,1931.65,0.95,-0.96,-0.03,0.64,1.02,0.68,-1.29,4.23,False,False,1.0,0.9,0.8,0.7,0.6,0.5,0.8,0.7
2014-10-24,1925.69,0.93,-0.97,-0.53,0.15,0.94,0.7,-1.37,2.24,False,False,1.0,0.9,1.0,0.9,0.6,0.5,1.0,0.9
2014-10-27,1931.97,1.05,-0.87,-0.44,0.46,1.0,0.71,-1.41,3.3,False,False,1.0,0.9,1.0,0.9,0.6,0.5,1.0,0.9
2014-10-28,1925.68,1.09,-0.85,-0.05,0.89,1.03,0.68,-1.2,4.85,False,False,1.0,1.0,1.0,0.9,1.0,0.9,1.0,0.9
2014-10-29,1961.17,1.11,-0.89,-0.2,0.65,1.74,0.71,-1.15,5.42,False,False,1.0,1.0,1.0,1.0,1.0,0.9,1.0,1.0
2014-10-30,1958.93,1.23,-0.87,-0.07,0.97,1.73,0.62,-1.14,6.12,False,False,1.0,1.0,1.0,1.0,1.0,0.9,1.0,1.0
2014-10-31,1964.43,1.16,-0.91,1.69,2.8,1.36,0.62,-1.47,8.66,False,False,1.0,1.0,1.0,1.0,1.0,0.9,1.0,1.0
2014-11-03,1952.97,1.04,-0.79,0.17,1.13,1.39,0.61,-1.83,5.71,False,False,1.0,1.0,1.0,1.0,1.0,0.9,1.0,1.0
2014-11-04,1935.19,0.91,-0.71,0.24,1.04,1.63,0.62,-2.02,5.82,False,False,1.0,1.0,1.0,1.0,1.0,1.0,1.0,1.0
2014-11-05,1931.43,0.86,-0.68,1.58,2.56,1.61,0.67,-2.03,8.38,False,False,1.0,1.0,1.0,1.0,1.0,1.0,1.0,1.0
2014-11-06,1936.48,0.87,-0.7,0.93,1.44,1.56,0.67,-2.44,6.93,False,False,1.0,1.0,1.0,1.0,1.0,1.0,1.0,1.0
2014-11-07,1939.87,0.91,-0.73,-0.17,0.15,1.21,0.67,-2.31,3.17,False,False,1.0,1.0,1.0,1.0,1.0,1.0,1.0,1.0
2014-11-10,1958.23,0.93,-0.76,-0.67,-0.05,1.14,0.66,-2.33,1.64,False,False,1.0,1.0,1.0,1.0,1.0,1.0,1.0,1.0
2014-11-11,1963.0,0.79,-0.66,-0.78,-0.15,1.07,0.6,-1.82,1.01,False,False,1.0,1.0,1.0,1.0,1.0,1.0,1.0,1.0
2014-11-12,1967.27,0.72,-0.58,0.17,0.31,1.02,0.6,-2.26,3.47,False,False,1.0,1.0,1.0,1.0,1.0,1.0,1.0,1.0
2014-11-13,1960.51,0.72,-0.54,0.28,0.35,1.06,0.56,-2.22,3.83,False,False,1.0,1.0,1.0,1.0,1.0,1.0,1.0,1.0
2014-11-14,1945.14,0.61,-0.52,-0.37,-0.31,1.08,0.6,-2.0,1.33,False,False,1.0,0.9,1.0,1.0,1.0,1.0,1.0,1.0
2014-11-17,1943.63,0.72,-0.51,0.16,0.48,0.6,0.65,-2.27,2.97,False,False,1.0,0.9,1.0,0.9,1.0,1.0,1.0,0.9
2014-11-18,1967.01,0.75,-0.5,-0.34,-0.38,0.63,0.54,-2.18,0.63,False,False,1.0,0.9,1.0,0.9,1.0,0.9,1.0,0.9
2014-11-19,1966.87,0.79,-0.41,0.33,0.57,0.41,0.41,-2.24,3.26,False,False,1.0,0.9,1.0,0.9,1.0,0.9,1.0,0.9
2014-11-20,1958.04,0.78,-0.3,0.03,0.18,0.47,0.36,-2.61,1.92,False,False,1.0,0.9,1.0,0.9,1.0,0.9,1.0,0.9
2014-11-21,1964.84,0.81,-0.17,-0.26,0.15,0.43,0.51,-2.63,1.32,False,False,1.0,0.9,1.0,0.9,1.0,0.9,1.0,0.9
2014-11-24,1978.54,0.74,-0.24,0.61,1.05,0.45,0.49,-2.8,4.28,False,False,1.0,0.9,1.0,0.9,1.0,0.9,1.0,0.9
2014-11-25,1980.21,0.76,-0.13,-0.16,0.38,0.4,0.41,-2.97,1.53,False,False,1.0,1.0,1.0,0.9,1.0,0.9,1.0,0.9
2014-11-26,1980.84,0.75,-0.0,-0.15,0.05,0.0,0.41,-2.71,0.43,False,False,1.0,0.9,1.0,1.0,1.0,0.9,1.0,1.0
2014-11-27,1982.09,0.7,-0.02,0.12,0.6,0.0,0.4,-2.51,1.87,False,False,1.0,0.9,1.0,0.9,1.0,0.9,1.0,0.9
2014-11-28,1980.78,0.8,-0.02,0.79,1.15,0.0,0.4,-2.23,4.42,False,False,1.0,0.9,1.0,0.9,1.0,0.9,1.0,0.9
2014-12-01,1965.22,0.82,-0.07,1.15,1.5,0.0,0.41,-2.6,5.4,False,False,1.0,0.9,1.0,0.9,1.0,0.9,1.0,0.9
2014-12-02,1965.83,0.74,-0.05,0.58,1.15,0.0,0.49,-2.45,3.82,False,False,1.0,0.9,1.0,0.9,1.0,0.9,1.0,0.9
2014-12-03,1969.91,0.71,-0.03,1.2,1.86,0.0,0.49,-2.64,5.69,False,False,1.0,1.0,1.0,0.9,1.0,0.9,1.0,0.9
2014-12-04,1986.61,0.64,0.01,1.25,1.89,0.0,0.48,-2.7,5.7,False,False,1.0,1.0,1.0,1.0,1.0,0.9,1.0,1.0
2014-12-05,1986.62,0.68,0.04,1.24,1.87,0.0,0.38,-2.66,5.71,False,False,1.0,1.0,1.0,1.0,1.0,0.9,1.0,1.0
2014-12-08,1978.95,0.6,0.12,0.6,1.37,0.0,0.38,-2.62,3.78,False,False,1.0,1.0,1.0,1.0,1.0,0.9,1.0,1.0
2014-12-09,1970.95,0.58,0.15,0.43,1.3,0.0,0.4,-2.65,3.3,False,False,1.0,1.0,1.0,1.0,1.0,1.0,1.0,1.0
2014-12-10,1945.56,0.62,0.2,0.51,0.76,0.05,0.48,-2.27,3.13,False,False,1.0,1.0,1.0,1.0,1.0,1.0,1.0,1.0
2014-12-11,1916.59,0.64,0.15,0.94,1.53,0.62,0.56,-2.14,5.89,False,False,1.0,1.0,1.0,1.0,1.0,1.0,1.0,1.0
2014-12-12,1921.71,0.79,-0.13,0.97,1.7,0.51,0.67,-2.04,6.18,False,False,1.0,1.0,1.0,1.0,1.0,1.0,1.0,1.0
2014-12-15,1920.36,0.76,-0.15,-0.1,0.9,0.53,0.63,-1.86,3.25,False,False,1.0,1.0,1.0,1.0,1.0,1.0,1.0,1.0
2014-12-16,1904.13,0.81,-0.24,0.17,1.1,0.21,0.66,-1.51,3.79,False,False,1.0,1.0,1.0,1.0,1.0,1.0,1.0,1.0
2014-12-17,1900.16,0.93,-0.46,1.1,1.1,0.21,0.71,-1.04,5.9,False,False,1.0,1.0,1.0,1.0,1.0,1.0,1.0,1.0
2014-12-18,1897.5,1.1,-0.69,1.64,2.11,0.19,0.72,-1.31,7.52,False,False,1.0,1.0,1.0,1.0,1.0,1.0,1.0,1.0
2014-12-19,1929.98,1.24,-0.94,1.86,2.83,0.96,0.72,-1.39,8.65,False,False,1.0,1.0,1.0,1.0,1.0,1.0,1.0,1.0
2014-12-22,1943.12,1.27,-0.95,1.02,1.68,0.87,0.53,-1.46,7.19,False,False,1.0,1.0,1.0,1.0,1.0,1.0,1.0,1.0
2014-12-23,1939.02,1.36,-1.05,0.98,1.96,0.8,0.46,-1.13,7.41,False,False,1.0,1.0,1.0,1.0,1.0,1.0,1.0,1.0
2014-12-24,1946.61,1.39,-1.17,0.57,1.47,0.77,0.47,-1.34,6.42,False,False,1.0,1.0,1.0,1.0,1.0,1.0,1.0,1.0
2014-12-26,1948.16,1.47,-1.15,1.15,1.93,0.75,0.45,-1.31,7.59,False,False,1.0,1.0,1.0,1.0,1.0,1.0,1.0,1.0
2014-12-29,1927.86,1.57,-1.1,0.63,1.57,1.04,0.45,-1.4,7.12,False,False,1.0,1.0,1.0,1.0,1.0,1.0,1.0,1.0
2014-12-30,1915.59,1.53,-1.16,0.99,1.85,1.07,0.53,-1.33,7.71,False,False,1.0,1.0,1.0,1.0,1.0,1.0,1.0,1.0
2015-01-02,1926.44,1.49,-1.2,1.96,2.73,1.03,0.59,-1.15,8.83,False,False,1.0,1.0,1.0,1.0,1.0,1.0,1.0,1.0
2015-01-05,1915.75,1.42,-1.2,1.17,2.24,1.08,0.54,-1.31,8.0,False,False,1.0,1.0,1.0,1.0,1.0,1.0,1.0,1.0
2015-01-06,1882.45,1.31,-1.18,2.4,3.0,1.35,0.6,-1.12,9.16,False,False,1.0,1.0,1.0,1.0,1.0,1.0,1.0,1.0
2015-01-07,1883.83,1.2,-1.31,1.57,1.81,1.29,0.72,-0.86,8.17,False,False,1.0,1.0,1.0,1.0,1.0,1.0,1.0,1.0
2015-01-08,1904.65,1.25,-1.42,1.59,2.1,1.3,0.7,-0.7,8.38,False,False,1.0,1.0,1.0,1.0,1.0,1.0,1.0,1.0
2015-01-09,1924.7,1.22,-1.32,0.45,0.28,1.11,0.6,-0.65,5.48,False,False,1.0,1.0,1.0,1.0,1.0,1.0,1.0,1.0
2015-01-12,1920.95,1.26,-1.29,1.29,1.96,1.02,0.48,-0.4,7.91,False,False,1.0,1.0,1.0,1.0,1.0,1.0,1.0,1.0
2015-01-13,1917.14,1.25,-1.26,0.77,1.46,0.82,0.48,-0.19,6.85,False,False,1.0,1.0,1.0,1.0,1.0,1.0,1.0,1.0
2015-01-14,1913.66,1.02,-1.08,0.45,1.23,0.84,0.53,0.03,6.01,False,False,1.0,1.0,1.0,1.0,1.0,1.0,1.0,1.0
2015-01-15,1914.14,0.9,-1.03,0.66,1.6,0.82,0.54,-0.04,6.47,False,False,1.0,1.0,1.0,1.0,1.0,1.0,1.0,1.0
2015-01-16,1888.13,0.82,-0.99,0.71,1.65,1.22,0.53,-0.09,6.89,False,False,1.0,1.0,1.0,1.0,1.0,1.0,1.0,1.0
2015-01-19,1902.62,0.6,-0.94,1.37,1.87,1.12,0.62,-0.09,7.52,False,False,1.0,1.0,1.0,1.0,1.0,1.0,1.0,1.0
2015-01-20,1918.31,0.54,-0.83,0.2,1.07,0.98,0.59,-0.17,4.78,False,False,1.0,1.0,1.0,1.0,1.0,1.0,1.0,1.0
2015-01-21,1921.23,0.44,-0.69,-0.68,-0.53,0.64,0.52,-0.33,-0.36,False,False,1.0,0.9,1.0,1.0,1.0,1.0,1.0,1.0
2015-01-22,1920.82,0.26,-0.63,-1.32,-0.92,0.58,0.46,-0.28,-3.02,False,False,0.8,0.7,1.0,0.9,1.0,1.0,1.0,0.9
2015-01-23,1936.09,0.13,-0.6,-0.3,0.55,0.51,0.46,-0.38,1.14,False,False,0.8,0.6,0.8,0.7,1.0,1.0,0.8,0.7
2015-01-26,1935.68,0.04,-0.52,-0.41,0.48,0.49,0.42,-0.38,0.54,False,False,0.8,0.6,0.8,0.6,1.0,1.0,0.8,0.6
2015-01-27,1952.4,-0.06,-0.57,-0.6,-0.15,0.38,0.42,-0.52,-1.44,False,False,0.7,0.4,0.8,0.6,0.8,0.6,0.8,0.6
2015-01-28,1961.58,-0.13,-0.54,-0.03,0.62,0.23,0.35,-0.3,0.77,False,False,0.7,0.5,0.7,0.4,0.8,0.6,0.7,0.4
2015-01-29,1951.02,-0.02,-0.56,0.9,1.48,0.31,0.26,-0.46,4.35,False,False,0.9,0.7,0.7,0.5,0.8,0.6,0.7,0.5
2015-01-30,1949.26,0.1,-0.62,0.71,1.07,0.31,0.35,-0.82,3.56,False,False,0.9,0.7,0.9,0.7,0.8,0.6,0.9,0.7
2015-02-02,1952.68,0.15,-0.63,0.37,0.82,0.26,0.35,-1.07,2.33,False,False,0.9,0.8,0.9,0.7,0.8,0.6,0.9,0.7
2015-02-03,1951.96,0.17,-0.66,0.0,0.5,0.02,0.34,-1.08,0.52,False,False,1.0,0.9,0.9,0.8,0.9,0.8,0.9,0.8
2015-02-04,1962.79,0.22,-0.59,0.07,-0.62,0.02,0.35,-0.8,-0.69,False,False,0.9,0.8,1.0,0.9,0.9,0.8,1.0,0.9
2015-02-05,1952.84,0.28,-0.5,1.24,1.44,0.0,0.25,-0.08,5.22,False,False,0.9,0.8,0.9,0.8,0.9,0.8,0.9,0.8
2015-02-06,1955.52,0.25,-0.58,0.46,0.6,0.0,0.34,-0.05,2.48,False,False,0.9,0.8,0.9,0.8,0.9,0.8,0.9,0.8
2015-02-09,1947.0,0.45,-0.48,-1.31,-1.59,0.0,0.26,0.01,-4.34,False,False,0.7,0.6,0.9,0.8,0.9,0.8,0.9,0.8
2015-02-10,1935.86,0.45,-0.48,-1.18,-1.23,0.0,0.35,0.08,-3.54,False,False,0.5,0.5,0.7,0.6,0.7,0.6,0.7,0.6
2015-02-11,1945.7,0.55,-0.51,-0.1,0.17,0.0,0.42,0.04,1.35,False,False,0.6,0.6,0.5,0.5,0.7,0.6,0.5,0.5
2015-02-12,1941.63,0.61,-0.46,-0.61,0.16,0.0,0.35,-0.01,0.16,False,False,0.6,0.5,0.6,0.6,0.7,0.6,0.6,0.6
2015-02-13,1957.5,0.62,-0.44,-0.16,0.6,0.0,0.35,-0.3,1.83,False,False,0.6,0.5,0.6,0.5,0.7,0.6,0.6,0.5
2015-02-16,1958.23,0.7,-0.34,-1.03,-0.84,0.0,0.24,0.16,-2.02,False,False,0.6,0.5,0.6,0.5,0.7,0.6,0.6,0.5
2015-02-17,1961.45,0.61,-0.29,-0.62,-0.61,0.0,0.24,0.07,-0.91,False,False,0.8,0.5,0.6,0.5,0.6,0.5,0.6,0.5
2015-02-23,1968.39,0.65,-0.33,-1.14,-0.68,0.0,0.23,-0.07,-2.28,False,False,0.6,0.4,0.8,0.5,0.6,0.5,0.8,0.5
2015-02-24,1976.12,0.66,-0.28,-1.73,-1.27,0.0,0.15,0.09,-4.3,False,False,0.4,0.2,0.6,0.4,0.6,0.4,0.6,0.4
2015-02-25,1990.47,0.7,-0.27,0.22,0.36,-0.0,0.05,-0.16,2.58,False,False,0.4,0.2,0.4,0.2,0.6,0.4,0.4,0.2
2015-02-26,1993.08,0.78,-0.26,0.25,0.13,-0.0,-0.05,0.17,2.64,False,False,0.6,0.4,0.4,0.2,0.6,0.4,0.4,0.2
2015-02-27,1985.8,0.76,-0.2,-0.91,-0.66,0.0,-0.05,0.54,-1.21,False,False,0.6,0.4,0.6,0.4,0.6,0.4,0.6,0.4
2015-03-02,1996.81,0.63,-0.24,-0.28,0.09,-0.0,0.04,0.55,1.17,False,False,0.7,0.6,0.6,0.4,0.6,0.4,0.6,0.4
2015-03-03,2001.38,0.51,-0.19,-1.04,-0.99,-0.0,-0.06,0.47,-2.62,False,False,0.7,0.6,0.7,0.6,0.7,0.6,0.7,0.6
2015-03-04,1998.29,0.38,-0.12,0.08,0.39,0.0,-0.06,0.65,1.94,False,False,0.7,0.6,0.7,0.6,0.7,0.6,0.7,0.6
2015-03-05,1998.38,0.24,-0.06,-0.25,-0.03,0.0,-0.06,0.47,0.09,False,False,0.7,0.5,0.7,0.6,0.7,0.6,0.7,0.6
2015-03-06,2012.94,0.2,-0.03,-1.05,-0.71,-0.0,-0.06,0.38,-2.95,False,False,0.6,0.5,0.7,0.5,0.7,0.6,0.7,0.5
2015-03-09,1992.82,0.13,0.07,-1.7,-1.62,0.0,-0.16,0.26,-5.56,False,False,0.4,0.3,0.6,0.5,0.7,0.6,0.6,0.5
2015-03-10,1984.77,0.05,-0.01,-1.56,-1.76,0.0,-0.06,0.14,-5.62,False,False,0.4,0.3,0.4,0.3,0.4,0.3,0.4,0.3
2015-03-11,1980.83,0.03,0.03,-1.23,-1.1,0.0,0.04,-0.13,-4.38,False,False,0.2,0.1,0.4,0.3,0.4,0.3,0.4,0.3
2015-03-12,1970.59,-0.29,-0.05,-1.54,-1.67,0.0,0.04,-0.12,-6.14,False,False,0.0,0.0,0.2,0.1,0.4,0.3,0.2,0.1
2015-03-13,1985.79,-0.33,-0.09,-1.17,-1.45,0.0,0.15,0.09,-5.25,False,False,0.0,0.0,0.0,0.0,0.4,0.3,0.0,0.0
2015-03-16,1987.33,-0.39,-0.03,-1.3,-1.54,0.0,-0.01,-0.19,-5.82,False,False,0.0,0.0,0.0,0.0,0.4,0.3,0.0,0.0
2015-03-17,2029.91,-0.39,-0.09,-0.29,-0.3,-0.0,-0.01,-0.17,-2.25,False,False,0.0,0.0,0.0,0.0,0.0,0.0,0.0,0.0
2015-03-18,2028.45,-0.33,0.08,-1.42,-1.06,0.01,-0.3,-0.01,-5.43,False,False,0.0,0.0,0.0,0.0,0.0,0.0,0.0,0.0
2015-03-19,2037.89,-0.46,0.11,-1.51,-1.4,-0.0,-0.3,-0.25,-6.19,False,False,0.0,0.0,0.0,0.0,0.0,0.0,0.0,0.0
2015-03-20,2037.24,-0.47,0.21,-2.54,-2.25,0.0,-0.3,-0.14,-8.01,False,False,0.0,0.0,0.0,0.0,0.0,0.0,0.0,0.0
2015-03-23,2036.59,-0.63,0.36,-0.83,-0.99,0.01,-0.4,-0.22,-4.81,False,False,0.0,0.0,0.0,0.0,0.0,0.0,0.0,0.0
2015-03-24,2041.37,-0.64,0.39,-1.36,-0.68,-0.0,-0.34,0.11,-5.33,False,False,0.0,0.0,0.0,0.0,0.0,0.0,0.0,0.0
2015-03-25,2042.81,-0.71,0.42,-1.16,-0.72,-0.0,-0.36,0.16,-5.12,False,False,0.0,0.0,0.0,0.0,0.0,0.0,0.0,0.0
2015-03-26,2022.56,-0.87,0.46,-1.82,-2.06,0.12,-0.36,-0.23,-7.45,False,False,0.0,0.0,0.0,0.0,0.0,0.0,0.0,0.0
2015-03-27,2019.8,-0.92,0.42,-1.78,-2.19,0.13,-0.24,0.01,-7.47,False,False,0.0,0.0,0.0,0.0,0.0,0.0,0.0,0.0
2015-03-30,2030.04,-0.95,0.43,-1.41,-1.92,0.07,-0.24,0.04,-6.93,False,False,0.0,0.0,0.0,0.0,0.0,0.0,0.0,0.0
2015-03-31,2041.03,-0.98,0.42,-0.64,-0.9,0.01,-0.23,0.04,-4.83,False,False,0.0,0.0,0.0,0.0,0.0,0.0,0.0,0.0
2015-04-01,2028.45,-0.99,0.43,-1.3,-1.3,0.1,-0.35,-0.06,-6.33,False,False,0.0,0.0,0.0,0.0,0.0,0.0,0.0,0.0
2015-04-02,2029.07,-0.94,0.36,-0.99,-0.83,0.09,-0.23,0.18,-5.17,False,False,0.0,0.0,0.0,0.0,0.0,0.0,0.0,0.0
2015-04-03,2045.42,-0.93,0.3,-0.6,-0.93,-0.0,-0.24,0.45,-4.59,False,False,0.0,0.0,0.0,0.0,0.0,0.0,0.0,0.0
2015-04-06,2046.43,-0.89,0.24,-0.46,-0.4,-0.0,-0.36,0.44,-3.63,False,False,0.0,0.0,0.0,0.0,0.0,0.0,0.0,0.0
2015-04-07,2047.03,-0.84,0.25,-0.66,-0.84,-0.0,-0.36,0.37,-4.54,False,False,0.0,0.0,0.0,0.0,0.0,0.0,0.0,0.0
2015-04-08,2059.26,-0.77,0.25,-1.85,-2.39,-0.0,-0.37,0.35,-7.62,False,False,0.0,0.0,0.0,0.0,0.0,0.0,0.0,0.0
2015-04-09,2058.87,-0.6,0.25,-1.61,-1.61,0.0,-0.47,0.56,-6.5,False,False,0.0,0.0,0.0,0.0,0.0,0.0,0.0,0.0
2015-04-10,2087.76,-0.63,0.31,-2.36,-2.95,-0.0,-0.47,0.65,-8.23,False,False,0.0,0.0,0.0,0.0,0.0,0.0,0.0,0.0
2015-04-13,2098.92,-0.58,0.41,-1.67,-2.18,-0.0,-0.64,0.33,-7.09,False,False,0.0,0.0,0.0,0.0,0.0,0.0,0.0,0.0
2015-04-14,2111.72,-0.68,0.5,-1.57,-1.99,-0.0,-0.65,0.21,-6.96,False,False,0.0,0.0,0.0,0.0,0.0,0.0,0.0,0.0
2015-04-15,2119.96,-0.74,0.48,-0.86,-1.15,-0.0,-0.71,0.26,-5.17,False,False,0.0,0.0,0.0,0.0,0.0,0.0,0.0,0.0
2015-04-16,2139.9,-0.81,0.48,-0.82,-1.17,-0.0,-0.77,0.12,-5.31,False,False,0.0,0.0,0.0,0.0,0.0,0.0,0.0,0.0
2015-04-17,2143.5,-0.86,0.51,-0.09,-0.21,-0.0,-0.84,0.16,-2.7,False,False,0.0,0.0,0.0,0.0,0.0,0.0,0.0,0.0
2015-04-20,2146.71,-0.79,0.55,0.03,0.12,-0.0,-0.84,0.29,-1.69,False,False,0.1,0.0,0.0,0.0,0.0,0.0,0.0,0.0
2015-04-21,2144.79,-0.87,0.6,-0.82,-0.73,0.0,-0.84,0.29,-4.86,False,False,0.1,0.0,0.1,0.0,0.1,0.0,0.1,0.0
2015-04-22,2143.89,-1.02,0.67,-0.69,-0.64,0.0,-0.85,0.12,-4.82,False,False,0.1,0.0,0.1,0.0,0.1,0.0,0.1,0.0
2015-04-23,2173.41,-1.07,0.87,-0.12,-0.68,-0.0,-0.85,0.21,-3.71,False,False,0.1,0.0,0.1,0.0,0.1,0.0,0.1,0.0
2015-04-24,2159.8,-1.03,0.99,-0.06,0.2,0.0,-0.95,0.08,-2.34,False,False,0.1,0.0,0.1,0.0,0.1,0.0,0.1,0.0
2015-04-27,2157.54,-1.17,1.12,-0.84,-0.48,0.0,-0.91,0.44,-4.95,False,False,0.0,0.0,0.1,0.0,0.1,0.0,0.1,0.0
2015-04-28,2147.67,-1.2,1.13,-0.13,0.63,0.01,-0.91,0.43,-2.0,False,False,0.1,0.0,0.0,0.0,0.0,0.0,0.0,0.0
2015-04-29,2142.63,-1.13,1.09,-0.22,0.3,0.0,-0.85,0.59,-2.45,False,False,0.1,0.0,0.1,0.0,0.0,0.0,0.1,0.0
2015-04-30,2127.17,-1.13,1.06,-0.26,0.33,0.06,-0.85,0.41,-2.51,False,False,0.2,0.0,0.1,0.0,0.0,0.0,0.1,0.0
2015-05-04,2132.23,-1.15,1.09,-0.16,0.32,0.02,-0.77,0.46,-2.32,False,False,0.2,0.0,0.2,0.0,0.0,0.0,0.2,0.0
2015-05-06,2104.58,-1.22,1.11,-0.67,-0.37,0.32,-0.78,0.15,-4.12,False,False,0.2,0.0,0.2,0.0,0.0,0.0,0.2,0.0
2015-05-07,2091.0,-1.28,1.14,-0.52,-0.76,0.46,-0.09,0.31,-3.82,False,False,0.1,0.0,0.2,0.0,0.0,0.0,0.2,0.0
2015-05-08,2085.52,-1.31,1.13,-0.55,-0.77,0.47,0.03,0.34,-3.91,False,False,0.1,0.0,0.1,0.0,0.0,0.0,0.1,0.0
2015-05-11,2097.38,-1.39,1.13,-0.7,-0.68,0.44,0.03,0.45,-4.24,False,False,0.0,0.0,0.1,0.0,0.0,0.0,0.1,0.0
2015-05-12,2096.77,-1.35,1.09,-0.79,-0.53,0.18,-0.09,0.41,-4.67,False,False,0.0,0.0,0.0,0.0,0.0,0.0,0.0,0.0
2015-05-13,2114.16,-1.39,1.05,-1.58,-1.72,0.19,0.01,0.35,-7.11,False,False,0.0,0.0,0.0,0.0,0.0,0.0,0.0,0.0
2015-05-14,2120.33,-1.33,1.0,-1.34,-1.71,0.14,-0.1,0.04,-6.91,False,False,0.0,0.0,0.0,0.0,0.0,0.0,0.0,0.0
2015-05-15,2106.5,-1.33,0.96,-1.14,-1.18,0.21,-0.2,0.24,-6.07,False,False,0.0,0.0,0.0,0.0,0.0,0.0,0.0,0.0
2015-05-18,2113.72,-1.33,0.99,-0.82,-0.37,0.09,-0.1,0.21,-4.78,False,False,0.0,0.0,0.0,0.0,0.0,0.0,0.0,0.0
2015-05-19,2120.85,-1.33,0.98,-1.12,-0.56,0.09,-0.11,0.53,-5.44,False,False,0.0,0.0,0.0,0.0,0.0,0.0,0.0,0.0
2015-05-20,2139.54,-1.36,0.95,-1.6,-1.25,0.12,-0.21,0.39,-6.9,False,False,0.0,0.0,0.0,0.0,0.0,0.0,0.0,0.0
2015-05-21,2122.81,-1.31,0.92,-1.3,-0.6,0.23,-0.32,0.5,-5.65,False,False,0.0,0.0,0.0,0.0,0.0,0.0,0.0,0.0
2015-05-22,2146.1,-1.28,0.9,-1.64,-1.1,0.19,-0.21,0.63,-6.58,False,False,0.0,0.0,0.0,0.0,0.0,0.0,0.0,0.0
2015-05-26,2143.5,-1.18,0.82,-1.13,-0.54,0.09,-0.32,0.5,-5.29,False,False,0.0,0.0,0.0,0.0,0.0,0.0,0.0,0.0
2015-05-27,2107.5,-1.14,0.72,-1.63,-1.2,0.48,-0.32,0.24,-6.32,False,False,0.0,0.0,0.0,0.0,0.0,0.0,0.0,0.0
2015-05-28,2110.89,-1.1,0.54,-0.7,0.01,0.46,-0.1,0.22,-3.12,False,False,0.0,0.0,0.0,0.0,0.0,0.0,0.0,0.0
2015-05-29,2114.8,-1.09,0.55,-0.11,0.81,0.42,-0.1,0.32,-0.56,False,False,0.1,0.1,0.0,0.0,0.0,0.0,0.0,0.0
2015-06-01,2102.37,-1.12,0.6,-0.83,-0.84,0.53,-0.2,0.35,-4.38,False,False,0.1,0.1,0.1,0.1,0.0,0.0,0.1,0.1
2015-06-02,2078.64,-1.13,0.6,-1.54,-1.56,0.78,-0.09,0.04,-6.15,False,False,0.1,0.1,0.1,0.1,0.1,0.1,0.1,0.1
2015-06-03,2063.16,-1.14,0.56,-0.56,-0.07,0.91,0.05,-0.11,-2.23,False,False,0.2,0.1,0.1,0.1,0.1,0.1,0.1,0.1
2015-06-04,2072.86,-1.1,0.56,-0.23,0.04,0.67,0.16,0.14,-1.48,False,False,0.3,0.1,0.2,0.1,0.1,0.1,0.2,0.1
2015-06-05,2068.1,-1.15,0.62,-0.67,-0.2,0.64,0.16,0.09,-3.03,False,False,0.1,0.0,0.3,0.1,0.1,0.1,0.3,0.1
2015-06-08,2065.19,-1.11,0.64,-1.31,-1.1,0.64,0.16,-0.06,-5.4,False,False,0.1,0.0,0.1,0.0,0.1,0.1,0.1,0.0
2015-06-09,2064.03,-1.03,0.6,-0.93,-0.66,0.57,0.16,-0.21,-4.21,False,False,0.1,0.0,0.1,0.0,0.1,0.0,0.1,0.0
2015-06-10,2051.32,-1.01,0.55,-0.7,-0.08,0.67,0.16,-0.08,-2.66,False,False,0.1,0.0,0.1,0.0,0.1,0.0,0.1,0.0
2015-06-11,2056.61,-0.99,0.46,-0.11,0.6,0.49,0.26,0.01,-0.47,False,False,0.2,0.1,0.1,0.0,0.1,0.0,0.1,0.0
2015-06-12,2052.17,-0.98,0.4,0.22,0.75,0.47,0.26,0.35,0.68,False,False,0.4,0.2,0.2,0.1,0.1,0.0,0.2,0.1
2015-06-15,2042.32,-0.97,0.36,0.03,0.59,0.46,0.26,0.6,0.08,False,False,0.6,0.3,0.4,0.2,0.1,0.0,0.4,0.2
2015-06-16,2028.72,-0.97,0.31,-0.37,0.22,0.49,0.27,0.66,-1.41,False,False,0.7,0.3,0.6,0.3,0.6,0.3,0.6,0.3
2015-06-17,2034.86,-0.87,0.21,0.24,0.59,0.47,0.34,0.41,0.72,False,False,0.8,0.5,0.7,0.3,0.6,0.3,0.7,0.3
2015-06-18,2041.88,-0.8,0.14,0.04,0.47,0.24,0.33,0.77,-0.1,False,False,0.9,0.5,0.8,0.5,0.6,0.3,0.8,0.5
2015-06-19,2046.96,-0.71,0.05,0.01,0.14,0.21,0.27,1.14,-0.4,False,False,0.8,0.4,0.9,0.5,0.6,0.3,0.9,0.5
2015-06-22,2055.16,-0.6,-0.08,-0.41,0.36,0.0,0.26,0.94,-1.4,False,False,0.7,0.3,0.8,0.4,0.6,0.3,0.8,0.4
2015-06-23,2081.2,-0.58,-0.2,-0.22,0.46,0.3,0.25,1.15,-0.1,False,False,0.8,0.4,0.7,0.3,0.7,0.3,0.7,0.3
2015-06-24,2085.53,-0.54,-0.23,0.2,1.29,0.0,0.03,0.84,1.39,False,False,0.8,0.5,0.8,0.4,0.7,0.3,0.8,0.4
2015-06-25,2085.06,-0.48,-0.19,-0.72,-0.31,0.0,0.02,0.72,-3.09,False,False,0.6,0.4,0.8,0.5,0.7,0.3,0.8,0.5
2015-06-26,2090.26,-0.42,-0.25,-0.9,0.06,0.0,0.02,0.34,-3.05,False,False,0.5,0.3,0.6,0.4,0.7,0.3,0.6,0.4
2015-06-29,2060.49,-0.4,-0.29,0.29,0.94,0.18,0.01,-0.05,1.33,False,False,0.6,0.5,0.5,0.3,0.7,0.3,0.5,0.3
2015-06-30,2074.2,-0.35,-0.34,-0.01,0.63,0.03,0.16,-0.15,-0.04,False,False,0.6,0.5,0.6,0.5,0.6,0.5,0.6,0.5
2015-07-01,2097.89,-0.26,-0.34,0.72,1.23,0.12,0.15,0.11,3.1,False,False,0.6,0.5,0.6,0.5,0.6,0.5,0.6,0.5
2015-07-02,2107.33,-0.21,-0.36,-0.29,0.13,0.11,-0.11,-0.02,-1.08,False,False,0.7,0.5,0.6,0.5,0.6,0.5,0.6,0.5
2015-07-03,2104.41,-0.14,-0.41,0.74,0.88,0.11,-0.13,0.02,2.71,False,False,0.9,0.7,0.7,0.5,0.6,0.5,0.7,0.5
2015-07-06,2053.93,-0.14,-0.44,0.46,0.98,1.31,-0.12,0.09,4.35,False,False,0.9,0.7,0.9,0.7,0.6,0.5,0.9,0.7
2015-07-07,2040.29,-0.2,-0.49,-0.15,0.38,1.46,0.27,-0.14,2.4,False,False,0.9,0.8,0.9,0.7,0.9,0.7,0.9,0.7
2015-07-08,2016.21,-0.23,-0.48,-0.49,-0.24,1.79,0.28,-0.61,0.98,False,False,0.9,0.8,0.9,0.8,0.9,0.7,0.9,0.8
2015-07-09,2027.81,-0.18,-0.55,0.21,0.44,1.73,0.41,-0.62,3.64,False,False,1.0,1.0,0.9,0.8,0.9,0.7,0.9,0.8
2015-07-10,2031.17,-0.07,-0.61,0.17,0.41,1.68,0.35,-0.52,3.66,False,False,1.0,1.0,1.0,1.0,0.9,0.7,1.0,1.0
2015-07-13,2061.52,-0.08,-0.61,0.32,0.86,1.66,0.35,-0.47,4.51,False,False,1.0,1.0,1.0,1.0,0.9,0.7,1.0,1.0
2015-07-14,2059.23,-0.06,-0.63,-0.2,0.54,1.58,0.15,-0.67,2.69,False,False,1.0,1.0,1.0,1.0,1.0,1.0,1.0,1.0
2015-07-15,2072.91,-0.1,-0.59,0.29,0.99,1.44,0.15,-0.89,3.94,False,False,1.0,1.0,1.0,1.0,1.0,1.0,1.0,1.0
2015-07-16,2087.89,-0.23,-0.51,0.25,0.76,1.26,0.14,-0.8,3.04,False,False,1.0,1.0,1.0,1.0,1.0,1.0,1.0,1.0
2015-07-17,2076.79,-0.23,-0.43,0.21,0.73,1.41,0.0,-0.73,3.17,False,False,1.0,1.0,1.0,1.0,1.0,1.0,1.0,1.0
2015-07-20,2073.31,-0.35,-0.43,-0.57,-0.14,1.42,0.02,-0.91,-0.34,False,False,1.0,0.9,1.0,1.0,1.0,1.0,1.0,1.0
2015-07-21,2083.62,-0.35,-0.43,1.2,1.35,1.14,0.14,-1.15,5.15,False,False,1.0,0.9,1.0,0.9,1.0,0.9,1.0,0.9
2015-07-22,2064.73,-0.35,-0.49,1.11,1.01,1.4,0.01,-1.33,4.87,False,False,1.0,0.9,1.0,0.9,1.0,0.9,1.0,0.9
2015-07-23,2065.07,-0.34,-0.62,-0.63,-0.44,1.37,0.15,-1.59,-1.37,False,False,0.9,0.7,1.0,0.9,1.0,0.9,1.0,0.9
2015-07-24,2045.96,-0.32,-0.68,-0.74,-0.16,1.61,0.15,-1.66,-0.78,False,False,0.8,0.6,0.9,0.7,1.0,0.9,0.9,0.7
2015-07-27,2038.81,-0.32,-0.78,-0.77,-0.25,1.41,0.28,-2.07,-1.55,False,False,0.7,0.5,0.8,0.6,1.0,0.9,0.8,0.6
2015-07-28,2039.1,-0.28,-0.82,-1.86,-1.42,1.23,0.28,-2.08,-5.6,False,False,0.5,0.3,0.7,0.5,0.7,0.5,0.7,0.5
2015-07-29,2037.62,-0.24,-0.87,-1.51,-0.98,1.0,0.28,-1.7,-4.61,False,False,0.3,0.1,0.5,0.3,0.7,0.5,0.5,0.3
2015-07-30,2019.03,-0.23,-0.92,-0.94,-0.22,1.07,0.35,-1.67,-2.2,False,False,0.3,0.1,0.3,0.1,0.7,0.5,0.3,0.1
2015-07-31,2030.16,-0.16,-0.97,-0.98,-0.44,1.06,0.42,-2.24,-2.72,False,False,0.2,0.0,0.3,0.1,0.7,0.5,0.3,0.1
2015-08-03,2008.49,-0.19,-0.91,-1.1,-0.55,0.5,0.45,-2.43,-4.21,False,False,0.1,0.0,0.2,0.0,0.7,0.5,0.2,0.0
2015-08-04,2027.99,-0.16,-0.86,-1.39,-0.71,0.56,0.58,-2.18,-4.67,False,False,0.1,0.0,0.1,0.0,0.1,0.0,0.1,0.0
2015-08-05,2029.76,-0.1,-0.83,-0.46,-0.1,0.33,0.48,-1.88,-1.97,False,False,0.1,0.0,0.1,0.0,0.1,0.0,0.1,0.0
2015-08-06,2013.29,-0.11,-0.78,-0.57,-0.02,0.42,0.48,-1.79,-1.93,False,False,0.1,0.0,0.1,0.0,0.1,0.0,0.1,0.0
2015-08-07,2010.23,-0.2,-0.75,-1.37,-0.77,0.42,0.51,-1.67,-4.77,False,False,0.1,0.0,0.1,0.0,0.1,0.0,0.1,0.0
2015-08-10,2003.17,-0.21,-0.73,-1.06,-0.56,0.0,0.58,-1.26,-4.42,False,False,0.1,0.0,0.1,0.0,0.1,0.0,0.1,0.0
2015-08-11,1986.65,-0.2,-0.75,-1.07,-0.45,0.02,0.59,-1.2,-4.23,False,False,0.1,0.0,0.1,0.0,0.1,0.0,0.1,0.0
2015-08-12,1975.47,-0.18,-0.75,-0.89,-0.24,0.0,0.66,-1.63,-3.71,False,False,0.1,0.0,0.1,0.0,0.1,0.0,0.1,0.0
2015-08-13,1983.46,-0.01,-0.88,-0.69,0.05,0.0,0.7,-1.44,-2.44,False,False,0.0,0.0,0.1,0.0,0.1,0.0,0.1,0.0
2015-08-17,1968.52,0.03,-0.98,-0.74,-0.14,0.0,0.66,-1.54,-2.83,False,False,0.0,0.0,0.0,0.0,0.1,0.0,0.0,0.0
2015-08-18,1956.26,0.17,-1.07,-0.25,0.28,0.0,0.71,-1.87,-0.88,False,False,0.2,0.0,0.0,0.0,0.0,0.0,0.0,0.0
2015-08-19,1939.38,0.23,-1.11,-0.49,0.13,0.0,0.76,-1.79,-1.52,False,False,0.3,0.1,0.2,0.0,0.0,0.0,0.2,0.0
2015-08-20,1914.55,0.29,-1.1,-0.13,0.56,0.0,0.79,-1.96,0.11,False,False,0.4,0.2,0.3,0.1,0.0,0.0,0.3,0.1
2015-08-21,1876.07,0.42,-1.11,0.02,0.78,0.46,0.84,-1.97,2.02,False,False,0.6,0.4,0.4,0.2,0.0,0.0,0.4,0.2
2015-08-24,1829.81,0.75,-1.21,0.63,1.26,1.41,0.89,-1.84,6.08,False,False,0.8,0.6,0.6,0.4,0.0,0.0,0.6,0.4
2015-08-25,1846.63,0.95,-1.38,1.03,1.64,1.83,0.9,-2.27,7.48,False,False,0.9,0.7,0.8,0.6,0.8,0.6,0.8,0.6
2015-08-26,1894.09,1.0,-1.55,1.72,2.02,2.59,0.89,-1.55,8.83,False,False,1.0,0.9,0.9,0.7,0.8,0.6,0.9,0.7
2015-08-27,1908.0,1.07,-1.68,2.8,3.0,2.52,0.86,-1.35,9.48,False,False,1.0,1.0,1.0,0.9,0.8,0.6,1.0,0.9
2015-08-28,1937.67,1.13,-1.75,2.81,2.66,2.34,0.84,-1.0,9.42,False,False,1.0,1.0,1.0,1.0,0.8,0.6,1.0,1.0
2015-08-31,1941.49,1.16,-1.75,2.74,2.42,2.26,0.78,-0.96,9.35,False,False,1.0,1.0,1.0,1.0,0.8,0.6,1.0,1.0
2015-09-01,1914.23,1.19,-1.81,2.79,2.49,2.45,0.76,-1.0,9.42,False,False,1.0,1.0,1.0,1.0,1.0,1.0,1.0,1.0
2015-09-02,1915.22,1.12,-1.8,2.05,2.08,2.44,0.81,-0.8,9.06,False,False,1.0,1.0,1.0,1.0,1.0,1.0,1.0,1.0
2015-09-03,1915.53,1.14,-1.83,2.6,2.41,2.44,0.81,-0.96,9.34,False,False,1.0,1.0,1.0,1.0,1.0,1.0,1.0,1.0
2015-09-04,1886.04,1.12,-1.86,2.34,1.98,2.59,0.81,-1.33,9.16,False,False,1.0,1.0,1.0,1.0,1.0,1.0,1.0,1.0
2015-09-07,1883.22,1.11,-1.88,1.85,1.79,2.61,0.86,-1.16,8.9,False,False,1.0,1.0,1.0,1.0,1.0,1.0,1.0,1.0
2015-09-08,1878.68,1.26,-1.97,1.7,1.81,2.63,0.86,-1.41,8.88,False,False,1.0,1.0,1.0,1.0,1.0,1.0,1.0,1.0
2015-09-09,1934.2,1.31,-2.0,1.61,1.65,2.32,0.87,-1.0,8.7,True,False,0.9,0.8,1.0,1.0,1.0,1.0,1.0,1.0
2015-09-10,1962.11,1.5,-1.99,1.46,1.53,2.09,0.73,-0.93,8.55,False,False,0.9,0.8,0.9,0.8,1.0,1.0,0.9,0.8
2015-09-11,1941.37,1.65,-1.97,1.53,1.39,2.26,0.66,-1.01,8.72,False,False,0.9,0.8,0.9,0.8,1.0,1.0,0.9,0.8
2015-09-14,1931.46,1.59,-1.92,1.74,1.39,2.34,0.72,-0.85,8.87,True,False,0.7,0.6,0.9,0.8,1.0,1.0,0.9,0.8
2015-09-15,1937.56,1.54,-1.85,1.75,1.48,2.29,0.76,-0.78,8.87,True,False,0.6,0.4,0.7,0.6,0.7,0.6,0.7,0.6
2015-09-16,1975.45,1.61,-1.89,1.5,1.42,1.96,0.73,-0.67,8.59,False,False,0.7,0.6,0.6,0.4,0.7,0.6,0.6,0.4
2015-09-17,1976.49,1.68,-1.78,1.54,1.18,1.95,0.59,-0.46,8.59,False,False,0.7,0.6,0.7,0.6,0.7,0.6,0.7,0.6
2015-09-18,1995.95,1.62,-1.65,1.02,0.88,1.74,0.59,-0.14,7.94,False,False,0.7,0.6,0.7,0.6,0.7,0.6,0.7,0.6
2015-09-21,1964.68,1.34,-1.46,1.63,1.32,1.91,0.5,-0.63,8.46,False,False,0.9,0.8,0.7,0.6,0.7,0.6,0.7,0.6
2015-09-22,1982.06,1.18,-1.35,2.07,2.06,1.71,0.65,-0.94,8.82,False,False,1.0,1.0,0.9,0.8,0.9,0.8,0.9,0.8
2015-09-23,1944.64,1.17,-1.23,1.61,1.55,1.94,0.58,-1.27,8.39,False,False,1.0,1.0,1.0,1.0,0.9,0.8,1.0,1.0
2015-09-24,1947.1,1.1,-1.2,1.76,1.64,1.86,0.71,-1.28,8.48,False,False,1.0,1.0,1.0,1.0,0.9,0.8,1.0,1.0
2015-09-25,1942.85,1.1,-1.19,1.71,1.73,1.72,0.71,-1.28,8.39,False,False,1.0,1.0,1.0,1.0,0.9,0.8,1.0,1.0
2015-09-30,1962.81,1.13,-1.28,1.94,2.18,1.63,0.71,-1.07,8.71,False,False,1.0,1.0,1.0,1.0,1.0,1.0,1.0,1.0
2015-10-01,1979.32,1.06,-1.23,1.34,1.13,1.38,0.64,-0.61,7.55,False,False,1.0,1.0,1.0,1.0,1.0,1.0,1.0,1.0
2015-10-02,1969.68,1.19,-1.17,1.67,1.51,1.45,0.57,-0.44,8.27,False,False,1.0,1.0,1.0,1.0,1.0,1.0,1.0,1.0
2015-10-05,1978.25,1.15,-1.18,1.39,0.97,1.38,0.64,-0.64,7.6,False,False,1.0,1.0,1.0,1.0,1.0,1.0,1.0,1.0
2015-10-06,1990.65,1.17,-1.15,0.89,0.89,1.08,0.57,0.04,6.84,False,False,1.0,1.0,1.0,1.0,1.0,1.0,1.0,1.0
2015-10-07,2005.84,1.26,-1.1,0.27,0.03,0.83,0.49,-0.1,4.75,False,False,1.0,1.0,1.0,1.0,1.0,1.0,1.0,1.0
2015-10-08,2019.53,1.2,-1.0,0.37,0.29,0.69,0.4,0.25,5.06,False,False,1.0,1.0,1.0,1.0,1.0,1.0,1.0,1.0
2015-10-12,2021.63,1.15,-0.85,0.6,0.65,0.39,0.37,0.2,5.36,False,False,1.0,1.0,1.0,1.0,1.0,1.0,1.0,1.0
2015-10-13,2019.05,1.05,-0.76,0.74,0.78,0.33,0.36,0.81,5.72,False,False,1.0,1.0,1.0,1.0,1.0,1.0,1.0,1.0
2015-10-14,2009.55,0.85,-0.64,0.5,0.38,0.31,0.36,0.57,4.39,False,False,1.0,1.0,1.0,1.0,1.0,1.0,1.0,1.0
2015-10-15,2033.27,0.84,-0.63,0.84,0.65,0.24,0.39,0.57,5.24,False,False,1.0,1.0,1.0,1.0,1.0,1.0,1.0,1.0
2015-10-16,2030.26,0.95,-0.6,0.89,0.72,0.26,0.22,1.15,5.77,False,False,1.0,1.0,1.0,1.0,1.0,1.0,1.0,1.0
2015-10-19,2030.27,0.94,-0.64,1.04,1.08,0.12,0.23,1.07,6.13,False,False,1.0,1.0,1.0,1.0,1.0,1.0,1.0,1.0
2015-10-20,2039.36,0.86,-0.66,0.67,0.61,0.11,0.22,1.3,4.91,False,False,1.0,1.0,1.0,1.0,1.0,1.0,1.0,1.0
2015-10-21,2042.98,0.89,-0.7,0.55,0.48,0.07,0.2,1.36,4.52,False,False,1.0,1.0,1.0,1.0,1.0,1.0,1.0,1.0
2015-10-22,2023.0,0.9,-0.76,0.52,0.48,0.01,0.08,1.23,4.27,False,False,1.0,1.0,1.0,1.0,1.0,1.0,1.0,1.0
2015-10-23,2040.4,0.97,-0.8,0.81,0.9,0.01,0.24,1.25,5.46,False,False,1.0,1.0,1.0,1.0,1.0,1.0,1.0,1.0
2015-10-26,2048.08,1.0,-0.76,0.45,0.02,0.0,0.2,1.68,3.99,False,False,1.0,1.0,1.0,1.0,1.0,1.0,1.0,1.0
2015-10-27,2044.65,0.96,-0.63,0.06,-0.28,0.0,0.07,1.45,2.53,False,False,1.0,1.0,1.0,1.0,1.0,1.0,1.0,1.0
2015-10-28,2042.51,0.95,-0.55,0.88,0.89,0.0,0.07,1.35,5.61,False,False,1.0,1.0,1.0,1.0,1.0,1.0,1.0,1.0
2015-10-29,2034.16,0.97,-0.53,0.81,0.98,0.0,0.07,1.59,5.7,False,False,1.0,1.0,1.0,1.0,1.0,1.0,1.0,1.0
2015-10-30,2029.47,1.0,-0.55,1.29,1.35,0.0,0.21,1.62,6.87,False,False,1.0,1.0,1.0,1.0,1.0,1.0,1.0,1.0
2015-11-02,2035.24,0.9,-0.58,1.72,1.97,0.0,0.22,1.67,7.68,False,False,1.0,1.0,1.0,1.0,1.0,1.0,1.0,1.0
2015-11-03,2048.4,0.79,-0.49,1.04,1.34,-0.0,0.2,1.56,6.18,False,False,1.0,1.0,1.0,1.0,1.0,1.0,1.0,1.0
2015-11-04,2052.77,0.81,-0.48,0.89,1.14,-0.0,0.06,1.45,5.71,False,False,1.0,1.0,1.0,1.0,1.0,1.0,1.0,1.0
2015-11-05,2049.41,0.76,-0.47,0.99,1.18,0.0,0.05,1.87,5.97,False,False,1.0,1.0,1.0,1.0,1.0,1.0,1.0,1.0
2015-11-06,2041.07,0.71,-0.52,0.56,0.88,0.0,0.05,1.66,4.68,False,False,1.0,1.0,1.0,1.0,1.0,1.0,1.0,1.0
2015-11-09,2025.7,0.67,-0.57,0.61,1.05,0.0,0.06,1.47,4.83,False,False,1.0,1.0,1.0,1.0,1.0,1.0,1.0,1.0
2015-11-10,1996.59,0.56,-0.6,0.34,0.51,0.0,0.23,0.85,3.15,False,False,1.0,1.0,1.0,1.0,1.0,1.0,1.0,1.0
2015-11-11,1997.27,0.52,-0.64,0.72,0.91,0.0,0.48,1.08,4.55,False,False,1.0,1.0,1.0,1.0,1.0,1.0,1.0,1.0
2015-11-12,1993.36,0.53,-0.69,1.32,1.66,0.0,0.48,1.09,6.37,False,False,1.0,1.0,1.0,1.0,1.0,1.0,1.0,1.0
2015-11-13,1973.29,0.47,-0.77,1.56,1.76,0.0,0.48,0.85,6.64,False,False,1.0,1.0,1.0,1.0,1.0,1.0,1.0,1.0
2015-11-16,1943.02,0.42,-0.78,1.21,1.45,0.0,0.58,0.7,5.71,False,False,1.0,1.0,1.0,1.0,1.0,1.0,1.0,1.0
2015-11-17,1963.58,0.43,-0.86,0.96,1.19,0.0,0.71,0.97,5.13,False,False,1.0,1.0,1.0,1.0,1.0,1.0,1.0,1.0
2015-11-18,1962.88,0.44,-0.89,0.88,1.1,0.0,0.64,0.93,4.85,False,False,1.0,1.0,1.0,1.0,1.0,1.0,1.0,1.0
2015-11-19,1988.91,0.42,-0.92,1.07,1.22,0.04,0.64,0.99,5.35,False,False,1.0,1.0,1.0,1.0,1.0,1.0,1.0,1.0
2015-11-20,1989.86,0.53,-0.71,0.64,0.72,0.0,0.48,1.33,4.26,False,False,1.0,1.0,1.0,1.0,1.0,1.0,1.0,1.0
2015-11-23,2003.7,0.53,-0.8,0.77,0.93,0.01,0.48,1.41,4.77,False,False,1.0,1.0,1.0,1.0,1.0,1.0,1.0,1.0
2015-11-24,2016.29,0.58,-0.87,0.38,0.54,0.02,0.46,1.37,3.58,False,False,1.0,1.0,1.0,1.0,1.0,1.0,1.0,1.0
2015-11-25,2009.42,0.65,-0.9,0.81,0.86,0.03,0.34,1.6,5.02,False,False,1.0,1.0,1.0,1.0,1.0,1.0,1.0,1.0
2015-11-26,2030.68,0.53,-0.87,0.66,0.53,0.04,0.36,1.85,4.24,False,False,1.0,1.0,1.0,1.0,1.0,1.0,1.0,1.0
2015-11-27,2028.99,0.57,-0.77,1.08,0.78,0.04,0.19,2.06,5.45,False,False,1.0,1.0,1.0,1.0,1.0,1.0,1.0,1.0
2015-11-30,1991.97,0.6,-0.73,0.19,-0.25,0.23,0.19,1.27,2.38,False,False,1.0,1.0,1.0,1.0,1.0,1.0,1.0,1.0
2015-12-01,2023.93,0.66,-0.88,-0.28,-1.02,0.16,0.47,1.39,0.21,False,False,1.0,0.9,1.0,1.0,1.0,1.0,1.0,1.0
2015-12-02,2009.29,0.64,-0.82,-0.47,-1.27,0.25,0.21,1.15,-0.71,False,False,0.9,0.8,1.0,0.9,1.0,1.0,1.0,0.9
2015-12-03,1994.07,0.64,-0.95,-0.08,-1.04,0.34,0.37,1.0,0.74,False,False,0.9,0.7,0.9,0.8,1.0,1.0,0.9,0.8
2015-12-04,1974.4,0.65,-1.03,0.12,-0.92,0.47,0.48,1.16,1.75,False,False,0.9,0.7,0.9,0.7,1.0,1.0,0.9,0.7
2015-12-07,1963.67,0.76,-1.15,-0.13,-0.71,0.5,0.58,0.96,1.69,False,False,0.9,0.7,0.9,0.7,1.0,1.0,0.9,0.7
2015-12-08,1949.04,0.8,-1.21,-0.18,-1.07,0.48,0.65,1.0,1.13,False,False,0.9,0.8,0.9,0.7,0.9,0.7,0.9,0.7
2015-12-09,1948.24,0.88,-1.26,-0.59,-1.32,0.48,0.71,0.83,-0.16,False,False,1.0,0.8,0.9,0.8,0.9,0.7,0.9,0.8
2015-12-10,1952.07,0.98,-1.29,-0.49,-0.97,0.47,0.71,0.79,0.79,False,False,1.0,0.8,1.0,0.8,0.9,0.7,1.0,0.8
2015-12-11,1948.62,1.04,-1.31,-0.47,-0.84,0.42,0.65,1.24,1.29,False,False,1.0,0.8,1.0,0.8,0.9,0.7,1.0,0.8
2015-12-14,1927.82,1.09,-1.3,-0.29,-0.7,0.39,0.71,0.79,1.79,False,False,1.0,0.8,1.0,0.8,0.9,0.7,1.0,0.8
2015-12-15,1932.97,1.18,-1.34,0.11,-0.33,0.28,0.78,0.66,3.24,False,False,1.0,0.8,1.0,0.8,1.0,0.8,1.0,0.8
2015-12-16,1969.4,1.19,-1.4,-0.08,-0.59,0.42,0.74,0.86,2.74,False,False,1.0,0.9,1.0,0.8,1.0,0.8,1.0,0.8
2015-12-17,1977.96,1.42,-1.41,-0.3,-0.9,0.3,0.56,0.79,2.0,False,False,1.0,1.0,1.0,0.9,1.0,0.8,1.0,0.9
2015-12-18,1975.32,1.4,-1.51,-0.28,-0.86,0.31,0.55,0.48,1.85,False,False,1.0,1.0,1.0,1.0,1.0,0.8,1.0,1.0
2015-12-21,1981.19,1.39,-1.48,0.18,-0.36,0.26,0.55,0.54,3.56,False,False,1.0,1.0,1.0,1.0,1.0,0.8,1.0,1.0
2015-12-22,1992.56,1.4,-1.53,0.1,-0.54,0.22,0.54,0.51,3.04,False,False,1.0,1.0,1.0,1.0,1.0,1.0,1.0,1.0
2015-12-23,1999.22,1.41,-1.49,0.68,0.18,0.2,0.45,0.35,5.03,False,False,1.0,1.0,1.0,1.0,1.0,1.0,1.0,1.0
2015-12-24,1990.65,1.58,-1.45,0.42,-0.34,0.17,0.44,0.3,4.22,False,False,1.0,1.0,1.0,1.0,1.0,1.0,1.0,1.0
2015-12-28,1964.06,1.7,-1.45,-0.23,-0.91,0.33,0.45,0.8,2.8,False,False,1.0,1.0,1.0,1.0,1.0,1.0,1.0,1.0
2015-12-29,1966.31,1.74,-1.45,0.14,-0.46,0.14,0.63,0.98,4.13,False,False,1.0,1.0,1.0,1.0,1.0,1.0,1.0,1.0
2015-12-30,1961.31,1.61,-1.33,0.64,-0.16,0.0,0.62,1.06,5.06,False,False,1.0,1.0,1.0,1.0,1.0,1.0,1.0,1.0
2016-01-04,1918.76,1.47,-1.36,0.9,0.12,0.26,0.63,1.04,5.91,False,False,1.0,1.0,1.0,1.0,1.0,1.0,1.0,1.0
2016-01-05,1930.53,1.3,-1.3,1.45,0.55,0.27,0.79,0.51,6.76,False,False,1.0,1.0,1.0,1.0,1.0,1.0,1.0,1.0
2016-01-06,1925.43,1.38,-1.31,1.34,0.58,0.21,0.77,0.46,6.68,False,False,1.0,1.0,1.0,1.0,1.0,1.0,1.0,1.0
2016-01-07,1904.33,1.27,-1.13,1.01,0.17,0.3,0.78,-0.03,5.63,False,False,1.0,1.0,1.0,1.0,1.0,1.0,1.0,1.0
2016-01-08,1917.62,1.28,-1.16,0.46,-0.27,0.31,0.83,-0.01,4.11,False,False,1.0,1.0,1.0,1.0,1.0,1.0,1.0,1.0
2016-01-11,1894.84,1.3,-1.15,1.06,0.61,0.44,0.79,-0.52,6.2,False,False,1.0,1.0,1.0,1.0,1.0,1.0,1.0,1.0
2016-01-12,1890.86,1.27,-1.14,1.03,0.7,0.43,0.86,-0.36,6.26,False,False,1.0,1.0,1.0,1.0,1.0,1.0,1.0,1.0
2016-01-13,1916.28,1.19,-1.15,0.89,0.62,0.56,0.86,-0.9,5.83,False,False,1.0,1.0,1.0,1.0,1.0,1.0,1.0,1.0
2016-01-14,1900.01,1.26,-1.13,0.63,0.37,0.56,0.8,-0.6,5.34,False,False,1.0,1.0,1.0,1.0,1.0,1.0,1.0,1.0
2016-01-15,1878.87,1.16,-1.21,0.21,-0.03,0.68,0.83,-1.34,3.72,False,False,1.0,1.0,1.0,1.0,1.0,1.0,1.0,1.0
2016-01-18,1878.45,1.05,-1.19,0.34,0.09,0.28,0.88,-1.21,3.28,False,False,1.0,1.0,1.0,1.0,1.0,1.0,1.0,1.0
2016-01-19,1889.64,1.02,-1.27,0.73,0.27,0.29,0.88,-1.09,4.33,False,False,1.0,1.0,1.0,1.0,1.0,1.0,1.0,1.0
2016-01-20,1845.45,1.01,-1.34,0.77,0.3,0.74,0.85,-1.61,4.88,False,False,1.0,1.0,1.0,1.0,1.0,1.0,1.0,1.0
2016-01-21,1840.53,0.89,-1.35,0.96,0.48,0.7,0.89,-1.68,5.13,False,False,1.0,1.0,1.0,1.0,1.0,1.0,1.0,1.0
2016-01-22,1879.43,0.96,-1.41,0.66,0.33,1.05,0.89,-1.62,5.06,False,False,1.0,1.0,1.0,1.0,1.0,1.0,1.0,1.0
2016-01-25,1893.43,1.02,-1.46,0.32,0.09,1.04,0.87,-1.2,4.37,False,False,1.0,1.0,1.0,1.0,1.0,1.0,1.0,1.0
2016-01-26,1871.69,1.0,-1.48,0.15,-0.03,1.16,0.84,-0.93,4.09,False,False,1.0,1.0,1.0,1.0,1.0,1.0,1.0,1.0
2016-01-27,1897.87,0.83,-1.5,0.96,0.61,1.15,0.87,-1.18,5.9,False,False,1.0,1.0,1.0,1.0,1.0,1.0,1.0,1.0
2016-01-28,1906.94,0.87,-1.47,0.98,0.51,1.11,0.83,-1.38,5.78,False,False,1.0,1.0,1.0,1.0,1.0,1.0,1.0,1.0
2016-01-29,1912.06,1.6,-1.44,1.04,0.73,1.08,0.8,-1.35,7.1,False,False,1.0,1.0,1.0,1.0,1.0,1.0,1.0,1.0
2016-02-01,1924.82,1.61,-1.33,0.15,-0.13,0.77,0.78,-1.23,4.5,False,False,1.0,1.0,1.0,1.0,1.0,1.0,1.0,1.0
2016-02-02,1906.6,1.66,-1.2,0.19,-0.01,0.86,0.74,-1.27,4.97,False,False,1.0,1.0,1.0,1.0,1.0,1.0,1.0,1.0
2016-02-03,1890.67,1.6,-1.16,0.46,-0.02,0.95,0.79,-1.09,5.57,False,False,1.0,1.0,1.0,1.0,1.0,1.0,1.0,1.0
2016-02-04,1916.26,1.64,-1.26,0.04,-0.48,0.89,0.83,-1.4,4.1,False,False,1.0,1.0,1.0,1.0,1.0,1.0,1.0,1.0
2016-02-05,1917.79,1.72,-1.15,0.47,0.18,0.85,0.8,-0.84,5.93,False,False,1.0,1.0,1.0,1.0,1.0,1.0,1.0,1.0
2016-02-11,1861.54,1.88,-1.12,0.18,-0.02,1.51,0.74,-0.85,6.36,False,False,1.0,1.0,1.0,1.0,1.0,1.0,1.0,1.0
2016-02-12,1835.28,1.86,-1.15,0.19,-0.07,1.66,0.68,-1.2,6.37,False,True,1.0,1.0,1.0,1.0,1.0,1.0,1.0,1.0
2016-02-15,1862.2,1.99,-1.17,1.01,0.87,1.52,0.74,-1.08,8.03,False,True,1.0,1.0,1.0,1.0,1.0,1.0,1.0,1.0
2016-02-16,1888.3,2.0,-1.18,1.22,1.09,1.45,0.67,-1.04,8.28,False,True,1.0,1.0,1.0,1.0,1.0,1.0,1.0,1.0
2016-02-17,1883.94,2.03,-1.07,1.47,1.3,1.39,0.62,-0.78,8.58,False,True,1.0,1.0,1.0,1.0,1.0,1.0,1.0,1.0
2016-02-18,1908.84,2.06,-1.01,1.73,1.36,1.29,0.63,-1.1,8.7,False,True,1.0,1.0,1.0,1.0,1.0,1.0,1.0,1.0
2016-02-19,1916.24,2.0,-0.88,1.11,0.57,1.21,0.55,-1.2,7.73,False,False,1.0,1.0,1.0,1.0,1.0,1.0,1.0,1.0
2016-02-22,1916.36,1.92,-0.74,0.63,0.02,0.91,0.51,-1.15,6.37,False,False,1.0,1.0,1.0,1.0,1.0,1.0,1.0,1.0
2016-02-23,1914.22,1.93,-0.66,0.57,0.14,0.91,0.51,-0.79,6.53,False,False,1.0,1.0,1.0,1.0,1.0,1.0,1.0,1.0
2016-02-24,1912.53,1.83,-0.57,0.88,0.52,0.72,0.51,-0.77,6.94,False,False,1.0,1.0,1.0,1.0,1.0,1.0,1.0,1.0
2016-02-25,1918.57,1.71,-0.53,1.5,1.11,0.67,0.51,-1.06,7.81,False,False,1.0,1.0,1.0,1.0,1.0,1.0,1.0,1.0
2016-02-26,1920.16,1.63,-0.48,0.99,0.54,0.57,0.49,-1.05,6.62,False,False,1.0,1.0,1.0,1.0,1.0,1.0,1.0,1.0
2016-02-29,1916.66,1.67,-0.39,1.46,1.14,0.49,0.48,-1.17,7.6,False,False,1.0,1.0,1.0,1.0,1.0,1.0,1.0,1.0
2016-03-02,1947.42,1.51,-0.32,1.24,0.91,0.47,0.5,-1.37,6.94,False,False,1.0,1.0,1.0,1.0,1.0,1.0,1.0,1.0
2016-03-03,1958.17,1.07,-0.17,0.93,0.78,0.42,0.33,-1.06,5.75,False,False,1.0,1.0,1.0,1.0,1.0,1.0,1.0,1.0
2016-03-04,1955.63,0.97,-0.03,1.22,0.83,0.42,0.32,-0.79,6.24,False,False,1.0,1.0,1.0,1.0,1.0,1.0,1.0,1.0
2016-03-07,1957.87,0.91,0.01,0.98,0.59,0.35,0.32,-0.78,5.43,False,False,1.0,1.0,1.0,1.0,1.0,1.0,1.0,1.0
2016-03-08,1946.12,0.83,0.08,0.81,0.19,0.36,0.35,-0.69,4.59,False,False,1.0,1.0,1.0,1.0,1.0,1.0,1.0,1.0
2016-03-09,1952.95,0.79,0.1,1.12,0.77,0.28,0.37,-0.58,5.68,False,False,1.0,1.0,1.0,1.0,1.0,1.0,1.0,1.0
2016-03-10,1969.33,0.74,0.11,1.1,0.77,0.17,0.35,-0.65,5.36,False,False,1.0,1.0,1.0,1.0,1.0,1.0,1.0,1.0
2016-03-11,1971.41,0.37,0.31,0.72,0.47,0.0,0.25,-0.31,3.42,False,False,1.0,1.0,1.0,1.0,1.0,1.0,1.0,1.0
2016-03-14,1972.27,0.29,0.43,0.58,0.15,0.0,0.25,0.04,2.71,False,False,1.0,1.0,1.0,1.0,1.0,1.0,1.0,1.0
2016-03-15,1969.97,0.09,0.57,0.18,-0.29,0.0,0.25,0.1,0.71,False,False,1.0,0.9,1.0,1.0,1.0,1.0,1.0,1.0
2016-03-16,1974.9,-0.03,0.66,0.45,0.22,0.0,0.26,-0.07,1.79,False,False,1.0,0.9,1.0,0.9,1.0,1.0,1.0,0.9
2016-03-17,1987.99,-0.09,0.69,0.59,0.23,0.0,0.24,0.07,2.08,False,False,1.0,0.9,1.0,0.9,1.0,1.0,1.0,0.9
2016-03-18,1992.12,-0.17,0.96,0.53,0.38,0.0,0.15,1.22,2.57,False,False,1.0,0.9,1.0,0.9,1.0,1.0,1.0,0.9
2016-03-21,1989.76,-0.35,1.04,0.5,0.44,0.0,0.13,1.24,2.2,False,False,1.0,0.9,1.0,0.9,1.0,1.0,1.0,0.9
2016-03-22,1996.81,-0.47,1.08,0.46,0.45,0.0,0.13,1.04,1.76,False,False,1.0,1.0,1.0,0.9,1.0,0.9,1.0,0.9
2016-03-23,1995.12,-0.49,1.12,0.72,0.62,0.0,0.12,1.29,2.7,False,False,1.0,1.0,1.0,1.0,1.0,0.9,1.0,1.0
2016-03-24,1985.97,-0.53,1.15,0.39,0.15,0.0,0.13,1.21,1.13,False,False,1.0,1.0,1.0,1.0,1.0,0.9,1.0,1.0
2016-03-25,1983.81,-0.61,1.19,0.32,0.14,0.0,0.13,0.85,0.57,False,False,1.0,0.9,1.0,1.0,1.0,0.9,1.0,1.0
2016-03-28,1982.54,-0.65,1.19,1.33,1.17,0.0,0.13,0.83,4.24,False,False,1.0,0.9,1.0,0.9,1.0,0.9,1.0,0.9
2016-03-29,1994.91,-0.73,1.15,0.17,0.03,0.0,0.13,1.08,-0.17,False,False,1.0,0.8,1.0,0.9,1.0,0.9,1.0,0.9
2016-03-30,2002.14,-0.72,1.17,0.26,-0.02,-0.0,0.12,0.97,-0.03,False,False,0.9,0.7,1.0,0.8,1.0,0.9,1.0,0.8
2016-03-31,1995.85,-0.74,1.11,0.16,-0.14,0.0,0.01,1.45,-0.36,False,False,0.9,0.6,0.9,0.7,1.0,0.9,0.9,0.7
2016-04-01,1973.57,-0.68,0.92,0.12,-0.34,0.0,0.12,1.43,-0.67,False,False,0.8,0.5,0.9,0.6,1.0,0.9,0.9,0.6
2016-04-04,1978.97,-0.71,0.81,-0.02,-0.48,0.0,0.23,1.16,-1.43,False,False,0.7,0.3,0.8,0.5,1.0,0.9,0.8,0.5
2016-04-05,1962.74,-0.77,0.79,0.57,0.35,0.0,0.22,1.06,1.07,False,False,0.8,0.4,0.7,0.3,0.7,0.3,0.7,0.3
2016-04-06,1971.32,-0.8,0.76,0.59,0.27,0.0,0.24,0.84,0.81,False,False,0.8,0.5,0.8,0.4,0.7,0.3,0.8,0.4
2016-04-07,1973.89,-0.87,0.81,-0.02,-0.6,0.0,0.23,0.8,-2.16,False,False,0.7,0.4,0.8,0.5,0.7,0.3,0.8,0.5
2016-04-08,1972.05,-0.81,0.74,-0.55,-1.16,0.0,0.23,0.99,-3.94,False,False,0.5,0.3,0.7,0.4,0.7,0.3,0.7,0.4
2016-04-11,1970.37,-0.83,0.77,-0.4,-1.33,0.0,0.23,1.47,-3.67,False,False,0.5,0.3,0.5,0.3,0.7,0.3,0.5,0.3
2016-04-12,1981.32,-0.83,0.77,-0.85,-1.62,0.0,0.23,1.55,-4.89,False,False,0.3,0.1,0.5,0.3,0.5,0.3,0.5,0.3
2016-04-14,2015.93,-0.82,0.78,-0.5,-1.23,-0.0,0.12,1.87,-3.59,False,False,0.1,0.0,0.3,0.1,0.5,0.3,0.3,0.1
2016-04-15,2014.71,-0.72,0.95,-0.46,-0.94,0.0,-0.13,1.68,-3.01,False,False,0.0,0.0,0.1,0.0,0.5,0.3,0.1,0.0
2016-04-18,2009.1,-0.69,0.83,-0.63,-1.22,0.0,-0.13,1.78,-3.7,False,False,0.0,0.0,0.0,0.0,0.5,0.3,0.0,0.0
2016-04-19,2011.36,-0.66,0.85,-0.4,-0.96,0.0,-0.01,1.75,-2.73,False,False,0.0,0.0,0.0,0.0,0.0,0.0,0.0,0.0
2016-04-20,2005.83,-0.53,0.85,0.09,-0.41,0.0,-0.01,2.35,-0.14,False,False,0.2,0.1,0.0,0.0,0.0,0.0,0.0,0.0
2016-04-21,2022.1,-0.56,0.86,0.39,0.02,-0.0,-0.01,2.15,1.1,False,False,0.4,0.3,0.2,0.1,0.0,0.0,0.2,0.1
2016-04-22,2015.49,-0.5,0.94,0.26,0.09,0.0,-0.14,2.24,1.07,False,False,0.6,0.4,0.4,0.3,0.0,0.0,0.4,0.3
2016-04-25,2014.55,-0.51,1.0,0.53,0.31,0.0,-0.14,2.1,1.96,False,False,0.8,0.6,0.6,0.4,0.0,0.0,0.6,0.4
2016-04-26,2019.63,-0.61,1.11,0.17,-0.35,0.0,-0.02,1.85,-0.16,False,False,0.9,0.7,0.8,0.6,0.8,0.6,0.8,0.6
2016-04-27,2015.4,-0.64,1.18,0.08,-0.47,0.0,-0.15,1.6,-0.78,False,False,0.9,0.7,0.9,0.7,0.8,0.6,0.9,0.7
2016-04-28,2000.93,-0.71,1.22,0.17,-0.47,0.0,-0.14,1.88,-0.57,False,False,0.8,0.6,0.9,0.7,0.8,0.6,0.9,0.7
2016-04-29,1994.15,-0.7,1.18,0.94,0.56,0.0,-0.01,1.99,2.93,False,False,0.8,0.6,0.8,0.6,0.8,0.6,0.8,0.6
2016-05-02,1978.15,-0.83,1.26,0.67,0.47,0.0,0.09,1.63,1.77,False,False,0.8,0.6,0.8,0.6,0.8,0.6,0.8,0.6
2016-05-03,1986.41,-0.92,1.32,0.48,0.38,0.0,0.92,1.68,1.43,False,False,0.9,0.7,0.8,0.6,0.8,0.6,0.8,0.6
2016-05-04,1976.71,-0.92,1.36,0.22,-0.37,0.0,0.9,1.68,-0.33,False,False,0.9,0.7,0.9,0.7,0.8,0.6,0.9,0.7
2016-05-09,1967.81,-1.1,1.45,-0.08,-0.73,0.0,0.92,1.27,-2.19,False,False,0.8,0.7,0.9,0.7,0.8,0.6,0.9,0.7
2016-05-10,1982.5,-1.23,1.4,0.25,-0.36,0.0,0.93,1.16,-1.24,False,False,0.7,0.5,0.8,0.7,0.8,0.7,0.8,0.7
2016-05-11,1980.1,-1.13,1.35,0.18,0.01,0.0,0.9,1.15,-0.65,False,False,0.7,0.4,0.7,0.5,0.8,0.7,0.7,0.5
2016-05-12,1977.49,-1.15,1.32,0.05,-0.1,0.0,0.91,1.19,-1.2,False,False,0.6,0.2,0.7,0.4,0.8,0.7,0.7,0.4
2016-05-13,1966.99,-1.17,1.34,-0.37,-0.78,0.0,0.91,1.31,-3.13,False,False,0.4,0.1,0.6,0.2,0.8,0.7,0.6,0.2
2016-05-16,1967.91,-1.18,1.29,0.29,0.04,0.0,0.92,1.33,-0.4,False,False,0.5,0.2,0.4,0.1,0.8,0.7,0.4,0.1
2016-05-17,1968.06,-1.27,1.17,0.1,-0.23,0.0,0.92,0.72,-1.85,False,False,0.5,0.2,0.5,0.2,0.5,0.2,0.5,0.2
2016-05-18,1956.73,-1.35,1.13,-0.19,-0.34,0.0,0.92,0.74,-2.87,False,False,0.3,0.1,0.5,0.2,0.5,0.2,0.5,0.2
2016-05-19,1946.78,-1.38,1.11,-0.24,-0.43,0.0,0.95,0.71,-3.18,False,False,0.2,0.1,0.3,0.1,0.5,0.2,0.3,0.1
2016-05-20,1947.67,-1.47,1.14,-0.25,-0.8,0.0,0.95,0.76,-3.86,False,False,0.2,0.1,0.2,0.1,0.5,0.2,0.2,0.1
2016-05-23,1955.25,-1.43,1.09,0.06,-0.61,0.0,0.95,0.89,-2.82,False,False,0.1,0.0,0.2,0.1,0.5,0.2,0.2,0.1
2016-05-24,1937.68,-1.47,1.05,-1.25,-1.96,0.0,0.94,1.06,-6.76,False,False,0.0,0.0,0.1,0.0,0.1,0.0,0.1,0.0
2016-05-25,1960.51,-1.45,1.01,-0.84,-1.87,0.0,0.95,1.2,-6.02,False,False,0.0,0.0,0.0,0.0,0.1,0.0,0.0,0.0
2016-05-26,1957.06,-1.35,1.0,-0.52,-1.34,0.0,0.94,1.36,-4.65,False,False,0.0,0.0,0.0,0.0,0.1,0.0,0.0,0.0
2016-05-27,1969.17,-1.31,0.95,-0.21,-0.85,0.0,0.94,1.47,-3.26,False,False,0.0,0.0,0.0,0.0,0.1,0.0,0.0,0.0
2016-05-30,1967.13,-1.25,0.96,-0.59,-1.08,0.0,0.91,1.33,-4.32,False,False,0.0,0.0,0.0,0.0,0.1,0.0,0.0,0.0
2016-05-31,1983.4,-1.32,1.05,-0.17,-0.81,0.0,0.91,1.19,-3.25,False,False,0.0,0.0,0.0,0.0,0.0,0.0,0.0,0.0
2016-06-01,1982.72,-1.18,0.99,-0.76,-1.73,0.0,0.87,1.36,-5.24,False,False,0.0,0.0,0.0,0.0,0.0,0.0,0.0,0.0
2016-06-02,1985.11,-1.2,1.07,-0.95,-1.63,0.0,0.87,1.33,-5.49,False,False,0.0,0.0,0.0,0.0,0.0,0.0,0.0,0.0
2016-06-03,1985.84,-1.24,1.15,-0.67,-1.6,0.0,0.87,1.32,-5.0,False,False,0.0,0.0,0.0,0.0,0.0,0.0,0.0,0.0
2016-06-07,2011.63,-0.99,1.06,-0.17,-1.01,0.0,0.87,1.39,-2.7,False,False,0.0,0.0,0.0,0.0,0.0,0.0,0.0,0.0
2016-06-08,2027.08,-0.94,1.12,-0.11,-0.68,-0.0,0.82,1.78,-1.76,False,False,0.1,0.0,0.0,0.0,0.0,0.0,0.0,0.0
2016-06-09,2024.17,-0.93,1.16,-1.02,-1.82,0.0,0.79,1.55,-5.27,False,False,0.1,0.0,0.1,0.0,0.0,0.0,0.1,0.0
2016-06-10,2017.63,-0.93,1.25,-0.32,-1.05,0.0,0.79,1.2,-2.97,False,False,0.1,0.0,0.1,0.0,0.0,0.0,0.1,0.0
2016-06-13,1979.06,-0.85,1.22,0.27,-0.51,0.0,0.82,1.14,-0.64,False,False,0.2,0.1,0.1,0.0,0.0,0.0,0.1,0.0
2016-06-14,1972.03,-0.85,1.21,0.6,-0.2,0.0,0.9,0.99,0.62,False,False,0.4,0.2,0.2,0.1,0.2,0.1,0.2,0.1
2016-06-15,1968.83,-0.9,1.18,0.23,-0.57,0.0,0.91,0.97,-1.0,False,False,0.5,0.2,0.4,0.2,0.2,0.1,0.4,0.2
2016-06-16,1951.99,-0.85,1.13,0.44,-0.08,0.0,0.91,0.9,0.32,False,False,0.7,0.4,0.5,0.2,0.2,0.1,0.5,0.2
2016-06-17,1953.4,-0.86,1.13,0.64,0.12,0.0,0.96,0.61,0.97,False,False,0.9,0.5,0.7,0.4,0.2,0.1,0.7,0.4
2016-06-20,1981.12,-0.81,1.1,0.73,0.41,0.0,0.96,0.65,1.74,False,False,0.9,0.7,0.9,0.5,0.2,0.1,0.9,0.5
2016-06-21,1982.7,-0.8,1.13,1.74,1.63,0.0,0.87,1.06,5.61,False,False,0.9,0.7,0.9,0.7,0.9,0.7,0.9,0.7
2016-06-22,1992.58,-0.81,1.08,1.36,0.96,0.0,0.86,1.16,4.13,False,False,1.0,0.9,0.9,0.7,0.9,0.7,0.9,0.7
2016-06-23,1986.71,-0.73,1.03,0.4,0.06,0.0,0.86,0.56,0.51,False,False,1.0,0.9,1.0,0.9,0.9,0.7,1.0,0.9
2016-06-24,1925.24,-0.68,0.99,0.04,-0.24,0.45,0.86,0.61,0.16,False,False,1.0,0.8,1.0,0.9,0.9,0.7,1.0,0.9
2016-06-27,1926.85,-0.64,0.92,-0.1,-0.33,0.42,0.98,0.14,-0.48,False,False,0.9,0.7,1.0,0.8,0.9,0.7,1.0,0.8
2016-06-28,1936.22,-0.49,0.8,0.55,0.11,0.4,0.98,-0.1,1.91,False,False,0.9,0.7,0.9,0.7,0.9,0.7,0.9,0.7
2016-06-29,1956.36,-0.42,0.66,1.39,1.15,0.34,0.97,0.28,5.22,False,False,0.9,0.7,0.9,0.7,0.9,0.7,0.9,0.7
2016-06-30,1970.35,-0.46,0.71,2.43,2.41,0.29,0.95,0.57,7.72,False,False,0.9,0.8,0.9,0.7,0.9,0.7,0.9,0.7
2016-07-01,1987.32,-0.51,0.78,1.54,0.67,0.22,0.9,0.68,4.8,False,False,1.0,0.9,0.9,0.8,0.9,0.7,0.9,0.8
2016-07-04,1995.3,-0.49,0.78,1.53,1.41,0.18,0.85,0.79,5.57,False,False,1.0,1.0,1.0,0.9,0.9,0.7,1.0,0.9
2016-07-05,1989.85,-0.62,0.85,2.16,2.04,0.17,0.84,0.73,6.9,False,False,1.0,1.0,1.0,1.0,1.0,1.0,1.0,1.0
2016-07-06,1953.12,-0.73,0.79,2.12,2.06,0.42,0.85,0.06,6.77,False,False,1.0,1.0,1.0,1.0,1.0,1.0,1.0,1.0
2016-07-07,1974.08,-0.78,0.61,0.96,0.66,0.35,0.96,-0.19,2.76,False,False,1.0,1.0,1.0,1.0,1.0,1.0,1.0,1.0
2016-07-08,1963.1,-0.77,0.59,0.75,0.51,0.41,0.9,0.26,2.35,False,False,1.0,1.0,1.0,1.0,1.0,1.0,1.0,1.0
2016-07-11,1988.54,-0.88,0.6,0.56,0.12,0.22,0.92,0.21,0.68,False,False,1.0,0.9,1.0,1.0,1.0,1.0,1.0,1.0
2016-07-12,1991.23,-0.82,0.74,0.09,-0.39,0.2,0.85,0.56,-0.95,False,False,0.9,0.8,1.0,0.9,1.0,0.9,1.0,0.9
2016-07-13,2005.55,-0.77,0.82,0.34,0.04,0.13,0.84,0.68,0.42,False,False,0.9,0.7,0.9,0.8,1.0,0.9,0.9,0.8
2016-07-14,2008.77,-0.85,0.99,0.47,0.41,0.1,0.8,0.68,1.07,False,False,0.9,0.7,0.9,0.7,1.0,0.9,0.9,0.7
2016-07-15,2017.26,-0.85,1.09,0.08,-0.23,0.05,0.79,0.77,-0.84,False,False,0.9,0.5,0.9,0.7,1.0,0.9,0.9,0.7
2016-07-18,2021.11,-0.96,1.27,0.6,0.57,0.03,0.76,0.63,1.31,False,False,0.9,0.6,0.9,0.5,1.0,0.9,0.9,0.5
2016-07-19,2016.89,-1.06,1.33,0.21,0.06,0.05,0.75,0.44,-0.68,False,False,0.9,0.6,0.9,0.6,0.9,0.6,0.9,0.6
2016-07-20,2015.46,-1.23,1.4,0.03,0.03,0.05,0.76,0.61,-1.46,False,False,0.8,0.5,0.9,0.6,0.9,0.6,0.9,0.6
2016-07-21,2012.22,-1.36,1.44,-0.04,-0.03,0.06,0.76,0.45,-2.07,False,False,0.6,0.3,0.8,0.5,0.9,0.6,0.8,0.5
2016-07-22,2010.34,-1.42,1.43,-0.4,-0.45,0.0,0.79,0.54,-3.67,False,False,0.5,0.3,0.6,0.3,0.9,0.6,0.6,0.3
2016-07-25,2012.32,-1.47,1.51,-0.61,-0.85,0.0,0.79,0.11,-4.82,False,False,0.3,0.1,0.5,0.3,0.9,0.6,0.5,0.3
2016-07-26,2027.34,-1.61,1.63,-0.55,-0.88,-0.0,0.79,0.12,-4.98,False,False,0.1,0.0,0.3,0.1,0.3,0.1,0.3,0.1
2016-07-27,2025.05,-1.66,1.76,-0.46,-0.64,0.0,0.75,0.24,-4.52,False,False,0.1,0.0,0.1,0.0,0.3,0.1,0.1,0.0
2016-07-28,2021.1,-1.65,1.8,-0.71,-1.03,0.0,0.75,0.47,-5.33,False,False,0.0,0.0,0.1,0.0,0.3,0.1,0.1,0.0
2016-07-29,2016.19,-1.6,1.74,-0.62,-0.9,0.0,0.75,0.66,-4.88,False,False,0.0,0.0,0.0,0.0,0.3,0.1,0.0,0.0
2016-08-01,2029.61,-1.67,1.71,-0.65,-0.89,-0.0,0.75,0.87,-4.99,False,False,0.0,0.0,0.0,0.0,0.3,0.1,0.0,0.0
2016-08-02,2019.03,-1.7,1.74,-1.12,-1.37,0.0,0.74,1.13,-6.24,False,False,0.0,0.0,0.0,0.0,0.0,0.0,0.0,0.0
2016-08-03,1994.79,-1.71,1.75,-1.05,-1.62,0.0,0.75,0.95,-6.41,False,False,0.0,0.0,0.0,0.0,0.0,0.0,0.0,0.0
2016-08-04,2000.03,-1.72,1.8,-0.59,-0.99,0.0,0.81,0.75,-5.06,False,False,0.0,0.0,0.0,0.0,0.0,0.0,0.0,0.0
2016-08-05,2017.94,-1.7,1.76,-0.67,-0.9,0.0,0.81,0.72,-5.09,False,False,0.0,0.0,0.0,0.0,0.0,0.0,0.0,0.0
2016-08-08,2031.12,-1.62,1.81,-1.09,-1.33,-0.0,0.75,0.96,-6.05,False,False,0.0,0.0,0.0,0.0,0.0,0.0,0.0,0.0
2016-08-09,2043.78,-1.55,1.74,-1.74,-1.67,-0.0,0.74,1.33,-7.08,False,False,0.0,0.0,0.0,0.0,0.0,0.0,0.0,0.0
2016-08-10,2044.64,-1.5,1.76,-1.56,-1.7,-0.0,0.7,1.59,-6.73,False,False,0.0,0.0,0.0,0.0,0.0,0.0,0.0,0.0
2016-08-11,2048.8,-1.45,1.71,-1.1,-1.09,-0.0,0.7,1.81,-5.3,False,False,0.0,0.0,0.0,0.0,0.0,0.0,0.0,0.0
2016-08-12,2050.47,-1.37,1.59,-1.44,-1.24,-0.0,0.69,1.57,-6.02,False,False,0.0,0.0,0.0,0.0,0.0,0.0,0.0,0.0
2016-08-16,2047.76,-1.23,1.48,-1.07,-0.86,0.0,0.65,1.46,-4.83,False,False,0.0,0.0,0.0,0.0,0.0,0.0,0.0,0.0
2016-08-17,2043.75,-1.16,1.44,-1.59,-1.53,0.0,0.7,1.81,-6.17,False,False,0.0,0.0,0.0,0.0,0.0,0.0,0.0,0.0
2016-08-18,2055.47,-1.08,1.35,-1.08,-1.07,-0.0,0.7,1.53,-4.79,False,False,0.0,0.0,0.0,0.0,0.0,0.0,0.0,0.0
2016-08-19,2056.24,-1.08,1.36,-0.66,-0.47,-0.0,0.64,1.47,-3.19,False,False,0.0,0.0,0.0,0.0,0.0,0.0,0.0,0.0
2016-08-22,2042.16,-1.15,1.4,-1.24,-0.9,0.0,0.64,1.48,-5.05,False,False,0.0,0.0,0.0,0.0,0.0,0.0,0.0,0.0
2016-08-23,2049.93,-1.21,1.37,-1.42,-1.21,0.0,0.7,1.46,-5.8,False,False,0.0,0.0,0.0,0.0,0.0,0.0,0.0,0.0
2016-08-24,2043.76,-1.27,1.34,-2.3,-2.02,0.0,0.69,1.53,-7.69,False,False,0.0,0.0,0.0,0.0,0.0,0.0,0.0,0.0
2016-08-25,2042.92,-1.28,1.27,-0.85,-0.36,0.0,0.7,1.36,-3.98,False,False,0.0,0.0,0.0,0.0,0.0,0.0,0.0,0.0
2016-08-26,2037.5,-1.16,1.12,-1.88,-1.47,0.0,0.7,1.57,-6.7,False,False,0.0,0.0,0.0,0.0,0.0,0.0,0.0,0.0
2016-08-29,2032.35,-1.1,0.95,-2.21,-1.72,0.0,0.7,1.44,-7.31,False,False,0.0,0.0,0.0,0.0,0.0,0.0,0.0,0.0
2016-08-30,2039.74,-1.04,0.92,-1.06,-0.99,0.0,0.7,1.22,-4.85,False,False,0.0,0.0,0.0,0.0,0.0,0.0,0.0,0.0
2016-08-31,2034.65,-0.92,0.85,0.08,0.2,0.0,0.7,1.38,-0.34,False,False,0.2,0.1,0.0,0.0,0.0,0.0,0.0,0.0
2016-09-01,2032.72,-0.86,0.83,-0.6,-0.67,0.0,0.7,1.54,-3.02,False,False,0.2,0.1,0.2,0.1,0.0,0.0,0.2,0.1
2016-09-02,2038.31,-0.82,0.81,-2.21,-1.68,0.0,0.71,1.39,-6.98,False,False,0.2,0.1,0.2,0.1,0.0,0.0,0.2,0.1
2016-09-05,2060.08,-0.84,0.84,-1.56,-1.0,-0.0,0.7,1.56,-5.33,False,False,0.2,0.1,0.2,0.1,0.0,0.0,0.2,0.1
2016-09-06,2066.53,-0.74,0.83,-1.96,-1.55,-0.0,0.62,1.67,-6.37,False,False,0.2,0.1,0.2,0.1,0.2,0.1,0.2,0.1
2016-09-07,2061.88,-0.91,0.9,-0.57,-0.77,0.0,0.61,1.62,-3.16,False,False,0.0,0.0,0.2,0.1,0.2,0.1,0.2,0.1
2016-09-08,2063.73,-0.95,0.85,-1.75,-1.51,0.0,0.62,1.35,-6.42,False,False,0.0,0.0,0.0,0.0,0.2,0.1,0.0,0.0
2016-09-09,2037.87,-0.96,0.8,-1.88,-1.27,0.0,0.61,1.29,-6.45,False,False,0.0,0.0,0.0,0.0,0.2,0.1,0.0,0.0
2016-09-12,1991.48,-0.95,0.75,-1.46,-1.29,0.0,0.71,1.14,-5.82,False,False,0.0,0.0,0.0,0.0,0.2,0.1,0.0,0.0
2016-09-13,1999.36,-0.93,0.66,-1.83,-1.88,0.0,0.88,0.96,-6.89,False,False,0.0,0.0,0.0,0.0,0.0,0.0,0.0,0.0
2016-09-19,2015.78,-1.14,0.73,-1.23,-1.66,0.0,0.83,0.98,-6.14,False,False,0.0,0.0,0.0,0.0,0.0,0.0,0.0,0.0
2016-09-20,2025.71,-1.18,0.75,-1.74,-1.77,0.0,0.77,1.17,-6.98,False,False,0.0,0.0,0.0,0.0,0.0,0.0,0.0,0.0
2016-09-21,2035.99,-1.25,0.73,-1.73,-1.73,0.0,0.76,1.0,-7.06,False,False,0.0,0.0,0.0,0.0,0.0,0.0,0.0,0.0
2016-09-22,2049.7,-1.21,0.7,-1.46,-1.66,0.0,0.7,1.27,-6.55,False,False,0.0,0.0,0.0,0.0,0.0,0.0,0.0,0.0
2016-09-23,2054.07,-1.21,0.75,-2.07,-2.01,0.0,0.63,1.36,-7.55,False,False,0.0,0.0,0.0,0.0,0.0,0.0,0.0,0.0
2016-09-26,2047.11,-1.09,0.71,-2.39,-2.79,0.0,0.61,1.08,-8.24,False,False,0.0,0.0,0.0,0.0,0.0,0.0,0.0,0.0
2016-09-27,2062.82,-1.12,0.72,-2.38,-2.6,0.0,0.69,0.86,-8.18,False,False,0.0,0.0,0.0,0.0,0.0,0.0,0.0,0.0
2016-09-28,2053.06,-1.09,0.79,-1.62,-1.58,0.01,0.6,0.97,-6.61,False,False,0.0,0.0,0.0,0.0,0.0,0.0,0.0,0.0
2016-09-29,2068.72,-1.14,0.83,-1.04,-0.95,-0.0,0.62,0.89,-5.15,False,False,0.0,0.0,0.0,0.0,0.0,0.0,0.0,0.0
2016-09-30,2043.63,-1.12,0.88,-1.58,-1.25,0.05,0.53,1.36,-6.13,False,False,0.0,0.0,0.0,0.0,0.0,0.0,0.0,0.0
2016-10-04,2054.86,-1.25,0.83,-1.82,-1.85,0.03,0.66,1.59,-7.1,False,False,0.0,0.0,0.0,0.0,0.0,0.0,0.0,0.0
2016-10-05,2053.0,-1.29,0.91,-2.58,-2.72,0.04,1.05,1.09,-8.39,False,False,0.0,0.0,0.0,0.0,0.0,0.0,0.0,0.0
2016-10-06,2065.3,-1.32,0.93,-2.35,-3.0,0.01,1.05,0.7,-8.43,False,False,0.0,0.0,0.0,0.0,0.0,0.0,0.0,0.0
2016-10-07,2053.8,-1.28,0.85,-2.14,-2.87,0.03,1.04,0.54,-8.2,False,False,0.0,0.0,0.0,0.0,0.0,0.0,0.0,0.0
2016-10-10,2056.82,-1.36,0.77,-0.64,-1.49,0.02,1.05,0.43,-5.41,False,False,0.0,0.0,0.0,0.0,0.0,0.0,0.0,0.0
2016-10-11,2031.93,-1.15,0.67,-2.61,-3.0,0.12,1.05,0.57,-8.48,False,False,0.0,0.0,0.0,0.0,0.0,0.0,0.0,0.0
2016-10-12,2033.73,-0.94,0.54,-2.62,-3.0,0.11,1.08,0.49,-8.38,False,False,0.0,0.0,0.0,0.0,0.0,0.0,0.0,0.0
2016-10-13,2015.44,-0.67,0.36,-2.25,-2.3,0.14,1.07,0.62,-7.37,False,False,0.0,0.0,0.0,0.0,0.0,0.0,0.0,0.0
2016-10-14,2022.66,-0.83,0.41,-1.76,-1.82,0.0,1.1,0.2,-6.82,False,False,0.0,0.0,0.0,0.0,0.0,0.0,0.0,0.0
2016-10-17,2027.61,-0.82,0.46,-1.14,-1.36,0.0,1.09,0.27,-5.39,False,False,0.0,0.0,0.0,0.0,0.0,0.0,0.0,0.0
2016-10-18,2040.43,-0.75,0.47,-2.09,-1.77,0.0,1.08,-0.12,-7.17,False,False,0.0,0.0,0.0,0.0,0.0,0.0,0.0,0.0
2016-10-19,2040.94,-0.65,0.5,-2.15,-1.85,0.0,1.05,0.15,-7.12,False,False,0.0,0.0,0.0,0.0,0.0,0.0,0.0,0.0
2016-10-20,2040.6,-0.59,0.49,-2.05,-1.74,0.0,1.05,0.14,-6.84,False,False,0.0,0.0,0.0,0.0,0.0,0.0,0.0,0.0
2016-10-21,2033.0,-0.5,0.47,-2.22,-1.75,0.0,1.05,-0.22,-7.06,False,False,0.0,0.0,0.0,0.0,0.0,0.0,0.0,0.0
2016-10-24,2047.74,-0.43,0.41,-2.1,-1.78,0.0,1.07,-0.46,-6.9,False,False,0.0,0.0,0.0,0.0,0.0,0.0,0.0,0.0
2016-10-25,2037.17,-0.39,0.42,-2.25,-1.75,0.0,1.04,-0.22,-6.97,False,False,0.0,0.0,0.0,0.0,0.0,0.0,0.0,0.0
2016-10-26,2013.89,-0.23,0.37,-1.09,-0.84,0.0,1.06,-0.14,-3.71,False,False,0.0,0.0,0.0,0.0,0.0,0.0,0.0,0.0
2016-10-27,2024.12,-0.25,0.31,-1.49,-1.07,0.0,1.11,-0.19,-4.89,False,False,0.0,0.0,0.0,0.0,0.0,0.0,0.0,0.0
2016-10-28,2019.42,-0.26,0.34,-0.48,-0.22,0.0,1.09,-0.44,-1.66,False,False,0.1,0.0,0.0,0.0,0.0,0.0,0.0,0.0
2016-10-31,2008.19,-0.27,0.27,-0.01,0.15,0.0,1.09,-0.55,-0.06,False,False,0.3,0.1,0.1,0.0,0.0,0.0,0.1,0.0
2016-11-01,2007.39,-0.15,0.29,-0.3,-0.14,0.0,1.12,-0.5,-0.86,False,False,0.4,0.1,0.3,0.1,0.3,0.1,0.3,0.1
2016-11-02,1978.94,-0.1,0.23,-0.62,-0.34,0.0,1.12,-0.44,-1.84,False,False,0.5,0.1,0.4,0.1,0.3,0.1,0.4,0.1
2016-11-03,1983.8,-0.01,0.2,0.27,0.37,0.0,1.18,-0.52,1.65,False,False,0.7,0.3,0.5,0.1,0.3,0.1,0.5,0.1
2016-11-04,1982.02,0.17,0.09,0.23,0.32,0.0,1.17,-0.7,1.74,False,False,0.8,0.5,0.7,0.3,0.3,0.1,0.7,0.3
2016-11-07,1997.58,0.34,-0.0,-0.12,0.08,0.0,1.17,-0.84,0.83,False,False,0.8,0.6,0.8,0.5,0.3,0.1,0.8,0.5
2016-11-08,2003.38,0.4,-0.1,-0.18,0.19,0.0,1.13,-1.18,0.76,False,False,0.9,0.7,0.8,0.6,0.8,0.6,0.8,0.6
2016-11-09,1958.38,0.31,-0.04,0.63,0.64,0.15,1.12,-1.0,3.48,False,False,1.0,0.9,0.9,0.7,0.8,0.6,0.9,0.7
2016-11-10,2002.6,0.27,0.02,0.04,0.1,0.36,1.23,-1.14,1.67,False,False,1.0,0.9,1.0,0.9,0.8,0.6,1.0,0.9
2016-11-11,1984.43,0.5,-0.01,0.61,0.62,0.47,1.12,-1.38,4.22,False,False,1.0,0.9,1.0,0.9,0.8,0.6,1.0,0.9
2016-11-14,1974.4,0.63,-0.19,1.26,1.31,0.51,1.22,-1.6,6.31,False,False,1.0,0.9,1.0,0.9,0.8,0.6,1.0,0.9
2016-11-15,1967.53,0.76,-0.38,1.31,1.65,0.5,1.24,-1.79,6.74,False,False,1.0,1.0,1.0,0.9,1.0,0.9,1.0,0.9
2016-11-16,1979.65,0.76,-0.5,1.71,1.86,0.48,1.25,-1.7,7.38,False,False,1.0,1.0,1.0,1.0,1.0,0.9,1.0,1.0
2016-11-17,1980.55,0.84,-0.58,1.21,1.34,0.47,1.23,-2.2,6.23,False,False,1.0,1.0,1.0,1.0,1.0,0.9,1.0,1.0
2016-11-18,1974.58,0.81,-0.59,0.88,1.24,0.49,1.23,-2.04,5.62,False,False,1.0,1.0,1.0,1.0,1.0,0.9,1.0,1.0
2016-11-21,1966.05,0.67,-0.58,0.89,1.13,0.47,1.24,-1.85,5.34,False,False,1.0,1.0,1.0,1.0,1.0,0.9,1.0,1.0
2016-11-22,1983.47,0.62,-0.58,0.64,1.03,0.46,1.24,-2.22,4.49,False,False,1.0,1.0,1.0,1.0,1.0,1.0,1.0,1.0
2016-11-23,1987.95,0.59,-0.47,0.23,0.52,0.38,1.21,-1.65,3.06,False,False,1.0,1.0,1.0,1.0,1.0,1.0,1.0,1.0
2016-11-24,1971.26,0.74,-0.42,-0.06,0.22,0.46,1.19,-1.72,2.42,False,False,1.0,1.0,1.0,1.0,1.0,1.0,1.0,1.0
2016-11-25,1974.46,0.82,-0.5,0.22,0.66,0.45,1.24,-1.56,3.87,False,False,1.0,1.0,1.0,1.0,1.0,1.0,1.0,1.0
2016-11-28,1978.13,0.85,-0.49,0.08,0.56,0.42,1.23,-1.38,3.54,False,False,1.0,1.0,1.0,1.0,1.0,1.0,1.0,1.0
2016-11-29,1978.39,0.78,-0.43,0.74,1.32,0.42,1.23,-1.47,5.56,False,False,1.0,1.0,1.0,1.0,1.0,1.0,1.0,1.0
2016-11-30,1983.48,0.72,-0.28,1.16,1.3,0.28,1.22,-1.3,6.07,False,False,1.0,1.0,1.0,1.0,1.0,1.0,1.0,1.0
2016-12-01,1983.75,0.54,-0.16,1.14,1.56,0.28,1.21,-1.41,5.99,False,False,1.0,1.0,1.0,1.0,1.0,1.0,1.0,1.0
2016-12-02,1970.61,0.42,-0.06,0.96,1.53,0.34,1.04,-1.35,5.55,False,False,1.0,1.0,1.0,1.0,1.0,1.0,1.0,1.0
2016-12-05,1963.36,0.36,-0.03,1.19,1.25,0.31,1.04,-1.21,5.57,False,False,1.0,1.0,1.0,1.0,1.0,1.0,1.0,1.0
2016-12-06,1989.86,0.31,0.01,1.14,0.86,0.35,1.05,-1.41,4.97,False,False,1.0,1.0,1.0,1.0,1.0,1.0,1.0,1.0
2016-12-07,1991.89,0.41,0.04,0.86,0.81,0.04,1.04,-1.27,4.11,False,False,1.0,1.0,1.0,1.0,1.0,1.0,1.0,1.0
2016-12-08,2031.07,0.31,0.13,0.67,1.3,0.0,1.02,-1.01,4.2,False,False,1.0,1.0,1.0,1.0,1.0,1.0,1.0,1.0
2016-12-09,2024.69,0.52,0.11,0.68,1.13,0.0,0.92,-1.11,4.33,False,False,1.0,1.0,1.0,1.0,1.0,1.0,1.0,1.0
2016-12-12,2027.24,0.44,0.22,0.83,1.32,0.0,0.95,-1.53,4.6,False,False,1.0,1.0,1.0,1.0,1.0,1.0,1.0,1.0
2016-12-13,2035.98,0.41,0.31,0.42,0.42,0.0,0.95,-1.47,2.55,False,False,1.0,1.0,1.0,1.0,1.0,1.0,1.0,1.0
2016-12-14,2036.87,0.38,0.39,1.31,1.59,0.0,0.91,-1.78,5.63,False,False,1.0,1.0,1.0,1.0,1.0,1.0,1.0,1.0
2016-12-15,2036.65,0.32,0.45,1.27,1.72,0.0,0.91,-1.76,5.61,False,False,1.0,1.0,1.0,1.0,1.0,1.0,1.0,1.0
2016-12-16,2042.24,0.38,0.43,1.27,1.45,0.0,0.91,-1.84,5.4,False,False,1.0,1.0,1.0,1.0,1.0,1.0,1.0,1.0
2016-12-19,2038.39,0.39,0.47,1.58,1.75,0.0,0.9,-1.59,6.32,False,False,1.0,1.0,1.0,1.0,1.0,1.0,1.0,1.0
2016-12-20,2041.94,0.46,0.42,0.81,0.82,0.0,0.91,-1.43,4.11,False,False,1.0,1.0,1.0,1.0,1.0,1.0,1.0,1.0
2016-12-21,2037.96,0.47,0.35,1.12,1.36,0.0,0.91,-1.62,5.24,False,False,1.0,1.0,1.0,1.0,1.0,1.0,1.0,1.0
2016-12-22,2035.73,0.37,0.32,0.92,1.21,0.0,0.9,-1.58,4.52,False,False,1.0,1.0,1.0,1.0,1.0,1.0,1.0,1.0
2016-12-23,2035.9,0.4,0.33,0.74,0.91,0.0,0.91,-1.93,3.7,False,False,1.0,1.0,1.0,1.0,1.0,1.0,1.0,1.0
2016-12-26,2037.75,0.52,0.26,0.49,0.96,0.0,0.91,-2.15,3.35,False,False,1.0,1.0,1.0,1.0,1.0,1.0,1.0,1.0
2016-12-27,2042.17,0.61,0.19,0.4,0.84,0.0,0.9,-2.12,3.15,False,False,1.0,1.0,1.0,1.0,1.0,1.0,1.0,1.0
2016-12-28,2024.49,0.75,0.09,0.58,0.99,0.0,0.89,-2.06,4.02,False,False,1.0,1.0,1.0,1.0,1.0,1.0,1.0,1.0
2016-12-29,2026.46,0.65,0.06,1.05,1.33,0.0,0.93,-2.33,5.06,False,False,1.0,1.0,1.0,1.0,1.0,1.0,1.0,1.0
2017-01-02,2026.16,0.55,0.12,0.75,0.93,0.0,0.92,-2.25,3.82,False,False,1.0,1.0,1.0,1.0,1.0,1.0,1.0,1.0
2017-01-03,2043.97,0.53,0.11,1.41,1.74,0.0,0.92,-2.11,6.0,False,False,1.0,1.0,1.0,1.0,1.0,1.0,1.0,1.0
2017-01-04,2045.64,0.46,0.2,1.21,1.49,0.0,0.86,-2.04,5.3,False,False,1.0,1.0,1.0,1.0,1.0,1.0,1.0,1.0
2017-01-05,2041.95,0.22,0.25,1.98,2.39,0.0,0.86,-1.72,7.06,False,False,1.0,1.0,1.0,1.0,1.0,1.0,1.0,1.0
2017-01-06,2049.12,0.2,0.25,0.69,1.05,0.0,0.89,-1.42,3.51,False,False,1.0,1.0,1.0,1.0,1.0,1.0,1.0,1.0
2017-01-09,2048.78,-0.05,0.31,0.49,0.77,0.0,0.85,-1.38,2.12,False,False,1.0,1.0,1.0,1.0,1.0,1.0,1.0,1.0
2017-01-10,2045.12,-0.24,0.4,-0.46,-0.37,0.0,0.86,-1.63,-2.44,False,False,0.8,0.8,1.0,1.0,1.0,1.0,1.0,1.0
2017-01-11,2075.17,-0.39,0.42,0.28,0.92,-0.0,0.86,-1.64,0.91,False,False,0.8,0.8,0.8,0.8,1.0,1.0,0.8,0.8
2017-01-12,2087.14,-0.46,0.64,-0.24,0.53,-0.0,0.8,-1.37,-0.93,False,False,0.8,0.6,0.8,0.8,1.0,1.0,0.8,0.8
2017-01-13,2076.79,-0.46,0.65,0.11,0.77,0.0,0.78,-0.88,0.54,False,False,0.8,0.5,0.8,0.6,1.0,1.0,0.8,0.6
2017-01-16,2064.17,-0.32,0.55,0.06,0.6,0.0,0.8,-0.67,0.57,False,False,0.8,0.5,0.8,0.5,1.0,1.0,0.8,0.5
2017-01-17,2071.87,-0.18,0.4,0.69,0.86,0.0,0.83,-0.88,2.67,False,False,0.9,0.7,0.8,0.5,0.8,0.5,0.8,0.5
2017-01-18,2070.54,-0.07,0.34,0.2,0.95,0.0,0.8,-0.47,2.04,False,False,0.9,0.7,0.9,0.7,0.8,0.5,0.9,0.7
2017-01-19,2072.79,-0.03,0.27,0.96,1.62,0.0,0.81,-0.78,4.54,False,False,1.0,0.9,0.9,0.7,0.8,0.5,0.9,0.7
2017-01-20,2065.61,-0.09,0.28,-0.2,0.63,0.0,0.8,-0.94,0.3,False,False,1.0,0.9,1.0,0.9,0.8,0.5,1.0,0.9
2017-01-23,2065.99,-0.09,0.25,-0.03,0.87,0.0,0.81,-0.87,1.09,False,False,1.0,0.9,1.0,0.9,0.8,0.5,1.0,0.9
2017-01-24,2065.76,-0.2,0.32,-0.34,0.54,0.0,0.81,-0.51,-0.23,False,False,1.0,0.8,1.0,0.9,1.0,0.9,1.0,0.9
2017-01-25,2066.94,-0.24,0.3,-0.33,0.68,0.0,0.81,-0.54,-0.13,False,False,0.9,0.7,1.0,0.8,1.0,0.9,1.0,0.8
2017-01-26,2083.59,-0.46,0.36,-0.73,-0.06,0.0,0.81,-0.57,-2.71,False,False,0.8,0.5,0.9,0.7,1.0,0.9,0.9,0.7
2017-01-31,2067.57,-0.41,0.48,0.09,0.75,0.0,0.77,-0.53,0.67,False,False,0.8,0.5,0.8,0.5,0.8,0.5,0.8,0.5
2017-02-01,2080.48,-0.25,0.27,-0.47,-0.07,0.0,0.8,-0.22,-1.49,False,False,0.6,0.3,0.8,0.5,0.8,0.5,0.8,0.5
2017-02-02,2071.01,-0.19,0.24,-0.18,-0.06,0.0,0.79,-0.17,-0.58,False,False,0.6,0.3,0.6,0.3,0.8,0.5,0.6,0.3
2017-02-03,2073.16,-0.21,0.19,0.16,0.3,0.0,0.8,0.12,0.86,False,False,0.7,0.4,0.6,0.3,0.8,0.5,0.6,0.3
2017-02-06,2077.66,-0.14,0.05,0.57,0.8,0.0,0.8,-0.08,2.61,False,False,0.8,0.6,0.7,0.4,0.8,0.5,0.7,0.4
2017-02-07,2075.21,-0.08,0.02,-0.63,-0.52,0.0,0.79,0.16,-2.04,False,False,0.7,0.4,0.8,0.6,0.8,0.6,0.8,0.6
2017-02-08,2065.08,-0.02,-0.11,-0.66,-0.53,0.0,0.79,-0.03,-2.13,False,False,0.7,0.4,0.7,0.4,0.8,0.6,0.7,0.4
2017-02-09,2065.88,0.13,-0.3,-0.08,0.06,0.0,0.81,0.01,0.47,False,False,0.7,0.5,0.7,0.4,0.8,0.6,0.7,0.4
2017-02-10,2075.08,0.12,-0.29,-0.02,0.2,0.0,0.81,-0.01,0.8,False,False,0.7,0.5,0.7,0.5,0.8,0.6,0.7,0.5
2017-02-13,2078.65,0.26,-0.52,-0.09,-0.29,0.0,0.79,-0.27,0.0,False,False,0.7,0.4,0.7,0.5,0.8,0.6,0.7,0.5
2017-02-14,2074.57,0.33,-0.51,-0.42,-0.31,0.0,0.79,0.04,-0.54,False,False,0.8,0.4,0.7,0.4,0.7,0.4,0.7,0.4
2017-02-15,2083.86,0.38,-0.55,-0.96,-0.93,0.0,0.79,0.46,-2.44,False,False,0.8,0.4,0.8,0.4,0.7,0.4,0.8,0.4
2017-02-16,2081.84,0.35,-0.42,-0.69,-0.98,0.0,0.75,0.43,-1.92,False,False,0.6,0.3,0.8,0.4,0.7,0.4,0.8,0.4
2017-02-17,2080.58,0.19,-0.28,-0.3,-0.63,0.0,0.78,0.62,-0.68,False,False,0.6,0.2,0.6,0.3,0.7,0.4,0.6,0.3
2017-02-20,2084.39,0.22,-0.09,-1.03,-1.39,0.0,0.79,0.28,-3.47,False,False,0.4,0.1,0.6,0.2,0.7,0.4,0.6,0.2
2017-02-21,2102.93,0.22,-0.12,-0.95,-1.13,-0.0,0.75,0.51,-2.87,False,False,0.2,0.1,0.4,0.1,0.4,0.1,0.4,0.1
2017-02-22,2106.61,0.3,-0.05,-0.72,-0.75,-0.0,0.69,0.53,-1.57,False,False,0.3,0.1,0.2,0.1,0.4,0.1,0.2,0.1
2017-02-23,2107.63,0.31,0.15,-0.77,-0.82,-0.0,0.68,0.6,-1.65,False,False,0.3,0.1,0.3,0.1,0.4,0.1,0.3,0.1
2017-02-24,2094.12,0.3,0.15,-0.44,-0.43,0.0,0.68,0.75,-0.2,False,False,0.3,0.1,0.3,0.1,0.4,0.1,0.3,0.1
2017-02-27,2085.52,0.4,-0.01,-0.35,-0.23,0.0,0.74,0.81,0.55,False,False,0.5,0.2,0.3,0.1,0.4,0.1,0.3,0.1
2017-02-28,2091.64,0.51,-0.31,-0.18,0.0,0.0,0.75,0.78,1.44,False,False,0.7,0.4,0.5,0.2,0.5,0.2,0.5,0.2
2017-03-02,2102.65,0.46,-0.13,0.44,0.47,0.0,0.74,0.98,3.58,False,False,0.8,0.6,0.7,0.4,0.5,0.2,0.7,0.4
2017-03-03,2078.75,0.17,0.24,0.26,0.38,0.0,0.69,0.53,2.32,False,False,1.0,0.8,0.8,0.6,0.5,0.2,0.8,0.6
2017-03-06,2081.36,0.21,0.15,-0.01,-0.07,0.0,0.8,0.31,1.01,False,False,1.0,0.9,1.0,0.8,0.5,0.2,1.0,0.8
2017-03-07,2094.05,0.13,0.25,-0.33,-0.66,0.0,0.79,0.27,-0.83,False,False,0.9,0.8,1.0,0.9,1.0,0.9,1.0,0.9
2017-03-08,2095.41,0.22,0.24,-0.12,-0.39,0.0,0.73,0.35,0.32,False,False,0.9,0.7,0.9,0.8,1.0,0.9,0.9,0.8
2017-03-09,2091.06,0.09,0.38,-0.47,-0.52,0.0,0.73,0.2,-1.05,False,False,0.8,0.6,0.9,0.7,1.0,0.9,0.9,0.7
2017-03-10,2097.35,-0.23,0.72,-0.57,-0.87,0.0,0.74,0.14,-2.44,False,False,0.7,0.4,0.8,0.6,1.0,0.9,0.8,0.6
2017-03-13,2117.59,-0.32,0.77,-0.65,-1.03,-0.0,0.72,0.18,-3.05,False,False,0.5,0.2,0.7,0.4,1.0,0.9,0.7,0.4
2017-03-14,2133.78,-0.57,1.06,-0.31,-0.59,-0.0,0.65,0.31,-2.06,False,False,0.4,0.2,0.5,0.2,0.5,0.2,0.5,0.2
2017-03-15,2133.0,-0.81,1.26,-0.26,-0.22,0.0,0.59,0.11,-2.0,False,False,0.3,0.0,0.4,0.2,0.5,0.2,0.4,0.2
2017-03-16,2150.08,-1.12,1.36,-0.24,-0.27,-0.0,0.59,0.17,-2.68,False,False,0.2,0.0,0.3,0.0,0.5,0.2,0.3,0.0
2017-03-17,2164.58,-1.21,1.51,0.26,0.08,-0.0,0.52,0.74,-0.86,False,False,0.3,0.0,0.2,0.0,0.5,0.2,0.2,0.0
2017-03-20,2157.01,-1.22,1.56,-0.21,-0.34,0.0,0.44,0.61,-2.69,False,False,0.3,0.0,0.3,0.0,0.5,0.2,0.3,0.0
2017-03-21,2178.38,-1.29,1.38,-0.26,-0.66,-0.0,0.5,0.87,-3.35,False,False,0.2,0.0,0.3,0.0,0.3,0.0,0.3,0.0
2017-03-22,2168.3,-1.25,1.49,-0.44,-0.71,0.0,0.41,0.8,-3.74,False,False,0.2,0.0,0.2,0.0,0.3,0.0,0.2,0.0
2017-03-23,2172.72,-1.33,1.36,-0.21,-0.63,0.0,0.43,1.15,-3.21,False,False,0.1,0.0,0.2,0.0,0.3,0.0,0.2,0.0
2017-03-24,2168.95,-1.22,1.21,-0.89,-1.29,0.0,0.42,1.17,-5.22,False,False,0.0,0.0,0.1,0.0,0.3,0.0,0.1,0.0
2017-03-27,2155.66,-1.07,1.12,0.31,-0.08,0.0,0.45,1.17,-0.63,False,False,0.1,0.1,0.0,0.0,0.3,0.0,0.0,0.0
2017-03-28,2163.31,-1.09,1.12,-0.14,-0.5,0.0,0.52,1.49,-2.2,False,False,0.2,0.1,0.1,0.1,0.1,0.1,0.1,0.1
2017-03-29,2166.98,-1.16,1.17,-0.14,-0.39,0.0,0.46,1.37,-2.27,False,False,0.2,0.1,0.2,0.1,0.1,0.1,0.2,0.1
2017-03-30,2164.64,-1.16,1.12,-0.19,-0.39,0.0,0.45,1.56,-2.35,False,False,0.3,0.1,0.2,0.1,0.1,0.1,0.2,0.1
2017-03-31,2160.23,-1.11,0.97,-0.18,-0.15,0.0,0.53,1.47,-1.93,False,False,0.3,0.1,0.3,0.1,0.1,0.1,0.3,0.1
2017-04-03,2167.51,-1.08,1.01,0.14,0.14,0.0,0.54,1.45,-0.63,False,False,0.3,0.1,0.3,0.1,0.1,0.1,0.3,0.1
2017-04-04,2161.1,-1.02,0.88,-0.53,-0.48,0.0,0.48,1.5,-3.07,False,False,0.3,0.1,0.3,0.1,0.3,0.1,0.3,0.1
2017-04-05,2160.85,-1.02,0.74,0.35,-0.06,0.0,0.54,1.45,-0.38,False,False,0.4,0.1,0.3,0.1,0.3,0.1,0.3,0.1
2017-04-06,2152.75,-0.97,0.64,0.4,0.09,0.0,0.54,1.35,-0.02,False,False,0.5,0.2,0.4,0.1,0.3,0.1,0.4,0.1
2017-04-07,2151.73,-0.83,0.42,0.39,-0.19,0.0,0.56,1.22,-0.29,False,False,0.6,0.3,0.5,0.2,0.3,0.1,0.5,0.2
2017-04-10,2133.32,-0.68,0.27,-0.03,-0.43,0.0,0.56,1.13,-1.41,False,False,0.6,0.3,0.6,0.3,0.3,0.1,0.6,0.3
2017-04-11,2123.85,-0.55,0.03,-0.92,-1.45,0.0,0.64,0.85,-4.7,False,False,0.6,0.3,0.6,0.3,0.6,0.3,0.6,0.3
2017-04-12,2128.91,-0.36,-0.22,0.4,0.19,0.0,0.69,0.66,0.97,False,False,0.6,0.4,0.6,0.3,0.6,0.3,0.6,0.3
2017-04-13,2148.61,-0.3,-0.26,-0.13,-0.19,0.0,0.64,0.73,-0.82,False,False,0.6,0.3,0.6,0.4,0.6,0.3,0.6,0.4
2017-04-14,2134.88,-0.14,-0.43,-0.09,0.14,0.0,0.56,1.12,0.26,False,False,0.6,0.3,0.6,0.3,0.6,0.3,0.6,0.3
2017-04-17,2145.76,-0.03,-0.59,0.55,0.61,0.0,0.63,1.07,2.71,False,False,0.7,0.5,0.6,0.3,0.6,0.3,0.6,0.3
2017-04-18,2148.46,0.13,-0.75,0.31,0.68,0.0,0.56,1.05,2.49,False,False,0.9,0.7,0.7,0.5,0.7,0.5,0.7,0.5
2017-04-19,2138.4,0.21,-0.89,0.35,0.52,0.0,0.56,0.39,2.19,False,False,0.9,0.8,0.9,0.7,0.7,0.5,0.9,0.7
2017-04-20,2149.15,0.28,-0.96,0.73,0.81,0.0,0.62,0.42,3.61,False,False,1.0,0.9,0.9,0.8,0.7,0.5,0.9,0.8
2017-04-21,2165.04,0.35,-0.87,0.5,0.18,0.0,0.55,0.67,2.53,False,False,1.0,1.0,1.0,0.9,0.7,0.5,1.0,0.9
2017-04-24,2173.74,0.31,-0.69,1.15,1.19,0.0,0.52,0.41,5.05,False,False,1.0,1.0,1.0,1.0,0.7,0.5,1.0,1.0
2017-04-25,2196.85,0.3,-0.48,0.62,0.32,-0.0,0.45,0.61,2.97,False,False,1.0,1.0,1.0,1.0,1.0,1.0,1.0,1.0
2017-04-26,2207.84,0.23,-0.11,0.97,1.25,-0.0,0.34,0.73,4.9,False,False,1.0,1.0,1.0,1.0,1.0,1.0,1.0,1.0
2017-04-27,2209.46,0.27,0.1,0.98,1.22,-0.0,0.31,0.66,5.0,False,False,1.0,1.0,1.0,1.0,1.0,1.0,1.0,1.0
2017-04-28,2205.44,0.27,0.03,1.15,1.5,0.0,0.25,0.44,5.49,False,False,1.0,1.0,1.0,1.0,1.0,1.0,1.0,1.0
2017-05-02,2219.67,0.09,0.0,2.31,2.73,-0.0,0.32,0.32,7.79,False,False,1.0,1.0,1.0,1.0,1.0,1.0,1.0,1.0
2017-05-04,2241.24,0.12,0.04,1.77,2.17,-0.0,0.53,0.46,6.92,False,False,1.0,1.0,1.0,1.0,1.0,1.0,1.0,1.0
2017-05-08,2292.76,0.03,0.21,0.84,0.93,-0.0,0.37,0.39,3.86,False,False,1.0,1.0,1.0,1.0,1.0,1.0,1.0,1.0
2017-05-10,2270.12,0.11,0.59,0.56,0.82,0.12,0.14,0.27,3.51,False,False,1.0,1.0,1.0,1.0,1.0,1.0,1.0,1.0
2017-05-11,2296.37,0.13,0.64,0.81,0.79,-0.0,0.24,0.22,3.87,False,False,1.0,1.0,1.0,1.0,1.0,1.0,1.0,1.0
2017-05-12,2286.02,0.28,0.67,0.86,0.71,0.05,0.14,0.06,4.2,False,False,1.0,1.0,1.0,1.0,1.0,1.0,1.0,1.0
2017-05-15,2290.65,0.25,0.52,0.71,0.43,0.03,0.22,0.18,3.42,False,False,1.0,1.0,1.0,1.0,1.0,1.0,1.0,1.0
2017-05-16,2295.33,0.22,0.5,0.88,1.04,0.0,0.06,0.19,4.39,False,False,1.0,1.0,1.0,1.0,1.0,1.0,1.0,1.0
2017-05-17,2293.08,0.26,0.62,1.51,1.68,0.01,0.05,0.41,6.36,False,False,1.0,1.0,1.0,1.0,1.0,1.0,1.0,1.0
2017-05-18,2286.82,0.12,0.67,0.76,0.75,0.03,0.05,0.29,3.71,False,False,1.0,1.0,1.0,1.0,1.0,1.0,1.0,1.0
2017-05-19,2288.48,0.11,0.67,0.47,0.5,0.03,0.13,0.02,2.62,False,False,1.0,1.0,1.0,1.0,1.0,1.0,1.0,1.0
2017-05-22,2304.03,-0.02,0.73,1.15,0.98,-0.0,0.13,0.41,4.56,False,False,1.0,1.0,1.0,1.0,1.0,1.0,1.0,1.0
2017-05-23,2311.74,-0.18,0.86,0.36,0.53,-0.0,0.03,0.47,1.89,False,False,1.0,1.0,1.0,1.0,1.0,1.0,1.0,1.0
2017-05-24,2317.34,-0.13,0.91,0.17,0.55,-0.0,0.15,0.06,1.46,False,False,1.0,1.0,1.0,1.0,1.0,1.0,1.0,1.0
2017-05-25,2342.93,-0.25,0.92,0.22,0.33,-0.0,0.14,0.18,1.03,False,False,1.0,0.9,1.0,1.0,1.0,1.0,1.0,1.0
2017-05-26,2355.3,-0.12,0.86,-0.16,-0.15,-0.0,0.02,0.19,-0.4,False,False,1.0,0.8,1.0,0.9,1.0,1.0,1.0,0.9
2017-05-29,2352.97,-0.09,0.74,0.44,0.63,0.01,-0.1,0.43,2.34,False,False,1.0,0.8,1.0,0.8,1.0,1.0,1.0,0.8
2017-05-30,2343.68,-0.03,0.54,0.2,0.48,0.04,-0.09,0.33,1.59,False,False,1.0,0.8,1.0,0.8,1.0,0.8,1.0,0.8
2017-05-31,2347.38,-0.07,0.4,0.25,0.51,0.03,-0.08,0.26,1.54,False,False,1.0,0.8,1.0,0.8,1.0,0.8,1.0,0.8
2017-06-01,2344.61,0.15,0.09,0.21,0.47,0.03,-0.09,0.29,1.79,False,False,1.0,0.9,1.0,0.8,1.0,0.8,1.0,0.8
2017-06-02,2371.72,0.21,0.08,-0.07,0.13,-0.0,0.3,0.08,0.78,False,False,1.0,0.9,1.0,0.9,1.0,0.8,1.0,0.9
2017-06-05,2368.62,0.12,0.26,0.2,0.37,0.01,0.14,-0.07,1.54,False,False,1.0,0.9,1.0,0.9,1.0,0.8,1.0,0.9
2017-06-07,2360.14,0.03,0.35,0.5,0.61,0.0,0.15,0.11,2.5,False,False,1.0,0.9,1.0,0.9,1.0,0.8,1.0,0.9
2017-06-08,2363.57,-0.1,0.24,0.01,-0.19,0.0,0.16,-0.14,-0.4,False,False,1.0,0.8,1.0,0.9,1.0,0.8,1.0,0.9
2017-06-09,2381.69,-0.18,0.19,-0.45,-0.45,-0.0,0.16,0.26,-1.92,False,False,0.8,0.6,1.0,0.8,1.0,0.8,1.0,0.8
2017-06-12,2357.87,-0.25,0.24,-0.06,-0.07,0.0,-0.0,0.4,-0.57,False,False,0.8,0.5,0.8,0.6,1.0,0.8,0.8,0.6
2017-06-13,2374.7,-0.35,0.19,-0.43,-0.36,0.0,0.17,0.27,-2.14,False,False,0.6,0.3,0.8,0.5,0.8,0.5,0.8,0.5
2017-06-14,2372.64,-0.3,0.15,-0.1,-0.15,0.0,0.01,0.24,-1.04,False,False,0.5,0.2,0.6,0.3,0.8,0.5,0.6,0.3
2017-06-15,2361.65,-0.33,0.06,0.12,0.29,0.0,0.14,0.37,0.19,False,False,0.6,0.2,0.5,0.2,0.8,0.5,0.5,0.2
2017-06-16,2361.83,-0.3,-0.04,-0.59,-0.42,0.0,0.17,0.37,-2.56,False,False,0.5,0.2,0.6,0.2,0.8,0.5,0.6,0.2
2017-06-19,2370.9,-0.22,-0.16,-0.12,-0.01,0.0,0.17,0.29,-0.72,False,False,0.5,0.2,0.5,0.2,0.8,0.5,0.5,0.2
2017-06-20,2369.23,-0.2,-0.21,-0.38,-0.32,0.0,0.14,0.09,-1.89,False,False,0.5,0.2,0.5,0.2,0.5,0.2,0.5,0.2
2017-06-21,2357.53,-0.3,-0.15,-0.84,-0.6,0.0,0.15,0.02,-3.59,False,False,0.4,0.2,0.5,0.2,0.5,0.2,0.5,0.2
2017-06-22,2370.37,-0.4,-0.26,-1.2,-0.94,0.0,0.17,-0.1,-5.0,False,False,0.2,0.1,0.4,0.2,0.5,0.2,0.4,0.2
2017-06-23,2378.6,-0.33,-0.25,-0.98,-1.04,0.0,0.14,-0.48,-4.73,False,False,0.2,0.1,0.2,0.1,0.5,0.2,0.2,0.1
2017-06-26,2388.66,-0.32,-0.26,-1.05,-0.85,-0.0,-0.01,-0.33,-4.61,False,False,0.1,0.0,0.2,0.1,0.5,0.2,0.2,0.1
2017-06-27,2391.95,-0.38,-0.25,-1.34,-1.16,-0.0,-0.03,-0.6,-5.7,False,False,0.0,0.0,0.1,0.0,0.1,0.0,0.1,0.0
2017-06-28,2382.56,-0.45,-0.31,-0.72,-0.54,0.0,-0.03,-0.58,-3.96,False,False,0.0,0.0,0.0,0.0,0.1,0.0,0.0,0.0
2017-06-29,2395.66,-0.43,-0.37,-0.65,-0.64,-0.0,-0.01,-0.65,-3.95,False,False,0.0,0.0,0.0,0.0,0.1,0.0,0.0,0.0
2017-06-30,2391.79,-0.52,-0.23,-0.37,-0.13,0.0,-0.17,-0.64,-2.86,False,False,0.0,0.0,0.0,0.0,0.1,0.0,0.0,0.0
2017-07-03,2394.48,-0.58,-0.22,-1.37,-1.41,0.0,-0.03,-0.63,-6.31,False,False,0.0,0.0,0.0,0.0,0.1,0.0,0.0,0.0
2017-07-04,2380.52,-0.54,-0.3,-1.62,-1.4,0.0,-0.17,-0.97,-6.76,False,False,0.0,0.0,0.0,0.0,0.0,0.0,0.0,0.0
2017-07-05,2388.35,-0.4,-0.48,-1.03,-0.91,0.0,-0.01,-0.94,-5.13,False,False,0.0,0.0,0.0,0.0,0.0,0.0,0.0,0.0
2017-07-06,2387.81,-0.36,-0.5,-1.0,-0.83,0.0,-0.02,-1.01,-4.95,False,False,0.0,0.0,0.0,0.0,0.0,0.0,0.0,0.0
2017-07-07,2379.87,-0.4,-0.48,-1.56,-1.17,0.0,-0.02,-0.97,-6.29,False,False,0.0,0.0,0.0,0.0,0.0,0.0,0.0,0.0
2017-07-10,2382.1,-0.38,-0.39,-1.49,-1.25,0.0,-0.0,-0.91,-6.17,False,False,0.0,0.0,0.0,0.0,0.0,0.0,0.0,0.0
2017-07-11,2396.0,-0.25,-0.37,-1.68,-1.07,-0.0,-0.01,-0.8,-6.06,False,False,0.0,0.0,0.0,0.0,0.0,0.0,0.0,0.0
2017-07-12,2391.77,-0.28,-0.28,-1.92,-1.79,0.0,-0.19,-0.66,-7.04,False,False,0.0,0.0,0.0,0.0,0.0,0.0,0.0,0.0
2017-07-13,2409.49,-0.33,-0.08,-1.55,-1.51,-0.0,-0.04,-0.53,-6.24,False,False,0.0,0.0,0.0,0.0,0.0,0.0,0.0,0.0
2017-07-14,2414.63,-0.3,0.1,-1.89,-1.82,-0.0,-0.22,-0.26,-6.86,False,False,0.0,0.0,0.0,0.0,0.0,0.0,0.0,0.0
2017-07-17,2425.1,-0.33,0.27,-1.14,-1.06,-0.0,-0.23,-0.13,-4.86,False,False,0.0,0.0,0.0,0.0,0.0,0.0,0.0,0.0
2017-07-18,2426.04,-0.26,0.22,-1.44,-1.0,-0.0,-0.35,0.16,-5.18,False,False,0.0,0.0,0.0,0.0,0.0,0.0,0.0,0.0
2017-07-19,2429.94,-0.07,-0.02,-1.97,-1.73,-0.0,-0.35,0.27,-6.5,False,False,0.0,0.0,0.0,0.0,0.0,0.0,0.0,0.0
2017-07-20,2441.84,0.05,-0.03,-1.29,-0.98,-0.0,-0.36,0.23,-4.33,False,False,0.0,0.0,0.0,0.0,0.0,0.0,0.0,0.0
2017-07-21,2450.06,0.04,-0.05,-1.24,-0.86,-0.0,-0.47,0.01,-4.26,False,False,0.0,0.0,0.0,0.0,0.0,0.0,0.0,0.0
2017-07-24,2451.53,-0.02,0.07,-1.31,-1.27,-0.0,-0.5,0.13,-4.9,False,False,0.0,0.0,0.0,0.0,0.0,0.0,0.0,0.0
2017-07-25,2439.9,0.04,-0.01,-1.14,-0.92,0.0,-0.5,0.2,-4.04,False,False,0.0,0.0,0.0,0.0,0.0,0.0,0.0,0.0
2017-07-26,2434.51,0.24,-0.22,-1.05,-0.96,0.0,-0.48,0.4,-3.48,False,False,0.0,0.0,0.0,0.0,0.0,0.0,0.0,0.0
2017-07-27,2443.24,0.43,-0.31,-0.44,-0.7,0.0,-0.38,0.27,-1.3,False,False,0.1,0.0,0.0,0.0,0.0,0.0,0.0,0.0
2017-07-28,2400.99,0.54,-0.47,-0.48,-0.78,0.0,-0.48,0.3,-1.33,False,False,0.2,0.0,0.1,0.0,0.0,0.0,0.1,0.0
2017-07-31,2402.71,0.76,-0.8,-0.67,-1.1,0.0,-0.19,0.11,-1.83,False,False,0.3,0.0,0.2,0.0,0.0,0.0,0.2,0.0
2017-08-01,2422.96,1.0,-1.04,-0.92,-1.14,0.0,-0.2,-0.01,-2.1,False,False,0.3,0.0,0.3,0.0,0.3,0.0,0.3,0.0
2017-08-02,2427.63,1.08,-1.13,-1.48,-1.5,0.0,-0.35,-0.02,-3.79,False,False,0.3,0.0,0.3,0.0,0.3,0.0,0.3,0.0
2017-08-03,2386.85,1.01,-1.11,-0.85,-1.06,0.29,-0.35,0.01,-1.34,False,False,0.3,0.0,0.3,0.0,0.3,0.0,0.3,0.0
2017-08-04,2395.45,1.13,-1.38,-1.01,-1.22,0.25,-0.01,0.02,-1.71,False,False,0.3,0.0,0.3,0.0,0.3,0.0,0.3,0.0
2017-08-07,2398.75,1.25,-1.55,-1.75,-2.28,0.24,-0.03,0.14,-4.56,False,False,0.2,0.0,0.3,0.0,0.3,0.0,0.3,0.0
2017-08-08,2394.73,1.19,-1.5,-1.61,-1.92,0.23,-0.04,-0.12,-4.05,False,False,0.2,0.0,0.2,0.0,0.2,0.0,0.2,0.0
2017-08-09,2368.39,1.18,-1.55,-1.11,-1.2,0.45,-0.03,0.08,-1.48,False,False,0.3,0.0,0.2,0.0,0.2,0.0,0.2,0.0
2017-08-10,2359.47,1.36,-1.92,-1.4,-1.21,0.42,0.18,-0.24,-2.04,False,False,0.2,0.0,0.3,0.0,0.2,0.0,0.3,0.0
2017-08-11,2319.71,1.59,-2.16,-1.26,-1.32,0.89,0.2,-0.29,-0.48,False,False,0.3,0.1,0.2,0.0,0.2,0.0,0.2,0.0
2017-08-14,2334.22,1.77,-2.52,-1.61,-1.62,0.85,0.48,-0.44,-1.57,False,False,0.4,0.1,0.3,0.1,0.2,0.0,0.3,0.1
2017-08-16,2348.26,1.89,-2.5,-1.22,-1.33,0.82,0.46,-0.36,0.11,False,False,0.6,0.2,0.4,0.1,0.2,0.0,0.4,0.1
2017-08-17,2361.67,1.79,-2.49,-0.99,-1.08,0.76,0.34,-0.58,0.52,False,False,0.7,0.3,0.6,0.2,0.2,0.0,0.6,0.2
2017-08-18,2358.37,1.63,-2.38,-0.97,-1.35,0.73,0.19,-0.56,-0.3,False,False,0.8,0.4,0.7,0.3,0.2,0.0,0.7,0.3
2017-08-21,2355.0,1.6,-2.38,0.09,-0.28,0.72,0.2,-0.54,3.7,False,False,0.8,0.5,0.8,0.4,0.2,0.0,0.8,0.4
2017-08-22,2365.33,1.59,-2.47,-0.88,-0.83,0.68,0.32,-0.21,0.71,False,False,0.9,0.7,0.8,0.5,0.8,0.5,0.8,0.5
2017-08-23,2366.4,1.58,-2.35,-0.95,-1.24,0.66,0.19,-0.39,-0.24,False,False,0.9,0.6,0.9,0.7,0.8,0.5,0.9,0.7
2017-08-24,2375.84,1.46,-2.22,-0.68,-0.59,0.61,0.18,-0.38,1.07,False,False,0.9,0.7,0.9,0.6,0.8,0.5,0.9,0.6
2017-08-25,2378.51,1.34,-2.07,-0.93,-0.62,0.57,0.16,-0.15,0.2,False,False,1.0,0.7,0.9,0.7,0.8,0.5,0.9,0.7
2017-08-28,2370.3,1.32,-2.02,-1.02,-0.79,0.38,0.0,-0.08,-0.73,False,False,0.9,0.6,1.0,0.7,0.8,0.5,1.0,0.7
2017-08-29,2364.74,1.2,-1.88,-1.14,-0.74,0.4,0.16,-0.06,-1.04,False,False,0.8,0.5,0.9,0.6,0.9,0.6,0.9,0.6
2017-08-30,2372.29,1.07,-1.95,-0.78,-0.69,0.3,0.17,-0.17,-0.69,False,False,0.8,0.4,0.8,0.5,0.9,0.6,0.8,0.5
2017-08-31,2363.19,1.11,-1.96,-0.76,-0.53,0.32,0.16,-0.09,-0.21,False,False,0.8,0.4,0.8,0.4,0.9,0.6,0.8,0.4
2017-09-01,2357.69,1.13,-2.04,-0.82,-0.6,0.02,0.18,-0.07,-1.05,False,False,0.7,0.3,0.8,0.4,0.9,0.6,0.8,0.4
2017-09-04,2329.65,0.97,-1.77,-1.23,-0.86,0.19,0.84,-0.07,-2.05,False,False,0.6,0.2,0.7,0.3,0.9,0.6,0.7,0.3
2017-09-05,2326.62,1.06,-1.7,-0.69,-0.4,0.17,0.94,-0.2,0.18,False,False,0.7,0.3,0.6,0.2,0.6,0.2,0.6,0.2
2017-09-06,2319.82,1.23,-1.91,-0.84,-0.63,0.18,0.94,-0.17,-0.18,False,False,0.7,0.3,0.7,0.3,0.6,0.2,0.7,0.3
2017-09-07,2346.19,1.39,-2.14,-1.31,-1.08,0.23,1.01,-0.37,-1.7,False,False,0.6,0.2,0.7,0.3,0.6,0.2,0.7,0.3
2017-09-08,2343.72,1.39,-2.02,-1.33,-0.97,0.22,0.85,-0.09,-1.47,False,False,0.6,0.2,0.6,0.2,0.6,0.2,0.6,0.2
2017-09-11,2359.08,1.31,-1.98,-0.91,-0.45,0.0,0.91,-0.16,-0.29,False,False,0.7,0.3,0.6,0.2,0.6,0.2,0.6,0.2
2017-09-12,2365.47,1.29,-1.87,-1.3,-0.86,0.0,0.83,-0.16,-1.89,False,False,0.6,0.2,0.7,0.3,0.7,0.3,0.7,0.3
2017-09-13,2360.18,1.31,-1.83,-0.4,-0.08,0.0,0.82,0.1,1.68,False,False,0.6,0.3,0.6,0.2,0.7,0.3,0.6,0.2
2017-09-14,2377.66,1.31,-1.76,-0.89,-0.57,0.0,0.83,0.05,-0.24,False,False,0.7,0.4,0.6,0.3,0.7,0.3,0.6,0.3
2017-09-15,2386.07,1.4,-1.8,-1.03,-0.69,0.0,0.75,-0.13,-0.72,False,False,0.7,0.4,0.7,0.4,0.7,0.3,0.7,0.4
2017-09-18,2418.21,1.48,-1.82,-0.4,0.04,0.01,0.67,0.03,2.18,False,False,0.8,0.5,0.7,0.4,0.7,0.3,0.7,0.4
2017-09-19,2416.05,1.43,-1.65,-0.74,-0.41,0.01,0.58,0.16,0.69,False,False,0.9,0.7,0.8,0.5,0.8,0.5,0.8,0.5
2017-09-20,2412.2,1.38,-1.74,-0.82,-0.38,0.01,0.58,0.14,0.34,False,False,0.9,0.6,0.9,0.7,0.8,0.5,0.9,0.7
2017-09-21,2406.5,1.54,-1.93,-0.92,-0.22,0.02,0.58,0.32,0.72,False,False,0.9,0.7,0.9,0.6,0.8,0.5,0.9,0.6
2017-09-22,2388.71,1.43,-1.83,-0.64,0.12,0.08,0.67,0.23,1.83,False,False,1.0,0.8,0.9,0.7,0.8,0.5,0.9,0.7
2017-09-25,2380.4,1.31,-1.82,-0.87,-0.24,0.09,0.68,0.3,0.51,False,False,1.0,0.7,1.0,0.8,0.8,0.5,1.0,0.8
2017-09-26,2374.32,1.24,-1.82,-0.74,-0.04,0.11,0.75,0.18,0.95,False,False,1.0,0.8,1.0,0.7,1.0,0.7,1.0,0.7
2017-09-27,2372.57,1.44,-1.9,-0.68,0.1,0.1,0.75,0.02,1.66,False,False,1.0,0.8,1.0,0.8,1.0,0.7,1.0,0.8
2017-09-28,2373.14,1.45,-2.0,-0.31,0.14,0.08,0.75,-0.03,2.54,False,False,1.0,0.9,1.0,0.8,1.0,0.7,1.0,0.8
2017-09-29,2394.47,1.44,-1.98,-0.36,0.03,0.12,0.75,0.0,2.31,False,False,1.0,0.9,1.0,0.9,1.0,0.7,1.0,0.9
2017-10-10,2433.81,1.51,-1.98,-0.33,0.02,0.05,0.67,0.02,2.39,False,False,1.0,1.0,1.0,0.9,1.0,0.9,1.0,0.9
2017-10-11,2458.16,1.19,-1.56,-0.83,-0.07,-0.0,0.44,0.32,0.37,False,False,1.0,0.9,1.0,1.0,1.0,0.9,1.0,1.0
2017-10-12,2474.76,0.91,-1.18,-0.16,0.59,-0.0,0.28,0.47,2.49,False,False,1.0,0.9,1.0,0.9,1.0,0.9,1.0,0.9
2017-10-13,2473.62,0.74,-0.94,-0.15,0.35,0.0,0.1,0.54,1.84,False,False,1.0,0.9,1.0,0.9,1.0,0.9,1.0,0.9
2017-10-16,2480.05,0.76,-0.96,0.95,1.25,-0.0,0.09,0.66,5.41,False,False,1.0,0.9,1.0,0.9,1.0,0.9,1.0,0.9
2017-10-17,2484.37,0.86,-1.01,0.17,0.88,-0.0,0.08,0.78,3.64,False,False,1.0,0.9,1.0,0.9,1.0,0.9,1.0,0.9
2017-10-18,2482.91,0.69,-1.03,-0.2,0.5,0.0,0.07,0.67,1.82,False,False,1.0,1.0,1.0,0.9,1.0,0.9,1.0,0.9
2017-10-19,2473.06,0.62,-0.97,1.03,1.75,0.03,0.07,0.51,5.79,False,False,1.0,1.0,1.0,1.0,1.0,0.9,1.0,1.0
2017-10-20,2489.54,0.6,-0.97,0.22,0.93,-0.0,0.09,0.53,3.16,False,False,1.0,1.0,1.0,1.0,1.0,0.9,1.0,1.0
2017-10-23,2490.05,0.55,-0.95,-0.18,0.46,-0.0,0.07,0.45,1.38,False,False,1.0,1.0,1.0,1.0,1.0,0.9,1.0,1.0
2017-10-24,2490.49,0.3,-0.83,-0.47,0.35,-0.0,0.06,0.27,-0.14,False,False,1.0,0.9,1.0,1.0,1.0,1.0,1.0,1.0
2017-10-25,2492.5,0.32,-0.95,-0.6,0.02,-0.0,0.06,0.22,-0.99,False,False,0.9,0.7,1.0,0.9,1.0,1.0,1.0,0.9
2017-10-26,2480.63,0.25,-0.85,-0.26,0.52,0.01,-0.08,0.16,0.38,False,False,0.9,0.6,0.9,0.7,1.0,1.0,0.9,0.7
2017-10-27,2496.63,0.24,-0.76,-0.51,0.42,-0.0,0.08,0.11,-0.33,False,False,0.9,0.5,0.9,0.6,1.0,1.0,0.9,0.6
2017-10-30,2501.93,0.23,-0.72,-0.28,0.41,-0.0,-0.1,-0.04,0.04,False,False,0.8,0.4,0.9,0.5,1.0,1.0,0.9,0.5
2017-10-31,2523.43,0.04,-0.63,-0.61,0.17,-0.0,-0.11,0.1,-1.47,False,False,0.8,0.4,0.8,0.4,0.8,0.4,0.8,0.4
2017-11-01,2556.47,-0.09,-0.49,0.05,0.61,-0.0,-0.27,0.11,0.48,False,False,0.8,0.4,0.8,0.4,0.8,0.4,0.8,0.4
2017-11-02,2546.36,-0.26,-0.24,-0.97,-0.2,0.01,-0.52,0.17,-3.5,False,False,0.6,0.3,0.8,0.4,0.8,0.4,0.8,0.4
2017-11-03,2557.97,-0.37,-0.12,-0.6,0.02,-0.0,-0.42,0.21,-2.51,False,False,0.5,0.2,0.6,0.3,0.8,0.4,0.6,0.3
2017-11-06,2549.41,-0.32,-0.1,-1.22,-0.81,0.01,-0.52,0.23,-4.81,False,False,0.3,0.1,0.5,0.2,0.8,0.4,0.5,0.2
2017-11-07,2545.44,-0.52,-0.02,-1.63,-1.1,0.0,-0.42,0.16,-6.16,False,False,0.2,0.1,0.3,0.1,0.3,0.1,0.3,0.1
2017-11-08,2552.4,-0.51,-0.03,-1.27,-0.83,0.0,-0.4,0.37,-5.17,False,False,0.0,0.0,0.2,0.1,0.3,0.1,0.2,0.1
2017-11-09,2550.57,-0.49,-0.14,-1.54,-0.89,0.0,-0.43,0.3,-5.75,False,False,0.0,0.0,0.0,0.0,0.3,0.1,0.0,0.0
2017-11-10,2542.95,-0.54,-0.23,-1.56,-0.65,0.0,-0.42,0.2,-5.68,False,False,0.0,0.0,0.0,0.0,0.3,0.1,0.0,0.0
2017-11-13,2530.35,-0.53,-0.31,-1.65,-1.02,0.0,-0.39,0.2,-6.19,False,False,0.0,0.0,0.0,0.0,0.3,0.1,0.0,0.0
2017-11-14,2526.64,-0.63,-0.27,-1.79,-1.09,0.0,-0.27,0.26,-6.53,False,False,0.0,0.0,0.0,0.0,0.0,0.0,0.0,0.0
2017-11-15,2518.25,-0.55,-0.27,-1.73,-0.98,0.0,-0.26,0.3,-6.22,False,False,0.0,0.0,0.0,0.0,0.0,0.0,0.0,0.0
2017-11-16,2534.79,-0.48,-0.31,-1.83,-1.0,0.0,-0.24,0.7,-6.18,False,False,0.0,0.0,0.0,0.0,0.0,0.0,0.0,0.0
2017-11-17,2533.99,-0.54,-0.2,-1.28,-0.67,0.0,-0.29,0.74,-4.95,False,False,0.0,0.0,0.0,0.0,0.0,0.0,0.0,0.0
2017-11-20,2527.67,-0.7,0.01,-0.97,-0.22,0.0,-0.28,1.05,-3.9,False,False,0.0,0.0,0.0,0.0,0.0,0.0,0.0,0.0
2017-11-21,2530.7,-0.75,0.05,-0.6,-0.05,0.0,-0.27,1.15,-2.9,False,False,0.0,0.0,0.0,0.0,0.0,0.0,0.0,0.0
2017-11-22,2540.51,-0.79,0.3,-0.36,0.32,0.0,-0.28,1.32,-1.73,False,False,0.1,0.0,0.0,0.0,0.0,0.0,0.0,0.0
2017-11-23,2537.15,-0.78,0.31,-0.83,-0.29,0.0,-0.4,1.2,-3.74,False,False,0.1,0.0,0.1,0.0,0.0,0.0,0.1,0.0
2017-11-24,2544.33,-0.78,0.3,-1.42,-0.89,0.0,-0.39,1.32,-5.52,False,False,0.1,0.0,0.1,0.0,0.0,0.0,0.1,0.0
2017-11-27,2507.81,-0.66,0.21,-1.79,-1.35,0.07,-0.41,1.29,-6.33,False,False,0.1,0.0,0.1,0.0,0.0,0.0,0.1,0.0
2017-11-28,2514.19,-0.54,-0.04,-2.14,-2.03,0.01,-0.1,1.27,-7.24,False,False,0.1,0.0,0.1,0.0,0.1,0.0,0.1,0.0
2017-11-29,2512.9,-0.36,-0.21,-1.47,-0.98,0.0,-0.23,1.37,-5.06,False,False,0.0,0.0,0.1,0.0,0.1,0.0,0.1,0.0
2017-11-30,2476.37,-0.26,-0.37,-1.29,-0.97,0.01,-0.12,1.31,-4.56,False,False,0.0,0.0,0.0,0.0,0.1,0.0,0.0,0.0
2017-12-01,2475.41,-0.03,-0.63,-1.94,-1.46,0.0,0.11,1.04,-5.95,False,False,0.0,0.0,0.0,0.0,0.1,0.0,0.0,0.0
2017-12-04,2501.67,-0.07,-0.68,-1.69,-1.08,0.12,0.61,1.02,-4.86,False,False,0.0,0.0,0.0,0.0,0.1,0.0,0.0,0.0
2017-12-05,2510.12,0.03,-0.66,-1.48,-0.9,0.12,0.45,0.87,-4.14,False,False,0.0,0.0,0.0,0.0,0.0,0.0,0.0,0.0
2017-12-06,2474.37,0.15,-0.7,-1.74,-1.02,0.44,0.43,0.75,-4.13,False,False,0.0,0.0,0.0,0.0,0.0,0.0,0.0,0.0
2017-12-07,2461.98,0.18,-0.81,-2.12,-1.6,0.52,0.71,0.67,-5.33,False,False,0.0,0.0,0.0,0.0,0.0,0.0,0.0,0.0
2017-12-08,2464.0,0.39,-0.92,-2.26,-1.7,0.52,0.73,0.66,-5.35,False,False,0.0,0.0,0.0,0.0,0.0,0.0,0.0,0.0
2017-12-11,2471.49,0.41,-0.9,-2.03,-1.5,0.5,0.72,0.67,-4.68,False,False,0.0,0.0,0.0,0.0,0.0,0.0,0.0,0.0
2017-12-12,2461.0,0.59,-0.96,-1.65,-0.99,0.57,0.72,0.65,-2.73,False,False,0.0,0.0,0.0,0.0,0.0,0.0,0.0,0.0
2017-12-13,2480.55,0.52,-1.03,-2.11,-1.57,0.57,0.74,0.89,-4.53,False,False,0.0,0.0,0.0,0.0,0.0,0.0,0.0,0.0
2017-12-14,2469.48,0.75,-1.06,-2.43,-1.86,0.57,0.6,0.84,-5.13,False,False,0.0,0.0,0.0,0.0,0.0,0.0,0.0,0.0
2017-12-15,2482.07,0.75,-0.92,-2.16,-1.44,0.54,0.72,1.01,-3.94,False,False,0.0,0.0,0.0,0.0,0.0,0.0,0.0,0.0
2017-12-18,2481.88,1.0,-1.15,-2.01,-1.3,0.54,0.6,0.85,-3.13,False,False,0.0,0.0,0.0,0.0,0.0,0.0,0.0,0.0
2017-12-19,2478.53,1.2,-1.27,-1.8,-1.22,0.55,0.6,0.92,-2.07,False,False,0.1,0.0,0.0,0.0,0.0,0.0,0.0,0.0
2017-12-20,2472.37,1.23,-1.32,-1.64,-0.98,0.56,0.71,1.03,-1.17,False,False,0.2,0.0,0.1,0.0,0.0,0.0,0.1,0.0
2017-12-21,2429.83,1.45,-1.44,-1.84,-1.49,1.2,0.72,0.98,-0.68,False,False,0.3,0.1,0.2,0.0,0.0,0.0,0.2,0.0
2017-12-22,2440.54,1.54,-1.53,-2.13,-1.59,1.13,0.95,0.97,-1.39,False,False,0.4,0.1,0.3,0.1,0.0,0.0,0.3,0.1
2017-12-26,2427.34,1.61,-1.43,-1.66,-1.13,0.97,0.86,1.19,0.44,False,False,0.6,0.2,0.4,0.1,0.4,0.1,0.4,0.1
2017-12-27,2436.67,1.92,-1.28,-1.69,-1.32,0.93,0.95,1.16,0.89,False,False,0.7,0.4,0.6,0.2,0.4,0.1,0.6,0.2
2017-12-28,2467.49,1.74,-1.32,-1.16,-0.77,0.95,0.86,1.13,2.5,False,False,0.8,0.6,0.7,0.4,0.4,0.1,0.7,0.4
2018-01-02,2479.65,1.71,-1.18,-0.56,-0.13,0.64,0.73,1.29,4.12,False,False,0.9,0.7,0.8,0.6,0.8,0.6,0.8,0.6
2018-01-03,2486.35,1.54,-0.9,-0.17,0.42,0.59,0.59,1.43,5.22,False,False,1.0,0.9,0.9,0.7,0.8,0.6,0.9,0.7
2018-01-04,2466.46,1.38,-0.69,-0.34,0.17,0.66,0.57,1.49,4.52,False,False,1.0,1.0,1.0,0.9,0.8,0.6,1.0,0.9
2018-01-05,2497.52,1.21,-0.59,0.51,1.11,0.58,0.73,1.49,6.61,False,False,1.0,1.0,1.0,1.0,0.8,0.6,1.0,1.0
2018-01-08,2513.28,1.18,-0.49,-0.73,-0.21,0.32,0.55,1.51,2.21,False,False,1.0,1.0,1.0,1.0,0.8,0.6,1.0,1.0
2018-01-09,2510.23,1.06,-0.18,-0.76,-0.24,0.32,0.4,1.58,1.91,False,False,1.0,1.0,1.0,1.0,1.0,1.0,1.0,1.0
2018-01-10,2499.75,1.02,-0.03,-1.41,-1.14,0.4,0.41,1.66,-0.86,False,False,0.9,0.8,1.0,1.0,1.0,1.0,1.0,1.0
2018-01-11,2487.91,1.03,-0.11,-1.39,-1.16,0.49,0.56,1.79,-0.51,False,False,0.9,0.7,0.9,0.8,1.0,1.0,0.9,0.8
2018-01-12,2496.42,0.76,-0.01,-1.55,-1.38,0.42,0.58,1.8,-2.0,False,False,0.7,0.5,0.9,0.7,1.0,1.0,0.9,0.7
2018-01-15,2503.73,0.87,-0.11,-1.11,-0.61,0.33,0.56,1.61,0.19,False,False,0.7,0.4,0.7,0.5,1.0,1.0,0.7,0.5
2018-01-16,2521.74,0.81,-0.14,-1.4,-1.19,0.23,0.55,1.56,-1.79,False,False,0.6,0.2,0.7,0.4,0.7,0.4,0.7,0.4
2018-01-17,2515.43,0.84,-0.16,-0.9,-0.81,0.26,0.39,1.52,0.05,False,False,0.7,0.3,0.6,0.2,0.7,0.4,0.6,0.2
2018-01-18,2515.81,0.64,-0.08,-1.84,-2.27,0.26,0.4,1.35,-4.68,False,False,0.5,0.2,0.7,0.3,0.7,0.4,0.7,0.3
2018-01-19,2520.26,0.49,0.0,-1.0,-0.98,0.23,0.4,1.29,-1.45,False,False,0.5,0.2,0.5,0.2,0.7,0.4,0.5,0.2
2018-01-22,2502.11,0.47,-0.04,-0.73,-0.53,0.37,0.39,1.43,0.17,False,False,0.5,0.2,0.5,0.2,0.7,0.4,0.5,0.2
2018-01-23,2536.6,0.32,-0.03,-1.6,-1.95,0.08,0.55,1.36,-4.63,False,False,0.5,0.2,0.5,0.2,0.5,0.2,0.5,0.2
2018-01-24,2538.0,0.38,0.13,-1.22,-1.23,0.07,0.21,1.18,-2.95,False,False,0.3,0.1,0.5,0.2,0.5,0.2,0.5,0.2
2018-01-25,2562.23,0.41,0.07,-0.91,-0.76,-0.0,0.21,1.5,-1.48,False,False,0.4,0.1,0.3,0.1,0.5,0.2,0.3,0.1
2018-01-26,2574.76,0.44,0.15,-0.64,-0.29,-0.0,0.05,1.66,-0.01,False,False,0.5,0.2,0.4,0.1,0.5,0.2,0.4,0.1
2018-01-29,2598.19,0.55,0.25,-0.68,-0.35,-0.0,-0.07,1.45,-0.05,False,False,0.5,0.2,0.5,0.2,0.5,0.2,0.5,0.2
2018-01-30,2567.74,0.68,0.29,-0.26,0.03,0.16,-0.18,1.12,2.02,False,False,0.7,0.4,0.5,0.2,0.5,0.2,0.5,0.2
2018-01-31,2566.46,0.67,0.18,0.38,0.98,0.17,0.05,1.08,4.7,False,False,0.8,0.6,0.7,0.4,0.5,0.2,0.7,0.4
2018-02-01,2568.54,0.69,-0.16,-0.14,0.14,0.11,0.05,1.39,2.42,False,False,1.0,0.8,0.8,0.6,0.5,0.2,0.8,0.6
2018-02-02,2525.39,0.84,-0.35,-0.36,0.05,0.48,0.05,1.07,2.55,False,False,1.0,0.9,1.0,0.8,0.5,0.2,1.0,0.8
2018-02-05,2491.75,0.78,-0.61,-0.56,-0.55,0.85,0.22,0.38,1.42,False,False,1.0,1.0,1.0,0.9,0.5,0.2,1.0,0.9
2018-02-06,2453.31,0.79,-0.88,-0.66,-0.14,1.41,0.58,0.07,2.76,False,True,1.0,1.0,1.0,1.0,1.0,1.0,1.0,1.0
2018-02-07,2396.56,0.81,-0.97,-0.7,-0.4,2.25,0.86,0.08,3.92,False,True,1.0,1.0,1.0,1.0,1.0,1.0,1.0,1.0
2018-02-08,2407.62,0.51,-0.95,-0.58,-0.11,2.17,1.07,0.29,3.97,False,True,1.0,1.0,1.0,1.0,1.0,1.0,1.0,1.0
2018-02-09,2363.77,0.54,-0.97,-0.34,0.38,2.43,1.06,-0.05,5.35,False,True,1.0,1.0,1.0,1.0,1.0,1.0,1.0,1.0
2018-02-12,2385.38,0.52,-1.07,-0.33,0.24,2.31,1.06,-0.02,4.96,False,True,1.0,1.0,1.0,1.0,1.0,1.0,1.0,1.0
2018-02-13,2395.19,0.52,-1.09,-0.45,0.31,2.25,0.95,0.23,4.76,False,True,1.0,1.0,1.0,1.0,1.0,1.0,1.0,1.0
2018-02-14,2421.83,0.48,-1.03,-0.51,0.39,2.07,0.86,0.32,4.43,False,False,1.0,1.0,1.0,1.0,1.0,1.0,1.0,1.0
2018-02-19,2442.82,0.56,-0.98,-1.1,-0.31,1.9,0.74,0.62,2.14,False,False,1.0,1.0,1.0,1.0,1.0,1.0,1.0,1.0
2018-02-20,2415.12,0.64,-0.97,-1.66,-0.77,2.12,0.57,1.02,0.82,False,False,1.0,0.9,1.0,1.0,1.0,1.0,1.0,1.0
2018-02-21,2429.65,0.51,-0.93,-1.05,-0.15,2.01,0.75,0.64,2.6,False,False,1.0,0.9,1.0,0.9,1.0,1.0,1.0,0.9
2018-02-22,2414.28,0.54,-0.92,-0.47,0.54,2.13,0.72,0.19,4.81,False,False,1.0,0.9,1.0,0.9,1.0,1.0,1.0,0.9
2018-02-23,2451.52,0.47,-1.03,-1.41,-0.71,1.82,0.75,-0.42,-0.11,False,False,1.0,0.8,1.0,0.9,1.0,1.0,1.0,0.9
2018-02-26,2457.65,0.61,-1.04,-1.54,-0.89,1.77,0.55,-0.17,-0.46,False,False,0.9,0.7,1.0,0.8,1.0,1.0,1.0,0.8
2018-02-27,2456.14,0.7,-1.2,-2.28,-1.76,1.78,0.4,0.01,-3.29,False,False,0.7,0.6,0.9,0.7,0.9,0.7,0.9,0.7
2018-02-28,2427.36,0.72,-1.29,-2.37,-1.89,2.03,0.41,-0.23,-3.31,False,False,0.5,0.4,0.7,0.6,0.9,0.7,0.7,0.6
2018-03-02,2402.16,0.56,-1.3,-1.67,-1.15,2.19,0.72,-0.56,-0.69,False,False,0.5,0.2,0.5,0.4,0.9,0.7,0.5,0.4
2018-03-05,2375.06,0.49,-1.34,-1.69,-0.94,2.35,0.86,-0.88,-0.39,False,False,0.4,0.2,0.5,0.2,0.9,0.7,0.5,0.2
2018-03-06,2411.41,0.41,-1.22,-1.3,-0.47,2.15,0.96,-0.72,0.88,False,False,0.5,0.3,0.4,0.2,0.4,0.2,0.4,0.2
2018-03-07,2401.82,0.46,-1.09,-1.29,-0.46,2.21,0.75,0.09,1.52,False,False,0.7,0.5,0.5,0.3,0.4,0.2,0.5,0.3
2018-03-08,2433.08,0.45,-1.05,-1.69,-0.91,1.98,0.86,-0.45,-0.83,False,False,0.8,0.5,0.7,0.5,0.4,0.2,0.7,0.5
2018-03-09,2459.45,0.62,-0.98,-1.9,-1.2,1.67,0.58,-0.64,-2.17,False,False,0.7,0.5,0.8,0.5,0.4,0.2,0.8,0.5
2018-03-12,2484.12,0.64,-0.77,-1.39,-0.45,1.09,0.38,-0.27,-0.7,False,False,0.7,0.5,0.7,0.5,0.4,0.2,0.7,0.5
2018-03-13,2494.49,0.8,-0.63,-1.61,-0.69,0.99,0.18,-0.24,-1.41,False,False,0.6,0.3,0.7,0.5,0.7,0.5,0.7,0.5
2018-03-14,2486.08,0.76,-0.46,-1.44,-0.62,0.79,0.02,-0.05,-1.29,False,False,0.5,0.1,0.6,0.3,0.7,0.5,0.6,0.3
2018-03-15,2492.38,0.67,-0.43,-0.83,0.11,0.71,0.18,0.03,1.07,False,False,0.6,0.3,0.5,0.1,0.7,0.5,0.5,0.1
2018-03-16,2493.97,0.68,-0.39,-0.94,0.07,0.69,0.18,0.16,0.82,False,False,0.7,0.4,0.6,0.3,0.7,0.5,0.6,0.3
2018-03-19,2475.03,0.63,-0.36,-0.45,0.66,0.78,0.02,0.06,2.78,False,False,0.8,0.6,0.7,0.4,0.7,0.5,0.7,0.4
2018-03-20,2485.52,0.58,-0.4,-1.18,-0.2,0.68,0.2,-0.08,-0.58,False,False,0.8,0.6,0.8,0.6,0.8,0.6,0.8,0.6
2018-03-21,2484.97,0.57,-0.42,-1.33,-0.44,0.56,0.19,-0.17,-1.62,False,False,0.8,0.6,0.8,0.6,0.8,0.6,0.8,0.6
2018-03-22,2496.02,0.66,-0.41,-1.16,-0.16,0.5,0.19,-0.24,-0.71,False,False,0.8,0.5,0.8,0.6,0.8,0.6,0.8,0.6
2018-03-23,2416.76,0.57,-0.29,-0.76,0.44,1.72,0.02,-0.48,3.14,False,False,0.8,0.5,0.8,0.5,0.8,0.6,0.8,0.5
2018-03-26,2437.08,0.37,-0.35,-0.36,0.81,1.43,0.75,-0.47,3.86,False,False,0.8,0.5,0.8,0.5,0.8,0.6,0.8,0.5
2018-03-27,2452.06,0.25,-0.39,-0.78,0.3,1.34,0.58,-0.45,1.68,False,False,0.8,0.7,0.8,0.5,0.8,0.5,0.8,0.5
2018-03-28,2419.29,0.17,-0.32,-0.23,0.78,1.66,0.4,-0.36,3.96,False,False,0.9,0.9,0.8,0.7,0.8,0.5,0.8,0.7
2018-03-29,2436.37,0.07,-0.4,-0.38,0.6,1.47,0.74,-0.19,3.05,False,False,1.0,1.0,0.9,0.9,0.8,0.5,0.9,0.9
2018-03-30,2445.85,0.05,-0.49,-0.6,0.3,1.31,0.58,-0.18,1.64,False,False,1.0,1.0,1.0,1.0,0.8,0.5,1.0,1.0
2018-04-02,2444.16,0.16,-0.45,-0.23,0.91,1.19,0.56,-0.21,3.37,False,False,1.0,1.0,1.0,1.0,0.8,0.5,1.0,1.0
2018-04-03,2442.43,0.13,-0.45,-1.03,-0.14,1.03,0.57,-0.36,-0.53,False,False,0.9,0.9,1.0,1.0,1.0,1.0,1.0,1.0
2018-04-04,2408.06,-0.02,-0.48,-0.39,0.46,1.33,0.57,0.0,2.33,False,False,0.9,0.9,0.9,0.9,1.0,1.0,0.9,0.9
2018-04-05,2437.52,-0.07,-0.47,-0.89,-0.28,1.17,0.76,-0.46,-0.58,False,False,0.9,0.7,0.9,0.9,1.0,1.0,0.9,0.9
2018-04-06,2429.58,-0.17,-0.39,-0.82,-0.47,1.1,0.58,-0.46,-1.11,False,False,0.8,0.6,0.9,0.7,1.0,1.0,0.9,0.7
2018-04-09,2444.08,-0.19,-0.55,-1.48,-1.25,0.97,0.59,-1.19,-4.37,False,False,0.6,0.4,0.8,0.6,1.0,1.0,0.8,0.6
2018-04-10,2450.74,-0.13,-0.67,-1.63,-1.35,0.92,0.56,-0.99,-4.72,False,False,0.5,0.3,0.6,0.4,0.6,0.4,0.6,0.4
2018-04-11,2444.22,0.01,-0.9,-2.05,-2.06,0.94,0.54,-0.97,-6.04,False,False,0.3,0.1,0.5,0.3,0.6,0.4,0.5,0.3
2018-04-12,2442.71,-0.02,-0.71,-1.57,-1.11,0.93,0.56,-1.04,-4.12,False,False,0.1,0.0,0.3,0.1,0.6,0.4,0.3,0.1
2018-04-13,2455.07,-0.07,-0.65,-1.34,-0.86,0.89,0.56,-0.95,-3.41,False,False,0.0,0.0,0.1,0.0,0.6,0.4,0.1,0.0
2018-04-16,2457.49,-0.11,-0.67,-0.79,-0.13,0.84,0.38,-0.81,-1.31,False,False,0.1,0.0,0.0,0.0,0.6,0.4,0.0,0.0
2018-04-17,2453.77,-0.13,-0.62,-1.05,-0.41,0.83,0.38,-1.02,-2.48,False,False,0.1,0.0,0.1,0.0,0.1,0.0,0.1,0.0
2018-04-18,2479.98,-0.06,-0.71,-1.08,-0.38,0.78,0.38,-0.85,-2.4,False,False,0.2,0.0,0.1,0.0,0.1,0.0,0.1,0.0
2018-04-19,2486.1,-0.1,-0.54,-1.1,-0.44,0.73,0.17,-0.89,-2.76,False,False,0.2,0.0,0.2,0.0,0.1,0.0,0.2,0.0
2018-04-20,2476.33,-0.2,-0.51,-1.38,-0.7,0.0,0.16,-0.69,-5.02,False,False,0.2,0.0,0.2,0.0,0.1,0.0,0.2,0.0
2018-04-23,2474.11,-0.02,-0.69,-1.57,-1.11,0.0,0.17,-0.95,-5.63,False,False,0.1,0.0,0.2,0.0,0.1,0.0,0.2,0.0
2018-04-24,2464.14,0.01,-0.77,-1.04,-0.48,0.0,0.17,-1.13,-3.94,False,False,0.1,0.0,0.1,0.0,0.1,0.0,0.1,0.0
2018-04-25,2448.81,0.08,-0.93,-0.41,0.05,0.0,0.36,-1.1,-1.58,False,False,0.1,0.0,0.1,0.0,0.1,0.0,0.1,0.0
2018-04-26,2475.64,0.08,-1.13,-0.54,-0.13,0.0,0.4,-1.46,-2.4,False,False,0.1,0.0,0.1,0.0,0.1,0.0,0.1,0.0
2018-04-27,2492.4,0.02,-0.98,-0.84,-0.31,0.0,0.17,-1.01,-3.3,False,False,0.1,0.0,0.1,0.0,0.1,0.0,0.1,0.0
2018-04-30,2515.38,-0.22,-0.89,-1.18,-0.63,0.0,-0.02,-0.49,-4.74,False,False,0.1,0.0,0.1,0.0,0.1,0.0,0.1,0.0
2018-05-02,2505.61,-0.25,-0.79,-1.02,-0.53,0.0,-0.15,-0.92,-4.55,False,False,0.1,0.0,0.1,0.0,0.1,0.0,0.1,0.0
2018-05-03,2487.25,-0.33,-0.85,-1.67,-1.17,0.0,0.36,-1.39,-6.46,False,False,0.0,0.0,0.1,0.0,0.1,0.0,0.1,0.0
2018-05-04,2461.38,-0.27,-0.94,-1.3,-0.84,0.0,0.36,-1.14,-5.41,False,False,0.0,0.0,0.0,0.0,0.1,0.0,0.0,0.0
2018-05-08,2449.81,-0.58,-1.0,-1.2,-0.93,0.0,0.69,-0.95,-5.7,False,False,0.0,0.0,0.0,0.0,0.0,0.0,0.0,0.0
2018-05-09,2443.98,-0.6,-0.93,-1.9,-1.73,0.0,0.69,-0.98,-7.37,False,False,0.0,0.0,0.0,0.0,0.0,0.0,0.0,0.0
2018-05-10,2464.16,-0.51,-0.91,-1.92,-1.6,0.0,0.69,-1.17,-7.25,False,False,0.0,0.0,0.0,0.0,0.0,0.0,0.0,0.0
2018-05-11,2477.71,-0.51,-0.85,-1.89,-1.42,0.0,0.53,-0.61,-6.96,False,False,0.0,0.0,0.0,0.0,0.0,0.0,0.0,0.0
2018-05-14,2476.11,-0.4,-0.82,-1.6,-1.22,0.0,0.53,0.08,-6.0,False,False,0.0,0.0,0.0,0.0,0.0,0.0,0.0,0.0
2018-05-15,2458.54,-0.31,-0.84,-1.76,-1.11,0.0,0.53,0.12,-6.01,False,False,0.0,0.0,0.0,0.0,0.0,0.0,0.0,0.0
2018-05-16,2459.82,-0.38,-0.88,-1.81,-1.24,0.0,0.68,-0.23,-6.38,False,False,0.0,0.0,0.0,0.0,0.0,0.0,0.0,0.0
2018-05-17,2448.45,-0.2,-0.83,-1.27,-0.74,0.0,0.68,-0.61,-4.75,False,False,0.0,0.0,0.0,0.0,0.0,0.0,0.0,0.0
2018-05-18,2460.65,-0.13,-0.86,-1.65,-1.15,0.0,0.68,-0.27,-5.65,False,False,0.0,0.0,0.0,0.0,0.0,0.0,0.0,0.0
2018-05-21,2465.57,-0.1,-0.91,-1.83,-1.46,0.0,0.68,-0.33,-6.23,False,False,0.0,0.0,0.0,0.0,0.0,0.0,0.0,0.0
2018-05-23,2471.91,-0.05,-0.96,-1.71,-1.21,0.0,0.52,-0.69,-5.9,False,False,0.0,0.0,0.0,0.0,0.0,0.0,0.0,0.0
2018-05-24,2466.01,-0.13,-0.8,-1.87,-1.29,0.0,0.52,-0.52,-6.27,False,False,0.0,0.0,0.0,0.0,0.0,0.0,0.0,0.0
2018-05-25,2460.8,-0.22,-0.74,-1.27,-0.48,0.0,0.52,-0.66,-4.53,False,False,0.0,0.0,0.0,0.0,0.0,0.0,0.0,0.0
2018-05-28,2478.96,-0.22,-0.53,-1.35,-0.27,0.0,0.68,-1.14,-4.46,False,False,0.0,0.0,0.0,0.0,0.0,0.0,0.0,0.0
2018-05-29,2457.25,-0.22,-0.42,-1.47,-0.68,0.0,0.51,-0.7,-5.03,False,False,0.0,0.0,0.0,0.0,0.0,0.0,0.0,0.0
2018-05-30,2409.03,-0.25,-0.51,-1.19,-0.62,0.06,0.68,-0.89,-4.43,False,False,0.0,0.0,0.0,0.0,0.0,0.0,0.0,0.0
2018-05-31,2423.01,-0.29,-0.75,-0.14,0.89,0.0,0.93,-0.41,0.14,False,False,0.2,0.1,0.0,0.0,0.0,0.0,0.0,0.0
2018-06-01,2438.96,-0.71,-0.49,-0.26,0.8,0.04,0.82,-0.67,-1.31,False,False,0.3,0.1,0.2,0.1,0.0,0.0,0.2,0.1
2018-06-04,2447.76,-0.79,-0.34,-0.48,0.77,0.03,0.82,-0.75,-2.08,False,False,0.3,0.1,0.3,0.1,0.0,0.0,0.3,0.1
2018-06-05,2453.76,-0.8,-0.26,-0.67,0.56,0.0,0.67,-0.5,-2.82,False,False,0.4,0.1,0.3,0.1,0.3,0.1,0.3,0.1
2018-06-07,2470.58,-0.68,-0.27,-1.11,-0.16,0.0,0.82,-0.2,-4.26,False,False,0.4,0.1,0.4,0.1,0.3,0.1,0.4,0.1
2018-06-08,2451.58,-0.57,-0.18,-1.03,0.06,0.02,0.81,-0.02,-3.45,False,False,0.2,0.0,0.4,0.1,0.3,0.1,0.4,0.1
2018-06-11,2470.15,-0.8,-0.06,-1.13,-0.17,0.01,0.82,-0.41,-4.53,False,False,0.1,0.0,0.2,0.0,0.3,0.1,0.2,0.0
2018-06-12,2468.83,-0.75,-0.05,-1.53,-0.61,0.0,0.81,-1.2,-5.95,False,False,0.0,0.0,0.1,0.0,0.1,0.0,0.1,0.0
2018-06-14,2423.48,-0.72,-0.1,-0.46,0.74,0.22,0.81,-1.0,-1.55,False,False,0.1,0.0,0.0,0.0,0.1,0.0,0.0,0.0
2018-06-15,2404.04,-0.86,-0.22,-1.06,0.09,0.27,1.01,-1.02,-3.99,False,False,0.1,0.0,0.1,0.0,0.1,0.0,0.1,0.0
2018-06-18,2376.24,-0.78,-0.39,-1.0,0.09,0.41,1.09,-1.7,-3.79,False,False,0.1,0.0,0.1,0.0,0.1,0.0,0.1,0.0
2018-06-19,2340.11,-0.71,-0.53,-0.41,0.88,0.65,1.15,-2.11,-0.91,False,False,0.2,0.1,0.1,0.0,0.1,0.0,0.1,0.0
2018-06-20,2363.91,-0.68,-0.62,-0.87,0.2,0.67,1.26,-2.68,-3.16,False,False,0.2,0.1,0.2,0.1,0.1,0.0,0.2,0.1
2018-06-21,2337.83,-0.7,-0.55,-0.91,-0.05,0.8,1.21,-2.33,-3.22,False,False,0.1,0.0,0.2,0.1,0.1,0.0,0.2,0.1
2018-06-22,2357.22,-0.81,-0.57,-0.6,0.42,0.81,1.26,-2.28,-2.03,False,False,0.2,0.0,0.1,0.0,0.1,0.0,0.1,0.0
2018-06-25,2357.88,-0.77,-0.65,-0.48,0.39,0.81,1.21,-2.18,-1.73,False,False,0.3,0.0,0.2,0.0,0.1,0.0,0.2,0.0
2018-06-26,2350.92,-0.7,-0.69,-0.48,0.73,0.82,1.21,-2.07,-0.96,False,False,0.3,0.0,0.3,0.0,0.3,0.0,0.3,0.0
2018-06-27,2342.03,-0.66,-0.87,-0.58,0.66,0.76,1.21,-2.3,-1.57,False,False,0.3,0.0,0.3,0.0,0.3,0.0,0.3,0.0
2018-06-28,2314.24,-0.75,-0.76,0.19,1.53,0.87,1.2,-2.19,1.74,False,False,0.5,0.2,0.3,0.0,0.3,0.0,0.3,0.0
2018-06-29,2326.13,-0.7,-0.85,-0.7,0.43,0.59,1.3,-2.01,-2.4,False,False,0.5,0.2,0.5,0.2,0.3,0.0,0.5,0.2
2018-07-02,2271.54,-0.59,-0.59,-0.6,0.3,1.08,1.26,-1.72,-0.88,False,False,0.6,0.3,0.5,0.2,0.3,0.0,0.5,0.2
2018-07-03,2272.76,-0.5,-0.79,-0.54,0.56,0.98,1.37,-2.0,-0.52,False,False,0.6,0.3,0.6,0.3,0.6,0.3,0.6,0.3
2018-07-04,2265.46,-0.56,-0.77,0.02,0.84,0.93,1.37,-1.85,1.13,False,False,0.7,0.5,0.6,0.3,0.6,0.3,0.6,0.3
2018-07-05,2257.55,-0.63,-0.74,0.45,1.4,0.89,1.37,-2.3,2.53,False,False,0.7,0.5,0.7,0.5,0.6,0.3,0.7,0.5
2018-07-06,2272.87,-0.6,-0.75,-0.07,0.88,0.86,1.37,-2.36,0.48,False,False,0.9,0.6,0.7,0.5,0.6,0.3,0.7,0.5
2018-07-09,2285.8,-0.52,-0.93,0.15,1.05,0.91,1.37,-2.34,1.49,False,False,0.9,0.8,0.9,0.6,0.6,0.3,0.9,0.6
2018-07-10,2294.16,-0.34,-0.99,-0.29,0.88,0.81,1.32,-2.07,0.5,False,False,1.0,0.8,0.9,0.8,0.9,0.8,0.9,0.8
2018-07-11,2280.62,-0.45,-0.96,-0.55,0.27,0.82,1.32,-2.62,-1.55,False,False,0.9,0.7,1.0,0.8,0.9,0.8,1.0,0.8
2018-07-12,2285.06,-0.47,-0.81,-0.41,0.54,0.59,1.32,-2.45,-1.2,False,False,0.8,0.5,0.9,0.7,0.9,0.8,0.9,0.7
2018-07-13,2310.9,-0.52,-0.71,-0.7,0.1,0.71,1.32,-2.66,-2.43,False,False,0.6,0.4,0.8,0.5,0.9,0.8,0.8,0.5
2018-07-16,2301.99,-0.64,-0.39,-0.09,0.96,0.62,1.28,-2.47,0.09,False,False,0.6,0.3,0.6,0.4,0.9,0.8,0.6,0.4
2018-07-17,2297.92,-0.88,-0.3,-0.12,1.02,0.4,1.32,-2.29,-0.81,False,False,0.5,0.2,0.6,0.3,0.6,0.3,0.6,0.3
2018-07-18,2290.11,-0.9,-0.25,-0.64,0.45,0.25,1.32,-2.38,-3.21,False,False,0.5,0.2,0.5,0.2,0.6,0.3,0.5,0.2
2018-07-19,2282.29,-1.0,-0.32,-0.31,0.9,0.13,1.32,-2.52,-2.4,False,False,0.4,0.2,0.5,0.2,0.6,0.3,0.5,0.2
2018-07-20,2289.19,-0.92,-0.29,-0.17,0.94,0.02,1.32,-2.62,-2.04,False,False,0.4,0.2,0.4,0.2,0.6,0.3,0.4,0.2
2018-07-23,2269.31,-0.89,-0.36,-0.61,0.32,0.08,1.31,-2.46,-3.67,False,False,0.2,0.1,0.4,0.2,0.6,0.3,0.4,0.2
2018-07-24,2280.2,-0.81,-0.33,-0.53,0.52,0.13,1.37,-2.29,-2.86,False,False,0.1,0.0,0.2,0.1,0.2,0.1,0.2,0.1
2018-07-25,2273.03,-0.8,-0.13,-0.45,0.65,0.12,1.31,-2.24,-2.4,False,False,0.1,0.0,0.1,0.0,0.2,0.1,0.1,0.0
2018-07-26,2289.06,-0.62,-0.33,-0.37,0.73,0.04,1.37,-2.15,-1.84,False,False,0.2,0.0,0.1,0.0,0.2,0.1,0.1,0.0
2018-07-27,2294.99,-0.61,-0.18,-0.27,0.97,0.0,1.31,-2.15,-1.23,False,False,0.2,0.0,0.2,0.0,0.2,0.1,0.2,0.0
2018-07-30,2293.51,-0.64,-0.06,0.35,1.57,0.0,1.3,-1.82,1.33,False,False,0.4,0.2,0.2,0.0,0.2,0.1,0.2,0.0
2018-07-31,2295.26,-0.63,0.05,1.45,2.67,0.0,1.3,-1.53,5.35,False,False,0.6,0.4,0.4,0.2,0.4,0.2,0.4,0.2
2018-08-01,2307.07,-0.58,0.01,0.6,1.31,0.0,1.3,-1.57,1.89,False,False,0.8,0.6,0.6,0.4,0.4,0.2,0.6,0.4
2018-08-02,2270.2,-0.61,0.28,0.66,1.4,0.0,1.25,-1.3,2.33,False,False,0.9,0.8,0.8,0.6,0.4,0.2,0.8,0.6
2018-08-03,2287.68,-0.77,0.26,-0.01,0.91,0.0,1.37,-1.87,-0.71,False,False,0.9,0.8,0.9,0.8,0.4,0.2,0.9,0.8
2018-08-06,2286.5,-0.88,0.47,0.75,1.85,0.0,1.3,-1.9,2.34,False,False,0.9,0.9,0.9,0.8,0.4,0.2,0.9,0.8
2018-08-07,2300.16,-0.96,0.44,-0.49,0.48,0.0,1.3,-1.93,-2.88,False,False,0.7,0.7,0.9,0.9,0.9,0.9,0.9,0.9
2018-08-08,2301.45,-0.96,0.5,-0.28,0.93,0.0,1.29,-1.55,-1.56,False,False,0.6,0.5,0.7,0.7,0.9,0.9,0.7,0.7
2018-08-09,2303.71,-0.98,0.73,-0.52,0.54,0.0,1.29,-1.57,-2.65,False,False,0.5,0.3,0.6,0.5,0.9,0.9,0.6,0.5
2018-08-10,2282.79,-0.75,0.6,-1.01,-0.06,0.0,1.24,-1.49,-4.07,False,False,0.3,0.2,0.5,0.3,0.9,0.9,0.5,0.3
2018-08-13,2248.45,-0.74,0.45,-0.37,0.69,0.0,1.3,-1.72,-1.71,False,False,0.2,0.0,0.3,0.2,0.9,0.9,0.3,0.2
2018-08-14,2258.91,-0.7,0.41,-0.36,0.79,0.0,1.41,-1.89,-1.5,False,False,0.3,0.0,0.2,0.0,0.2,0.0,0.2,0.0
2018-08-16,2240.8,-0.69,0.45,0.17,1.41,0.0,1.37,-1.88,0.78,False,False,0.4,0.2,0.3,0.0,0.2,0.0,0.3,0.0
2018-08-17,2247.05,-0.64,0.2,-0.46,0.6,0.0,1.41,-2.01,-2.03,False,False,0.4,0.2,0.4,0.2,0.2,0.0,0.4,0.2
2018-08-20,2247.88,-0.8,0.27,0.17,1.45,0.0,1.4,-1.82,0.53,False,False,0.6,0.3,0.4,0.2,0.2,0.0,0.4,0.2
2018-08-21,2270.06,-0.78,0.34,-0.17,1.08,0.0,1.4,-1.46,-0.61,False,False,0.7,0.4,0.6,0.3,0.6,0.3,0.6,0.3
2018-08-22,2273.33,-0.91,0.42,-0.27,0.75,0.0,1.36,-1.22,-1.53,False,False,0.7,0.4,0.7,0.4,0.6,0.3,0.7,0.4
2018-08-23,2282.6,-1.21,0.61,-0.25,0.92,0.0,1.35,-1.21,-1.88,False,False,0.6,0.2,0.7,0.4,0.6,0.3,0.7,0.4
2018-08-24,2293.21,-1.42,0.81,-0.22,0.99,0.0,1.28,-1.31,-2.19,False,False,0.5,0.2,0.6,0.2,0.6,0.3,0.6,0.2
2018-08-27,2299.3,-1.41,0.83,-0.41,0.82,0.0,1.27,-1.01,-2.7,False,False,0.4,0.1,0.5,0.2,0.6,0.3,0.5,0.2
2018-08-28,2303.12,-1.35,0.85,0.26,1.62,0.0,1.27,-1.0,0.26,False,False,0.4,0.1,0.4,0.1,0.4,0.1,0.4,0.1
2018-08-29,2309.03,-1.26,0.86,0.09,1.3,0.0,1.21,-0.9,-0.38,False,False,0.5,0.2,0.4,0.1,0.4,0.1,0.4,0.1
2018-08-30,2307.35,-1.08,0.88,0.03,1.44,0.0,1.21,-1.13,0.02,False,False,0.6,0.3,0.5,0.2,0.4,0.1,0.5,0.2
2018-08-31,2322.88,-1.17,1.01,0.21,1.54,0.0,1.21,-1.13,0.44,False,False,0.8,0.4,0.6,0.3,0.4,0.1,0.6,0.3
2018-09-03,2307.03,-1.16,1.38,-0.7,0.4,0.0,1.2,-1.17,-3.23,False,False,0.7,0.4,0.8,0.4,0.4,0.1,0.8,0.4
2018-09-04,2315.72,-1.09,1.36,-0.57,0.23,0.0,1.2,-1.04,-2.95,False,False,0.5,0.3,0.7,0.4,0.7,0.4,0.7,0.4
2018-09-05,2291.77,-0.83,1.09,-0.01,0.84,0.0,1.2,-1.22,-0.29,False,False,0.5,0.3,0.5,0.3,0.7,0.4,0.5,0.3
2018-09-06,2287.61,-0.87,0.91,-0.37,0.69,0.0,1.27,-1.44,-1.68,False,False,0.4,0.2,0.5,0.3,0.7,0.4,0.5,0.3
2018-09-07,2281.58,-0.77,0.53,-0.43,0.72,0.0,1.28,-1.57,-1.79,False,False,0.3,0.1,0.4,0.2,0.7,0.4,0.4,0.2
2018-09-10,2288.66,-0.52,0.05,-0.4,0.82,0.0,1.28,-1.54,-1.18,False,False,0.4,0.1,0.3,0.1,0.7,0.4,0.3,0.1
2018-09-11,2283.2,-0.6,0.14,-0.52,0.74,0.0,1.36,-1.73,-1.78,False,False,0.5,0.1,0.4,0.1,0.4,0.1,0.4,0.1
2018-09-12,2282.92,-0.48,0.03,-0.05,1.18,0.0,1.39,-1.55,0.37,False,False,0.5,0.2,0.5,0.1,0.4,0.1,0.5,0.1
2018-09-13,2286.23,-0.46,-0.27,-0.53,0.86,0.0,1.39,-1.52,-1.37,False,False,0.6,0.2,0.5,0.2,0.4,0.1,0.5,0.2
2018-09-14,2318.25,-0.37,-0.34,-0.88,0.18,0.0,1.39,-1.21,-2.85,False,False,0.5,0.2,0.6,0.2,0.4,0.1,0.6,0.2
2018-09-17,2303.01,-0.12,-0.09,-0.28,1.02,0.0,1.3,-1.06,0.61,False,False,0.6,0.3,0.5,0.2,0.4,0.1,0.5,0.2
2018-09-18,2308.98,-0.33,0.24,-1.02,0.23,0.0,1.35,-0.79,-2.58,False,False,0.5,0.3,0.6,0.3,0.6,0.3,0.6,0.3
2018-09-19,2308.46,-0.36,0.23,-1.12,-0.05,0.0,1.3,-0.59,-3.19,False,False,0.3,0.2,0.5,0.3,0.6,0.3,0.5,0.3
2018-09-20,2323.45,-0.22,0.49,-0.6,0.56,0.0,1.3,-0.2,-0.41,False,False,0.4,0.2,0.3,0.2,0.6,0.3,0.3,0.2
2018-09-21,2339.17,-0.1,0.6,-0.88,0.19,0.0,1.29,-0.36,-1.38,False,False,0.5,0.2,0.4,0.2,0.6,0.3,0.4,0.2
2018-09-27,2355.43,-0.09,1.2,-0.71,0.26,0.0,1.22,-0.22,-0.5,False,False,0.4,0.2,0.5,0.2,0.5,0.2,0.5,0.2
2018-09-28,2343.07,-0.14,1.26,-1.14,-0.33,0.0,1.16,-0.09,-2.48,False,False,0.4,0.2,0.4,0.2,0.5,0.2,0.4,0.2
2018-10-01,2338.88,-0.11,1.05,0.16,1.17,0.0,1.22,0.04,2.95,False,False,0.6,0.4,0.4,0.2,0.5,0.2,0.4,0.2
2018-10-02,2309.57,-0.34,1.06,0.22,1.32,0.0,1.22,0.14,2.83,False,False,0.7,0.5,0.6,0.4,0.6,0.4,0.6,0.4
2018-10-04,2274.49,-0.22,0.74,-0.11,0.58,0.0,1.3,-0.06,1.02,False,False,0.8,0.6,0.7,0.5,0.6,0.4,0.7,0.5
2018-10-05,2267.52,-0.2,0.29,-0.36,0.67,0.0,1.39,-0.22,0.35,False,False,0.8,0.7,0.8,0.6,0.6,0.4,0.8,0.6
2018-10-08,2253.83,-0.08,0.09,0.21,1.12,0.0,1.4,-0.48,2.46,False,False,1.0,0.9,0.8,0.7,0.6,0.4,0.8,0.7
2018-10-10,2228.61,0.03,-0.08,-0.5,0.43,0.0,1.44,-0.49,-0.09,False,False,1.0,0.8,1.0,0.9,0.6,0.4,1.0,0.9
2018-10-11,2129.67,0.19,-0.26,-1.75,-1.19,2.06,1.47,-0.69,-1.28,True,True,1.0,0.8,1.0,0.8,0.6,0.4,1.0,0.8
2018-10-12,2161.85,0.32,-0.47,-2.12,-1.65,2.16,1.5,-0.66,-2.42,True,True,1.0,0.6,1.0,0.8,0.6,0.4,1.0,0.8
2018-10-15,2145.12,0.17,-0.11,0.25,0.9,2.2,1.5,-0.39,6.24,True,True,0.9,0.5,1.0,0.6,0.6,0.4,1.0,0.6
2018-10-16,2145.12,-0.07,-0.03,-0.01,0.47,2.17,1.5,-0.33,4.95,True,True,0.7,0.3,0.9,0.5,0.9,0.5,0.9,0.5
2018-10-17,2167.51,-0.15,0.01,1.08,2.11,2.13,1.49,-0.37,7.75,False,True,0.7,0.4,0.7,0.3,0.9,0.5,0.7,0.3
2018-10-18,2148.31,-0.17,0.15,0.08,0.87,2.22,1.49,-0.3,5.51,True,True,0.7,0.4,0.7,0.4,0.9,0.5,0.7,0.4
2018-10-19,2156.26,-0.31,0.14,-0.05,0.75,1.94,1.49,-0.35,4.4,True,False,0.4,0.2,0.7,0.4,0.9,0.5,0.7,0.4
2018-10-22,2161.71,-0.27,-0.06,-0.33,0.5,1.9,1.49,-0.15,3.52,True,False,0.4,0.2,0.4,0.2,0.9,0.5,0.4,0.2
2018-10-23,2106.1,-0.14,-0.29,-0.57,0.14,2.46,1.49,0.01,3.76,True,False,0.4,0.2,0.4,0.2,0.4,0.2,0.4,0.2
2018-10-24,2097.58,-0.15,-0.65,-0.82,-0.01,2.42,1.5,-0.31,2.62,True,False,0.3,0.0,0.4,0.2,0.4,0.2,0.4,0.2
2018-10-25,2063.3,0.16,-1.01,-0.39,0.62,2.46,1.5,-0.2,4.94,True,True,0.6,0.2,0.3,0.0,0.4,0.2,0.3,0.0
2018-10-26,2027.15,0.55,-1.39,-0.15,0.79,2.44,1.5,-0.06,6.1,True,True,0.6,0.2,0.6,0.2,0.4,0.2,0.6,0.2
2018-10-29,1996.05,0.65,-1.85,-0.35,0.49,2.31,1.5,-0.14,5.26,True,True,0.6,0.2,0.6,0.2,0.4,0.2,0.6,0.2
2018-10-30,2014.69,1.03,-1.98,0.62,1.6,2.48,1.5,-0.19,8.06,True,True,0.6,0.2,0.6,0.2,0.6,0.2,0.6,0.2
2018-10-31,2029.69,1.25,-1.99,1.93,3.0,2.55,1.49,-0.16,9.38,True,True,0.6,0.2,0.6,0.2,0.6,0.2,0.6,0.2
2018-11-01,2024.46,0.97,-1.87,1.66,2.72,2.49,1.49,-0.34,9.1,True,True,0.6,0.2,0.6,0.2,0.6,0.2,0.6,0.2
2018-11-02,2096.0,0.69,-1.51,2.17,3.0,2.64,1.49,-0.17,9.33,True,True,0.6,0.2,0.6,0.2,0.6,0.2,0.6,0.2
2018-11-05,2076.92,0.71,-1.05,2.49,3.0,2.7,1.48,0.03,9.48,True,False,0.3,0.0,0.6,0.2,0.6,0.2,0.6,0.2
2018-11-06,2089.62,0.43,-1.04,2.36,3.0,2.66,1.48,-0.18,9.34,True,False,0.3,0.0,0.3,0.0,0.3,0.0,0.3,0.0
2018-11-07,2078.69,0.36,-1.02,1.41,1.39,2.7,1.48,-0.1,8.37,True,False,0.3,0.0,0.3,0.0,0.3,0.0,0.3,0.0
2018-11-08,2092.63,0.28,-0.96,1.75,1.91,1.95,1.48,-0.05,8.36,True,False,0.3,0.0,0.3,0.0,0.3,0.0,0.3,0.0
2018-11-09,2086.09,0.1,-0.48,1.24,1.39,1.77,1.48,0.01,7.39,True,False,0.3,0.0,0.3,0.0,0.3,0.0,0.3,0.0
2018-11-12,2080.44,0.02,-0.46,1.7,2.28,1.73,1.48,0.06,8.25,True,False,0.3,0.0,0.3,0.0,0.3,0.0,0.3,0.0
2018-11-13,2071.23,0.19,-0.48,0.83,1.16,1.73,1.48,-0.32,6.69,True,False,0.3,0.0,0.3,0.0,0.3,0.0,0.3,0.0
2018-11-14,2068.05,0.41,-0.67,1.52,2.33,1.61,1.48,-0.24,8.29,True,False,0.3,0.0,0.3,0.0,0.3,0.0,0.3,0.0
2018-11-15,2088.06,0.45,-0.78,1.34,2.2,1.61,1.48,-0.33,8.07,True,False,0.3,0.0,0.3,0.0,0.3,0.0,0.3,0.0
2018-11-16,2092.4,0.71,-1.0,1.82,2.71,1.57,1.47,-0.27,8.77,True,False,0.3,0.0,0.3,0.0,0.3,0.0,0.3,0.0
2018-11-19,2100.56,0.61,-0.86,2.06,3.0,1.54,1.46,-0.32,8.94,True,False,0.3,0.0,0.3,0.0,0.3,0.0,0.3,0.0
2018-11-20,2082.58,0.71,-0.84,1.02,1.77,1.17,1.45,0.05,7.47,False,False,0.4,0.2,0.3,0.0,0.3,0.0,0.3,0.0
2018-11-21,2076.55,0.8,-0.75,1.09,1.89,1.16,1.47,0.19,7.74,False,False,0.6,0.4,0.4,0.2,0.3,0.0,0.4,0.2
2018-11-22,2069.95,0.77,-0.89,2.39,3.0,0.96,1.48,-0.01,8.98,False,False,0.7,0.6,0.6,0.4,0.3,0.0,0.6,0.4
2018-11-23,2057.48,0.49,-0.7,2.42,3.0,0.73,1.48,0.01,8.77,False,False,0.9,0.8,0.7,0.6,0.3,0.0,0.7,0.6
2018-11-26,2083.02,0.43,-0.62,2.14,2.79,0.56,1.48,-0.17,8.36,False,False,1.0,1.0,0.9,0.8,0.3,0.0,0.9,0.8
2018-11-27,2099.42,0.47,-0.55,0.94,1.68,0.52,1.46,-0.15,6.33,False,False,1.0,1.0,1.0,1.0,1.0,1.0,1.0,1.0
2018-11-28,2108.22,0.28,-0.34,0.8,1.46,0.48,1.45,-0.25,5.57,False,False,1.0,1.0,1.0,1.0,1.0,1.0,1.0,1.0
2018-11-29,2114.1,0.57,-0.39,0.54,1.3,0.45,1.44,-0.25,5.39,False,False,1.0,1.0,1.0,1.0,1.0,1.0,1.0,1.0
2018-11-30,2096.86,0.74,-0.31,0.79,1.52,0.0,1.43,0.08,5.86,False,False,1.0,1.0,1.0,1.0,1.0,1.0,1.0,1.0
2018-12-03,2131.93,0.73,-0.58,0.8,1.62,0.0,1.45,-0.14,5.8,False,False,1.0,1.0,1.0,1.0,1.0,1.0,1.0,1.0
2018-12-04,2114.35,1.01,-0.35,0.38,1.03,0.0,1.42,0.04,5.07,False,False,1.0,1.0,1.0,1.0,1.0,1.0,1.0,1.0
2018-12-05,2101.31,0.85,-0.29,1.05,1.61,0.0,1.43,0.04,6.51,False,False,1.0,1.0,1.0,1.0,1.0,1.0,1.0,1.0
2018-12-06,2068.69,0.82,-0.45,0.72,1.44,0.0,1.43,0.06,5.73,False,False,1.0,1.0,1.0,1.0,1.0,1.0,1.0,1.0
2018-12-07,2075.76,1.01,-1.1,0.85,1.43,0.0,1.48,-0.27,5.94,False,False,1.0,1.0,1.0,1.0,1.0,1.0,1.0,1.0
2018-12-10,2053.79,1.17,-1.24,1.14,1.95,0.0,1.49,-0.14,7.04,False,False,1.0,1.0,1.0,1.0,1.0,1.0,1.0,1.0
2018-12-11,2052.97,1.23,-1.41,0.19,0.88,0.0,1.49,-0.34,4.43,False,False,1.0,1.0,1.0,1.0,1.0,1.0,1.0,1.0
2018-12-12,2082.57,1.19,-1.4,0.75,1.16,0.1,1.49,-0.23,5.86,False,False,1.0,1.0,1.0,1.0,1.0,1.0,1.0,1.0
2018-12-13,2095.55,1.43,-1.32,0.75,1.43,0.03,1.49,-0.1,6.47,False,False,1.0,1.0,1.0,1.0,1.0,1.0,1.0,1.0
2018-12-14,2069.38,1.05,-0.69,0.71,1.46,0.18,1.48,-0.0,6.25,False,False,1.0,1.0,1.0,1.0,1.0,1.0,1.0,1.0
2018-12-17,2071.09,0.82,-0.49,0.88,1.63,0.16,1.49,-0.24,6.29,False,False,1.0,1.0,1.0,1.0,1.0,1.0,1.0,1.0
2018-12-18,2062.11,0.92,-0.43,0.67,1.5,0.11,1.49,0.05,6.04,False,False,1.0,1.0,1.0,1.0,1.0,1.0,1.0,1.0
2018-12-19,2078.84,1.1,-0.38,0.81,1.41,0.16,1.49,0.08,6.55,False,False,1.0,1.0,1.0,1.0,1.0,1.0,1.0,1.0
2018-12-20,2060.12,1.08,-0.03,0.94,1.82,0.24,1.48,0.16,7.19,False,False,1.0,1.0,1.0,1.0,1.0,1.0,1.0,1.0
2018-12-21,2061.49,1.1,0.05,0.96,1.77,0.2,1.49,0.08,7.17,False,False,1.0,1.0,1.0,1.0,1.0,1.0,1.0,1.0
2018-12-24,2055.01,1.4,-0.23,1.08,1.76,0.04,1.49,-0.03,7.42,False,False,1.0,1.0,1.0,1.0,1.0,1.0,1.0,1.0
2018-12-26,2028.01,1.46,-0.27,1.25,2.2,0.1,1.5,0.1,7.99,False,False,1.0,1.0,1.0,1.0,1.0,1.0,1.0,1.0
2018-12-27,2028.44,1.67,-0.29,1.26,2.12,0.06,1.5,0.09,8.1,False,False,1.0,1.0,1.0,1.0,1.0,1.0,1.0,1.0
2018-12-28,2041.04,1.29,-0.27,1.73,2.41,0.11,1.5,0.1,8.35,False,False,1.0,1.0,1.0,1.0,1.0,1.0,1.0,1.0
2019-01-02,2010.0,1.19,-0.37,2.02,2.76,0.25,1.49,0.18,8.7,False,False,1.0,1.0,1.0,1.0,1.0,1.0,1.0,1.0
2019-01-03,1993.7,1.02,-0.67,2.14,2.72,0.0,1.5,-0.03,8.45,False,False,1.0,1.0,1.0,1.0,1.0,1.0,1.0,1.0
2019-01-04,2010.25,0.89,-0.84,2.57,3.0,0.0,1.5,-0.3,8.7,False,False,1.0,1.0,1.0,1.0,1.0,1.0,1.0,1.0
2019-01-07,2037.1,1.21,-0.94,2.19,2.38,0.2,1.49,-0.17,8.53,False,False,1.0,1.0,1.0,1.0,1.0,1.0,1.0,1.0
2019-01-08,2025.27,1.34,-0.76,1.44,1.67,0.01,1.48,-0.07,7.53,False,False,1.0,1.0,1.0,1.0,1.0,1.0,1.0,1.0
2019-01-09,2064.71,1.38,-0.49,1.07,1.28,0.36,1.49,-0.08,7.27,False,False,1.0,1.0,1.0,1.0,1.0,1.0,1.0,1.0
2019-01-10,2063.28,1.56,0.03,1.17,1.64,0.25,1.46,0.39,7.9,False,False,1.0,1.0,1.0,1.0,1.0,1.0,1.0,1.0
2019-01-11,2075.57,1.28,0.54,0.65,0.89,0.24,1.46,0.49,6.58,False,False,1.0,1.0,1.0,1.0,1.0,1.0,1.0,1.0
2019-01-14,2064.52,1.17,0.86,1.26,1.73,0.08,1.46,0.74,7.77,False,False,1.0,1.0,1.0,1.0,1.0,1.0,1.0,1.0
2019-01-15,2097.18,0.84,1.04,1.12,1.86,0.15,1.46,0.61,7.42,False,False,1.0,1.0,1.0,1.0,1.0,1.0,1.0,1.0
2019-01-16,2106.1,1.23,1.08,1.24,2.03,0.07,1.43,0.72,8.01,False,False,1.0,1.0,1.0,1.0,1.0,1.0,1.0,1.0
2019-01-17,2107.06,1.31,1.2,0.84,0.91,0.07,1.43,0.47,6.87,False,False,1.0,1.0,1.0,1.0,1.0,1.0,1.0,1.0
2019-01-18,2124.28,1.09,1.37,0.39,0.6,0.05,1.42,0.38,5.57,False,False,1.0,1.0,1.0,1.0,1.0,1.0,1.0,1.0
2019-01-21,2124.61,1.02,1.59,1.64,1.42,0.04,1.41,0.3,7.82,False,False,1.0,1.0,1.0,1.0,1.0,1.0,1.0,1.0
2019-01-22,2117.77,0.9,1.64,1.78,2.0,0.02,1.41,0.11,8.12,False,False,1.0,1.0,1.0,1.0,1.0,1.0,1.0,1.0
2019-01-23,2127.78,0.8,1.81,1.67,1.98,0.02,1.42,0.39,8.01,False,False,1.0,1.0,1.0,1.0,1.0,1.0,1.0,1.0
2019-01-24,2145.03,0.84,1.9,0.88,1.35,-0.0,1.41,0.34,6.71,False,False,1.0,1.0,1.0,1.0,1.0,1.0,1.0,1.0
2019-01-25,2177.73,0.36,2.35,0.69,1.21,-0.0,1.39,0.35,5.7,False,False,1.0,1.0,1.0,1.0,1.0,1.0,1.0,1.0
2019-01-28,2177.3,0.23,2.91,0.79,1.44,0.0,1.35,0.86,6.2,False,False,1.0,1.0,1.0,1.0,1.0,1.0,1.0,1.0
2019-01-29,2183.36,0.16,3.0,0.6,1.21,-0.0,1.35,0.79,5.57,False,False,1.0,1.0,1.0,1.0,1.0,1.0,1.0,1.0
2019-01-30,2206.2,-0.07,3.0,0.84,1.28,-0.0,1.34,0.88,5.69,False,False,1.0,1.0,1.0,1.0,1.0,1.0,1.0,1.0
2019-01-31,2204.85,0.11,3.0,3.0,3.0,0.0,1.33,1.18,9.06,False,False,1.0,1.0,1.0,1.0,1.0,1.0,1.0,1.0
2019-02-01,2203.46,-0.1,3.0,2.51,2.69,0.0,1.33,1.25,8.58,False,False,1.0,1.0,1.0,1.0,1.0,1.0,1.0,1.0
2019-02-07,2203.42,-0.55,3.0,1.72,1.19,0.0,1.33,1.09,6.3,False,False,1.0,1.0,1.0,1.0,1.0,1.0,1.0,1.0
2019-02-08,2177.05,-0.74,3.0,0.52,0.22,0.0,1.33,0.88,2.34,False,False,1.0,1.0,1.0,1.0,1.0,1.0,1.0,1.0
2019-02-11,2180.73,-0.68,3.0,0.79,0.05,0.0,1.34,0.55,2.75,False,False,1.0,1.0,1.0,1.0,1.0,1.0,1.0,1.0
2019-02-12,2190.47,-0.82,3.0,-0.29,-1.26,0.0,1.34,0.1,-2.39,False,False,0.8,0.8,1.0,1.0,1.0,1.0,1.0,1.0
2019-02-13,2201.48,-0.49,2.89,0.41,-0.53,0.0,1.34,0.41,1.32,False,False,0.8,0.8,0.8,0.8,1.0,1.0,0.8,0.8
2019-02-14,2225.85,-0.27,2.79,-0.17,-0.85,-0.0,1.31,0.3,-0.18,False,False,0.8,0.7,0.8,0.8,1.0,1.0,0.8,0.8
2019-02-15,2196.09,0.06,2.7,-0.36,-1.09,0.0,1.3,0.12,-0.33,False,False,0.8,0.5,0.8,0.7,1.0,1.0,0.8,0.7
2019-02-18,2210.89,-0.08,2.42,-0.39,-0.86,0.0,1.31,0.02,-0.58,False,False,0.7,0.4,0.8,0.5,1.0,1.0,0.8,0.5
2019-02-19,2205.63,0.24,2.37,-0.49,-0.93,0.0,1.3,0.47,0.05,False,False,0.9,0.5,0.7,0.4,0.7,0.4,0.7,0.4
2019-02-20,2229.76,0.46,2.25,-0.19,-0.4,-0.0,1.31,0.75,2.2,False,False,0.9,0.5,0.9,0.5,0.7,0.4,0.9,0.5
2019-02-21,2228.66,0.33,2.54,-0.51,-0.74,0.0,1.29,0.85,0.77,False,False,0.9,0.6,0.9,0.5,0.7,0.4,0.9,0.5
2019-02-22,2230.5,0.12,2.6,0.05,-0.15,-0.0,1.29,0.69,2.44,False,False,0.9,0.7,0.9,0.6,0.7,0.4,0.9,0.6
2019-02-25,2232.56,0.16,2.54,-0.49,-0.85,-0.0,1.28,0.67,0.13,False,False,1.0,0.8,0.9,0.7,0.7,0.4,0.9,0.7
2019-02-26,2226.6,-0.03,2.53,-0.58,-1.02,0.0,1.28,0.96,-0.67,False,False,0.9,0.7,1.0,0.8,1.0,0.8,1.0,0.8
2019-02-27,2234.79,0.1,2.38,-0.02,-0.1,-0.0,1.29,0.79,2.22,False,False,0.9,0.7,0.9,0.7,1.0,0.8,0.9,0.7
2019-02-28,2195.44,0.15,2.08,0.33,0.2,0.0,1.28,0.81,3.45,False,False,0.9,0.8,0.9,0.7,1.0,0.8,0.9,0.7
2019-03-04,2190.66,0.51,1.86,-0.38,-1.2,0.0,1.31,0.7,0.45,False,False,0.9,0.7,0.9,0.8,1.0,0.8,0.9,0.8
2019-03-05,2179.23,0.72,1.7,-0.52,-1.32,0.0,1.31,0.59,0.31,False,False,0.9,0.7,0.9,0.7,0.9,0.7,0.9,0.7
2019-03-06,2175.6,0.67,1.45,-0.03,-0.79,0.0,1.33,0.69,2.12,False,False,1.0,0.8,0.9,0.7,0.9,0.7,0.9,0.7
2019-03-07,2165.79,0.62,1.34,0.17,0.09,0.0,1.34,0.49,3.53,False,False,1.0,0.8,1.0,0.8,0.9,0.7,1.0,0.8
2019-03-08,2137.44,0.65,1.16,0.21,0.15,0.0,1.34,0.48,3.68,False,False,1.0,0.8,1.0,0.8,0.9,0.7,1.0,0.8
2019-03-11,2138.1,0.69,0.95,0.25,0.36,0.0,1.36,0.16,3.9,False,False,1.0,0.9,1.0,0.8,0.9,0.7,1.0,0.8
2019-03-12,2157.18,0.78,0.85,-0.08,-0.05,0.0,1.36,-0.05,2.68,False,False,1.0,1.0,1.0,0.9,1.0,0.9,1.0,0.9
2019-03-13,2148.41,0.9,0.87,0.22,0.25,0.0,1.36,0.18,4.11,False,False,1.0,1.0,1.0,1.0,1.0,0.9,1.0,1.0
2019-03-14,2155.68,0.65,0.85,-0.17,0.01,0.0,1.36,-0.27,2.14,False,False,1.0,1.0,1.0,1.0,1.0,0.9,1.0,1.0
2019-03-15,2176.11,0.26,1.0,-0.09,-0.27,0.0,1.36,-0.75,0.81,False,False,1.0,0.9,1.0,1.0,1.0,0.9,1.0,1.0
2019-03-18,2179.49,0.66,0.96,0.1,0.14,0.0,1.32,-0.38,2.98,False,False,1.0,0.9,1.0,0.9,1.0,0.9,1.0,0.9
2019-03-19,2177.62,0.91,1.08,-0.5,-0.51,0.0,1.32,0.11,1.48,False,False,1.0,0.9,1.0,0.9,1.0,0.9,1.0,0.9
2019-03-20,2177.1,0.74,1.03,-0.39,-0.45,0.0,1.32,0.32,1.51,False,False,1.0,0.9,1.0,0.9,1.0,0.9,1.0,0.9
2019-03-21,2184.88,0.65,1.0,-0.03,0.24,0.0,1.31,0.45,3.19,False,False,1.0,0.9,1.0,0.9,1.0,0.9,1.0,0.9
2019-03-22,2186.95,0.49,1.15,-0.08,-0.2,0.0,1.29,0.53,2.16,False,False,1.0,1.0,1.0,0.9,1.0,0.9,1.0,0.9
2019-03-25,2144.86,0.0,1.36,-0.23,-0.19,0.0,1.28,0.29,0.63,False,False,1.0,0.9,1.0,1.0,1.0,0.9,1.0,1.0
2019-03-26,2148.8,-0.14,1.21,0.24,0.28,0.0,1.36,0.21,2.05,False,False,1.0,0.9,1.0,0.9,1.0,0.9,1.0,0.9
2019-03-27,2145.62,-0.33,1.27,0.9,0.83,0.0,1.35,0.56,4.01,False,False,1.0,0.9,1.0,0.9,1.0,0.9,1.0,0.9
2019-03-28,2128.1,-0.27,1.12,0.72,0.81,0.0,1.36,0.29,3.58,False,False,1.0,0.9,1.0,0.9,1.0,0.9,1.0,0.9
2019-03-29,2140.67,-0.54,1.16,0.89,0.78,0.0,1.39,0.16,3.27,False,False,1.0,0.9,1.0,0.9,1.0,0.9,1.0,0.9
2019-04-01,2168.28,-0.78,1.3,0.5,0.48,0.0,1.35,0.17,1.42,False,False,1.0,1.0,1.0,0.9,1.0,0.9,1.0,0.9
2019-04-02,2177.18,-0.68,1.51,0.11,0.08,0.0,1.31,0.05,0.14,False,False,1.0,0.9,1.0,1.0,1.0,1.0,1.0,1.0
2019-04-03,2203.27,-0.92,1.78,1.58,1.43,0.0,1.27,0.08,4.92,False,False,1.0,0.9,1.0,0.9,1.0,1.0,1.0,0.9
2019-04-04,2206.53,-0.74,1.84,0.43,0.28,0.0,1.24,0.22,1.27,False,False,1.0,0.9,1.0,0.9,1.0,1.0,1.0,0.9
2019-04-05,2209.61,-0.64,1.95,0.3,0.12,0.0,1.24,0.1,0.97,False,False,1.0,0.8,1.0,0.9,1.0,1.0,1.0,0.9
2019-04-08,2210.6,-0.32,2.02,-0.47,-0.85,0.0,1.23,-0.02,-1.61,False,False,0.9,0.6,1.0,0.8,1.0,1.0,1.0,0.8
2019-04-09,2213.56,-0.43,2.19,-0.36,-0.91,0.0,1.23,-0.58,-1.92,False,False,0.7,0.5,0.9,0.6,0.9,0.6,0.9,0.6
2019-04-10,2224.39,-0.43,2.28,-0.46,-1.11,0.0,1.23,-0.11,-2.15,False,False,0.6,0.3,0.7,0.5,0.9,0.6,0.7,0.5
2019-04-11,2224.44,0.0,2.17,-0.83,-1.68,0.0,1.21,0.2,-2.73,False,False,0.4,0.2,0.6,0.3,0.9,0.6,0.6,0.3
2019-04-12,2233.45,0.07,2.24,-0.46,-1.32,0.0,1.21,-0.17,-1.31,False,False,0.3,0.0,0.4,0.2,0.9,0.6,0.4,0.2
2019-04-15,2242.88,-0.47,2.39,0.22,-0.36,-0.0,1.2,0.06,0.67,False,False,0.4,0.2,0.3,0.0,0.9,0.6,0.3,0.0
2019-04-16,2248.63,-0.82,2.44,0.21,-0.18,-0.0,1.2,0.4,0.25,False,False,0.6,0.3,0.4,0.2,0.4,0.2,0.4,0.2
2019-04-17,2245.89,-0.87,2.38,0.63,0.28,0.0,1.19,0.07,1.61,False,False,0.7,0.5,0.6,0.3,0.4,0.2,0.6,0.3
2019-04-18,2213.77,-0.81,2.37,0.4,0.21,0.0,1.19,-0.01,1.06,False,False,0.9,0.6,0.7,0.5,0.4,0.2,0.7,0.5
2019-04-19,2216.15,-0.8,2.05,0.44,0.06,0.0,1.23,-0.15,0.75,False,False,1.0,0.8,0.9,0.6,0.4,0.2,0.9,0.6
2019-04-22,2216.65,-0.36,1.82,0.88,0.7,0.0,1.23,0.08,3.73,False,False,1.0,0.8,1.0,0.8,0.4,0.2,1.0,0.8
2019-04-23,2220.51,-0.35,1.79,0.4,0.17,0.0,1.22,0.09,1.89,False,False,1.0,0.9,1.0,0.8,1.0,0.8,1.0,0.8
2019-04-24,2201.03,-0.29,1.76,0.5,0.13,0.0,1.22,-0.17,2.09,False,False,1.0,0.9,1.0,0.9,1.0,0.8,1.0,0.9
2019-04-25,2190.5,-0.69,1.75,0.88,0.8,0.0,1.23,-0.49,2.85,False,False,1.0,0.9,1.0,0.9,1.0,0.8,1.0,0.9
2019-04-26,2179.31,-0.7,1.7,-0.46,-1.29,0.0,1.26,-1.11,-3.7,False,False,0.8,0.8,1.0,0.9,1.0,0.8,1.0,0.9
2019-04-29,2216.43,-0.92,1.65,-0.16,-0.95,0.0,1.27,-0.57,-2.86,False,False,0.6,0.6,0.8,0.8,1.0,0.8,0.8,0.8
2019-04-30,2203.59,-0.73,1.53,-0.32,-1.0,0.0,1.22,-0.54,-2.94,False,False,0.4,0.4,0.6,0.6,0.6,0.6,0.6,0.6
2019-05-02,2212.75,-0.81,1.45,0.54,0.31,0.0,1.22,-0.93,0.65,False,False,0.4,0.3,0.4,0.4,0.6,0.6,0.4,0.4
2019-05-03,2196.32,-0.82,1.35,0.12,0.03,0.0,1.12,-0.72,-0.83,False,False,0.3,0.2,0.4,0.3,0.6,0.6,0.4,0.3
2019-05-07,2176.99,-1.29,1.2,1.52,1.46,0.0,1.15,-1.43,3.11,False,False,0.5,0.4,0.3,0.2,0.3,0.2,0.3,0.2
2019-05-08,2168.01,-1.64,1.19,0.55,0.52,0.0,1.18,-1.53,-1.49,False,False,0.6,0.4,0.5,0.4,0.3,0.2,0.5,0.4
2019-05-09,2102.01,-1.52,1.06,0.58,0.34,0.34,1.18,-1.59,-0.83,False,True,1.0,0.7,0.6,0.4,0.3,0.2,0.6,0.4
2019-05-10,2108.04,-2.0,0.82,-1.38,-2.57,0.3,1.28,-2.02,-8.23,False,True,0.9,0.5,1.0,0.7,0.3,0.2,1.0,0.7
2019-05-13,2079.01,-2.03,0.61,-0.71,-1.82,0.43,1.27,-2.14,-7.09,False,True,0.7,0.5,0.9,0.5,0.3,0.2,0.9,0.5
2019-05-14,2081.84,-1.99,0.4,-0.25,-1.29,0.39,1.32,-2.22,-6.04,False,True,0.5,0.3,0.7,0.5,0.7,0.5,0.7,0.5
2019-05-15,2092.78,-1.58,0.16,0.43,0.01,0.39,1.31,-1.83,-2.24,False,True,0.5,0.3,0.5,0.3,0.7,0.5,0.5,0.3
2019-05-16,2067.69,-1.49,0.1,0.0,-0.69,0.44,1.3,-2.02,-3.96,False,True,0.3,0.2,0.5,0.3,0.7,0.5,0.5,0.3
2019-05-17,2055.8,-1.41,-0.17,0.34,-0.01,0.44,1.34,-1.84,-2.1,False,True,0.4,0.2,0.3,0.2,0.7,0.5,0.3,0.2
2019-05-20,2055.71,-1.41,-0.29,-0.04,-0.61,0.36,1.34,-2.09,-4.09,False,False,0.1,0.0,0.4,0.2,0.7,0.5,0.4,0.2
2019-05-21,2061.25,-1.38,-0.26,0.07,-0.14,0.36,1.34,-2.05,-3.15,False,False,0.1,0.0,0.1,0.0,0.1,0.0,0.1,0.0
2019-05-22,2064.86,-1.53,-0.2,0.3,0.12,0.37,1.34,-1.84,-2.46,False,False,0.1,0.0,0.1,0.0,0.1,0.0,0.1,0.0
2019-05-23,2059.59,-1.55,-0.16,0.13,0.11,0.34,1.33,-1.7,-2.88,False,False,0.1,0.0,0.1,0.0,0.1,0.0,0.1,0.0
2019-05-24,2045.31,-1.66,-0.14,-0.09,-0.04,0.34,1.33,-1.81,-3.85,False,False,0.0,0.0,0.1,0.0,0.1,0.0,0.1,0.0
2019-05-27,2044.21,-1.23,-0.32,0.13,0.13,0.34,1.36,-1.55,-2.1,False,False,0.1,0.0,0.0,0.0,0.1,0.0,0.0,0.0
2019-05-28,2048.83,-1.07,-0.49,0.15,0.28,0.36,1.36,-1.64,-1.54,False,False,0.2,0.0,0.1,0.0,0.1,0.0,0.1,0.0
2019-05-29,2023.32,-0.37,-0.89,-0.12,-0.19,0.0,1.35,-1.65,-2.08,False,False,0.2,0.0,0.2,0.0,0.1,0.0,0.2,0.0
2019-05-30,2038.8,-0.37,-1.08,1.13,1.14,0.14,1.37,-1.94,2.96,False,False,0.4,0.2,0.2,0.0,0.1,0.0,0.2,0.0
2019-05-31,2041.74,-0.34,-1.06,1.19,1.21,0.1,1.36,-2.02,3.16,False,False,0.6,0.4,0.4,0.2,0.1,0.0,0.4,0.2
2019-06-03,2067.85,-0.47,-0.98,0.93,0.86,0.31,1.35,-2.0,2.22,False,False,0.7,0.6,0.6,0.4,0.1,0.0,0.6,0.4
2019-06-04,2066.97,-0.37,-0.88,-0.33,-0.46,0.28,1.23,-1.66,-2.5,False,False,0.7,0.6,0.7,0.6,0.7,0.6,0.7,0.6
2019-06-05,2069.11,-0.05,-1.0,0.59,0.35,0.28,1.23,-1.51,1.78,False,False,0.8,0.8,0.7,0.6,0.7,0.6,0.7,0.6
2019-06-07,2072.33,0.04,-1.05,-0.43,-0.48,0.0,1.23,-1.07,-2.09,False,False,0.7,0.6,0.8,0.8,0.7,0.6,0.8,0.8
2019-06-10,2099.49,0.5,-1.0,-0.72,-0.86,0.0,1.22,-1.36,-2.37,False,False,0.5,0.4,0.7,0.6,0.7,0.6,0.7,0.6
2019-06-11,2111.81,0.66,-0.81,-0.63,-0.61,0.0,1.2,-1.32,-1.28,False,False,0.4,0.2,0.5,0.4,0.5,0.4,0.5,0.4
2019-06-12,2108.75,0.94,-0.72,-0.17,-0.25,0.0,1.17,-1.09,1.22,False,False,0.6,0.4,0.4,0.2,0.5,0.4,0.4,0.2
2019-06-13,2103.15,0.87,-0.6,-0.11,-0.15,0.0,1.17,-0.8,1.53,False,False,0.6,0.4,0.6,0.4,0.5,0.4,0.6,0.4
2019-06-14,2095.41,0.91,-0.62,0.07,0.12,0.0,1.2,-0.96,2.39,False,False,0.7,0.6,0.6,0.4,0.5,0.4,0.6,0.4
2019-06-17,2090.73,0.79,-0.5,0.01,-0.07,0.0,1.2,-1.14,1.65,False,False,0.9,0.8,0.7,0.6,0.5,0.4,0.7,0.6
2019-06-18,2098.71,0.97,-0.53,-0.27,-0.07,0.0,1.2,-1.17,1.38,False,False,1.0,0.9,0.9,0.8,0.9,0.8,0.9,0.8
2019-06-19,2124.78,1.15,-0.43,-0.2,-0.19,0.0,1.19,-0.91,2.0,False,False,1.0,1.0,1.0,0.9,0.9,0.8,1.0,0.9
2019-06-20,2131.29,1.13,-0.28,-0.74,-0.65,0.0,1.16,-0.61,0.14,False,False,1.0,0.9,1.0,1.0,0.9,0.8,1.0,1.0
2019-06-21,2125.62,1.24,-0.28,-0.57,-0.26,0.0,1.14,-0.16,1.63,False,False,1.0,0.9,1.0,0.9,0.9,0.8,1.0,0.9
2019-06-24,2126.33,1.16,-0.3,-0.26,-0.06,0.0,1.16,-0.28,2.41,False,False,1.0,0.9,1.0,0.9,0.9,0.8,1.0,0.9
2019-06-25,2121.64,1.1,-0.22,-0.28,-0.11,0.0,1.16,-0.12,2.26,False,False,1.0,0.9,1.0,0.9,1.0,0.9,1.0,0.9
2019-06-26,2121.85,1.04,-0.24,-0.01,-0.01,0.0,1.16,-0.04,2.89,False,False,1.0,0.9,1.0,0.9,1.0,0.9,1.0,0.9
2019-06-27,2134.32,0.94,-0.07,-0.21,-0.05,0.0,1.16,0.15,2.33,False,False,1.0,1.0,1.0,0.9,1.0,0.9,1.0,0.9
2019-06-28,2130.62,1.12,0.16,-0.1,-0.17,0.0,1.13,0.08,2.89,False,False,1.0,1.0,1.0,1.0,1.0,0.9,1.0,1.0
2019-07-01,2129.74,1.07,0.31,-0.53,-0.9,0.0,1.13,0.1,0.76,False,False,1.0,0.9,1.0,1.0,1.0,0.9,1.0,1.0
2019-07-02,2122.02,1.11,0.34,-0.53,-0.76,0.0,1.15,0.0,1.04,False,False,1.0,0.9,1.0,0.9,1.0,0.9,1.0,0.9
2019-07-03,2096.02,1.14,0.25,0.91,0.36,0.0,1.16,-0.13,5.58,False,False,1.0,0.9,1.0,0.9,1.0,0.9,1.0,0.9
2019-07-04,2108.73,0.95,0.26,-0.01,-0.25,0.0,1.19,-0.37,2.45,False,False,1.0,0.9,1.0,0.9,1.0,0.9,1.0,0.9
2019-07-05,2110.59,0.82,0.29,0.02,-0.03,0.0,1.16,-0.39,2.53,False,False,1.0,0.9,1.0,0.9,1.0,0.9,1.0,0.9
2019-07-08,2064.17,0.93,0.23,-0.74,-1.44,0.0,1.15,-0.41,-1.18,False,False,0.9,0.8,1.0,0.9,1.0,0.9,1.0,0.9
2019-07-09,2052.03,0.73,0.14,-0.32,-0.52,0.0,1.23,-0.79,0.52,False,False,0.9,0.8,0.9,0.8,0.9,0.8,0.9,0.8
2019-07-10,2058.78,0.47,0.07,0.07,-0.14,0.0,1.24,-0.81,1.37,False,False,0.9,0.7,0.9,0.8,0.9,0.8,0.9,0.8
2019-07-11,2080.58,0.23,0.17,0.12,0.16,0.0,1.24,-0.75,1.41,False,False,0.9,0.7,0.9,0.7,0.9,0.8,0.9,0.7
2019-07-12,2086.66,0.09,0.38,-0.02,-0.08,0.0,1.22,-0.15,0.77,False,False,0.9,0.7,0.9,0.7,0.9,0.8,0.9,0.7
2019-07-15,2082.48,0.14,0.37,0.09,-0.0,0.0,1.18,-0.6,1.06,False,False,1.0,0.8,0.9,0.7,0.9,0.8,0.9,0.7
2019-07-16,2091.87,0.01,0.43,0.22,0.15,0.0,1.18,-0.69,1.27,False,False,1.0,0.9,1.0,0.8,1.0,0.8,1.0,0.8
2019-07-17,2072.92,-0.02,0.4,0.46,0.22,0.0,1.18,-0.54,1.94,False,False,1.0,0.9,1.0,0.9,1.0,0.8,1.0,0.9
2019-07-18,2066.55,-0.17,0.25,-0.35,-0.6,0.0,1.22,-0.95,-1.9,False,False,0.9,0.7,1.0,0.9,1.0,0.8,1.0,0.9
2019-07-19,2094.36,-0.35,0.26,-0.3,-0.49,0.0,1.22,-0.86,-2.02,False,False,0.7,0.5,0.9,0.7,1.0,0.8,0.9,0.7
2019-07-22,2093.34,0.05,0.3,-0.17,-0.56,0.0,1.17,-0.65,-0.73,False,False,0.7,0.4,0.7,0.5,1.0,0.8,0.7,0.5
2019-07-23,2101.45,-0.2,0.46,-0.03,-0.27,0.0,1.17,-0.82,-0.58,False,False,0.6,0.3,0.7,0.4,0.7,0.4,0.7,0.4
2019-07-24,2082.3,-0.17,0.64,-0.26,-0.55,0.0,1.17,-0.74,-1.35,False,False,0.5,0.1,0.6,0.3,0.7,0.4,0.6,0.3
2019-07-25,2074.48,-0.32,0.67,-0.35,-0.77,0.0,1.21,-0.68,-2.21,False,False,0.5,0.1,0.5,0.1,0.7,0.4,0.5,0.1
2019-07-26,2066.26,-0.6,0.67,-0.25,-0.47,0.0,1.21,-0.82,-2.25,False,False,0.5,0.1,0.5,0.1,0.7,0.4,0.5,0.1
2019-07-29,2029.48,-0.61,0.6,-0.16,-0.51,0.15,1.22,-0.72,-1.82,False,False,0.4,0.1,0.5,0.1,0.7,0.4,0.5,0.1
2019-07-30,2038.68,-0.35,0.49,0.1,-0.38,0.19,1.26,-0.41,-0.13,False,False,0.4,0.1,0.4,0.1,0.4,0.1,0.4,0.1
2019-07-31,2024.55,-0.3,0.56,0.39,0.18,0.11,1.24,0.2,1.7,False,False,0.5,0.3,0.4,0.1,0.4,0.1,0.4,0.1
2019-08-01,2017.34,-0.09,0.54,0.35,0.04,0.05,1.26,0.06,1.73,False,False,0.7,0.5,0.5,0.3,0.4,0.1,0.5,0.3
2019-08-02,1998.13,-0.1,0.52,0.62,0.37,0.09,1.26,-0.28,2.72,False,False,0.8,0.7,0.7,0.5,0.4,0.1,0.7,0.5
2019-08-05,1946.98,0.18,0.28,1.78,1.21,0.25,1.27,-0.48,6.5,False,False,1.0,0.9,0.8,0.7,0.4,0.1,0.8,0.7
2019-08-06,1917.5,0.85,0.07,1.0,0.75,0.39,1.28,-1.21,5.77,False,True,1.0,1.0,1.0,0.9,1.0,0.9,1.0,0.9
2019-08-07,1909.71,1.92,-0.32,0.72,-0.18,0.33,1.29,-0.82,6.09,False,True,1.0,1.0,1.0,1.0,1.0,0.9,1.0,1.0
2019-08-08,1920.61,2.06,-0.49,1.89,1.38,0.19,1.29,-0.87,8.42,False,True,1.0,1.0,1.0,1.0,1.0,0.9,1.0,1.0
2019-08-09,1937.75,2.0,-0.66,2.26,1.62,0.29,1.28,-0.54,8.79,False,True,1.0,1.0,1.0,1.0,1.0,0.9,1.0,1.0
2019-08-12,1942.29,2.0,-0.63,2.98,3.0,0.31,1.28,-0.21,9.45,False,True,1.0,1.0,1.0,1.0,1.0,0.9,1.0,1.0
2019-08-13,1925.83,1.82,-0.57,2.82,2.6,0.27,1.27,-0.64,9.23,False,True,1.0,1.0,1.0,1.0,1.0,1.0,1.0,1.0
2019-08-14,1938.37,1.86,-0.72,2.71,2.35,0.33,1.28,-0.52,9.16,False,False,1.0,1.0,1.0,1.0,1.0,1.0,1.0,1.0
2019-08-16,1927.17,1.75,-0.69,2.52,1.94,0.34,1.27,-0.16,8.95,False,False,1.0,1.0,1.0,1.0,1.0,1.0,1.0,1.0
2019-08-19,1939.9,1.84,-0.74,2.53,2.05,0.14,1.28,0.18,8.99,False,False,1.0,1.0,1.0,1.0,1.0,1.0,1.0,1.0
2019-08-20,1960.25,1.81,-0.76,2.26,1.78,0.29,1.26,0.07,8.79,False,False,1.0,1.0,1.0,1.0,1.0,1.0,1.0,1.0
2019-08-21,1964.65,1.8,-0.73,1.84,1.43,0.27,1.25,0.36,8.41,False,False,1.0,1.0,1.0,1.0,1.0,1.0,1.0,1.0
2019-08-22,1951.01,1.79,-0.89,2.04,1.75,0.26,1.25,0.52,8.66,False,False,1.0,1.0,1.0,1.0,1.0,1.0,1.0,1.0
2019-08-23,1948.3,1.81,-0.99,1.82,1.44,0.26,1.25,0.21,8.34,False,False,1.0,1.0,1.0,1.0,1.0,1.0,1.0,1.0
2019-08-26,1916.31,1.97,-1.03,1.78,1.52,0.43,1.25,-0.02,8.51,False,False,1.0,1.0,1.0,1.0,1.0,1.0,1.0,1.0
2019-08-27,1924.6,2.1,-1.15,1.7,1.58,0.27,1.28,-0.01,8.48,False,False,1.0,1.0,1.0,1.0,1.0,1.0,1.0,1.0
2019-08-28,1941.09,2.01,-1.12,1.7,1.5,0.33,1.28,-0.16,8.39,False,False,1.0,1.0,1.0,1.0,1.0,1.0,1.0,1.0
2019-08-29,1933.41,2.03,-1.15,1.86,1.71,0.31,1.25,-0.32,8.56,False,False,1.0,1.0,1.0,1.0,1.0,1.0,1.0,1.0
2019-08-30,1967.79,1.82,-1.05,1.56,1.42,0.57,1.27,-0.03,8.28,False,False,1.0,1.0,1.0,1.0,1.0,1.0,1.0,1.0
2019-09-02,1969.19,1.84,-0.83,1.3,0.7,0.51,1.23,0.34,7.74,False,False,1.0,1.0,1.0,1.0,1.0,1.0,1.0,1.0
2019-09-03,1965.69,1.78,-0.79,0.91,0.31,0.0,1.23,-0.01,6.3,False,False,1.0,1.0,1.0,1.0,1.0,1.0,1.0,1.0
2019-09-04,1988.53,1.67,-0.91,1.76,1.24,0.0,1.23,-0.11,7.83,False,False,1.0,1.0,1.0,1.0,1.0,1.0,1.0,1.0
2019-09-05,2004.75,1.57,-0.97,1.54,1.47,0.0,1.01,-0.05,7.6,False,False,1.0,1.0,1.0,1.0,1.0,1.0,1.0,1.0
2019-09-06,2009.13,1.62,-0.78,1.24,0.79,0.0,0.99,0.3,6.95,False,False,1.0,1.0,1.0,1.0,1.0,1.0,1.0,1.0
2019-09-09,2019.55,1.66,-0.69,1.58,1.62,0.0,0.98,0.2,7.92,False,False,1.0,1.0,1.0,1.0,1.0,1.0,1.0,1.0
2019-09-10,2032.08,1.69,-0.55,1.49,1.59,0.0,0.97,0.55,7.95,False,False,1.0,1.0,1.0,1.0,1.0,1.0,1.0,1.0
2019-09-11,2049.2,1.88,-0.57,1.59,1.75,0.0,0.95,0.59,8.26,False,False,1.0,1.0,1.0,1.0,1.0,1.0,1.0,1.0
2019-09-16,2062.22,2.3,-0.67,1.63,1.6,0.0,0.92,0.38,8.49,False,False,1.0,1.0,1.0,1.0,1.0,1.0,1.0,1.0
2019-09-17,2062.33,2.4,-0.74,1.3,1.23,0.0,0.89,0.74,8.19,False,False,1.0,1.0,1.0,1.0,1.0,1.0,1.0,1.0
2019-09-18,2070.73,2.42,-0.71,1.58,1.5,0.0,0.89,0.57,8.52,False,False,1.0,1.0,1.0,1.0,1.0,1.0,1.0,1.0
2019-09-19,2080.35,2.39,-0.61,1.61,1.49,0.0,0.88,0.54,8.52,False,False,1.0,1.0,1.0,1.0,1.0,1.0,1.0,1.0
2019-09-20,2091.52,2.26,-0.49,1.52,1.59,0.0,0.85,0.51,8.41,False,False,1.0,1.0,1.0,1.0,1.0,1.0,1.0,1.0
2019-09-23,2091.7,2.31,-0.47,1.33,1.3,0.0,0.81,0.66,8.19,False,False,1.0,1.0,1.0,1.0,1.0,1.0,1.0,1.0
2019-09-24,2101.04,2.33,-0.53,1.28,1.47,0.0,0.81,-0.08,8.12,False,False,1.0,1.0,1.0,1.0,1.0,1.0,1.0,1.0
2019-09-25,2073.39,2.49,-0.65,1.59,1.84,0.0,0.78,-0.64,8.54,False,False,1.0,1.0,1.0,1.0,1.0,1.0,1.0,1.0
2019-09-26,2074.52,2.52,-0.81,1.3,1.36,0.0,0.87,-0.89,8.07,False,False,1.0,1.0,1.0,1.0,1.0,1.0,1.0,1.0
2019-09-27,2049.93,2.09,-0.57,1.38,1.46,0.0,0.87,-1.14,7.8,False,False,1.0,1.0,1.0,1.0,1.0,1.0,1.0,1.0
2019-09-30,2063.05,1.88,-0.57,1.6,1.53,0.0,0.92,-1.12,7.87,False,False,1.0,1.0,1.0,1.0,1.0,1.0,1.0,1.0
2019-10-01,2072.42,1.89,-0.53,1.52,1.55,0.0,0.88,-1.05,7.82,False,False,1.0,1.0,1.0,1.0,1.0,1.0,1.0,1.0
2019-10-02,2031.91,1.95,-0.72,1.15,1.01,0.0,0.87,-1.25,7.01,False,False,1.0,1.0,1.0,1.0,1.0,1.0,1.0,1.0
2019-10-04,2020.69,1.6,-0.8,1.86,1.82,0.0,0.95,-1.37,7.93,False,False,1.0,1.0,1.0,1.0,1.0,1.0,1.0,1.0
2019-10-07,2021.73,1.49,-0.81,2.79,3.0,0.0,0.97,-0.62,9.05,False,False,1.0,1.0,1.0,1.0,1.0,1.0,1.0,1.0
2019-10-08,2046.25,1.32,-0.71,1.89,1.27,0.0,0.96,-0.44,7.54,False,False,1.0,1.0,1.0,1.0,1.0,1.0,1.0,1.0
2019-10-10,2028.15,1.52,-0.78,0.92,0.74,0.0,0.92,-0.37,6.1,False,False,1.0,1.0,1.0,1.0,1.0,1.0,1.0,1.0
2019-10-11,2044.61,1.42,-0.87,0.82,0.69,0.0,0.96,-0.18,5.78,False,False,1.0,1.0,1.0,1.0,1.0,1.0,1.0,1.0
2019-10-14,2067.4,1.45,-0.88,1.1,0.94,0.0,0.92,0.26,6.6,False,False,1.0,1.0,1.0,1.0,1.0,1.0,1.0,1.0
2019-10-15,2068.17,1.53,-0.87,1.4,1.34,0.0,0.86,0.6,7.46,False,False,1.0,1.0,1.0,1.0,1.0,1.0,1.0,1.0
2019-10-16,2082.83,1.29,-0.81,1.4,1.21,0.0,0.86,0.71,7.12,False,False,1.0,1.0,1.0,1.0,1.0,1.0,1.0,1.0
2019-10-17,2077.94,1.35,-0.8,1.86,1.81,0.0,0.8,0.53,8.0,False,False,1.0,1.0,1.0,1.0,1.0,1.0,1.0,1.0
2019-10-18,2060.69,1.41,-0.91,1.16,1.05,0.0,0.82,0.61,6.77,False,False,1.0,1.0,1.0,1.0,1.0,1.0,1.0,1.0
2019-10-21,2064.84,1.26,-0.99,1.16,1.04,0.0,0.87,0.83,6.61,False,False,1.0,1.0,1.0,1.0,1.0,1.0,1.0,1.0
2019-10-22,2088.86,1.33,-1.14,0.7,0.54,0.0,0.86,1.17,5.6,False,False,1.0,1.0,1.0,1.0,1.0,1.0,1.0,1.0
2019-10-23,2080.62,1.56,-1.16,0.82,0.51,0.0,0.78,1.08,6.1,False,False,1.0,1.0,1.0,1.0,1.0,1.0,1.0,1.0
2019-10-24,2085.66,1.4,-1.06,0.98,0.96,0.0,0.8,1.23,6.58,False,False,1.0,1.0,1.0,1.0,1.0,1.0,1.0,1.0
2019-10-25,2087.89,1.2,-0.89,0.85,0.83,0.0,0.79,1.04,5.94,False,False,1.0,1.0,1.0,1.0,1.0,1.0,1.0,1.0
2019-10-28,2093.6,1.06,-0.75,0.97,0.82,0.0,0.78,0.84,5.88,False,False,1.0,1.0,1.0,1.0,1.0,1.0,1.0,1.0
2019-10-29,2092.69,1.38,-0.94,0.9,0.77,0.0,0.76,1.14,6.25,False,False,1.0,1.0,1.0,1.0,1.0,1.0,1.0,1.0
2019-10-30,2080.27,1.49,-1.04,1.07,1.01,0.0,0.75,1.28,6.87,False,False,1.0,1.0,1.0,1.0,1.0,1.0,1.0,1.0
2019-10-31,2083.48,1.29,-1.04,0.99,0.9,0.0,0.8,1.21,6.37,False,False,1.0,1.0,1.0,1.0,1.0,1.0,1.0,1.0
2019-11-01,2100.2,1.21,-0.99,0.96,0.91,0.0,0.78,1.33,6.26,False,False,1.0,1.0,1.0,1.0,1.0,1.0,1.0,1.0
2019-11-04,2130.24,1.31,-0.9,0.83,0.7,-0.0,0.69,1.47,6.07,False,False,1.0,1.0,1.0,1.0,1.0,1.0,1.0,1.0
2019-11-05,2142.64,1.56,-0.8,0.8,0.54,-0.0,0.56,1.71,6.31,False,False,1.0,1.0,1.0,1.0,1.0,1.0,1.0,1.0
2019-11-06,2144.15,1.41,-0.65,0.81,0.57,-0.0,0.55,1.81,6.2,False,False,1.0,1.0,1.0,1.0,1.0,1.0,1.0,1.0
2019-11-07,2144.29,1.09,-0.5,0.4,0.16,-0.0,0.55,1.76,4.5,False,False,1.0,1.0,1.0,1.0,1.0,1.0,1.0,1.0
2019-11-08,2137.23,1.13,-0.53,0.49,0.2,0.0,0.54,2.19,4.97,False,False,1.0,1.0,1.0,1.0,1.0,1.0,1.0,1.0
2019-11-11,2124.09,1.05,-0.54,0.0,-0.85,0.0,0.55,2.47,2.54,False,False,1.0,1.0,1.0,1.0,1.0,1.0,1.0,1.0
2019-11-12,2140.92,0.78,-0.58,0.46,0.03,0.0,0.57,2.64,4.19,False,False,1.0,1.0,1.0,1.0,1.0,1.0,1.0,1.0
2019-11-13,2122.45,0.52,-0.47,0.13,-0.46,0.0,0.55,2.6,2.24,False,False,1.0,1.0,1.0,1.0,1.0,1.0,1.0,1.0
2019-11-14,2139.23,0.32,-0.47,-0.31,-1.17,0.0,0.62,2.4,-0.45,False,False,1.0,0.9,1.0,1.0,1.0,1.0,1.0,1.0
2019-11-15,2162.18,0.46,-0.53,-0.52,-1.59,-0.0,0.54,2.1,-1.47,False,False,0.8,0.7,1.0,0.9,1.0,1.0,1.0,0.9
2019-11-18,2160.69,1.04,-0.56,-0.68,-2.27,0.0,0.46,2.39,-1.35,False,False,0.7,0.5,0.8,0.7,1.0,1.0,0.8,0.7
2019-11-19,2153.24,1.09,-0.6,-1.31,-2.77,0.0,0.46,2.6,-3.36,False,False,0.5,0.3,0.7,0.5,0.7,0.5,0.7,0.5
2019-11-20,2125.32,0.82,-0.6,-1.37,-2.77,0.0,0.47,2.68,-4.01,False,False,0.3,0.1,0.5,0.3,0.7,0.5,0.5,0.3
2019-11-21,2096.6,0.82,-0.79,-0.85,-2.15,0.0,0.56,2.18,-2.3,False,False,0.2,0.0,0.3,0.1,0.7,0.5,0.3,0.1
2019-11-22,2101.96,0.99,-1.11,-0.52,-1.84,0.0,0.73,1.81,-0.88,False,False,0.3,0.1,0.2,0.0,0.7,0.5,0.2,0.0
2019-11-25,2123.5,0.97,-1.19,-0.29,-1.49,0.0,0.68,1.71,0.08,False,False,0.4,0.2,0.3,0.1,0.7,0.5,0.3,0.1
2019-11-26,2121.35,1.15,-1.32,0.06,-0.92,0.0,0.56,1.73,2.08,False,False,0.6,0.4,0.4,0.2,0.4,0.2,0.4,0.2
2019-11-27,2127.85,1.53,-1.65,-0.46,-1.46,0.0,0.61,1.51,0.72,False,False,0.8,0.5,0.6,0.4,0.4,0.2,0.6,0.4
2019-11-28,2118.6,1.67,-1.69,-0.42,-1.34,0.0,0.54,1.72,1.4,False,False,0.9,0.7,0.8,0.5,0.4,0.2,0.8,0.5
2019-11-29,2087.96,1.67,-1.76,-0.33,-1.19,0.05,0.62,1.7,1.91,False,False,1.0,0.8,0.9,0.7,0.4,0.2,0.9,0.7
2019-12-02,2091.92,1.64,-1.97,-0.37,-1.13,0.0,0.76,1.71,1.72,False,False,1.0,0.9,1.0,0.8,0.4,0.2,1.0,0.8
2019-12-03,2084.07,1.61,-2.14,-0.5,-1.29,0.0,0.74,1.49,0.89,False,False,1.0,0.9,1.0,0.9,1.0,0.9,1.0,0.9
2019-12-04,2068.89,1.69,-2.32,0.14,-0.79,0.0,0.28,1.32,2.94,False,False,1.0,0.9,1.0,0.9,1.0,0.9,1.0,0.9
2019-12-05,2060.74,1.77,-2.52,-0.33,-1.05,0.0,0.29,1.16,1.48,False,False,1.0,0.9,1.0,0.9,1.0,0.9,1.0,0.9
2019-12-06,2081.85,1.69,-2.52,-0.17,-0.98,0.0,0.3,1.14,1.78,False,False,1.0,0.9,1.0,0.9,1.0,0.9,1.0,0.9
2019-12-09,2088.65,1.73,-2.43,-0.19,-0.81,0.0,0.28,1.37,2.21,False,False,1.0,0.9,1.0,0.9,1.0,0.9,1.0,0.9
2019-12-10,2098.0,1.67,-2.28,-1.06,-1.92,0.0,0.26,1.33,-1.7,False,False,0.9,0.8,1.0,0.9,1.0,0.9,1.0,0.9
2019-12-11,2105.62,1.65,-2.2,-0.74,-1.36,0.0,0.25,0.97,-0.29,False,False,0.8,0.7,0.9,0.8,1.0,0.9,0.9,0.8
2019-12-12,2137.35,1.8,-2.21,-0.41,-1.09,0.02,0.25,0.66,1.2,False,False,0.8,0.7,0.8,0.7,1.0,0.9,0.8,0.7
2019-12-13,2170.25,1.85,-1.86,-0.28,-0.96,-0.0,0.18,0.66,1.95,False,False,0.8,0.7,0.8,0.7,1.0,0.9,0.8,0.7
2019-12-16,2168.15,1.81,-1.61,-0.24,-0.86,0.0,0.12,1.25,2.47,False,False,0.8,0.7,0.8,0.7,1.0,0.9,0.8,0.7
2019-12-17,2195.68,1.95,-1.65,-0.06,-0.73,-0.0,0.12,1.24,3.34,False,False,1.0,0.9,0.8,0.7,0.8,0.7,0.8,0.7
2019-12-18,2194.76,1.85,-1.36,-0.34,-1.07,0.0,0.06,1.47,2.22,False,False,1.0,1.0,1.0,0.9,0.8,0.7,1.0,0.9
2019-12-19,2196.56,1.65,-1.07,0.33,-0.31,-0.0,0.06,1.1,4.23,False,False,1.0,1.0,1.0,1.0,0.8,0.7,1.0,1.0
2019-12-20,2204.18,1.46,-0.8,0.23,-0.58,-0.0,0.06,1.28,3.47,False,False,1.0,1.0,1.0,1.0,0.8,0.7,1.0,1.0
2019-12-23,2203.71,1.46,-0.69,0.32,-0.52,0.0,0.06,1.54,3.91,False,False,1.0,1.0,1.0,1.0,0.8,0.7,1.0,1.0
2019-12-24,2190.08,1.53,-0.68,0.3,-0.4,0.0,0.06,1.51,4.16,False,False,1.0,1.0,1.0,1.0,1.0,1.0,1.0,1.0
2019-12-26,2197.93,1.38,-0.53,0.58,-0.07,0.0,0.06,1.36,4.82,False,False,1.0,1.0,1.0,1.0,1.0,1.0,1.0,1.0
2019-12-27,2204.21,1.56,-0.49,0.73,0.2,-0.0,0.06,1.63,5.81,False,False,1.0,1.0,1.0,1.0,1.0,1.0,1.0,1.0
2019-12-30,2197.67,1.29,-0.4,1.01,0.31,0.0,0.06,1.56,5.94,False,False,1.0,1.0,1.0,1.0,1.0,1.0,1.0,1.0
2020-01-02,2175.17,1.4,-0.36,1.41,0.87,0.0,0.06,1.87,7.22,False,False,1.0,1.0,1.0,1.0,1.0,1.0,1.0,1.0
2020-01-03,2176.46,1.06,-0.31,1.31,0.71,0.0,0.12,1.78,6.52,False,False,1.0,1.0,1.0,1.0,1.0,1.0,1.0,1.0
2020-01-06,2155.07,0.76,-0.12,1.58,0.83,0.0,0.12,1.47,6.55,False,False,1.0,1.0,1.0,1.0,1.0,1.0,1.0,1.0
2020-01-07,2175.54,0.54,0.03,1.85,1.3,0.0,0.19,1.37,7.02,False,False,1.0,1.0,1.0,1.0,1.0,1.0,1.0,1.0
2020-01-08,2151.31,0.47,0.15,0.95,0.43,0.0,0.12,1.6,4.72,False,False,1.0,1.0,1.0,1.0,1.0,1.0,1.0,1.0
2020-01-09,2186.45,0.33,0.24,0.17,-0.76,0.02,0.19,1.66,1.2,False,False,1.0,1.0,1.0,1.0,1.0,1.0,1.0,1.0
2020-01-10,2206.39,0.18,0.26,-0.51,-1.84,-0.0,0.06,1.55,-2.59,False,False,0.8,0.8,1.0,1.0,1.0,1.0,1.0,1.0
2020-01-13,2229.26,-0.06,0.41,0.25,-0.95,-0.0,0.05,1.57,0.07,False,False,0.8,0.7,0.8,0.8,1.0,1.0,0.8,0.8
2020-01-14,2238.88,-0.26,0.5,1.28,0.9,-0.0,0.01,1.66,4.61,False,False,0.8,0.7,0.8,0.7,0.8,0.7,0.8,0.7
2020-01-15,2230.98,-0.56,0.5,0.85,0.49,0.0,-0.0,1.52,2.42,False,False,0.8,0.7,0.8,0.7,0.8,0.7,0.8,0.7
2020-01-16,2248.05,-0.84,0.33,0.75,0.21,-0.0,-0.0,1.26,0.88,False,False,0.8,0.7,0.8,0.7,0.8,0.7,0.8,0.7
2020-01-17,2250.57,-1.07,0.35,0.65,-0.03,-0.0,-0.01,1.21,-0.33,False,False,0.9,0.7,0.8,0.7,0.8,0.7,0.8,0.7
2020-01-20,2262.64,-1.21,0.28,0.25,-0.5,-0.0,-0.01,1.2,-2.36,False,False,0.8,0.6,0.9,0.7,0.8,0.7,0.9,0.7
2020-01-21,2239.69,-1.13,0.21,-0.06,-1.03,0.0,-0.03,1.27,-3.64,False,False,0.6,0.4,0.8,0.6,0.8,0.6,0.8,0.6
2020-01-22,2267.25,-1.18,0.09,0.42,-0.15,-0.0,-0.0,0.73,-1.7,False,False,0.5,0.2,0.6,0.4,0.8,0.6,0.6,0.4
2020-01-23,2246.13,-1.05,0.04,0.21,-0.4,0.05,-0.03,0.86,-2.13,False,False,0.3,0.1,0.5,0.2,0.8,0.6,0.5,0.2
2020-01-28,2176.72,-1.35,0.02,0.37,0.01,1.19,-0.0,0.5,0.2,False,False,0.4,0.1,0.3,0.1,0.3,0.1,0.3,0.1
2020-01-29,2185.28,-1.52,-0.15,-0.07,-0.58,1.08,0.13,0.2,-2.55,False,False,0.3,0.1,0.4,0.1,0.3,0.1,0.4,0.1
2020-01-30,2148.0,-1.79,-0.13,1.05,0.68,1.73,0.07,0.16,2.63,False,True,0.8,0.5,0.3,0.1,0.3,0.1,0.3,0.1
2020-01-31,2119.01,-1.84,-0.27,0.72,0.38,2.02,0.2,-0.23,1.63,False,True,1.0,0.7,0.8,0.5,0.3,0.1,0.8,0.5
2020-02-03,2118.88,-1.77,-0.35,0.93,0.5,2.02,0.25,-0.28,2.45,False,True,1.0,0.9,1.0,0.7,0.3,0.1,1.0,0.7
2020-02-04,2157.9,-1.54,-0.44,0.47,0.02,1.62,0.25,-0.32,0.33,False,True,1.0,0.9,1.0,0.9,1.0,0.9,1.0,0.9
2020-02-05,2165.63,-1.67,-0.3,1.26,0.88,1.52,0.14,-0.19,3.07,False,True,1.0,1.0,1.0,0.9,1.0,0.9,1.0,0.9
2020-02-06,2227.94,-1.86,-0.16,0.86,0.42,0.64,0.13,-0.05,-0.64,False,False,0.9,0.8,1.0,1.0,1.0,0.9,1.0,1.0
2020-02-07,2211.95,-1.63,-0.14,0.86,0.46,0.89,0.01,-0.08,0.43,False,False,0.9,0.7,0.9,0.8,1.0,0.9,0.9,0.8
2020-02-10,2201.07,-1.71,-0.2,0.78,0.4,1.05,0.01,-0.45,0.05,False,False,0.9,0.6,0.9,0.7,1.0,0.9,0.9,0.7
2020-02-11,2223.12,-1.77,-0.32,0.56,0.12,0.72,0.05,-0.42,-1.74,False,False,0.8,0.5,0.9,0.6,0.9,0.6,0.9,0.6
2020-02-12,2238.38,-1.54,-0.47,1.16,0.82,0.47,0.01,-0.48,0.74,False,False,0.8,0.4,0.8,0.5,0.9,0.6,0.8,0.5
2020-02-13,2232.96,-1.4,-0.62,0.57,0.34,0.56,-0.02,-0.29,-0.91,False,False,0.8,0.4,0.8,0.4,0.9,0.6,0.8,0.4
2020-02-14,2243.59,-1.42,-0.55,0.31,-0.02,0.39,-0.02,-0.5,-2.5,False,False,0.6,0.3,0.8,0.4,0.9,0.6,0.8,0.4
2020-02-17,2242.17,-1.41,-0.48,0.84,0.56,0.41,-0.02,-0.44,-0.24,False,False,0.6,0.3,0.6,0.3,0.9,0.6,0.6,0.3
2020-02-18,2208.88,-1.36,-0.52,0.13,-0.27,0.93,-0.02,-0.12,-1.92,False,False,0.6,0.3,0.6,0.3,0.6,0.3,0.6,0.3
2020-02-19,2210.34,-1.47,-0.63,0.31,0.02,0.91,0.01,-0.46,-1.58,False,False,0.5,0.1,0.6,0.3,0.6,0.3,0.6,0.3
2020-02-20,2195.5,-1.42,-0.71,0.41,0.21,1.11,0.01,-0.17,-0.41,False,False,0.5,0.2,0.5,0.1,0.6,0.3,0.5,0.1
2020-02-21,2162.84,-1.51,-0.58,0.3,0.09,1.49,0.06,-0.69,-0.49,False,False,0.6,0.2,0.5,0.2,0.6,0.3,0.5,0.2
2020-02-24,2079.04,-1.84,-0.47,-0.02,-0.44,2.33,0.14,-1.08,-1.34,True,True,0.8,0.4,0.6,0.2,0.6,0.3,0.6,0.2
2020-02-25,2103.61,-1.65,-0.67,0.25,0.19,2.15,0.32,-1.28,0.27,False,True,0.9,0.5,0.8,0.4,0.8,0.4,0.8,0.4
2020-02-26,2076.77,-1.54,-0.81,0.78,0.87,2.35,0.29,-1.05,3.2,True,True,0.9,0.5,0.9,0.5,0.8,0.4,0.9,0.5
2020-02-27,2054.89,-1.41,-1.07,0.91,0.87,2.47,0.33,-0.98,3.92,True,True,0.8,0.4,0.9,0.5,0.8,0.4,0.9,0.5
2020-02-28,1987.01,-1.35,-1.06,1.22,1.09,2.74,0.37,-0.67,5.45,True,True,0.7,0.3,0.8,0.4,0.8,0.4,0.8,0.4
2020-03-02,2002.51,-1.26,-1.13,1.05,0.81,2.69,0.45,-0.43,5.02,True,True,0.7,0.3,0.7,0.3,0.8,0.4,0.7,0.3
2020-03-03,2014.15,-1.24,-1.28,0.93,0.6,2.65,0.44,-0.04,4.62,True,True,0.6,0.2,0.7,0.3,0.7,0.3,0.7,0.3
2020-03-04,2059.33,-1.34,-1.34,1.75,1.98,2.45,0.42,-0.06,6.85,True,True,0.6,0.2,0.6,0.2,0.7,0.3,0.6,0.2
2020-03-05,2085.26,-1.22,-1.35,1.54,1.66,2.28,0.34,0.34,6.35,True,True,0.6,0.2,0.6,0.2,0.7,0.3,0.6,0.2
2020-03-06,2040.22,-1.37,-1.39,1.44,1.51,2.55,0.29,0.28,6.11,True,False,0.3,0.0,0.6,0.2,0.7,0.3,0.6,0.2
2020-03-09,1954.77,-1.35,-1.51,1.4,1.54,2.81,0.39,0.1,6.38,True,True,0.6,0.2,0.3,0.0,0.7,0.3,0.3,0.0
2020-03-10,1962.93,-1.35,-1.77,1.41,1.59,2.8,0.48,0.03,6.35,True,True,0.6,0.2,0.6,0.2,0.6,0.2,0.6,0.2
2020-03-11,1908.27,-1.21,-1.98,1.34,1.11,2.89,0.47,0.5,6.2,True,True,0.6,0.2,0.6,0.2,0.6,0.2,0.6,0.2
2020-03-12,1834.33,-1.37,-2.05,1.72,2.04,2.95,0.51,0.6,7.33,True,True,0.6,0.2,0.6,0.2,0.6,0.2,0.6,0.2
2020-03-13,1771.44,-1.2,-2.27,1.68,1.84,2.97,0.59,-0.1,7.17,True,True,0.6,0.2,0.6,0.2,0.6,0.2,0.6,0.2
2020-03-16,1714.86,-1.01,-2.42,2.08,2.55,2.99,0.68,-0.15,8.19,True,True,0.6,0.2,0.6,0.2,0.6,0.2,0.6,0.2
2020-03-17,1672.44,-1.09,-2.5,2.78,3.0,2.99,0.87,-0.75,8.75,True,True,0.6,0.2,0.6,0.2,0.6,0.2,0.6,0.2
2020-03-18,1591.2,-0.91,-2.59,3.0,3.0,3.0,0.98,-1.1,8.93,True,True,0.6,0.2,0.6,0.2,0.6,0.2,0.6,0.2
2020-03-19,1457.64,-1.04,-2.62,3.0,3.0,3.0,1.08,-1.59,8.82,True,True,0.6,0.2,0.6,0.2,0.6,0.2,0.6,0.2
2020-03-20,1566.15,-0.94,-2.73,3.0,3.0,3.0,1.2,-1.82,8.85,True,True,0.6,0.2,0.6,0.2,0.6,0.2,0.6,0.2
2020-03-23,1482.46,-0.82,-2.83,3.0,3.0,3.0,1.08,-1.88,8.89,True,True,0.6,0.2,0.6,0.2,0.6,0.2,0.6,0.2
2020-03-24,1609.97,-0.96,-2.84,3.0,3.0,3.0,1.18,-2.17,8.78,True,True,0.6,0.2,0.6,0.2,0.6,0.2,0.6,0.2
2020-03-25,1704.76,-0.84,-2.82,3.0,3.0,2.99,1.03,-1.9,8.86,True,True,0.6,0.2,0.6,0.2,0.6,0.2,0.6,0.2
2020-03-26,1686.24,-0.82,-2.72,3.0,3.0,2.99,0.84,-1.52,8.9,True,True,0.6,0.2,0.6,0.2,0.6,0.2,0.6,0.2
2020-03-27,1717.73,-0.85,-2.71,3.0,3.0,2.99,0.91,-1.03,8.95,True,True,0.6,0.2,0.6,0.2,0.6,0.2,0.6,0.2
2020-03-30,1717.12,-0.86,-2.65,3.0,3.0,2.99,0.78,-1.53,8.88,True,False,0.3,0.0,0.6,0.2,0.6,0.2,0.6,0.2
2020-03-31,1754.64,-0.87,-2.58,3.0,3.0,2.98,0.78,-1.34,8.9,True,False,0.3,0.0,0.3,0.0,0.3,0.0,0.3,0.0
2020-04-01,1685.46,-0.89,-2.45,3.0,3.0,2.99,0.66,-1.34,8.89,True,False,0.3,0.0,0.3,0.0,0.3,0.0,0.3,0.0
2020-04-02,1724.86,-1.03,-2.49,3.0,3.0,2.98,0.91,-1.55,8.82,True,False,0.3,0.0,0.3,0.0,0.3,0.0,0.3,0.0
2020-04-03,1725.44,-0.89,-2.54,3.0,3.0,2.98,0.75,-1.51,8.87,True,False,0.3,0.0,0.3,0.0,0.3,0.0,0.3,0.0
2020-04-06,1791.88,-0.88,-2.44,3.0,3.0,2.97,0.75,-1.83,8.85,True,False,0.3,0.0,0.3,0.0,0.3,0.0,0.3,0.0
2020-04-07,1823.6,-0.59,-2.28,2.94,3.0,2.96,0.59,-1.51,8.99,True,False,0.3,0.0,0.3,0.0,0.3,0.0,0.3,0.0
2020-04-08,1807.14,-0.61,-2.19,2.78,2.62,2.96,0.55,-0.79,8.87,True,False,0.3,0.0,0.3,0.0,0.3,0.0,0.3,0.0
2020-04-09,1836.21,-0.58,-2.11,2.7,2.4,2.95,0.57,-0.88,8.76,True,False,0.3,0.0,0.3,0.0,0.3,0.0,0.3,0.0
2020-04-10,1860.7,-0.63,-2.04,2.86,3.0,2.93,0.53,-0.95,9.0,True,False,0.3,0.0,0.3,0.0,0.3,0.0,0.3,0.0
2020-04-13,1825.76,-0.72,-1.93,2.86,3.0,2.95,0.5,-0.9,8.97,True,False,0.3,0.0,0.3,0.0,0.3,0.0,0.3,0.0
2020-04-14,1857.08,-0.75,-1.9,2.77,3.0,2.94,0.54,-1.13,8.9,True,False,0.3,0.0,0.3,0.0,0.3,0.0,0.3,0.0
2020-04-16,1857.07,-0.66,-1.81,2.61,2.73,2.94,0.5,-1.08,8.77,True,False,0.3,0.0,0.3,0.0,0.3,0.0,0.3,0.0
2020-04-17,1914.53,-0.54,-1.84,2.46,2.4,2.24,0.5,-1.43,8.17,False,False,0.4,0.2,0.3,0.0,0.3,0.0,0.3,0.0
2020-04-20,1898.36,-0.49,-1.7,2.44,2.59,1.95,0.44,-1.19,8.15,True,False,0.4,0.2,0.4,0.2,0.3,0.0,0.4,0.2
2020-04-21,1879.38,-0.61,-1.69,2.39,2.49,1.61,0.45,-1.22,7.68,True,False,0.4,0.2,0.4,0.2,0.4,0.2,0.4,0.2
2020-04-22,1896.15,-0.58,-1.67,2.31,2.36,0.99,0.47,-1.56,6.88,False,False,0.6,0.4,0.4,0.2,0.4,0.2,0.4,0.2
2020-04-23,1914.73,-0.68,-1.65,2.35,2.62,0.63,0.45,-1.52,6.65,False,False,0.7,0.6,0.6,0.4,0.4,0.2,0.6,0.4
2020-04-24,1889.01,-0.65,-1.62,2.26,2.51,0.65,0.43,-1.47,6.5,False,False,0.7,0.6,0.7,0.6,0.4,0.2,0.7,0.6
2020-04-27,1922.77,-0.69,-1.57,2.1,2.18,0.62,0.46,-1.28,5.95,False,False,0.9,0.8,0.7,0.6,0.4,0.2,0.7,0.6
2020-04-28,1934.09,-0.62,-1.51,2.02,2.14,0.61,0.42,-1.13,5.92,False,False,1.0,1.0,0.9,0.8,0.9,0.8,0.9,0.8
2020-04-29,1947.56,-0.6,-1.45,2.01,2.15,0.56,0.41,-0.85,5.99,False,False,1.0,1.0,1.0,1.0,0.9,0.8,1.0,1.0
2020-05-04,1895.37,-0.5,-1.35,1.98,2.22,0.43,0.4,-0.52,6.14,False,False,1.0,1.0,1.0,1.0,0.9,0.8,1.0,1.0
2020-05-06,1928.76,-0.55,-1.44,1.67,1.39,0.39,0.27,-0.68,4.41,False,False,1.0,1.0,1.0,1.0,0.9,0.8,1.0,1.0
2020-05-07,1928.61,-0.5,-1.39,1.81,1.76,0.38,0.25,-0.29,5.35,False,False,1.0,1.0,1.0,1.0,0.9,0.8,1.0,1.0
2020-05-08,1945.82,-0.49,-1.38,1.75,1.59,0.2,0.25,-0.18,4.84,False,False,1.0,1.0,1.0,1.0,0.9,0.8,1.0,1.0
2020-05-11,1935.4,-0.61,-1.32,1.75,1.77,0.18,0.24,-0.15,4.81,False,False,1.0,1.0,1.0,1.0,0.9,0.8,1.0,1.0
2020-05-12,1922.17,-0.64,-1.35,1.4,1.01,0.17,0.25,-0.46,2.87,False,False,1.0,1.0,1.0,1.0,1.0,1.0,1.0,1.0
2020-05-13,1940.42,-0.6,-1.41,1.5,1.32,0.14,0.26,-0.5,3.52,False,False,1.0,1.0,1.0,1.0,1.0,1.0,1.0,1.0
2020-05-14,1924.96,-0.61,-1.44,1.46,1.3,0.13,0.25,-0.54,3.34,False,False,1.0,1.0,1.0,1.0,1.0,1.0,1.0,1.0
2020-05-15,1927.28,-0.6,-1.52,1.38,1.24,0.05,0.26,-0.45,2.95,False,False,1.0,1.0,1.0,1.0,1.0,1.0,1.0,1.0
2020-05-18,1937.11,-0.47,-1.52,1.42,1.37,0.01,0.25,-0.69,3.32,False,False,1.0,1.0,1.0,1.0,1.0,1.0,1.0,1.0
2020-05-19,1980.61,-0.56,-1.5,1.14,0.82,0.08,0.25,-0.71,1.83,False,False,1.0,1.0,1.0,1.0,1.0,1.0,1.0,1.0
2020-05-20,1989.64,-0.41,-1.32,1.25,1.16,0.0,0.22,-0.68,2.86,False,False,1.0,1.0,1.0,1.0,1.0,1.0,1.0,1.0
2020-05-21,1998.31,-0.41,-1.36,1.28,1.25,0.0,0.22,-0.68,3.05,False,False,1.0,1.0,1.0,1.0,1.0,1.0,1.0,1.0
2020-05-22,1970.13,-0.42,-1.28,1.12,0.89,0.0,0.2,-0.76,2.15,False,False,1.0,1.0,1.0,1.0,1.0,1.0,1.0,1.0
2020-05-25,1994.6,-0.49,-1.27,1.31,1.35,0.0,0.22,-1.06,2.92,False,False,1.0,1.0,1.0,1.0,1.0,1.0,1.0,1.0
2020-05-26,2029.78,-0.4,-1.26,1.27,1.28,0.0,0.2,-0.84,3.05,False,False,1.0,1.0,1.0,1.0,1.0,1.0,1.0,1.0
2020-05-27,2031.2,-0.34,-1.19,1.22,1.2,0.0,0.18,-0.63,3.07,False,False,1.0,1.0,1.0,1.0,1.0,1.0,1.0,1.0
2020-05-28,2028.54,-0.27,-1.18,1.21,1.23,0.0,0.18,-0.26,3.41,False,False,1.0,1.0,1.0,1.0,1.0,1.0,1.0,1.0
2020-05-29,2029.6,-0.27,-1.14,1.19,1.24,0.0,0.18,-0.13,3.47,False,False,1.0,1.0,1.0,1.0,1.0,1.0,1.0,1.0
2020-06-01,2065.08,-0.3,-1.08,1.18,1.27,0.0,0.18,0.13,3.57,False,False,1.0,1.0,1.0,1.0,1.0,1.0,1.0,1.0
2020-06-02,2087.19,-0.27,-1.03,0.99,0.86,-0.0,0.13,0.2,2.65,False,False,1.0,1.0,1.0,1.0,1.0,1.0,1.0,1.0
2020-06-03,2147.0,-0.15,-0.87,0.97,0.79,-0.0,0.13,0.44,2.99,False,False,1.0,1.0,1.0,1.0,1.0,1.0,1.0,1.0
2020-06-04,2151.18,0.04,-0.74,0.8,0.47,-0.0,0.0,0.37,2.56,False,False,1.0,1.0,1.0,1.0,1.0,1.0,1.0,1.0
2020-06-05,2181.87,0.05,-0.63,0.83,0.56,-0.0,-0.0,0.3,2.79,False,False,1.0,1.0,1.0,1.0,1.0,1.0,1.0,1.0
2020-06-08,2184.29,0.08,-0.59,0.83,0.59,-0.0,-0.11,0.18,2.84,False,False,1.0,1.0,1.0,1.0,1.0,1.0,1.0,1.0
2020-06-09,2188.92,0.07,-0.53,0.63,0.2,-0.0,-0.11,0.43,1.93,False,False,1.0,1.0,1.0,1.0,1.0,1.0,1.0,1.0
2020-06-10,2195.69,0.04,-0.5,0.74,0.43,-0.0,-0.11,0.07,2.28,False,False,1.0,1.0,1.0,1.0,1.0,1.0,1.0,1.0
2020-06-11,2176.78,0.07,-0.45,0.69,0.41,0.0,-0.11,0.49,2.44,False,False,1.0,1.0,1.0,1.0,1.0,1.0,1.0,1.0
2020-06-12,2132.3,-0.12,-0.36,0.76,0.53,0.0,-0.11,0.4,2.32,False,False,1.0,1.0,1.0,1.0,1.0,1.0,1.0,1.0
2020-06-15,2030.82,-0.2,-0.27,0.65,0.39,0.27,0.01,0.45,2.29,False,True,1.0,1.0,1.0,1.0,1.0,1.0,1.0,1.0
2020-06-16,2138.05,-0.39,-0.26,0.72,0.44,0.21,0.19,-0.14,1.79,False,True,1.0,1.0,1.0,1.0,1.0,1.0,1.0,1.0
2020-06-17,2141.05,-0.36,-0.23,0.65,0.31,0.2,0.0,-0.11,1.4,False,True,1.0,1.0,1.0,1.0,1.0,1.0,1.0,1.0
2020-06-18,2133.48,-0.41,-0.19,0.62,0.27,0.23,0.0,0.44,1.5,False,True,1.0,1.0,1.0,1.0,1.0,1.0,1.0,1.0
2020-06-19,2141.32,-0.42,-0.16,0.43,-0.07,0.18,0.0,0.44,0.43,False,True,1.0,1.0,1.0,1.0,1.0,1.0,1.0,1.0
2020-06-22,2126.73,-0.38,-0.07,0.27,-0.4,0.23,0.0,1.23,0.15,False,False,1.0,0.8,1.0,1.0,1.0,1.0,1.0,1.0
2020-06-23,2131.24,-0.44,-0.03,0.01,-0.76,0.2,0.07,1.38,-1.12,False,False,0.9,0.6,1.0,0.8,1.0,0.8,1.0,0.8
2020-06-24,2161.51,-0.49,-0.01,-0.3,-1.3,0.11,0.0,2.03,-2.62,False,False,0.7,0.5,0.9,0.6,1.0,0.8,0.9,0.6
2020-06-25,2112.37,-0.56,0.1,-0.42,-1.5,0.29,-0.07,2.22,-2.92,False,False,0.5,0.3,0.7,0.5,1.0,0.8,0.7,0.5
2020-06-26,2134.65,-0.79,0.08,-0.85,-2.02,0.22,0.07,1.75,-5.18,False,False,0.3,0.1,0.5,0.3,1.0,0.8,0.5,0.3
2020-06-29,2093.48,-0.79,0.15,-1.07,-2.33,0.36,0.0,2.05,-5.61,False,False,0.1,0.0,0.3,0.1,1.0,0.8,0.3,0.1
2020-06-30,2108.33,-0.92,0.11,-1.02,-2.71,0.31,0.11,1.68,-6.26,False,False,0.0,0.0,0.1,0.0,0.1,0.0,0.1,0.0
2020-07-01,2106.7,-0.87,0.12,-1.17,-3.0,0.26,0.07,1.33,-6.82,False,False,0.0,0.0,0.0,0.0,0.1,0.0,0.0,0.0
2020-07-02,2135.37,-0.96,0.11,-1.2,-3.0,0.19,0.07,0.83,-7.18,False,False,0.0,0.0,0.0,0.0,0.1,0.0,0.0,0.0
2020-07-03,2152.41,-0.97,0.13,-1.14,-3.0,0.13,-0.0,1.2,-7.09,False,False,0.0,0.0,0.0,0.0,0.1,0.0,0.0,0.0
2020-07-06,2187.93,-1.02,0.16,-1.17,-3.0,0.03,-0.08,1.15,-7.3,False,False,0.0,0.0,0.0,0.0,0.1,0.0,0.0,0.0
2020-07-07,2164.17,-0.84,0.13,-1.23,-3.0,0.1,-0.16,1.32,-7.08,False,False,0.0,0.0,0.0,0.0,0.0,0.0,0.0,0.0
2020-07-08,2158.88,-0.83,0.11,-1.23,-3.0,0.12,-0.13,1.43,-7.02,False,False,0.0,0.0,0.0,0.0,0.0,0.0,0.0,0.0
2020-07-09,2167.9,-0.92,0.1,-1.22,-3.0,0.09,-0.08,1.34,-7.17,False,False,0.0,0.0,0.0,0.0,0.0,0.0,0.0,0.0
2020-07-10,2150.25,-0.83,0.13,-1.23,-3.0,0.13,-0.13,1.56,-6.98,False,False,0.0,0.0,0.0,0.0,0.0,0.0,0.0,0.0
2020-07-13,2186.06,-0.99,0.12,-1.27,-2.75,0.01,-0.08,1.15,-7.25,False,False,0.0,0.0,0.0,0.0,0.0,0.0,0.0,0.0
2020-07-14,2183.61,-0.87,0.18,-1.3,-2.64,0.0,-0.17,0.67,-7.19,False,False,0.0,0.0,0.0,0.0,0.0,0.0,0.0,0.0
2020-07-15,2201.88,-0.99,0.19,-1.28,-2.54,-0.0,-0.17,0.71,-7.23,False,False,0.0,0.0,0.0,0.0,0.0,0.0,0.0,0.0
2020-07-16,2183.76,-0.9,0.25,-1.36,-2.58,0.0,-0.17,0.84,-7.2,False,False,0.0,0.0,0.0,0.0,0.0,0.0,0.0,0.0
2020-07-17,2201.19,-0.91,0.25,-1.37,-2.48,0.0,-0.17,0.74,-7.17,False,False,0.0,0.0,0.0,0.0,0.0,0.0,0.0,0.0
2020-07-20,2198.2,-0.84,0.28,-1.34,-2.39,0.0,-0.17,0.7,-6.99,False,False,0.0,0.0,0.0,0.0,0.0,0.0,0.0,0.0
2020-07-21,2228.83,-0.91,0.31,-1.24,-2.25,-0.0,-0.17,0.7,-6.82,False,False,0.0,0.0,0.0,0.0,0.0,0.0,0.0,0.0
2020-07-22,2228.66,-0.84,0.42,-1.21,-2.18,0.0,-0.21,1.19,-6.48,False,False,0.0,0.0,0.0,0.0,0.0,0.0,0.0,0.0
2020-07-23,2216.19,-0.85,0.38,-1.11,-2.08,0.0,-0.21,0.93,-6.34,False,False,0.0,0.0,0.0,0.0,0.0,0.0,0.0,0.0
2020-07-24,2200.44,-0.79,0.41,-1.15,-2.09,0.0,-0.21,0.83,-6.33,False,False,0.0,0.0,0.0,0.0,0.0,0.0,0.0,0.0
2020-07-27,2217.86,-0.81,0.46,-1.05,-1.99,0.0,-0.17,1.12,-6.0,False,False,0.0,0.0,0.0,0.0,0.0,0.0,0.0,0.0
2020-07-28,2256.99,-0.72,0.52,-1.08,-2.0,-0.0,-0.21,1.32,-5.85,False,False,0.0,0.0,0.0,0.0,0.0,0.0,0.0,0.0
2020-07-29,2263.16,-0.78,0.73,-0.98,-1.87,-0.0,-0.28,1.18,-5.64,False,False,0.0,0.0,0.0,0.0,0.0,0.0,0.0,0.0
2020-07-30,2267.01,-0.82,0.81,-0.89,-1.73,-0.0,-0.28,1.39,-5.31,False,False,0.0,0.0,0.0,0.0,0.0,0.0,0.0,0.0
2020-07-31,2249.37,-0.91,0.85,-0.8,-1.62,0.0,-0.28,1.08,-5.29,False,False,0.0,0.0,0.0,0.0,0.0,0.0,0.0,0.0
2020-08-03,2251.04,-0.98,0.85,-0.84,-1.63,0.0,-0.25,1.09,-5.47,False,False,0.0,0.0,0.0,0.0,0.0,0.0,0.0,0.0
2020-08-04,2279.97,-1.11,0.83,-0.81,-1.58,-0.0,-0.25,0.94,-5.67,False,False,0.0,0.0,0.0,0.0,0.0,0.0,0.0,0.0
2020-08-05,2311.86,-1.03,0.92,-0.53,-1.34,-0.0,-0.32,1.07,-4.69,False,False,0.0,0.0,0.0,0.0,0.0,0.0,0.0,0.0
2020-08-06,2342.61,-1.06,0.96,-0.72,-1.5,-0.0,-0.34,1.33,-5.18,False,False,0.0,0.0,0.0,0.0,0.0,0.0,0.0,0.0
2020-08-07,2351.67,-1.03,1.0,-0.88,-1.59,-0.0,-0.35,1.29,-5.5,False,False,0.0,0.0,0.0,0.0,0.0,0.0,0.0,0.0
2020-08-10,2386.38,-1.07,1.02,-0.79,-1.5,-0.0,-0.37,1.16,-5.38,False,False,0.0,0.0,0.0,0.0,0.0,0.0,0.0,0.0
2020-08-11,2418.67,-1.08,1.0,-0.7,-1.36,-0.0,-0.4,1.27,-5.06,False,False,0.0,0.0,0.0,0.0,0.0,0.0,0.0,0.0
2020-08-12,2432.35,-1.0,1.03,-0.59,-1.29,-0.0,-0.43,1.28,-4.59,False,False,0.0,0.0,0.0,0.0,0.0,0.0,0.0,0.0
2020-08-13,2437.53,-1.05,1.0,-0.66,-1.33,-0.0,-0.46,1.3,-4.88,False,False,0.0,0.0,0.0,0.0,0.0,0.0,0.0,0.0
2020-08-14,2407.49,-0.97,0.99,-0.7,-1.31,0.0,-0.46,1.47,-4.73,False,False,0.0,0.0,0.0,0.0,0.0,0.0,0.0,0.0
2020-08-18,2348.24,-0.99,0.94,-0.68,-1.29,0.0,-0.42,1.47,-4.71,False,False,0.0,0.0,0.0,0.0,0.0,0.0,0.0,0.0
2020-08-19,2360.54,-0.87,0.96,-0.65,-1.2,0.0,-0.35,1.42,-4.29,False,False,0.0,0.0,0.0,0.0,0.0,0.0,0.0,0.0
2020-08-20,2274.22,-0.96,0.87,-0.6,-1.14,0.0,-0.37,1.44,-4.33,False,True,0.3,0.2,0.0,0.0,0.0,0.0,0.0,0.0
2020-08-21,2304.59,-1.04,0.83,-0.59,-1.12,0.0,-0.27,1.24,-4.52,False,True,0.3,0.2,0.3,0.2,0.0,0.0,0.3,0.2
2020-08-24,2329.83,-0.96,0.87,-0.42,-0.96,0.0,-0.33,1.21,-3.82,False,True,0.3,0.2,0.3,0.2,0.0,0.0,0.3,0.2
2020-08-25,2366.73,-0.91,0.91,-0.47,-1.03,0.0,-0.35,1.59,-3.72,False,True,0.3,0.2,0.3,0.2,0.3,0.2,0.3,0.2
2020-08-26,2369.32,-0.93,0.92,-0.51,-1.03,0.0,-0.37,1.59,-3.86,False,True,0.3,0.2,0.3,0.2,0.3,0.2,0.3,0.2
2020-08-27,2344.45,-0.98,0.84,-0.46,-0.96,0.0,-0.37,1.34,-3.91,False,False,0.0,0.0,0.3,0.2,0.3,0.2,0.3,0.2
2020-08-28,2353.8,-1.0,0.82,-0.42,-0.92,0.0,-0.35,1.47,-3.76,False,False,0.0,0.0,0.0,0.0,0.3,0.2,0.0,0.0
2020-08-31,2326.17,-0.96,0.77,-0.32,-0.83,0.0,-0.37,1.61,-3.32,False,False,0.0,0.0,0.0,0.0,0.3,0.2,0.0,0.0
2020-09-01,2349.55,-0.91,0.59,-0.32,-0.83,0.0,-0.35,1.42,-3.35,False,False,0.0,0.0,0.0,0.0,0.0,0.0,0.0,0.0
2020-09-02,2364.37,-0.89,0.58,0.1,-0.44,0.0,-0.37,1.22,-1.9,False,False,0.1,0.0,0.0,0.0,0.0,0.0,0.0,0.0
2020-09-03,2395.9,-0.88,0.56,0.01,-0.54,0.0,-0.38,0.99,-2.36,False,False,0.1,0.0,0.1,0.0,0.0,0.0,0.1,0.0
2020-09-04,2368.25,-0.91,0.57,-0.88,-1.13,0.0,-0.41,0.82,-5.14,False,False,0.1,0.0,0.1,0.0,0.0,0.0,0.1,0.0
2020-09-07,2384.22,-1.01,0.51,-1.04,-1.2,0.0,-0.38,0.79,-5.7,False,False,0.1,0.0,0.1,0.0,0.0,0.0,0.1,0.0
2020-09-08,2401.91,-0.99,0.48,0.14,-0.38,0.0,-0.41,0.53,-2.34,False,False,0.1,0.0,0.1,0.0,0.1,0.0,0.1,0.0
2020-09-09,2375.81,-0.94,0.49,0.12,-0.38,0.0,-0.44,0.32,-2.39,False,False,0.1,0.0,0.1,0.0,0.1,0.0,0.1,0.0
2020-09-10,2396.48,-0.98,0.46,-0.13,-0.61,0.0,-0.41,0.36,-3.35,False,False,0.1,0.0,0.1,0.0,0.1,0.0,0.1,0.0
2020-09-11,2396.69,-1.03,0.52,-0.28,-0.69,0.0,-0.39,0.12,-3.97,False,False,0.1,0.0,0.1,0.0,0.1,0.0,0.1,0.0
2020-09-14,2427.91,-1.04,0.53,-0.33,-0.75,0.0,-0.39,0.35,-4.05,False,False,0.1,0.0,0.1,0.0,0.1,0.0,0.1,0.0
2020-09-15,2443.58,-0.99,0.6,-0.38,-0.73,-0.0,-0.42,0.61,-3.92,False,False,0.0,0.0,0.1,0.0,0.1,0.0,0.1,0.0
2020-09-16,2435.92,-1.04,0.64,-0.47,-0.84,0.0,-0.42,1.01,-4.15,False,False,0.0,0.0,0.0,0.0,0.1,0.0,0.0,0.0
2020-09-17,2406.17,-1.08,0.68,-0.47,-0.81,0.0,-0.42,1.09,-4.14,False,False,0.0,0.0,0.0,0.0,0.1,0.0,0.0,0.0
2020-09-18,2412.4,-1.04,0.69,-0.61,-0.91,0.0,-0.39,1.11,-4.45,False,False,0.0,0.0,0.0,0.0,0.1,0.0,0.0,0.0
2020-09-21,2389.39,-1.02,0.7,-0.58,-0.87,0.0,-0.39,1.32,-4.21,False,False,0.0,0.0,0.0,0.0,0.1,0.0,0.0,0.0
2020-09-22,2332.59,-0.99,0.67,-0.63,-0.91,0.0,-0.35,1.16,-4.37,False,False,0.0,0.0,0.0,0.0,0.0,0.0,0.0,0.0
2020-09-23,2333.24,-1.06,0.67,-0.57,-0.81,0.0,-0.31,1.4,-4.15,False,False,0.0,0.0,0.0,0.0,0.0,0.0,0.0,0.0
2020-09-24,2272.7,-1.04,0.65,-0.52,-0.79,0.0,-0.31,1.12,-4.1,False,True,0.3,0.2,0.0,0.0,0.0,0.0,0.0,0.0
2020-09-25,2278.79,-1.0,0.61,-0.41,-0.69,0.0,-0.19,0.75,-3.78,False,True,0.3,0.2,0.3,0.2,0.0,0.0,0.3,0.2
2020-09-28,2308.08,-0.95,0.63,-0.37,-0.59,0.0,-0.23,0.74,-3.47,False,True,0.3,0.2,0.3,0.2,0.0,0.0,0.3,0.2
2020-09-29,2327.89,-0.93,0.75,-0.29,-0.52,0.0,-0.27,0.82,-3.07,False,True,0.3,0.2,0.3,0.2,0.3,0.2,0.3,0.2
2020-10-05,2358.0,-0.89,0.77,-0.38,-0.68,0.0,-0.31,0.83,-3.41,False,True,0.3,0.2,0.3,0.2,0.3,0.2,0.3,0.2
2020-10-06,2365.9,-0.83,0.81,-0.23,-0.44,0.0,-0.34,1.12,-2.47,False,False,0.0,0.0,0.3,0.2,0.3,0.2,0.3,0.2
2020-10-07,2386.94,-0.82,0.83,0.07,-0.2,0.0,-0.35,1.12,-1.38,False,False,0.1,0.0,0.0,0.0,0.3,0.2,0.0,0.0
2020-10-08,2391.96,-0.67,0.85,-0.7,-0.75,0.0,-0.36,1.08,-3.61,False,False,0.1,0.0,0.1,0.0,0.3,0.2,0.1,0.0
2020-10-12,2403.73,-0.74,0.98,-0.84,-0.8,0.0,-0.37,1.22,-4.0,False,False,0.1,0.0,0.1,0.0,0.3,0.2,0.1,0.0
2020-10-13,2403.15,-0.76,1.02,-0.24,-0.41,0.0,-0.4,1.12,-2.2,False,False,0.2,0.0,0.1,0.0,0.1,0.0,0.1,0.0
2020-10-14,2380.48,-0.71,1.08,-0.18,-0.37,0.0,-0.4,1.24,-1.8,False,False,0.2,0.0,0.2,0.0,0.1,0.0,0.2,0.0
2020-10-15,2361.21,-0.71,1.05,-0.25,-0.42,0.0,-0.36,1.23,-2.03,False,False,0.2,0.0,0.2,0.0,0.1,0.0,0.2,0.0
2020-10-16,2341.53,-0.66,1.06,-0.37,-0.49,0.0,-0.34,1.12,-2.35,False,False,0.2,0.0,0.2,0.0,0.1,0.0,0.2,0.0
2020-10-19,2346.74,-0.68,1.03,-0.34,-0.44,0.0,-0.34,1.47,-2.07,False,False,0.3,0.0,0.2,0.0,0.1,0.0,0.2,0.0
2020-10-20,2358.41,-0.6,1.0,-0.38,-0.43,0.0,-0.34,1.57,-1.95,False,False,0.3,0.0,0.3,0.0,0.3,0.0,0.3,0.0
2020-10-21,2370.86,-0.48,0.98,-0.45,-0.48,0.0,-0.37,1.62,-1.91,False,False,0.3,0.0,0.3,0.0,0.3,0.0,0.3,0.0
2020-10-22,2355.05,-0.42,0.98,-0.35,-0.36,0.0,-0.37,1.63,-1.36,False,False,0.3,0.0,0.3,0.0,0.3,0.0,0.3,0.0
2020-10-23,2360.81,-0.41,0.95,-0.12,-0.18,0.0,-0.34,1.65,-0.46,False,False,0.4,0.1,0.3,0.0,0.3,0.0,0.3,0.0
2020-10-26,2343.91,-0.37,0.96,-0.06,-0.12,0.0,-0.37,1.81,-0.05,False,False,0.6,0.2,0.4,0.1,0.3,0.0,0.4,0.1
2020-10-27,2330.84,-0.18,0.94,-0.11,-0.17,0.0,-0.34,1.67,0.16,False,False,0.7,0.3,0.6,0.2,0.6,0.2,0.6,0.2
2020-10-28,2345.26,-0.19,0.94,-0.26,-0.25,0.0,-0.33,1.62,-0.37,False,False,0.8,0.4,0.7,0.3,0.6,0.2,0.7,0.3
2020-10-29,2326.67,-0.19,0.96,-0.25,-0.25,0.0,-0.34,1.37,-0.49,False,False,0.8,0.4,0.8,0.4,0.6,0.2,0.8,0.4
2020-10-30,2267.15,-0.27,0.89,-0.17,-0.17,0.0,-0.3,1.55,-0.28,False,False,0.8,0.4,0.8,0.4,0.6,0.2,0.8,0.4
2020-11-02,2300.16,-0.36,0.73,-0.1,-0.14,0.0,-0.22,1.63,-0.28,False,False,0.8,0.4,0.8,0.4,0.6,0.2,0.8,0.4
2020-11-03,2343.31,-0.38,0.74,-0.0,-0.06,0.0,-0.26,1.43,-0.09,False,False,0.8,0.4,0.8,0.4,0.8,0.4,0.8,0.4
2020-11-04,2357.32,-0.33,0.68,-0.17,-0.18,0.0,-0.34,1.55,-0.56,False,False,0.8,0.4,0.8,0.4,0.8,0.4,0.8,0.4
2020-11-05,2413.79,-0.24,0.61,-0.24,-0.22,0.0,-0.38,1.37,-0.73,False,False,0.8,0.4,0.8,0.4,0.8,0.4,0.8,0.4
2020-11-06,2416.5,-0.18,0.79,-0.31,-0.27,0.0,-0.46,1.64,-0.66,False,False,0.8,0.4,0.8,0.4,0.8,0.4,0.8,0.4
2020-11-09,2447.2,-0.07,0.83,-0.33,-0.26,-0.0,-0.47,1.48,-0.47,False,False,0.7,0.3,0.8,0.4,0.8,0.4,0.8,0.4
2020-11-10,2452.83,0.02,0.88,-0.3,-0.23,-0.0,-0.51,1.85,0.07,False,False,0.8,0.4,0.7,0.3,0.7,0.3,0.7,0.3
2020-11-11,2485.87,-0.01,0.88,-0.17,-0.23,-0.0,-0.55,1.73,0.23,False,False,0.8,0.4,0.8,0.4,0.7,0.3,0.8,0.4
2020-11-12,2475.62,0.14,1.0,-0.15,-0.16,0.0,-0.59,1.56,0.73,False,False,0.9,0.5,0.8,0.4,0.7,0.3,0.8,0.4
2020-11-13,2493.87,-0.0,1.06,-0.07,-0.05,-0.0,-0.59,1.55,0.74,False,False,0.9,0.6,0.9,0.5,0.7,0.3,0.9,0.5
2020-11-16,2543.03,0.09,1.14,-0.06,-0.06,-0.0,-0.6,1.65,1.07,False,False,1.0,0.7,0.9,0.6,0.7,0.3,0.9,0.6
2020-11-17,2539.15,0.01,1.2,-0.03,-0.02,0.0,-0.73,1.72,0.99,False,False,1.0,0.7,1.0,0.7,1.0,0.7,1.0,0.7
2020-11-18,2545.64,-0.12,1.22,0.3,0.17,-0.0,-0.73,1.65,1.76,False,False,1.0,0.8,1.0,0.7,1.0,0.7,1.0,0.7
2020-11-19,2547.42,-0.11,1.23,0.34,0.23,-0.0,-0.73,1.72,2.02,False,False,1.0,0.9,1.0,0.8,1.0,0.7,1.0,0.8
2020-11-20,2553.5,-0.17,1.26,0.45,0.37,-0.0,-0.78,1.44,2.19,False,False,1.0,0.9,1.0,0.9,1.0,0.7,1.0,0.9
2020-11-23,2602.59,-0.23,1.29,0.34,0.26,-0.0,-0.78,1.5,1.67,False,False,1.0,1.0,1.0,0.9,1.0,0.7,1.0,0.9
2020-11-24,2617.76,-0.29,1.41,0.33,0.28,-0.0,-0.89,1.52,1.53,False,False,1.0,1.0,1.0,1.0,1.0,1.0,1.0,1.0
2020-11-25,2601.54,-0.36,1.49,-0.01,0.03,0.0,-0.89,1.39,0.09,False,False,1.0,0.9,1.0,1.0,1.0,1.0,1.0,1.0
2020-11-26,2625.91,-0.35,1.46,0.07,0.08,-0.0,-0.89,1.72,0.58,False,False,1.0,0.8,1.0,0.9,1.0,1.0,1.0,0.9
2020-11-27,2633.45,-0.37,1.51,0.09,0.04,-0.0,-0.95,1.76,0.51,False,False,1.0,0.8,1.0,0.8,1.0,1.0,1.0,0.8
2020-11-30,2591.34,-0.37,1.58,0.19,0.11,0.0,-0.95,1.68,0.89,False,False,1.0,0.7,1.0,0.8,1.0,1.0,1.0,0.8
2020-12-01,2634.25,-0.31,1.24,0.17,0.12,-0.0,-0.83,1.63,0.85,False,False,1.0,0.7,1.0,0.7,1.0,0.7,1.0,0.7
2020-12-02,2675.9,-0.28,1.21,0.06,0.03,-0.0,-0.96,1.58,0.41,False,False,1.0,0.7,1.0,0.7,1.0,0.7,1.0,0.7
2020-12-03,2696.22,-0.32,1.27,0.08,0.04,-0.0,-1.06,1.69,0.42,False,False,1.0,0.7,1.0,0.7,1.0,0.7,1.0,0.7
2020-12-04,2731.45,-0.43,1.21,-0.08,-0.1,-0.0,-1.12,1.83,-0.47,False,False,1.0,0.6,1.0,0.7,1.0,0.7,1.0,0.7
2020-12-07,2745.44,-0.49,1.3,-0.23,-0.2,-0.0,-1.21,2.02,-1.04,False,False,0.9,0.5,1.0,0.6,1.0,0.7,1.0,0.6
2020-12-08,2700.93,-0.67,1.26,-0.33,-0.39,0.0,-1.3,1.98,-2.07,False,False,0.7,0.4,0.9,0.5,0.9,0.5,0.9,0.5
2020-12-09,2755.47,-0.67,1.16,-0.17,-0.27,-0.0,-1.12,2.03,-1.48,False,False,0.6,0.2,0.7,0.4,0.9,0.5,0.7,0.4
2020-12-10,2746.46,-0.65,1.1,0.12,0.3,0.0,-1.3,2.07,0.07,False,False,0.6,0.2,0.6,0.2,0.9,0.5,0.6,0.2
2020-12-11,2770.06,-0.41,0.92,0.05,0.32,-0.0,-1.3,1.96,0.37,False,False,0.6,0.3,0.6,0.2,0.9,0.5,0.6,0.2
2020-12-14,2762.2,-0.36,0.87,-0.32,-0.39,0.0,-1.08,1.81,-1.46,False,False,0.6,0.2,0.6,0.3,0.9,0.5,0.6,0.3
2020-12-15,2756.82,-0.45,0.79,-0.38,-0.4,0.0,-1.08,1.85,-1.87,False,False,0.6,0.2,0.6,0.2,0.6,0.2,0.6,0.2
2020-12-16,2771.79,-0.4,0.71,-0.33,-0.29,-0.0,-1.08,1.74,-1.57,False,False,0.6,0.2,0.6,0.2,0.6,0.2,0.6,0.2
2020-12-17,2770.43,-0.33,0.7,-0.34,-0.22,0.0,-1.08,1.71,-1.33,False,False,0.5,0.2,0.6,0.2,0.6,0.2,0.6,0.2
2020-12-18,2772.18,-0.26,0.66,-0.39,-0.24,-0.0,-1.08,1.71,-1.32,False,False,0.4,0.1,0.5,0.2,0.6,0.2,0.5,0.2
2020-12-21,2778.65,-0.25,0.62,-0.28,-0.13,-0.0,-1.08,1.5,-1.0,False,False,0.5,0.1,0.4,0.1,0.6,0.2,0.4,0.1
2020-12-22,2733.68,-0.18,0.54,-0.34,-0.15,0.0,-1.17,1.17,-1.28,False,False,0.5,0.1,0.5,0.1,0.5,0.1,0.5,0.1
2020-12-23,2759.82,-0.1,0.46,-0.3,-0.13,0.0,-1.0,1.11,-0.9,False,False,0.5,0.1,0.5,0.1,0.5,0.1,0.5,0.1
2020-12-24,2806.86,0.05,0.47,-0.13,0.03,-0.0,-1.07,1.08,0.08,False,False,0.6,0.2,0.5,0.1,0.5,0.1,0.5,0.1
2020-12-28,2808.6,0.27,0.46,-0.12,0.05,-0.0,-1.27,0.98,0.53,False,False,0.7,0.3,0.6,0.2,0.5,0.1,0.6,0.2
2020-12-29,2820.51,0.49,0.47,-0.19,0.02,-0.0,-1.27,1.14,0.96,False,False,0.8,0.5,0.7,0.3,0.7,0.3,0.7,0.3
2020-12-30,2873.47,0.14,0.6,-0.05,0.1,-0.0,-1.36,1.15,0.56,False,False,0.9,0.6,0.8,0.5,0.7,0.3,0.8,0.5
2021-01-04,2944.45,0.19,0.62,0.04,0.13,-0.0,-1.44,1.34,1.04,False,False,1.0,0.7,0.9,0.6,0.7,0.3,0.9,0.6
2021-01-05,2990.57,0.02,0.6,0.01,0.07,-0.0,-1.48,1.59,0.54,False,False,1.0,0.7,1.0,0.7,1.0,0.7,1.0,0.7
2021-01-06,2968.21,-0.02,0.57,0.16,0.18,0.0,-1.49,1.5,0.9,False,False,1.0,0.7,1.0,0.7,1.0,0.7,1.0,0.7
2021-01-07,3031.68,-0.24,0.49,0.14,0.15,-0.0,-1.48,1.43,0.21,False,False,1.0,0.7,1.0,0.7,1.0,0.7,1.0,0.7
2021-01-08,3152.18,0.12,0.51,-0.03,0.02,-0.0,-1.49,1.22,0.38,False,False,1.0,0.7,1.0,0.7,1.0,0.7,1.0,0.7
2021-01-11,3148.45,-0.08,0.71,0.01,0.05,0.0,-1.49,1.08,0.07,False,False,1.0,0.6,1.0,0.7,1.0,0.7,1.0,0.7
2021-01-12,3125.95,-0.8,0.64,-0.25,-0.25,0.0,-1.49,0.97,-2.85,False,False,0.8,0.5,1.0,0.6,1.0,0.6,1.0,0.6
2021-01-13,3148.29,-1.18,0.66,0.24,0.45,0.0,-1.49,0.91,-1.62,False,False,0.7,0.3,0.8,0.5,1.0,0.6,0.8,0.5
2021-01-14,3149.93,-1.2,0.66,0.34,0.63,0.0,-1.49,0.82,-1.18,False,False,0.6,0.3,0.7,0.3,1.0,0.6,0.7,0.3
2021-01-15,3085.9,-1.38,0.74,-0.1,0.0,0.0,-1.49,0.76,-3.53,False,False,0.4,0.1,0.6,0.3,1.0,0.6,0.6,0.3
2021-01-18,3013.93,-1.57,0.69,-0.34,-0.18,0.0,-1.48,0.65,-4.72,False,True,0.5,0.2,0.4,0.1,1.0,0.6,0.4,0.1
2021-01-19,3092.66,-1.57,0.67,-0.3,-0.13,0.01,-1.47,0.51,-4.62,False,True,0.5,0.2,0.5,0.2,0.5,0.2,0.5,0.2
2021-01-20,3114.55,-1.41,0.72,-0.22,-0.02,0.0,-1.48,0.65,-3.94,False,True,0.4,0.2,0.5,0.2,0.5,0.2,0.5,0.2
2021-01-21,3160.84,-1.58,0.72,-0.32,-0.08,-0.0,-1.48,0.52,-4.61,False,True,0.3,0.2,0.4,0.2,0.5,0.2,0.4,0.2
2021-01-22,3140.63,-1.64,0.75,-0.24,0.0,0.0,-1.49,0.49,-4.48,False,True,0.3,0.2,0.3,0.2,0.5,0.2,0.3,0.2
2021-01-25,3208.99,-1.86,0.73,-0.19,0.07,-0.0,-1.49,0.39,-4.8,False,False,0.0,0.0,0.3,0.2,0.5,0.2,0.3,0.2
2021-01-26,3140.31,-1.81,0.75,-0.26,0.01,0.03,-1.5,0.32,-4.87,False,False,0.0,0.0,0.0,0.0,0.0,0.0,0.0,0.0
2021-01-27,3122.56,-2.26,0.59,-0.37,-0.17,0.04,-1.48,0.35,-6.05,False,False,0.0,0.0,0.0,0.0,0.0,0.0,0.0,0.0
2021-01-28,3069.05,-2.41,0.54,-0.33,-0.17,0.1,-1.47,0.14,-6.24,False,True,0.3,0.2,0.0,0.0,0.0,0.0,0.0,0.0
2021-01-29,2976.21,-2.28,0.44,-0.21,-0.06,0.23,-1.46,-0.01,-5.62,False,True,0.3,0.2,0.3,0.2,0.0,0.0,0.3,0.2
2021-02-01,3056.53,-2.28,0.31,-0.25,-0.01,0.18,-1.44,-0.12,-5.79,False,True,0.3,0.2,0.3,0.2,0.0,0.0,0.3,0.2
2021-02-02,3096.81,-2.02,0.32,-0.23,-0.0,0.13,-1.46,0.05,-5.3,False,True,0.3,0.2,0.3,0.2,0.3,0.2,0.3,0.2
2021-02-03,3129.68,-1.95,0.36,-0.14,0.02,0.09,-1.47,0.04,-5.03,False,True,0.3,0.2,0.3,0.2,0.3,0.2,0.3,0.2
2021-02-04,3087.55,-1.88,0.44,-0.19,-0.05,0.13,-1.47,-0.0,-5.02,False,True,0.3,0.2,0.3,0.2,0.3,0.2,0.3,0.2
2021-02-05,3120.63,-2.32,0.38,-0.32,-0.17,0.02,-1.46,-0.02,-6.26,False,False,0.0,0.0,0.3,0.2,0.3,0.2,0.3,0.2
2021-02-08,3091.24,-2.25,0.29,-0.23,-0.05,0.03,-1.47,-0.17,-5.97,False,False,0.0,0.0,0.0,0.0,0.3,0.2,0.0,0.0
2021-02-09,3084.67,-1.88,0.29,-0.37,-0.09,0.03,-1.46,-0.11,-5.61,False,False,0.0,0.0,0.0,0.0,0.0,0.0,0.0,0.0
2021-02-10,3100.58,-1.72,0.27,-0.53,-0.16,0.03,-1.46,-0.16,-5.69,False,False,0.0,0.0,0.0,0.0,0.0,0.0,0.0,0.0
2021-02-15,3147.0,-1.86,0.29,-0.54,-0.15,0.02,-1.46,0.01,-5.87,False,False,0.0,0.0,0.0,0.0,0.0,0.0,0.0,0.0
2021-02-16,3163.25,-1.8,0.3,-0.65,-0.23,0.01,-1.49,-0.15,-6.13,False,False,0.0,0.0,0.0,0.0,0.0,0.0,0.0,0.0
2021-02-17,3133.73,-1.74,0.36,-0.66,-0.32,0.0,-1.49,-0.09,-6.1,False,False,0.0,0.0,0.0,0.0,0.0,0.0,0.0,0.0
2021-02-18,3086.66,-2.01,0.31,-0.67,-0.31,0.0,-1.48,-0.2,-6.55,False,False,0.0,0.0,0.0,0.0,0.0,0.0,0.0,0.0
2021-02-19,3107.62,-2.14,0.18,-0.7,-0.34,0.0,-1.45,-0.19,-6.83,False,False,0.0,0.0,0.0,0.0,0.0,0.0,0.0,0.0
2021-02-22,3079.75,-1.99,0.16,-0.63,-0.31,0.0,-1.45,-0.23,-6.52,False,False,0.0,0.0,0.0,0.0,0.0,0.0,0.0,0.0
2021-02-23,3070.09,-2.03,0.08,-0.8,-0.41,0.0,-1.43,-0.5,-6.97,False,False,0.0,0.0,0.0,0.0,0.0,0.0,0.0,0.0
2021-02-24,2994.98,-1.75,0.06,-0.97,-0.65,0.0,-1.43,-0.53,-7.02,False,False,0.0,0.0,0.0,0.0,0.0,0.0,0.0,0.0
2021-02-25,3099.69,-1.79,0.1,-0.99,-0.66,0.0,-1.41,-0.47,-7.09,False,False,0.0,0.0,0.0,0.0,0.0,0.0,0.0,0.0
2021-02-26,3012.95,-1.26,0.31,-1.02,-0.69,0.08,-1.45,-0.28,-6.23,False,False,0.0,0.0,0.0,0.0,0.0,0.0,0.0,0.0
2021-03-02,3043.87,-1.38,0.09,-0.86,-0.57,0.05,-1.41,-0.67,-6.26,False,False,0.0,0.0,0.0,0.0,0.0,0.0,0.0,0.0
2021-03-03,3082.99,-1.23,0.19,-0.81,-0.53,0.0,-1.42,-0.71,-5.95,False,False,0.0,0.0,0.0,0.0,0.0,0.0,0.0,0.0
2021-03-04,3043.49,-1.01,0.26,-0.45,-0.2,0.0,-1.44,-0.55,-4.48,False,False,0.0,0.0,0.0,0.0,0.0,0.0,0.0,0.0
2021-03-05,3026.26,-1.36,0.15,-0.81,-0.42,0.0,-1.41,-0.82,-6.09,False,False,0.0,0.0,0.0,0.0,0.0,0.0,0.0,0.0
2021-03-08,2996.11,-1.48,0.1,-0.89,-0.48,0.0,-1.41,-0.87,-6.5,False,False,0.0,0.0,0.0,0.0,0.0,0.0,0.0,0.0
2021-03-09,2976.12,-1.46,0.05,-0.92,-0.53,0.0,-1.4,-1.16,-6.64,False,False,0.0,0.0,0.0,0.0,0.0,0.0,0.0,0.0
2021-03-10,2958.12,-1.14,0.1,-0.52,-0.33,0.0,-1.39,-1.11,-5.26,False,False,0.0,0.0,0.0,0.0,0.0,0.0,0.0,0.0
2021-03-11,3013.7,-1.39,0.12,-0.45,-0.25,0.0,-1.38,-1.13,-5.48,False,False,0.0,0.0,0.0,0.0,0.0,0.0,0.0,0.0
2021-03-12,3054.39,-1.54,0.3,-1.04,-0.53,0.0,-1.4,-1.03,-6.82,False,False,0.0,0.0,0.0,0.0,0.0,0.0,0.0,0.0
2021-03-15,3045.71,-1.51,0.35,-1.24,-0.56,0.0,-1.41,-1.39,-7.14,False,False,0.0,0.0,0.0,0.0,0.0,0.0,0.0,0.0
2021-03-16,3067.17,-1.42,0.24,-0.59,-0.21,0.0,-1.41,-1.48,-5.82,False,False,0.0,0.0,0.0,0.0,0.0,0.0,0.0,0.0
2021-03-17,3047.5,-1.24,0.18,-0.42,-0.15,0.0,-1.42,-1.37,-5.15,False,False,0.0,0.0,0.0,0.0,0.0,0.0,0.0,0.0
2021-03-18,3066.01,-1.24,0.12,-0.49,-0.23,0.0,-1.41,-1.41,-5.4,False,False,0.0,0.0,0.0,0.0,0.0,0.0,0.0,0.0
2021-03-19,3039.53,-1.01,0.2,-0.71,-0.33,0.0,-1.42,-1.32,-5.43,False,False,0.0,0.0,0.0,0.0,0.0,0.0,0.0,0.0
2021-03-22,3035.46,-1.17,0.23,-0.61,-0.23,0.0,-1.42,-1.32,-5.41,False,False,0.0,0.0,0.0,0.0,0.0,0.0,0.0,0.0
2021-03-23,3004.74,-1.19,0.19,-0.76,-0.32,0.0,-1.4,-1.14,-5.73,False,False,0.0,0.0,0.0,0.0,0.0,0.0,0.0,0.0
2021-03-24,2996.35,-1.18,0.16,-0.72,-0.27,0.0,-1.39,-1.22,-5.65,False,False,0.0,0.0,0.0,0.0,0.0,0.0,0.0,0.0
2021-03-25,3008.33,-1.33,0.13,-0.79,-0.29,0.0,-1.38,-1.22,-6.02,False,False,0.0,0.0,0.0,0.0,0.0,0.0,0.0,0.0
2021-03-26,3041.01,-1.36,0.04,-0.94,-0.33,0.0,-1.39,-1.33,-6.41,False,False,0.0,0.0,0.0,0.0,0.0,0.0,0.0,0.0
2021-03-29,3036.04,-1.49,-0.03,-0.81,-0.24,0.0,-1.42,-1.23,-6.33,False,False,0.0,0.0,0.0,0.0,0.0,0.0,0.0,0.0
2021-03-30,3070.0,-1.47,0.26,-0.76,-0.24,0.0,-1.4,-1.15,-6.11,False,False,0.0,0.0,0.0,0.0,0.0,0.0,0.0,0.0
2021-03-31,3061.42,-1.51,0.28,-0.75,-0.21,0.0,-1.44,-0.95,-6.05,False,False,0.0,0.0,0.0,0.0,0.0,0.0,0.0,0.0
2021-04-01,3087.4,-1.7,0.23,-0.75,-0.22,0.0,-1.42,-0.94,-6.36,False,False,0.0,0.0,0.0,0.0,0.0,0.0,0.0,0.0
2021-04-02,3112.8,-1.53,0.42,-0.88,-0.32,0.0,-1.45,-0.94,-6.33,False,False,0.0,0.0,0.0,0.0,0.0,0.0,0.0,0.0
2021-04-05,3120.83,-1.33,0.54,-0.61,-0.2,0.0,-1.46,-1.05,-5.47,False,False,0.0,0.0,0.0,0.0,0.0,0.0,0.0,0.0
2021-04-06,3127.08,-1.41,0.58,-0.62,-0.16,0.0,-1.48,-1.19,-5.62,False,False,0.0,0.0,0.0,0.0,0.0,0.0,0.0,0.0
2021-04-07,3137.41,-1.48,0.76,-0.79,-0.29,0.0,-1.48,-1.04,-6.05,False,False,0.0,0.0,0.0,0.0,0.0,0.0,0.0,0.0
2021-04-08,3143.26,-1.4,0.75,-0.86,-0.36,0.0,-1.48,-1.13,-6.11,False,False,0.0,0.0,0.0,0.0,0.0,0.0,0.0,0.0
2021-04-09,3131.88,-1.33,0.52,-0.86,-0.36,0.0,-1.49,-1.2,-6.1,False,False,0.0,0.0,0.0,0.0,0.0,0.0,0.0,0.0
2021-04-12,3135.59,-1.47,0.43,-0.87,-0.41,0.0,-1.48,-1.18,-6.4,False,False,0.0,0.0,0.0,0.0,0.0,0.0,0.0,0.0
2021-04-13,3169.08,-1.43,0.41,-0.82,-0.38,0.0,-1.48,-1.37,-6.3,False,False,0.0,0.0,0.0,0.0,0.0,0.0,0.0,0.0
2021-04-14,3182.38,-1.53,0.49,-0.84,-0.31,0.0,-1.49,-1.18,-6.33,False,False,0.0,0.0,0.0,0.0,0.0,0.0,0.0,0.0
2021-04-15,3194.33,-1.33,0.54,-0.9,-0.35,0.0,-1.49,-0.99,-6.08,False,False,0.0,0.0,0.0,0.0,0.0,0.0,0.0,0.0
2021-04-16,3198.62,-1.26,0.52,-0.91,-0.28,0.0,-1.5,-0.86,-5.89,False,False,0.0,0.0,0.0,0.0,0.0,0.0,0.0,0.0
2021-04-19,3198.84,-1.09,0.69,-0.78,-0.32,0.0,-1.5,-0.83,-5.36,False,False,0.0,0.0,0.0,0.0,0.0,0.0,0.0,0.0
2021-04-20,3220.7,-1.09,0.7,-0.7,-0.3,-0.0,-1.5,-0.86,-5.18,False,False,0.0,0.0,0.0,0.0,0.0,0.0,0.0,0.0
2021-04-21,3171.66,-0.89,0.82,-0.39,-0.04,0.0,-1.5,-0.88,-3.81,False,False,0.0,0.0,0.0,0.0,0.0,0.0,0.0,0.0
2021-04-22,3177.52,-1.03,0.63,-0.71,-0.08,0.0,-1.48,-0.95,-4.91,False,False,0.0,0.0,0.0,0.0,0.0,0.0,0.0,0.0
2021-04-23,3186.1,-1.04,0.61,-0.63,-0.05,0.0,-1.48,-0.75,-4.67,False,False,0.0,0.0,0.0,0.0,0.0,0.0,0.0,0.0
2021-04-26,3217.53,-1.16,0.53,-0.46,0.02,0.0,-1.49,-0.83,-4.55,False,False,0.0,0.0,0.0,0.0,0.0,0.0,0.0,0.0
2021-04-27,3215.42,-0.97,0.6,-0.62,-0.01,0.0,-1.5,-0.74,-4.47,False,False,0.0,0.0,0.0,0.0,0.0,0.0,0.0,0.0
2021-04-28,3181.47,-1.01,0.48,-0.56,0.0,0.0,-1.5,-0.8,-4.49,False,False,0.0,0.0,0.0,0.0,0.0,0.0,0.0,0.0
2021-04-29,3174.07,-0.95,0.4,-0.43,0.06,0.0,-1.47,-0.73,-4.04,False,False,0.0,0.0,0.0,0.0,0.0,0.0,0.0,0.0
2021-04-30,3147.86,-0.93,0.28,-0.11,0.25,0.0,-1.47,-0.65,-3.03,False,False,0.0,0.0,0.0,0.0,0.0,0.0,0.0,0.0
2021-05-03,3127.2,-0.87,0.13,-1.62,-0.36,0.0,-1.46,-0.82,-6.55,False,False,0.0,0.0,0.0,0.0,0.0,0.0,0.0,0.0
2021-05-04,3147.37,-0.79,0.03,-1.72,-0.41,0.0,-1.27,-0.95,-6.63,False,False,0.0,0.0,0.0,0.0,0.0,0.0,0.0,0.0
2021-05-06,3178.74,-0.63,-0.03,0.3,0.42,0.0,-1.29,-0.77,-1.23,False,False,0.1,0.0,0.0,0.0,0.0,0.0,0.0,0.0
2021-05-07,3197.2,-0.5,-0.05,0.06,0.34,0.0,-1.3,-0.69,-1.6,False,False,0.2,0.0,0.1,0.0,0.0,0.0,0.1,0.0
2021-05-10,3249.3,-0.39,-0.13,-0.04,0.28,-0.0,-1.31,-0.6,-1.65,False,False,0.3,0.0,0.2,0.0,0.0,0.0,0.2,0.0
2021-05-11,3209.43,-0.04,-0.06,-0.42,0.04,0.0,-1.33,-0.46,-1.99,False,False,0.3,0.0,0.3,0.0,0.3,0.0,0.3,0.0
2021-05-12,3161.66,-0.25,-0.46,-0.48,0.02,0.0,-1.32,-0.63,-2.91,False,False,0.3,0.0,0.3,0.0,0.3,0.0,0.3,0.0
2021-05-13,3122.11,-0.17,-1.06,-0.33,0.14,0.0,-1.3,-0.75,-2.53,False,False,0.3,0.0,0.3,0.0,0.3,0.0,0.3,0.0
2021-05-14,3153.32,-0.2,-1.37,-0.14,0.23,0.0,-1.26,-0.83,-2.18,False,False,0.2,0.0,0.3,0.0,0.3,0.0,0.3,0.0
2021-05-17,3134.52,-0.13,-1.5,-0.22,0.29,0.0,-1.29,-0.78,-2.19,False,False,0.2,0.0,0.2,0.0,0.3,0.0,0.2,0.0
2021-05-18,3173.05,-0.1,-1.66,-0.6,0.22,0.0,-1.27,-1.24,-3.36,False,False,0.1,0.0,0.2,0.0,0.2,0.0,0.2,0.0
2021-05-20,3162.28,0.22,-1.73,-0.69,0.2,0.0,-1.3,-1.17,-2.89,False,False,0.1,0.0,0.1,0.0,0.2,0.0,0.1,0.0
2021-05-21,3156.42,0.17,-1.82,-0.55,0.33,0.0,-1.29,-1.35,-2.62,False,False,0.1,0.0,0.1,0.0,0.2,0.0,0.1,0.0
2021-05-24,3144.3,0.45,-1.75,-0.77,0.2,0.0,-1.29,-1.18,-2.54,False,False,0.1,0.0,0.1,0.0,0.2,0.0,0.1,0.0
2021-05-25,3171.32,0.6,-1.77,-0.69,0.25,0.0,-1.27,-1.12,-1.91,False,False,0.1,0.0,0.1,0.0,0.1,0.0,0.1,0.0
2021-05-26,3168.43,0.89,-1.72,-0.79,0.22,0.0,-1.29,-1.02,-1.43,False,False,0.2,0.0,0.1,0.0,0.1,0.0,0.1,0.0
2021-05-27,3165.51,0.97,-1.78,-0.83,0.17,0.0,-1.29,-0.98,-1.41,False,False,0.3,0.0,0.2,0.0,0.1,0.0,0.2,0.0
2021-05-28,3188.73,1.08,-1.77,-0.77,0.29,0.0,-1.29,-0.72,-0.67,False,False,0.4,0.1,0.3,0.0,0.1,0.0,0.3,0.0
2021-05-31,3203.92,1.31,-1.66,-0.74,0.31,0.0,-1.3,-0.72,0.04,False,False,0.6,0.2,0.4,0.1,0.1,0.0,0.4,0.1
2021-06-01,3221.87,1.13,-1.61,-0.63,0.37,0.0,-1.31,-0.63,0.02,False,False,0.7,0.3,0.6,0.2,0.6,0.2,0.6,0.2
2021-06-02,3224.23,1.26,-1.62,-0.69,0.34,0.0,-1.32,-0.56,0.18,False,False,0.8,0.4,0.7,0.3,0.6,0.2,0.7,0.3
2021-06-03,3247.43,1.27,-1.37,-0.42,0.42,0.0,-1.32,-0.24,1.29,False,False,0.9,0.6,0.8,0.4,0.6,0.2,0.8,0.4
2021-06-04,3240.08,1.31,-1.33,-0.56,0.33,0.0,-1.17,-0.33,0.96,False,False,1.0,0.6,0.9,0.6,0.6,0.2,0.9,0.6
2021-06-07,3252.12,1.06,-1.28,-0.77,0.12,-0.0,-1.17,-0.6,-0.62,False,False,0.9,0.6,1.0,0.6,0.6,0.2,1.0,0.6
2021-06-08,3247.83,1.14,-1.21,-0.76,0.31,0.0,-1.17,-0.27,0.09,False,False,0.9,0.6,0.9,0.6,0.9,0.6,0.9,0.6
2021-06-09,3216.18,1.12,-1.26,-0.46,0.49,0.0,-1.17,-0.3,1.02,False,False,0.9,0.7,0.9,0.6,0.9,0.6,0.9,0.6
2021-06-10,3224.64,1.28,-1.04,-0.43,0.51,0.0,-1.14,-0.02,1.79,False,False,0.9,0.7,0.9,0.7,0.9,0.6,0.9,0.7
2021-06-11,3249.32,1.03,-0.43,-0.89,0.07,0.0,-1.14,-0.07,-0.36,False,False,0.9,0.6,0.9,0.7,0.9,0.6,0.9,0.7
2021-06-14,3252.13,1.19,-0.22,-0.6,0.19,-0.0,-1.17,0.05,1.09,False,False,0.9,0.7,0.9,0.6,0.9,0.6,0.9,0.6
2021-06-15,3258.63,1.16,-0.32,-0.35,0.67,-0.0,-1.17,-0.35,2.06,False,False,1.0,0.8,0.9,0.7,0.9,0.7,0.9,0.7
2021-06-16,3278.68,1.17,-0.3,-0.19,0.93,-0.0,-1.19,-0.21,2.91,False,False,1.0,0.8,1.0,0.8,0.9,0.7,1.0,0.8
2021-06-17,3264.96,1.04,-0.17,-0.36,0.47,0.0,-1.2,-0.26,1.58,False,False,1.0,0.8,1.0,0.8,0.9,0.7,1.0,0.8
2021-06-18,3267.93,0.88,-0.19,-0.5,0.29,0.0,-1.19,-0.81,0.32,False,False,1.0,0.9,1.0,0.8,0.9,0.7,1.0,0.8
2021-06-21,3240.79,0.88,-0.3,-0.49,0.32,0.0,-1.19,-0.72,0.34,False,False,1.0,0.8,1.0,0.9,0.9,0.7,1.0,0.9
2021-06-22,3263.88,0.59,-0.54,-0.4,0.52,0.0,-1.15,-0.88,-0.03,False,False,1.0,0.7,1.0,0.8,1.0,0.8,1.0,0.8
2021-06-23,3276.19,0.53,-0.43,-0.32,0.53,0.0,-1.19,-0.81,0.11,False,False,1.0,0.6,1.0,0.7,1.0,0.8,1.0,0.7
2021-06-24,3286.1,0.49,-0.38,-0.35,0.6,-0.0,-1.2,-0.92,0.02,False,False,0.9,0.5,1.0,0.6,1.0,0.8,1.0,0.6
2021-06-25,3302.84,0.54,-0.33,-0.51,0.52,-0.0,-1.21,-0.73,-0.27,False,False,0.9,0.5,0.9,0.5,1.0,0.8,0.9,0.5
2021-06-28,3301.89,0.63,-0.25,-0.4,0.63,0.0,-1.22,-0.54,0.49,False,False,0.9,0.5,0.9,0.5,1.0,0.8,0.9,0.5
2021-06-29,3286.68,0.7,-0.35,-0.28,0.81,0.0,-1.21,-0.55,1.18,False,False,0.9,0.6,0.9,0.5,0.9,0.5,0.9,0.5
2021-06-30,3296.68,0.34,-0.36,-0.27,0.75,0.0,-1.21,-0.6,0.22,False,False,0.9,0.6,0.9,0.6,0.9,0.5,0.9,0.6
2021-07-01,3282.06,0.44,-0.37,-0.24,0.71,0.0,-1.21,-0.56,0.48,False,False,1.0,0.6,0.9,0.6,0.9,0.5,0.9,0.6
2021-07-02,3281.78,0.13,-0.55,-0.49,0.59,0.0,-1.21,-0.61,-1.2,False,False,0.9,0.6,1.0,0.6,0.9,0.5,1.0,0.6
2021-07-05,3293.21,0.22,-0.58,-0.23,0.71,0.0,-1.2,-0.84,-0.27,False,False,0.9,0.5,0.9,0.6,0.9,0.5,0.9,0.6
2021-07-06,3305.21,0.27,-0.62,-0.52,0.61,-0.0,-1.21,-0.63,-0.94,False,False,0.8,0.4,0.9,0.5,0.9,0.5,0.9,0.5
2021-07-07,3285.34,0.2,-0.6,-0.57,0.4,0.0,-1.23,-0.71,-1.57,False,False,0.7,0.3,0.8,0.4,0.9,0.5,0.8,0.4
2021-07-08,3252.68,0.09,-0.66,-0.74,0.34,0.0,-1.2,-0.8,-2.41,False,False,0.5,0.2,0.7,0.3,0.9,0.5,0.7,0.3
2021-07-09,3217.95,0.17,-0.95,-0.54,0.51,0.0,-1.16,-1.44,-1.9,False,False,0.5,0.1,0.5,0.2,0.9,0.5,0.5,0.2
2021-07-12,3246.47,0.02,-1.35,-0.32,0.63,0.0,-1.08,-1.38,-1.71,False,False,0.4,0.0,0.5,0.1,0.9,0.5,0.5,0.1
2021-07-13,3271.38,0.17,-1.36,-0.73,0.4,0.0,-1.12,-1.51,-2.75,False,False,0.3,0.0,0.4,0.0,0.4,0.0,0.4,0.0
2021-07-14,3264.81,0.31,-1.26,-0.94,0.25,0.0,-1.17,-1.29,-2.97,False,False,0.2,0.0,0.3,0.0,0.4,0.0,0.3,0.0
2021-07-15,3286.22,0.24,-1.35,-0.45,0.47,0.0,-1.16,-1.21,-1.65,False,False,0.2,0.0,0.2,0.0,0.4,0.0,0.2,0.0
2021-07-16,3276.91,0.43,-1.32,-0.68,0.4,0.0,-1.2,-1.1,-1.81,False,False,0.2,0.0,0.2,0.0,0.4,0.0,0.2,0.0
2021-07-19,3244.04,0.28,-1.25,-0.26,0.66,0.0,-1.2,-1.32,-0.84,False,False,0.3,0.1,0.2,0.0,0.4,0.0,0.2,0.0
2021-07-20,3232.7,0.39,-1.26,-0.33,0.68,0.0,-1.14,-1.6,-0.82,False,False,0.4,0.1,0.3,0.1,0.3,0.1,0.3,0.1
2021-07-21,3215.91,0.48,-1.39,-0.6,0.34,0.0,-1.1,-1.48,-1.75,False,False,0.5,0.1,0.4,0.1,0.3,0.1,0.4,0.1
2021-07-22,3250.21,0.41,-1.48,-0.7,0.2,0.0,-1.09,-1.64,-2.46,False,False,0.4,0.1,0.5,0.1,0.3,0.1,0.5,0.1
2021-07-23,3254.42,0.6,-1.49,-0.77,0.04,0.0,-1.14,-1.46,-2.36,False,False,0.4,0.1,0.4,0.1,0.3,0.1,0.4,0.1
2021-07-26,3224.95,0.58,-1.36,-0.46,0.5,0.0,-1.14,-1.36,-0.88,False,False,0.4,0.1,0.4,0.1,0.3,0.1,0.4,0.1
2021-07-27,3232.53,0.56,-1.43,-0.56,0.37,0.0,-1.09,-1.5,-1.44,False,False,0.4,0.1,0.4,0.1,0.4,0.1,0.4,0.1
2021-07-28,3236.86,0.82,-1.43,-0.07,0.56,0.0,-1.1,-1.46,0.73,False,False,0.5,0.2,0.4,0.1,0.4,0.1,0.4,0.1
2021-07-29,3242.65,0.91,-1.59,-1.31,-0.06,0.0,-1.1,-1.63,-3.12,False,False,0.5,0.2,0.5,0.2,0.4,0.1,0.5,0.2
2021-07-30,3202.32,1.16,-1.57,-0.85,0.13,0.0,-1.13,-1.39,-1.05,False,False,0.5,0.2,0.5,0.2,0.4,0.1,0.5,0.2
2021-08-02,3223.04,1.07,-1.68,0.45,0.91,0.0,-1.05,-1.45,2.98,False,False,0.6,0.4,0.5,0.2,0.4,0.1,0.5,0.2
2021-08-03,3237.14,1.2,-1.73,-0.88,-0.16,0.0,-1.09,-1.6,-1.65,False,False,0.6,0.4,0.6,0.4,0.6,0.4,0.6,0.4
2021-08-04,3280.38,1.18,-1.53,0.38,1.69,0.0,-1.09,-1.35,4.17,False,False,0.6,0.4,0.6,0.4,0.6,0.4,0.6,0.4
2021-08-05,3276.13,1.64,-1.17,0.49,1.84,0.0,-1.19,-0.99,5.66,False,False,0.8,0.6,0.6,0.4,0.6,0.4,0.6,0.4
2021-08-06,3270.36,1.81,-1.05,-0.68,-0.36,0.0,-1.19,-0.88,0.72,False,False,0.9,0.7,0.8,0.6,0.6,0.4,0.8,0.6
2021-08-09,3260.42,1.81,-0.77,-0.45,-0.05,0.0,-1.18,-0.99,1.85,False,False,0.9,0.7,0.9,0.7,0.6,0.4,0.9,0.7
2021-08-10,3243.19,1.48,-0.8,-0.54,-0.06,0.0,-1.22,-1.07,0.7,False,False,1.0,0.9,0.9,0.7,0.9,0.7,0.9,0.7
2021-08-11,3220.62,1.2,-1.03,-0.0,0.52,0.0,-1.2,-1.45,1.9,False,False,1.0,0.9,1.0,0.9,0.9,0.7,1.0,0.9
2021-08-12,3208.38,1.32,-1.21,-0.84,-0.03,0.0,-1.21,-1.44,-0.77,False,False,0.9,0.7,1.0,0.9,0.9,0.7,1.0,0.9
2021-08-13,3171.29,1.31,-1.44,-1.04,-0.25,0.0,-1.17,-1.38,-1.67,False,False,0.8,0.6,0.9,0.7,0.9,0.7,0.9,0.7
2021-08-17,3143.09,1.37,-1.97,0.02,0.36,0.0,-1.11,-1.21,1.85,False,False,0.8,0.6,0.8,0.6,0.8,0.6,0.8,0.6
2021-08-18,3158.93,1.41,-1.89,-0.27,0.25,0.0,-1.06,-1.54,0.96,False,False,0.8,0.6,0.8,0.6,0.8,0.6,0.8,0.6
2021-08-19,3097.83,1.5,-1.84,-0.44,0.41,0.0,-1.06,-1.18,1.22,False,False,0.8,0.6,0.8,0.6,0.8,0.6,0.8,0.6
2021-08-20,3060.51,1.36,-1.76,-0.31,0.57,0.0,-0.99,-1.58,1.3,False,False,0.9,0.7,0.8,0.6,0.8,0.6,0.8,0.6
2021-08-23,3090.21,1.23,-1.75,-0.42,0.42,0.0,-0.96,-1.65,0.49,False,False,1.0,0.8,0.9,0.7,0.8,0.6,0.9,0.7
2021-08-24,3138.3,1.38,-1.74,-0.25,0.68,0.0,-0.99,-1.46,1.75,False,False,1.0,0.8,1.0,0.8,1.0,0.8,1.0,0.8
2021-08-25,3146.81,1.49,-1.59,-0.27,0.62,0.0,-1.05,-1.33,1.96,False,False,1.0,0.9,1.0,0.8,1.0,0.8,1.0,0.8
2021-08-26,3128.53,1.45,-1.54,-0.05,0.87,0.0,-1.05,-1.47,2.7,False,False,1.0,0.9,1.0,0.9,1.0,0.8,1.0,0.9
2021-08-27,3133.9,1.34,-1.55,-0.93,0.18,0.0,-1.01,-1.56,-0.74,False,False,0.9,0.8,1.0,0.9,1.0,0.8,1.0,0.9
2021-08-30,3144.19,1.45,-1.57,-0.79,0.28,0.0,-1.01,-1.6,-0.03,False,False,0.9,0.8,0.9,0.8,1.0,0.8,0.9,0.8
2021-08-31,3199.27,1.54,-1.53,0.32,1.19,0.0,-1.05,-1.49,4.13,False,False,0.9,0.8,0.9,0.8,0.9,0.8,0.9,0.8
2021-09-01,3207.02,1.45,-1.26,0.1,0.93,0.0,-1.17,-1.51,3.19,False,False,0.9,0.8,0.9,0.8,0.9,0.8,0.9,0.8
2021-09-02,3175.85,1.37,-1.32,-0.09,0.79,0.0,-1.17,-1.51,2.34,False,False,0.9,0.8,0.9,0.8,0.9,0.8,0.9,0.8
2021-09-03,3201.06,0.86,-1.31,-0.73,0.05,0.0,-1.11,-1.39,-1.48,False,False,0.9,0.7,0.9,0.8,0.9,0.8,0.9,0.8
2021-09-06,3203.33,0.77,-1.19,-0.24,0.53,0.0,-1.17,-1.32,0.27,False,False,0.9,0.7,0.9,0.7,0.9,0.8,0.9,0.7
2021-09-07,3187.42,0.87,-1.21,-0.2,0.64,0.0,-1.17,-1.23,0.82,False,False,0.9,0.7,0.9,0.7,0.9,0.7,0.9,0.7
2021-09-08,3162.99,0.94,-1.24,-0.21,0.72,0.0,-1.15,-1.52,0.94,False,False,0.9,0.6,0.9,0.7,0.9,0.7,0.9,0.7
2021-09-09,3114.7,0.93,-1.19,-0.45,0.33,0.0,-1.09,-1.43,-0.16,False,False,0.9,0.5,0.9,0.6,0.9,0.7,0.9,0.6
2021-09-10,3125.76,0.75,-1.01,-2.11,-0.94,0.0,-0.84,-1.49,-5.71,False,False,0.8,0.5,0.9,0.5,0.9,0.7,0.9,0.5
2021-09-13,3127.86,0.9,-0.94,-1.94,-0.7,0.0,-0.85,-1.41,-4.81,False,False,0.6,0.4,0.8,0.5,0.9,0.7,0.8,0.5
2021-09-14,3148.83,0.95,-0.53,0.13,0.78,0.0,-0.85,-1.64,2.3,False,False,0.6,0.4,0.6,0.4,0.6,0.4,0.6,0.4
2021-09-15,3153.4,1.2,-0.39,-0.38,0.35,0.0,-0.87,-1.42,1.24,False,False,0.6,0.5,0.6,0.4,0.6,0.4,0.6,0.4
2021-09-16,3130.09,1.08,-0.26,-0.71,0.02,0.0,-0.87,-1.36,-0.29,False,False,0.6,0.5,0.6,0.5,0.6,0.4,0.6,0.5
2021-09-17,3140.51,0.98,-0.24,-1.28,-0.48,0.0,-0.84,-1.47,-2.69,False,False,0.6,0.5,0.6,0.5,0.6,0.4,0.6,0.5
2021-09-23,3127.58,0.96,-0.15,-0.58,0.09,0.0,-0.86,-1.17,-0.01,False,False,0.8,0.6,0.6,0.5,0.6,0.5,0.6,0.5
2021-09-24,3125.24,0.79,0.05,-0.46,0.2,0.0,-0.85,-1.13,0.17,False,False,0.8,0.5,0.8,0.6,0.6,0.5,0.8,0.6
2021-09-27,3133.64,0.74,0.13,-0.4,0.26,0.0,-0.85,-1.21,0.26,False,False,0.7,0.4,0.8,0.5,0.6,0.5,0.8,0.5
2021-09-28,3097.92,0.66,0.15,-0.74,-0.1,0.0,-0.87,-1.21,-1.3,False,False,0.7,0.3,0.7,0.4,0.7,0.4,0.7,0.4
2021-09-29,3060.27,0.52,0.21,-0.46,0.19,0.0,-0.81,-1.29,-0.5,False,False,0.8,0.4,0.7,0.3,0.7,0.4,0.7,0.3
2021-09-30,3068.82,0.28,0.1,-0.33,0.41,0.0,-0.78,-1.36,-0.5,False,False,0.8,0.4,0.8,0.4,0.7,0.4,0.8,0.4
2021-10-01,3019.18,0.13,0.12,-0.61,0.12,0.0,-0.78,-1.45,-2.07,False,False,0.7,0.3,0.8,0.4,0.7,0.4,0.8,0.4
2021-10-05,2962.17,0.03,-0.12,-0.3,0.36,0.0,-0.72,-1.27,-1.18,False,False,0.6,0.2,0.7,0.3,0.7,0.3,0.7,0.3
2021-10-06,2908.31,0.19,-0.29,0.04,0.63,0.0,-0.58,-1.43,0.37,False,False,0.7,0.3,0.6,0.2,0.7,0.3,0.6,0.2
2021-10-07,2959.46,0.49,-0.44,0.24,0.79,0.0,-0.47,-1.61,1.74,False,False,0.7,0.4,0.7,0.3,0.7,0.3,0.7,0.3
2021-10-08,2956.3,0.74,-0.52,0.46,1.16,0.0,-0.58,-1.39,3.36,False,False,0.8,0.6,0.7,0.4,0.7,0.3,0.7,0.4
2021-10-12,2916.38,0.62,-0.53,0.09,0.62,0.0,-0.57,-1.38,1.48,False,False,0.9,0.7,0.8,0.6,0.8,0.6,0.8,0.6
2021-10-13,2944.41,0.56,-0.68,0.36,1.06,0.0,-0.47,-1.57,2.5,False,False,1.0,0.9,0.9,0.7,0.8,0.6,0.9,0.7
2021-10-14,2988.64,0.79,-0.73,0.59,1.22,0.09,-0.53,-1.37,3.92,False,False,1.0,1.0,1.0,0.9,0.8,0.6,1.0,0.9
2021-10-15,3015.06,1.18,-0.75,0.31,1.08,0.13,-0.66,-1.15,4.07,False,False,1.0,1.0,1.0,1.0,0.8,0.6,1.0,1.0
2021-10-18,3006.68,1.24,-0.6,0.21,0.9,0.13,-0.71,-0.77,3.96,False,False,1.0,1.0,1.0,1.0,0.8,0.6,1.0,1.0
2021-10-19,3029.04,1.1,-0.49,0.49,1.02,0.12,-0.7,-0.98,4.35,False,False,1.0,1.0,1.0,1.0,1.0,1.0,1.0,1.0
2021-10-20,3013.13,0.97,-0.51,0.5,1.28,0.13,-0.74,-0.69,4.52,False,False,1.0,1.0,1.0,1.0,1.0,1.0,1.0,1.0
2021-10-21,3007.33,0.9,-0.6,0.67,1.57,0.11,-0.71,-0.67,5.01,False,False,1.0,1.0,1.0,1.0,1.0,1.0,1.0,1.0
2021-10-22,3006.16,1.05,-0.56,-0.14,0.49,0.1,-0.69,-0.71,2.21,False,False,1.0,1.0,1.0,1.0,1.0,1.0,1.0,1.0
2021-10-25,3020.54,1.14,-0.62,0.15,0.91,0.11,-0.69,-0.77,3.6,False,False,1.0,1.0,1.0,1.0,1.0,1.0,1.0,1.0
2021-10-26,3049.08,1.31,-0.7,-0.57,0.05,0.16,-0.72,-0.64,1.2,False,False,1.0,1.0,1.0,1.0,1.0,1.0,1.0,1.0
2021-10-27,3025.49,1.51,-0.65,-0.68,0.02,0.18,-0.76,-0.29,1.59,False,False,1.0,1.0,1.0,1.0,1.0,1.0,1.0,1.0
2021-10-28,3009.55,1.38,-0.77,-0.27,0.44,0.14,-0.73,-0.52,2.65,False,False,1.0,1.0,1.0,1.0,1.0,1.0,1.0,1.0
2021-10-29,2970.68,1.48,-0.8,0.22,0.9,0.16,-0.69,-0.37,4.61,False,False,1.0,1.0,1.0,1.0,1.0,1.0,1.0,1.0
2021-11-01,2978.94,1.33,-0.91,0.24,0.9,0.15,-0.58,-0.49,4.28,False,False,1.0,1.0,1.0,1.0,1.0,1.0,1.0,1.0
2021-11-02,3013.49,1.57,-1.05,-0.09,0.56,0.1,-0.62,-0.6,3.47,False,False,1.0,1.0,1.0,1.0,1.0,1.0,1.0,1.0
2021-11-03,2975.71,1.94,-0.87,-0.03,0.64,0.0,-0.7,-0.46,4.4,False,False,1.0,1.0,1.0,1.0,1.0,1.0,1.0,1.0
2021-11-04,2983.22,1.73,-0.88,-1.06,-0.54,0.0,-0.6,-0.66,-0.23,False,False,1.0,0.9,1.0,1.0,1.0,1.0,1.0,1.0
2021-11-05,2969.27,1.77,-0.68,-0.1,0.99,0.0,-0.72,-0.63,4.34,False,False,1.0,0.9,1.0,0.9,1.0,1.0,1.0,0.9
2021-11-08,2960.2,1.46,-0.6,0.24,1.02,0.0,-0.69,-0.89,4.39,False,False,1.0,0.9,1.0,0.9,1.0,1.0,1.0,0.9
2021-11-09,2962.46,1.52,-0.56,-1.06,-0.8,0.0,-0.66,-0.65,-0.98,False,False,0.9,0.7,1.0,0.9,1.0,0.9,1.0,0.9
2021-11-10,2930.17,1.59,-0.43,-0.13,0.53,0.0,-0.66,-0.54,3.47,False,False,0.9,0.7,0.9,0.7,1.0,0.9,0.9,0.7
2021-11-11,2924.92,1.34,-0.44,-0.39,0.09,0.0,-0.56,-0.64,1.66,False,False,0.9,0.8,0.9,0.7,1.0,0.9,0.9,0.7
2021-11-12,2968.8,1.06,-0.42,-0.6,-0.12,0.0,-0.55,-0.8,0.11,False,False,0.9,0.7,0.9,0.8,1.0,0.9,0.9,0.8
2021-11-15,2999.52,1.18,-0.31,-0.13,0.25,0.0,-0.68,-0.76,2.11,False,False,0.9,0.7,0.9,0.7,1.0,0.9,0.9,0.7
2021-11-16,2997.21,1.44,-0.21,-0.75,-0.29,0.0,-0.75,-0.77,0.42,False,False,1.0,0.8,0.9,0.7,0.9,0.7,0.9,0.7
2021-11-17,2962.42,1.3,-0.02,-0.45,0.03,0.0,-0.75,-0.76,1.39,False,False,1.0,0.8,1.0,0.8,0.9,0.7,1.0,0.8
2021-11-18,2947.38,1.1,0.08,-0.16,0.13,0.0,-0.67,-0.59,1.93,False,False,1.0,0.8,1.0,0.8,0.9,0.7,1.0,0.8
2021-11-19,2971.02,1.02,0.22,0.36,1.04,0.0,-0.62,-0.45,4.29,False,False,1.0,0.9,1.0,0.8,0.9,0.7,1.0,0.8
2021-11-22,3013.25,1.0,0.51,0.3,1.03,0.0,-0.69,-0.57,4.14,False,False,1.0,0.9,1.0,0.9,0.9,0.7,1.0,0.9
2021-11-23,2997.33,1.13,1.02,-0.42,-0.16,0.0,-0.77,-0.39,1.44,False,False,1.0,1.0,1.0,0.9,1.0,0.9,1.0,0.9
2021-11-24,2994.29,0.84,1.13,-0.41,0.04,0.0,-0.75,-0.23,1.19,False,False,1.0,1.0,1.0,1.0,1.0,0.9,1.0,1.0
2021-11-25,2980.27,0.69,1.32,-0.11,0.53,0.0,-0.74,-0.27,2.37,False,False,1.0,1.0,1.0,1.0,1.0,0.9,1.0,1.0
2021-11-26,2936.44,0.69,1.38,-0.18,0.45,0.0,-0.71,-0.2,2.17,False,False,1.0,1.0,1.0,1.0,1.0,0.9,1.0,1.0
2021-11-29,2909.32,0.68,1.52,-0.19,0.47,0.0,-0.56,-0.1,2.3,False,False,1.0,1.0,1.0,1.0,1.0,0.9,1.0,1.0
2021-11-30,2839.01,0.71,1.61,-0.12,0.5,0.0,-0.48,-0.33,2.57,False,True,1.0,1.0,1.0,1.0,1.0,1.0,1.0,1.0
2021-12-01,2899.72,0.34,1.48,0.25,0.82,0.2,-0.26,-0.34,3.42,False,True,1.0,1.0,1.0,1.0,1.0,1.0,1.0,1.0
2021-12-02,2945.27,0.37,1.85,0.1,0.61,0.3,-0.45,-0.01,3.26,False,True,1.0,1.0,1.0,1.0,1.0,1.0,1.0,1.0
2021-12-03,2968.33,0.29,2.11,0.99,1.93,0.31,-0.56,-0.01,6.34,False,True,1.0,1.0,1.0,1.0,1.0,1.0,1.0,1.0
2021-12-06,2973.25,0.34,2.18,1.12,1.97,0.3,-0.64,-0.07,6.6,False,True,1.0,1.0,1.0,1.0,1.0,1.0,1.0,1.0
2021-12-07,2991.72,0.42,2.23,0.08,0.41,0.29,-0.67,-0.18,3.05,False,False,1.0,1.0,1.0,1.0,1.0,1.0,1.0,1.0
2021-12-08,3001.8,0.35,2.19,0.21,0.59,0.22,-0.71,-0.26,3.23,False,False,1.0,1.0,1.0,1.0,1.0,1.0,1.0,1.0
2021-12-09,3029.57,0.65,2.15,0.34,0.81,0.22,-0.74,-0.17,4.42,False,False,1.0,1.0,1.0,1.0,1.0,1.0,1.0,1.0
2021-12-10,3010.23,1.03,2.17,0.17,0.89,0.18,-0.78,-0.2,4.85,False,False,1.0,1.0,1.0,1.0,1.0,1.0,1.0,1.0
2021-12-13,3001.66,0.97,1.94,0.02,0.57,0.14,-0.74,-0.33,3.85,False,False,1.0,1.0,1.0,1.0,1.0,1.0,1.0,1.0
2021-12-14,2987.95,1.02,1.82,0.01,0.57,0.15,-0.24,-0.38,4.06,False,False,1.0,1.0,1.0,1.0,1.0,1.0,1.0,1.0
2021-12-15,2989.39,1.07,1.79,0.24,0.82,0.09,-0.23,-0.21,4.9,False,False,1.0,1.0,1.0,1.0,1.0,1.0,1.0,1.0
2021-12-16,3006.41,1.22,1.79,0.09,0.73,0.08,-0.23,-0.23,4.78,False,False,1.0,1.0,1.0,1.0,1.0,1.0,1.0,1.0
2021-12-17,3017.73,1.33,1.9,0.71,2.15,0.06,-0.24,-0.06,7.28,False,False,1.0,1.0,1.0,1.0,1.0,1.0,1.0,1.0
2021-12-20,2963.0,1.28,2.07,0.73,2.2,0.13,-0.27,-0.17,7.35,False,False,1.0,1.0,1.0,1.0,1.0,1.0,1.0,1.0
2021-12-21,2975.03,0.94,1.73,-0.58,-0.08,0.12,-0.17,-0.09,1.75,False,False,1.0,1.0,1.0,1.0,1.0,1.0,1.0,1.0
2021-12-22,2984.48,1.21,1.64,-0.17,0.48,0.12,-0.17,-0.19,3.97,False,False,1.0,1.0,1.0,1.0,1.0,1.0,1.0,1.0
2021-12-23,2998.17,1.38,1.68,0.01,0.76,0.11,-0.17,-0.26,4.95,False,False,1.0,1.0,1.0,1.0,1.0,1.0,1.0,1.0
2021-12-24,3012.43,1.63,1.76,-0.04,0.98,0.03,-0.23,0.04,5.57,False,False,1.0,1.0,1.0,1.0,1.0,1.0,1.0,1.0
2021-12-27,2999.55,2.03,1.85,-0.07,0.62,0.0,-0.24,0.17,5.89,False,False,1.0,1.0,1.0,1.0,1.0,1.0,1.0,1.0
2021-12-28,3020.24,2.03,1.8,-0.24,0.43,0.0,-0.23,0.05,5.32,False,False,1.0,1.0,1.0,1.0,1.0,1.0,1.0,1.0
2021-12-29,2993.29,2.55,1.98,0.14,0.71,0.0,-0.27,0.29,7.06,False,False,1.0,1.0,1.0,1.0,1.0,1.0,1.0,1.0
2021-12-30,2977.65,2.13,1.69,0.66,1.28,0.0,-0.22,0.37,7.54,False,False,1.0,1.0,1.0,1.0,1.0,1.0,1.0,1.0
2022-01-03,2988.77,1.93,1.43,0.89,1.37,0.0,-0.16,0.47,7.61,False,False,1.0,1.0,1.0,1.0,1.0,1.0,1.0,1.0
2022-01-04,2989.24,1.66,1.58,1.23,1.67,0.0,-0.22,0.32,7.84,False,False,1.0,1.0,1.0,1.0,1.0,1.0,1.0,1.0
2022-01-05,2953.97,1.39,1.6,1.59,2.17,0.0,-0.22,0.09,8.15,False,False,1.0,1.0,1.0,1.0,1.0,1.0,1.0,1.0
2022-01-06,2920.53,1.0,1.78,0.4,0.89,0.0,-0.08,0.12,5.2,False,False,1.0,1.0,1.0,1.0,1.0,1.0,1.0,1.0
2022-01-07,2954.89,0.64,1.92,0.67,0.92,0.0,-0.0,0.03,5.09,False,False,1.0,1.0,1.0,1.0,1.0,1.0,1.0,1.0
2022-01-10,2926.72,0.36,2.1,0.09,0.31,0.0,-0.08,0.4,2.74,False,False,1.0,1.0,1.0,1.0,1.0,1.0,1.0,1.0
2022-01-11,2927.38,0.09,2.13,-0.48,-0.16,0.0,-0.0,0.43,0.08,False,False,1.0,0.9,1.0,1.0,1.0,1.0,1.0,1.0
2022-01-12,2972.48,-0.05,2.29,-0.37,0.02,0.0,-0.0,0.79,0.52,False,False,1.0,0.8,1.0,0.9,1.0,1.0,1.0,0.9
2022-01-13,2962.09,0.21,2.48,-0.34,0.0,0.0,-0.16,1.05,1.36,False,False,1.0,0.8,1.0,0.8,1.0,1.0,1.0,0.8
2022-01-14,2921.92,0.08,2.53,-0.59,-0.35,0.0,-0.16,1.05,-0.07,False,False,1.0,0.7,1.0,0.8,1.0,1.0,1.0,0.8
2022-01-17,2890.1,-0.14,2.43,-0.38,0.06,0.0,0.0,0.68,0.34,False,False,1.0,0.6,1.0,0.7,1.0,1.0,1.0,0.7
2022-01-18,2864.24,-0.11,2.13,-0.05,0.33,0.0,0.08,0.4,1.38,False,False,1.0,0.7,1.0,0.6,1.0,0.6,1.0,0.6
2022-01-19,2842.28,-0.01,2.21,1.62,1.56,0.0,0.13,0.67,6.56,False,False,1.0,0.8,1.0,0.7,1.0,0.6,1.0,0.7
2022-01-20,2862.68,-0.17,2.17,0.95,1.07,0.0,0.16,0.49,4.6,False,False,1.0,0.8,1.0,0.8,1.0,0.6,1.0,0.8
2022-01-21,2834.29,-0.13,2.0,-2.82,-2.02,0.0,0.13,0.21,-7.28,False,False,0.8,0.7,1.0,0.8,1.0,0.6,1.0,0.8
2022-01-24,2792.0,-0.47,1.86,-2.43,-1.46,0.0,0.17,0.34,-6.79,False,False,0.6,0.6,0.8,0.7,1.0,0.6,0.8,0.7
2022-01-25,2720.39,-0.5,1.69,2.16,2.44,0.07,0.23,0.07,7.14,False,True,0.9,0.8,0.6,0.6,0.6,0.6,0.6,0.6
2022-01-26,2709.24,-0.66,1.53,1.9,2.44,0.0,0.34,-0.35,6.37,False,True,0.9,0.8,0.9,0.8,0.6,0.6,0.9,0.8
2022-01-27,2614.49,-1.04,1.36,1.68,2.32,0.52,0.34,-0.47,5.87,False,True,0.9,0.8,0.9,0.8,0.6,0.6,0.9,0.8
2022-01-28,2663.34,-0.02,0.9,2.07,2.46,0.84,0.53,-0.55,7.98,False,True,1.0,1.0,0.9,0.8,0.6,0.6,0.9,0.8
2022-02-03,2707.82,0.28,0.77,2.77,2.83,1.01,0.18,-0.87,8.84,False,True,1.0,1.0,1.0,1.0,1.0,1.0,1.0,1.0
2022-02-04,2750.26,0.51,0.83,2.11,2.09,1.13,0.12,-0.52,8.38,True,True,1.0,1.0,1.0,1.0,1.0,1.0,1.0,1.0
2022-02-07,2745.06,0.66,0.9,2.12,2.22,1.14,-0.01,0.1,8.63,False,True,1.0,1.0,1.0,1.0,1.0,1.0,1.0,1.0
2022-02-08,2746.47,0.6,0.74,1.89,1.97,1.13,-0.01,0.0,8.28,False,False,0.9,0.8,1.0,1.0,1.0,1.0,1.0,1.0
2022-02-09,2768.85,0.75,0.72,2.17,2.59,1.07,-0.01,0.32,8.82,False,False,0.9,0.8,0.9,0.8,1.0,1.0,0.9,0.8
2022-02-10,2771.93,0.84,0.63,1.96,2.3,1.07,-0.09,0.62,8.66,False,False,0.9,0.8,0.9,0.8,1.0,1.0,0.9,0.8
2022-02-11,2747.71,0.82,0.86,1.01,1.13,1.14,-0.09,0.71,7.31,False,False,1.0,1.0,0.9,0.8,1.0,1.0,0.9,0.8
2022-02-14,2704.48,0.68,0.95,1.13,1.47,1.1,-0.01,0.54,7.47,False,False,1.0,1.0,1.0,1.0,1.0,1.0,1.0,1.0
2022-02-15,2676.54,0.54,0.89,1.09,1.31,1.16,0.13,0.17,7.14,False,False,1.0,1.0,1.0,1.0,1.0,1.0,1.0,1.0
2022-02-16,2729.68,0.64,0.75,1.36,1.56,1.34,0.17,0.3,7.87,True,False,0.9,0.8,1.0,1.0,1.0,1.0,1.0,1.0
2022-02-17,2744.09,0.86,0.76,1.33,1.61,1.32,0.07,0.38,8.05,True,False,0.7,0.6,0.9,0.8,1.0,1.0,0.9,0.8
2022-02-18,2744.52,0.89,1.0,1.09,1.12,1.31,-0.01,0.28,7.58,False,False,0.7,0.6,0.7,0.6,1.0,1.0,0.7,0.6
2022-02-21,2743.8,0.93,0.9,1.51,1.78,1.31,-0.01,0.48,8.36,False,False,0.7,0.6,0.7,0.6,1.0,1.0,0.7,0.6
2022-02-22,2706.79,0.95,0.8,1.28,1.47,1.39,-0.01,0.63,8.1,False,False,0.7,0.6,0.7,0.6,0.7,0.6,0.7,0.6
2022-02-23,2719.53,0.88,0.74,1.09,1.07,1.37,0.13,0.67,7.63,False,False,0.9,0.8,0.7,0.6,0.7,0.6,0.7,0.6
2022-02-24,2648.8,1.1,0.7,1.28,1.19,1.67,0.08,0.89,8.32,True,False,0.9,0.8,0.9,0.8,0.7,0.6,0.9,0.8
2022-02-25,2676.76,0.79,0.57,1.15,1.15,1.42,0.22,0.53,7.65,False,False,0.9,0.8,0.9,0.8,0.7,0.6,0.9,0.8
2022-02-28,2699.18,0.83,0.53,1.63,1.59,1.42,0.18,0.57,8.34,False,False,0.9,0.8,0.9,0.8,0.7,0.6,0.9,0.8
2022-03-02,2703.52,0.77,0.56,1.6,1.7,0.72,0.13,0.61,7.85,False,False,0.9,0.8,0.9,0.8,0.7,0.6,0.9,0.8
2022-03-03,2747.08,0.35,0.73,1.29,1.41,0.64,0.13,0.37,6.72,False,False,0.9,0.8,0.9,0.8,0.7,0.6,0.9,0.8
2022-03-04,2713.43,0.35,0.89,1.55,1.66,0.64,-0.02,0.59,7.29,False,False,1.0,1.0,0.9,0.8,0.7,0.6,0.9,0.8
2022-03-07,2651.31,0.23,0.73,1.53,1.67,0.83,0.07,0.02,7.15,False,False,1.0,1.0,1.0,1.0,0.7,0.6,1.0,1.0
2022-03-08,2622.4,-0.23,0.36,1.13,1.28,0.91,0.22,-0.58,5.37,False,True,1.0,1.0,1.0,1.0,1.0,1.0,1.0,1.0
2022-03-10,2680.32,-0.07,0.24,1.49,1.38,1.22,0.26,-1.12,6.5,False,True,1.0,1.0,1.0,1.0,1.0,1.0,1.0,1.0
2022-03-11,2661.28,0.2,0.05,1.04,1.06,1.21,0.17,-1.41,5.71,False,True,1.0,1.0,1.0,1.0,1.0,1.0,1.0,1.0
2022-03-14,2645.65,0.02,-0.26,0.52,0.41,1.23,0.21,-1.63,3.45,False,True,1.0,1.0,1.0,1.0,1.0,1.0,1.0,1.0
2022-03-15,2621.53,0.14,-0.59,0.34,0.17,1.25,0.23,-1.67,2.84,False,True,1.0,1.0,1.0,1.0,1.0,1.0,1.0,1.0
2022-03-16,2659.23,0.29,-0.88,0.72,0.72,1.26,0.26,-1.85,4.55,False,False,1.0,1.0,1.0,1.0,1.0,1.0,1.0,1.0
2022-03-17,2694.51,0.4,-0.96,0.55,0.56,1.28,0.21,-1.47,4.36,False,False,1.0,1.0,1.0,1.0,1.0,1.0,1.0,1.0
2022-03-18,2707.02,0.39,-0.77,0.05,0.17,1.04,0.13,-0.62,2.73,False,False,1.0,1.0,1.0,1.0,1.0,1.0,1.0,1.0
2022-03-21,2686.05,0.25,-0.8,0.29,0.55,1.09,0.12,-0.66,3.54,False,False,1.0,1.0,1.0,1.0,1.0,1.0,1.0,1.0
2022-03-22,2710.0,-0.01,-1.02,0.36,0.57,1.13,0.17,-0.53,3.2,False,False,1.0,1.0,1.0,1.0,1.0,1.0,1.0,1.0
2022-03-23,2735.05,-0.1,-0.91,0.72,0.87,1.15,0.12,-0.6,4.2,False,False,1.0,1.0,1.0,1.0,1.0,1.0,1.0,1.0
2022-03-24,2729.66,0.03,-0.87,0.48,0.58,1.06,0.06,-0.49,3.47,False,False,1.0,1.0,1.0,1.0,1.0,1.0,1.0,1.0
2022-03-25,2729.98,-0.41,-0.54,0.3,0.53,1.06,0.06,-0.63,2.06,False,False,1.0,1.0,1.0,1.0,1.0,1.0,1.0,1.0
2022-03-28,2729.56,-0.49,-0.64,0.74,0.96,0.59,0.06,-0.66,2.56,False,False,1.0,1.0,1.0,1.0,1.0,1.0,1.0,1.0
2022-03-29,2741.07,-0.37,-0.67,0.62,0.86,0.53,0.06,-0.73,2.26,False,False,1.0,1.0,1.0,1.0,1.0,1.0,1.0,1.0
2022-03-30,2746.74,-0.24,-0.67,0.81,1.12,0.49,-0.03,0.14,3.63,False,False,1.0,1.0,1.0,1.0,1.0,1.0,1.0,1.0
2022-03-31,2757.65,-0.18,-0.69,0.53,0.83,0.49,-0.03,0.28,2.81,False,False,1.0,1.0,1.0,1.0,1.0,1.0,1.0,1.0
2022-04-01,2739.85,-0.09,-0.73,0.37,0.68,0.35,-0.03,0.12,2.08,False,False,1.0,1.0,1.0,1.0,1.0,1.0,1.0,1.0
2022-04-04,2757.9,-0.52,-0.78,0.61,1.04,0.25,-0.02,-0.27,1.74,False,False,1.0,1.0,1.0,1.0,1.0,1.0,1.0,1.0
2022-04-05,2759.2,-0.54,-0.7,1.28,1.47,0.0,-0.03,-0.24,3.44,False,False,1.0,1.0,1.0,1.0,1.0,1.0,1.0,1.0
2022-04-06,2735.03,-0.46,-0.51,1.1,1.37,0.0,-0.03,-0.04,3.25,False,False,1.0,1.0,1.0,1.0,1.0,1.0,1.0,1.0
2022-04-07,2695.86,-0.8,-0.63,0.04,0.27,0.0,0.07,-0.32,-1.91,False,False,0.9,0.8,1.0,1.0,1.0,1.0,1.0,1.0
2022-04-08,2700.39,-0.99,-0.74,-0.09,-0.03,0.0,0.15,-0.42,-3.14,False,False,0.7,0.6,0.9,0.8,1.0,1.0,0.9,0.8
2022-04-11,2693.1,-0.81,-0.73,0.0,-0.14,0.0,0.15,-0.71,-2.81,False,False,0.5,0.4,0.7,0.6,1.0,1.0,0.7,0.6
2022-04-12,2666.76,-0.73,-0.68,-0.66,-0.8,0.0,0.15,-0.85,-4.89,False,False,0.3,0.2,0.5,0.4,0.5,0.4,0.5,0.4
2022-04-13,2716.49,-0.7,-0.69,-0.86,-1.05,0.0,0.2,-0.26,-5.27,False,False,0.1,0.0,0.3,0.2,0.5,0.4,0.3,0.2
2022-04-14,2716.71,-0.38,-0.75,-0.21,-0.08,0.0,0.07,-0.28,-2.04,False,False,0.1,0.0,0.1,0.0,0.5,0.4,0.1,0.0
2022-04-15,2696.06,-0.33,-0.91,-0.55,-0.56,0.0,0.07,0.09,-3.28,False,False,0.1,0.0,0.1,0.0,0.5,0.4,0.1,0.0
2022-04-18,2693.21,-0.47,-1.04,-0.01,0.06,0.0,0.15,0.09,-1.52,False,False,0.1,0.0,0.1,0.0,0.5,0.4,0.1,0.0
2022-04-19,2718.89,-0.33,-0.97,0.0,0.33,0.0,0.16,-0.22,-0.83,False,False,0.3,0.1,0.1,0.0,0.1,0.0,0.1,0.0
2022-04-20,2718.69,-0.14,-1.03,0.11,0.42,0.0,0.07,-1.12,-0.49,False,False,0.4,0.1,0.3,0.1,0.1,0.0,0.3,0.1
2022-04-21,2728.21,-0.37,-1.05,-0.33,0.03,0.0,0.07,-1.05,-2.65,False,False,0.4,0.1,0.4,0.1,0.1,0.0,0.4,0.1
2022-04-22,2704.71,0.37,-1.27,-0.45,-0.02,0.0,0.07,-1.43,-1.55,False,False,0.5,0.1,0.4,0.1,0.1,0.0,0.4,0.1
2022-04-25,2657.13,0.19,-1.18,-0.08,0.28,0.0,0.15,-1.45,-0.54,False,False,0.5,0.2,0.5,0.1,0.1,0.0,0.5,0.1
2022-04-26,2668.31,-0.01,-1.24,0.03,0.21,0.0,0.25,-1.69,-0.98,False,False,0.5,0.2,0.5,0.2,0.5,0.2,0.5,0.2
2022-04-27,2639.06,0.05,-1.25,-0.56,-1.11,0.0,0.21,-1.89,-4.14,False,False,0.4,0.1,0.5,0.2,0.5,0.2,0.5,0.2
2022-04-28,2667.49,-0.09,-1.41,0.18,-0.2,0.0,0.3,-2.74,-1.99,False,False,0.4,0.1,0.4,0.1,0.5,0.2,0.4,0.1
2022-04-29,2695.05,-0.08,-1.33,1.62,3.0,0.0,0.21,-2.94,5.6,False,False,0.5,0.3,0.4,0.1,0.5,0.2,0.4,0.1
2022-05-02,2687.45,0.46,-1.28,1.15,2.76,0.0,0.15,-2.0,5.8,False,False,0.6,0.4,0.5,0.3,0.5,0.2,0.5,0.3
2022-05-03,2680.46,0.27,-1.25,-1.29,-1.78,0.0,0.35,-2.12,-5.88,False,False,0.5,0.4,0.6,0.4,0.6,0.4,0.6,0.4
2022-05-04,2677.57,0.26,-1.18,-0.88,-1.29,0.0,0.38,-1.89,-4.49,False,False,0.5,0.4,0.5,0.4,0.6,0.4,0.5,0.4
2022-05-06,2644.51,0.34,-1.05,-0.61,-0.97,0.0,0.39,-1.9,-3.28,False,False,0.4,0.4,0.5,0.4,0.6,0.4,0.5,0.4
2022-05-09,2610.81,-0.03,-0.9,-0.66,-1.29,0.0,0.42,-1.84,-4.49,False,False,0.2,0.2,0.4,0.4,0.6,0.4,0.4,0.4
2022-05-10,2596.56,-0.22,-0.81,-1.94,-2.71,0.0,0.48,-1.61,-7.79,False,False,0.0,0.0,0.2,0.2,0.2,0.2,0.2,0.2
2022-05-11,2592.27,-0.24,-0.87,-1.29,-1.93,0.0,0.51,-2.05,-6.61,False,False,0.0,0.0,0.0,0.0,0.2,0.2,0.0,0.0
2022-05-12,2550.08,-0.31,-0.89,-1.23,-1.85,0.0,0.51,-2.17,-6.58,False,False,0.0,0.0,0.0,0.0,0.2,0.2,0.0,0.0
2022-05-13,2604.24,-0.41,-0.94,-1.39,-1.84,0.05,0.59,-2.85,-7.04,False,False,0.0,0.0,0.0,0.0,0.2,0.2,0.0,0.0
2022-05-16,2596.58,-0.05,-0.87,-1.11,-1.65,0.03,0.49,-2.43,-5.86,False,False,0.0,0.0,0.0,0.0,0.2,0.2,0.0,0.0
2022-05-17,2620.44,-0.04,-0.84,-1.14,-1.59,0.09,0.5,-2.71,-5.84,False,False,0.0,0.0,0.0,0.0,0.0,0.0,0.0,0.0
2022-05-18,2625.98,0.35,-0.91,-0.9,-1.03,0.02,0.46,-1.8,-3.8,False,False,0.0,0.0,0.0,0.0,0.0,0.0,0.0,0.0
2022-05-19,2592.34,0.22,-0.89,-0.3,-0.56,0.1,0.45,-1.89,-1.97,False,False,0.1,0.0,0.0,0.0,0.0,0.0,0.0,0.0
2022-05-20,2639.29,-0.01,-0.94,-0.72,-0.89,0.25,0.5,-2.17,-3.76,False,False,0.1,0.0,0.1,0.0,0.0,0.0,0.1,0.0
2022-05-23,2647.38,0.22,-0.87,-0.71,-1.01,0.22,0.41,-1.78,-3.28,False,False,0.1,0.0,0.1,0.0,0.0,0.0,0.1,0.0
2022-05-24,2605.87,0.45,-0.85,-0.76,-1.02,0.25,0.41,-1.47,-2.69,False,False,0.1,0.0,0.1,0.0,0.1,0.0,0.1,0.0
2022-05-25,2617.22,0.29,-0.88,-1.03,-1.2,0.24,0.49,-1.54,-3.94,False,False,0.1,0.0,0.1,0.0,0.1,0.0,0.1,0.0
2022-05-26,2612.45,0.45,-0.87,-0.88,-1.21,0.18,0.46,-1.98,-3.54,False,False,0.0,0.0,0.1,0.0,0.1,0.0,0.1,0.0
2022-05-27,2638.05,0.46,-0.73,-0.9,-1.15,0.15,0.46,-1.73,-3.4,False,False,0.0,0.0,0.0,0.0,0.1,0.0,0.0,0.0
2022-05-30,2669.66,0.81,-0.63,-1.01,-1.23,0.12,0.41,-1.24,-2.74,False,False,0.0,0.0,0.0,0.0,0.1,0.0,0.0,0.0
2022-05-31,2685.9,0.85,-0.52,-1.18,-1.45,0.11,0.37,-0.68,-3.08,False,False,0.0,0.0,0.0,0.0,0.0,0.0,0.0,0.0
2022-06-02,2658.99,0.69,-0.14,-1.13,-1.32,0.18,0.33,-0.09,-2.61,False,False,0.0,0.0,0.0,0.0,0.0,0.0,0.0,0.0
2022-06-03,2670.65,0.27,-0.18,-1.55,-1.81,0.17,0.39,-0.67,-5.22,False,False,0.0,0.0,0.0,0.0,0.0,0.0,0.0,0.0
2022-06-07,2626.34,0.6,-0.21,-0.3,-0.9,0.3,0.37,-0.48,-0.18,False,False,0.2,0.1,0.0,0.0,0.0,0.0,0.0,0.0
2022-06-08,2626.15,0.25,-0.15,-1.02,-1.26,0.21,0.44,-0.85,-3.51,False,False,0.2,0.1,0.2,0.1,0.0,0.0,0.2,0.1
2022-06-09,2625.44,0.2,-0.16,-1.51,-1.71,0.19,0.44,-0.85,-5.19,False,False,0.2,0.1,0.2,0.1,0.0,0.0,0.2,0.1
2022-06-10,2595.87,0.64,-0.32,-1.5,-1.68,0.29,0.38,-0.17,-3.93,False,False,0.2,0.1,0.2,0.1,0.0,0.0,0.2,0.1
2022-06-13,2504.51,0.76,-0.41,-1.53,-1.51,1.02,0.46,-0.39,-2.28,False,True,0.5,0.3,0.2,0.1,0.0,0.0,0.2,0.1
2022-06-14,2492.97,0.76,-0.47,-1.63,-1.81,0.7,0.57,-0.98,-3.75,False,True,0.3,0.2,0.5,0.3,0.5,0.3,0.5,0.3
2022-06-15,2447.38,0.37,-0.53,-0.84,-1.04,0.91,0.6,-1.18,-1.44,False,True,0.4,0.2,0.3,0.2,0.5,0.3,0.3,0.2
2022-06-16,2451.41,0.56,-0.61,-0.77,-0.83,0.81,0.69,-1.09,-0.67,False,True,0.6,0.3,0.4,0.2,0.5,0.3,0.4,0.2
2022-06-17,2440.93,0.36,-0.5,-0.59,-0.64,0.79,0.66,-0.94,-0.33,False,True,0.7,0.4,0.6,0.3,0.5,0.3,0.6,0.3
2022-06-20,2391.03,0.5,-0.61,-0.58,-0.71,0.96,0.7,-0.68,0.35,False,True,0.9,0.5,0.7,0.4,0.5,0.3,0.7,0.4
2022-06-21,2408.93,0.82,-0.78,-0.2,-0.37,0.66,0.8,-1.1,1.76,False,True,1.0,0.7,0.9,0.5,0.9,0.5,0.9,0.5
2022-06-22,2342.81,0.8,-0.97,0.27,0.22,1.0,0.75,-2.13,3.66,False,True,1.0,0.9,1.0,0.7,0.9,0.5,1.0,0.7
2022-06-23,2314.32,0.7,-1.05,0.31,0.21,0.96,0.91,-2.35,3.38,False,True,1.0,1.0,1.0,0.9,0.9,0.5,1.0,0.9
2022-06-24,2366.6,1.45,-1.01,0.37,0.21,1.41,0.97,-2.31,5.73,False,True,1.0,1.0,1.0,1.0,0.9,0.5,1.0,1.0
2022-06-27,2401.92,1.67,-1.0,0.64,0.24,1.61,0.85,-1.86,6.83,False,True,1.0,1.0,1.0,1.0,0.9,0.5,1.0,1.0
2022-06-28,2422.09,1.52,-0.93,1.1,0.67,1.54,0.75,-1.36,7.56,False,True,1.0,1.0,1.0,1.0,1.0,1.0,1.0,1.0
2022-06-29,2377.99,1.74,-1.1,1.82,1.33,1.51,0.69,-1.34,8.62,False,False,1.0,1.0,1.0,1.0,1.0,1.0,1.0,1.0
2022-06-30,2332.64,1.31,-1.19,2.1,1.37,1.53,0.8,-1.76,8.5,False,False,1.0,1.0,1.0,1.0,1.0,1.0,1.0,1.0
2022-07-01,2305.42,1.28,-1.48,1.87,1.24,1.54,0.91,-1.78,8.22,False,True,1.0,1.0,1.0,1.0,1.0,1.0,1.0,1.0
2022-07-04,2300.34,1.41,-1.52,1.72,1.08,1.45,0.97,-2.08,8.02,False,True,1.0,1.0,1.0,1.0,1.0,1.0,1.0,1.0
2022-07-05,2341.78,1.44,-1.56,2.0,1.44,1.74,0.97,-2.09,8.59,False,True,1.0,1.0,1.0,1.0,1.0,1.0,1.0,1.0
2022-07-06,2292.01,1.8,-1.46,1.83,1.35,1.88,0.9,-2.65,8.68,False,True,1.0,1.0,1.0,1.0,1.0,1.0,1.0,1.0
2022-07-07,2334.27,1.48,-1.42,1.25,0.82,2.17,1.02,-2.33,8.01,True,True,1.0,1.0,1.0,1.0,1.0,1.0,1.0,1.0
2022-07-08,2350.61,1.48,-1.2,1.2,0.44,2.18,0.9,-2.05,7.84,True,False,0.7,0.6,1.0,1.0,1.0,1.0,1.0,1.0
2022-07-11,2340.27,1.52,-0.94,1.23,0.56,1.58,0.85,-2.13,7.52,False,False,0.7,0.6,0.7,0.6,1.0,1.0,0.7,0.6
2022-07-12,2317.76,1.64,-0.81,1.29,1.0,1.61,0.9,-2.19,8.0,False,False,0.7,0.6,0.7,0.6,0.7,0.6,0.7,0.6
2022-07-13,2328.61,1.57,-0.7,1.47,1.12,1.47,0.96,-2.2,8.09,False,False,0.7,0.6,0.7,0.6,0.7,0.6,0.7,0.6
2022-07-14,2322.32,1.76,-0.6,1.32,0.9,1.45,0.9,-1.5,8.13,False,False,0.9,0.8,0.7,0.6,0.7,0.6,0.7,0.6
2022-07-15,2330.98,1.41,-0.5,1.53,1.28,1.46,0.9,-1.99,8.14,False,False,1.0,1.0,0.9,0.8,0.7,0.6,0.9,0.8
2022-07-18,2375.25,1.24,-0.29,1.5,1.29,1.43,0.89,-2.35,7.92,False,False,1.0,1.0,1.0,1.0,0.7,0.6,1.0,1.0
2022-07-19,2370.97,0.72,0.08,1.14,0.94,1.38,0.77,-2.02,6.78,False,False,1.0,1.0,1.0,1.0,1.0,1.0,1.0,1.0
2022-07-20,2386.85,0.36,0.19,1.22,1.06,0.87,0.78,-1.67,5.99,False,False,1.0,1.0,1.0,1.0,1.0,1.0,1.0,1.0
2022-07-21,2409.16,0.47,0.28,0.69,0.52,0.76,0.76,-1.79,4.49,False,False,1.0,1.0,1.0,1.0,1.0,1.0,1.0,1.0
2022-07-22,2393.14,-0.01,0.52,0.76,0.65,0.48,0.7,-1.77,3.4,False,False,1.0,1.0,1.0,1.0,1.0,1.0,1.0,1.0
2022-07-25,2403.69,-0.6,0.53,1.24,1.0,0.32,0.71,-1.16,3.61,False,False,1.0,1.0,1.0,1.0,1.0,1.0,1.0,1.0
2022-07-26,2412.96,-0.34,0.48,1.11,1.06,0.26,0.7,-1.33,3.74,False,False,1.0,1.0,1.0,1.0,1.0,1.0,1.0,1.0
2022-07-27,2415.53,-0.48,0.49,1.01,1.04,0.0,0.69,-1.19,2.8,False,False,1.0,1.0,1.0,1.0,1.0,1.0,1.0,1.0
2022-07-28,2435.27,-0.1,0.51,0.83,0.76,0.0,0.69,-1.15,2.91,False,False,1.0,1.0,1.0,1.0,1.0,1.0,1.0,1.0
2022-07-29,2451.5,0.1,0.78,0.69,0.55,0.0,0.63,-0.4,3.21,False,False,1.0,1.0,1.0,1.0,1.0,1.0,1.0,1.0
2022-08-01,2452.25,0.13,1.0,0.34,0.18,0.0,0.59,-0.18,2.1,False,False,1.0,1.0,1.0,1.0,1.0,1.0,1.0,1.0
2022-08-02,2439.62,-0.06,1.13,0.23,-0.04,0.0,0.59,0.37,1.4,False,False,1.0,1.0,1.0,1.0,1.0,1.0,1.0,1.0
2022-08-03,2461.45,-0.65,1.19,0.59,0.26,0.0,0.63,0.42,1.33,False,False,1.0,1.0,1.0,1.0,1.0,1.0,1.0,1.0
2022-08-04,2473.11,-0.57,1.36,0.57,0.43,0.0,0.58,-0.32,1.42,False,False,1.0,0.9,1.0,1.0,1.0,1.0,1.0,1.0
2022-08-05,2490.8,-0.81,1.38,0.86,0.81,0.0,0.54,0.06,2.3,False,False,1.0,0.9,1.0,0.9,1.0,1.0,1.0,0.9
2022-08-08,2493.1,-0.62,1.42,0.51,0.48,0.0,0.51,0.6,1.68,False,False,1.0,0.9,1.0,0.9,1.0,1.0,1.0,0.9
2022-08-09,2503.46,-0.7,1.45,0.1,0.12,0.0,0.48,0.17,-0.26,False,False,1.0,0.8,1.0,0.9,1.0,0.9,1.0,0.9
2022-08-10,2480.88,-0.38,1.48,0.06,-0.0,0.0,0.47,0.38,0.35,False,False,1.0,0.8,1.0,0.8,1.0,0.9,1.0,0.8
2022-08-11,2523.78,-0.58,1.46,0.35,0.54,0.0,0.52,0.3,1.36,False,False,1.0,0.8,1.0,0.8,1.0,0.9,1.0,0.8
2022-08-12,2527.94,-0.03,1.41,0.43,0.47,0.0,0.43,0.78,2.93,False,False,1.0,0.8,1.0,0.8,1.0,0.9,1.0,0.8
2022-08-16,2533.52,0.24,1.37,0.16,0.26,0.0,0.43,0.5,2.49,False,False,1.0,0.8,1.0,0.8,1.0,0.8,1.0,0.8
2022-08-17,2516.47,0.36,1.26,0.31,0.49,0.0,0.42,0.86,3.51,False,False,1.0,0.9,1.0,0.8,1.0,0.8,1.0,0.8
2022-08-18,2508.05,-0.02,1.25,0.64,0.66,0.0,0.45,0.42,3.45,False,False,1.0,1.0,1.0,0.9,1.0,0.8,1.0,0.9
2022-08-19,2492.69,-0.27,1.34,0.39,0.49,0.0,0.46,0.28,2.03,False,False,1.0,1.0,1.0,1.0,1.0,0.8,1.0,1.0
2022-08-22,2462.5,-0.85,1.35,0.19,0.39,0.0,0.48,-1.07,-0.68,False,False,0.9,0.9,1.0,1.0,1.0,0.8,1.0,1.0
2022-08-23,2435.34,-0.79,1.34,-0.03,-0.02,0.0,0.57,-1.32,-1.77,False,False,0.8,0.7,0.9,0.9,0.9,0.9,0.9,0.9
2022-08-24,2447.45,-0.78,1.31,-0.06,0.11,0.0,0.63,-0.83,-1.37,False,False,0.7,0.5,0.8,0.7,0.9,0.9,0.8,0.7
2022-08-25,2477.26,-1.17,1.32,-0.1,0.03,0.0,0.58,-1.18,-2.7,False,False,0.5,0.3,0.7,0.5,0.9,0.9,0.7,0.5
2022-08-26,2481.03,-1.11,1.35,-0.02,0.13,0.0,0.52,-1.21,-2.28,False,False,0.4,0.1,0.5,0.3,0.9,0.9,0.5,0.3
2022-08-29,2426.89,-0.66,1.37,0.06,0.31,0.0,0.51,-1.0,-0.61,False,False,0.4,0.1,0.4,0.1,0.9,0.9,0.4,0.1
2022-08-30,2450.93,-1.28,1.3,-0.04,0.13,0.0,0.63,-1.3,-2.72,False,False,0.3,0.1,0.4,0.1,0.4,0.1,0.4,0.1
2022-08-31,2472.05,-1.26,1.24,0.21,0.37,0.0,0.57,-1.45,-1.87,False,False,0.3,0.1,0.3,0.1,0.4,0.1,0.3,0.1
2022-09-01,2415.61,-1.37,1.37,-0.07,0.19,0.0,0.52,-1.77,-3.14,False,False,0.3,0.1,0.3,0.1,0.4,0.1,0.3,0.1
2022-09-02,2409.41,-2.04,1.13,-0.32,0.02,0.0,0.68,-2.82,-5.62,False,False,0.2,0.1,0.3,0.1,0.4,0.1,0.3,0.1
2022-09-05,2403.68,-1.86,0.91,0.33,0.56,0.0,0.69,-2.94,-3.51,False,False,0.1,0.0,0.2,0.1,0.4,0.1,0.2,0.1
2022-09-06,2410.02,-1.53,0.82,0.15,0.5,0.0,0.69,-2.94,-3.3,False,False,0.1,0.0,0.1,0.0,0.1,0.0,0.1,0.0
2022-09-07,2376.46,-1.55,0.75,-1.02,-0.87,0.0,0.69,-3.0,-6.91,False,False,0.0,0.0,0.1,0.0,0.1,0.0,0.1,0.0
2022-09-08,2384.28,-1.48,0.61,-0.73,-0.32,0.0,0.76,-3.0,-5.92,False,False,0.0,0.0,0.0,0.0,0.1,0.0,0.0,0.0
2022-09-13,2449.54,-1.22,0.51,-0.52,-0.02,0.11,0.76,-2.74,-4.54,False,False,0.0,0.0,0.0,0.0,0.0,0.0,0.0,0.0
2022-09-14,2411.42,-1.08,0.71,-0.53,-0.02,0.17,0.56,-2.48,-4.08,False,False,0.0,0.0,0.0,0.0,0.0,0.0,0.0,0.0
2022-09-15,2401.83,-1.22,0.75,-0.57,0.03,0.16,0.68,-2.56,-4.36,False,False,0.0,0.0,0.0,0.0,0.0,0.0,0.0,0.0
2022-09-16,2382.78,-1.24,0.72,-0.31,0.17,0.18,0.69,-1.95,-3.4,False,False,0.0,0.0,0.0,0.0,0.0,0.0,0.0,0.0
2022-09-19,2355.66,-1.51,0.72,-0.3,-0.05,0.24,0.88,-1.76,-3.96,False,False,0.0,0.0,0.0,0.0,0.0,0.0,0.0,0.0
2022-09-20,2367.85,-1.41,0.7,-0.51,-0.16,0.26,0.95,-1.75,-4.29,False,False,0.0,0.0,0.0,0.0,0.0,0.0,0.0,0.0
2022-09-21,2347.21,-0.99,0.59,-0.84,-0.46,0.24,0.89,-1.58,-4.49,False,False,0.0,0.0,0.0,0.0,0.0,0.0,0.0,0.0
2022-09-22,2332.31,-0.98,0.52,-1.06,-0.67,0.21,0.96,-1.69,-5.22,False,False,0.0,0.0,0.0,0.0,0.0,0.0,0.0,0.0
2022-09-23,2290.0,-1.27,0.57,-1.02,-0.77,0.35,1.01,-1.97,-5.63,False,False,0.0,0.0,0.0,0.0,0.0,0.0,0.0,0.0
2022-09-26,2220.94,-1.56,0.51,-0.78,-0.72,0.66,1.08,-2.34,-5.37,False,True,0.3,0.2,0.0,0.0,0.0,0.0,0.0,0.0
2022-09-27,2223.86,-1.36,0.53,-0.75,-0.73,0.65,1.29,-2.46,-4.93,False,True,0.3,0.2,0.3,0.2,0.3,0.2,0.3,0.2
2022-09-28,2169.29,-1.65,0.43,-0.59,-0.67,0.73,1.29,-2.08,-4.86,False,True,0.3,0.2,0.3,0.2,0.3,0.2,0.3,0.2
2022-09-29,2170.93,-1.7,0.4,-0.78,-1.0,0.58,1.36,-2.9,-6.13,False,True,0.3,0.2,0.3,0.2,0.3,0.2,0.3,0.2
2022-09-30,2155.49,-1.6,0.45,-0.05,-0.61,0.4,1.36,-2.91,-4.44,False,True,0.3,0.2,0.3,0.2,0.3,0.2,0.3,0.2
2022-10-04,2209.38,-1.4,0.34,-0.16,-1.01,0.82,1.38,-2.87,-4.08,False,True,0.3,0.2,0.3,0.2,0.3,0.2,0.3,0.2
2022-10-05,2215.22,-0.93,0.49,-0.42,-1.42,0.83,1.32,-2.32,-3.86,False,True,0.3,0.2,0.3,0.2,0.3,0.2,0.3,0.2
2022-10-06,2237.86,-1.12,0.58,0.1,-0.89,0.93,1.28,-1.9,-2.01,False,False,0.1,0.0,0.3,0.2,0.3,0.2,0.3,0.2
2022-10-07,2232.84,-1.2,0.71,0.34,-0.64,0.9,1.23,-1.69,-1.21,False,False,0.2,0.0,0.1,0.0,0.3,0.2,0.1,0.0
2022-10-11,2192.07,-1.37,0.77,0.44,-0.66,0.98,1.27,-1.82,-1.23,False,False,0.3,0.1,0.2,0.0,0.2,0.0,0.2,0.0
2022-10-12,2202.47,-1.53,0.91,-0.31,-1.13,0.98,1.32,-1.93,-3.96,False,False,0.3,0.1,0.3,0.1,0.2,0.0,0.3,0.1
2022-10-13,2162.87,-1.41,1.06,0.57,-0.19,0.4,1.32,-1.82,-1.3,False,False,0.4,0.1,0.3,0.1,0.2,0.0,0.3,0.1
2022-10-14,2212.55,-1.92,1.02,-0.03,-0.8,0.84,1.35,-2.12,-4.02,False,False,0.3,0.1,0.4,0.1,0.2,0.0,0.4,0.1
2022-10-17,2219.71,-1.53,1.1,0.37,-0.46,0.86,1.27,-2.37,-1.86,False,False,0.3,0.0,0.3,0.1,0.2,0.0,0.3,0.1
2022-10-18,2249.95,-1.61,1.23,0.65,-0.09,0.98,1.27,-2.06,-0.37,False,False,0.3,0.1,0.3,0.0,0.3,0.0,0.3,0.0
2022-10-19,2237.44,-1.29,1.26,0.37,-0.41,0.95,1.21,-1.65,-0.62,False,False,0.5,0.2,0.3,0.1,0.3,0.0,0.3,0.1
2022-10-20,2218.09,-1.39,1.3,0.47,-0.29,0.94,1.21,-1.98,-0.61,False,False,0.5,0.2,0.5,0.2,0.3,0.0,0.5,0.2
2022-10-21,2213.12,-1.57,1.24,0.29,-0.46,0.92,1.27,-1.34,-1.48,False,False,0.6,0.2,0.5,0.2,0.3,0.0,0.5,0.2
2022-10-24,2236.16,-1.46,1.28,0.34,-0.4,0.98,1.27,-1.63,-0.97,False,False,0.7,0.3,0.6,0.2,0.3,0.0,0.6,0.2
2022-10-25,2235.07,-1.1,1.26,0.29,-0.29,0.81,1.2,-1.8,-0.51,False,False,0.6,0.2,0.7,0.3,0.7,0.3,0.7,0.3
2022-10-26,2249.56,-0.92,1.31,0.08,-0.47,0.25,1.2,-1.94,-2.0,False,False,0.6,0.2,0.6,0.2,0.7,0.3,0.6,0.2
2022-10-27,2288.78,-1.07,1.5,0.11,-0.24,0.4,1.2,-1.34,-1.27,False,False,0.5,0.1,0.6,0.2,0.7,0.3,0.6,0.2
2022-10-28,2268.4,-0.8,1.6,0.42,0.01,0.03,1.03,-1.45,-0.29,False,False,0.6,0.2,0.5,0.1,0.7,0.3,0.5,0.1
2022-10-31,2293.61,-0.49,1.56,0.87,0.12,0.07,1.11,-1.49,1.83,False,False,0.7,0.4,0.6,0.2,0.7,0.3,0.6,0.2
2022-11-01,2335.22,-0.54,1.55,0.03,-0.42,0.12,1.02,-1.59,-1.16,False,False,0.6,0.3,0.7,0.4,0.7,0.4,0.7,0.4
2022-11-02,2336.87,-0.46,1.64,0.46,-0.01,0.0,0.95,-1.15,0.69,False,False,0.8,0.5,0.6,0.3,0.7,0.4,0.6,0.3
2022-11-03,2329.17,-0.63,1.74,0.81,0.3,0.0,0.9,-1.12,1.63,False,False,0.9,0.7,0.8,0.5,0.7,0.4,0.8,0.5
2022-11-04,2348.43,-0.77,1.71,0.86,0.38,0.0,0.95,-1.68,1.28,False,False,0.9,0.7,0.9,0.7,0.7,0.4,0.9,0.7
2022-11-07,2371.79,-0.71,1.62,0.63,0.31,0.0,0.89,-1.4,0.8,False,False,0.9,0.7,0.9,0.7,0.7,0.4,0.9,0.7
2022-11-08,2399.04,-0.44,1.6,0.43,0.14,0.0,0.81,-0.8,0.99,False,False,1.0,0.8,0.9,0.7,0.9,0.7,0.9,0.7
2022-11-09,2424.41,0.09,1.6,-0.11,-0.43,0.0,0.73,-0.25,0.35,False,False,1.0,0.8,1.0,0.8,0.9,0.7,1.0,0.8
2022-11-10,2402.23,0.38,1.6,-0.24,-0.44,0.0,0.67,0.13,0.9,False,False,1.0,0.8,1.0,0.8,0.9,0.7,1.0,0.8
2022-11-11,2483.16,0.44,1.48,-0.14,-0.45,0.0,0.73,-0.29,1.03,False,False,1.0,0.7,1.0,0.8,0.9,0.7,1.0,0.8
2022-11-14,2474.65,0.88,1.54,0.58,0.25,0.0,0.5,0.89,5.0,False,False,1.0,0.8,1.0,0.7,0.9,0.7,1.0,0.7
2022-11-15,2480.33,0.95,1.48,0.6,0.45,0.0,0.51,0.93,5.36,False,False,1.0,0.8,1.0,0.8,1.0,0.8,1.0,0.8
2022-11-16,2477.45,0.81,1.38,0.72,0.53,0.0,0.5,1.35,5.53,False,False,1.0,0.9,1.0,0.8,1.0,0.8,1.0,0.8
2022-11-17,2442.9,0.75,1.36,1.07,0.83,0.0,0.5,1.19,6.24,False,False,1.0,1.0,1.0,0.9,1.0,0.8,1.0,0.9
2022-11-18,2444.48,0.69,1.24,0.59,0.31,0.0,0.59,0.21,4.36,False,False,1.0,1.0,1.0,1.0,1.0,0.8,1.0,1.0
2022-11-21,2419.5,0.59,1.28,0.48,0.36,0.0,0.59,0.62,4.17,False,False,1.0,1.0,1.0,1.0,1.0,0.8,1.0,1.0
2022-11-22,2405.27,0.54,1.19,0.29,0.17,0.0,0.67,0.25,3.25,False,False,1.0,1.0,1.0,1.0,1.0,1.0,1.0,1.0
2022-11-23,2418.01,0.56,1.17,-0.41,-0.56,0.0,0.73,0.48,0.73,False,False,1.0,0.9,1.0,1.0,1.0,1.0,1.0,1.0
2022-11-24,2441.33,0.69,1.06,-0.45,-0.46,0.0,0.66,0.69,1.11,False,False,1.0,0.9,1.0,0.9,1.0,1.0,1.0,0.9
2022-11-25,2437.86,0.73,0.99,-0.18,-0.14,0.0,0.58,1.72,2.74,False,False,1.0,0.9,1.0,0.9,1.0,1.0,1.0,0.9
2022-11-28,2408.27,0.73,1.1,-0.4,-0.29,0.0,0.59,1.76,2.08,False,False,1.0,0.9,1.0,0.9,1.0,1.0,1.0,0.9
2022-11-29,2433.39,0.62,1.03,-0.29,-0.14,0.0,0.72,1.66,2.27,False,False,1.0,0.9,1.0,0.9,1.0,0.9,1.0,0.9
2022-11-30,2472.53,0.77,0.95,0.13,0.18,0.0,0.65,1.83,4.0,False,False,1.0,1.0,1.0,0.9,1.0,0.9,1.0,0.9
2022-12-01,2479.84,0.57,1.14,-0.25,-0.13,0.0,0.49,1.96,2.36,False,False,1.0,1.0,1.0,1.0,1.0,0.9,1.0,1.0
2022-12-02,2434.33,0.75,1.09,-0.8,-0.52,0.0,0.47,2.13,0.96,False,False,1.0,1.0,1.0,1.0,1.0,0.9,1.0,1.0
2022-12-05,2419.32,0.58,0.98,0.19,0.23,0.0,0.64,2.67,4.13,False,False,1.0,1.0,1.0,1.0,1.0,0.9,1.0,1.0
2022-12-06,2393.16,0.51,0.88,-0.37,-0.31,0.0,0.66,2.61,1.93,False,False,1.0,1.0,1.0,1.0,1.0,1.0,1.0,1.0
2022-12-07,2382.81,0.26,0.74,-0.53,-0.28,0.0,0.74,1.96,0.63,False,False,1.0,0.9,1.0,1.0,1.0,1.0,1.0,1.0
2022-12-08,2371.08,0.36,0.65,-0.76,-0.33,0.0,0.8,2.12,0.28,False,False,1.0,0.8,1.0,0.9,1.0,1.0,1.0,0.9
2022-12-09,2389.04,0.57,0.56,-1.32,-1.01,0.0,0.81,2.34,-1.53,False,False,0.9,0.7,1.0,0.8,1.0,1.0,1.0,0.8
2022-12-12,2373.02,0.43,0.46,-0.99,-0.68,0.0,0.74,2.89,-0.36,False,False,0.8,0.5,0.9,0.7,1.0,1.0,0.9,0.7
2022-12-13,2372.4,0.46,0.45,-0.96,-0.32,0.0,0.8,2.87,0.31,False,False,0.8,0.5,0.8,0.5,0.8,0.5,0.8,0.5
2022-12-14,2399.25,0.56,0.51,-0.72,-0.13,0.0,0.81,3.0,1.54,False,False,0.8,0.5,0.8,0.5,0.8,0.5,0.8,0.5
2022-12-15,2360.97,0.71,0.6,-0.75,-0.19,0.0,0.72,3.0,1.74,False,False,0.8,0.6,0.8,0.5,0.8,0.5,0.8,0.5
2022-12-16,2360.02,0.3,0.63,-0.62,-0.08,0.0,0.81,2.49,1.02,False,False,1.0,0.8,0.8,0.6,0.8,0.5,0.8,0.6
2022-12-19,2352.17,0.17,0.69,-0.95,-0.28,0.0,0.68,2.9,-0.25,False,False,1.0,0.8,1.0,0.8,0.8,0.5,1.0,0.8
2022-12-20,2333.29,0.19,0.74,-0.73,-0.26,0.0,0.76,3.0,0.51,False,False,1.0,0.8,1.0,0.8,1.0,0.8,1.0,0.8
2022-12-21,2328.95,0.27,0.71,-1.23,-0.72,0.0,0.77,3.0,-1.23,False,False,0.9,0.6,1.0,0.8,1.0,0.8,1.0,0.8
2022-12-22,2356.73,0.41,0.66,-1.01,-0.46,0.0,0.77,3.0,0.01,False,False,0.9,0.5,0.9,0.6,1.0,0.8,0.9,0.6
2022-12-23,2313.69,0.69,0.63,-0.93,-0.29,0.0,0.67,3.0,1.13,False,False,0.9,0.5,0.9,0.5,1.0,0.8,0.9,0.5
2022-12-26,2317.14,0.86,0.57,-1.13,-0.35,0.0,0.86,3.0,1.0,False,False,0.9,0.6,0.9,0.5,1.0,0.8,0.9,0.5
2022-12-27,2332.79,1.45,0.59,-1.28,-0.54,0.0,0.86,3.0,1.83,False,False,0.9,0.7,0.9,0.6,0.9,0.6,0.9,0.6
2022-12-28,2280.45,2.05,0.6,-0.09,0.23,0.0,0.77,3.0,6.3,False,False,1.0,0.8,0.9,0.7,0.9,0.6,0.9,0.7
2022-12-29,2236.4,1.66,0.25,-0.63,-0.23,0.0,0.94,3.0,4.06,False,False,1.0,0.9,1.0,0.8,0.9,0.6,1.0,0.8
2023-01-02,2225.67,1.14,0.21,-0.15,0.06,0.0,1.09,3.0,4.39,False,False,1.0,1.0,1.0,0.9,0.9,0.6,1.0,0.9
2023-01-03,2218.68,1.23,0.32,0.03,0.22,0.0,1.1,3.0,5.16,False,False,1.0,1.0,1.0,1.0,1.0,1.0,1.0,1.0
2023-01-04,2255.98,1.02,0.4,0.78,0.47,0.0,1.13,3.0,6.34,False,False,1.0,1.0,1.0,1.0,1.0,1.0,1.0,1.0
2023-01-05,2264.65,1.14,0.49,0.18,-0.14,0.0,1.02,3.0,4.89,False,False,1.0,1.0,1.0,1.0,1.0,1.0,1.0,1.0
2023-01-06,2289.97,0.91,0.69,-0.24,-0.47,0.0,1.0,3.0,3.19,False,False,1.0,1.0,1.0,1.0,1.0,1.0,1.0,1.0
2023-01-09,2350.19,1.13,0.9,-0.69,-1.0,0.11,0.92,2.91,2.17,False,False,1.0,1.0,1.0,1.0,1.0,1.0,1.0,1.0
2023-01-10,2351.31,1.5,1.07,-1.02,-1.35,0.09,0.74,3.0,1.74,False,False,1.0,1.0,1.0,1.0,1.0,1.0,1.0,1.0
2023-01-11,2359.53,1.75,1.05,-1.26,-1.62,0.09,0.74,3.0,1.36,False,False,1.0,1.0,1.0,1.0,1.0,1.0,1.0,1.0
2023-01-12,2365.1,1.92,1.07,-0.9,-0.97,0.03,0.65,3.0,3.38,False,False,1.0,1.0,1.0,1.0,1.0,1.0,1.0,1.0
2023-01-13,2386.09,1.53,1.14,-0.85,-1.21,0.0,0.64,3.0,2.24,False,False,1.0,1.0,1.0,1.0,1.0,1.0,1.0,1.0
2023-01-16,2399.86,1.92,1.32,-0.42,-0.67,0.0,0.58,3.0,4.78,False,False,1.0,1.0,1.0,1.0,1.0,1.0,1.0,1.0
2023-01-17,2379.39,2.11,1.32,-0.46,-0.88,0.0,0.58,3.0,4.81,False,False,1.0,1.0,1.0,1.0,1.0,1.0,1.0,1.0
2023-01-18,2368.32,1.94,1.35,-0.62,-1.09,0.0,0.58,3.0,3.9,False,False,1.0,1.0,1.0,1.0,1.0,1.0,1.0,1.0
2023-01-19,2380.34,1.75,1.39,-0.66,-1.05,0.0,0.64,2.99,3.49,False,False,1.0,1.0,1.0,1.0,1.0,1.0,1.0,1.0
2023-01-20,2395.26,1.46,1.59,-0.59,-1.04,0.0,0.58,2.92,3.06,False,False,1.0,1.0,1.0,1.0,1.0,1.0,1.0,1.0
2023-01-25,2428.57,1.32,1.69,-0.96,-1.25,0.0,0.57,2.89,1.58,False,False,1.0,1.0,1.0,1.0,1.0,1.0,1.0,1.0
2023-01-26,2468.65,1.21,1.93,-1.16,-1.41,0.0,0.51,2.98,0.72,False,False,1.0,0.9,1.0,1.0,1.0,1.0,1.0,1.0
2023-01-27,2484.02,1.0,2.14,-0.76,-1.0,-0.0,0.37,2.92,1.8,False,False,1.0,0.9,1.0,0.9,1.0,1.0,1.0,0.9
2023-01-30,2450.47,0.68,2.38,-0.43,-0.64,0.0,0.3,2.81,2.36,False,False,1.0,0.9,1.0,0.9,1.0,1.0,1.0,0.9
2023-01-31,2425.08,0.77,2.34,0.14,-0.08,0.0,0.43,2.66,4.49,False,False,1.0,0.9,1.0,0.9,1.0,0.9,1.0,0.9
2023-02-01,2449.8,0.98,2.12,-0.04,-0.4,0.0,0.51,2.57,4.1,False,False,1.0,0.9,1.0,0.9,1.0,0.9,1.0,0.9
2023-02-02,2468.88,0.89,2.13,0.34,-0.44,0.0,0.43,2.61,4.62,False,False,1.0,1.0,1.0,0.9,1.0,0.9,1.0,0.9
2023-02-03,2480.4,0.86,2.19,1.28,0.99,0.0,0.36,2.64,7.36,False,False,1.0,1.0,1.0,1.0,1.0,0.9,1.0,1.0
2023-02-06,2438.19,0.68,2.22,-0.55,-0.88,0.0,0.29,2.38,1.44,False,False,1.0,1.0,1.0,1.0,1.0,0.9,1.0,1.0
2023-02-07,2451.71,0.57,1.97,-0.27,-0.83,0.0,0.44,2.11,1.74,False,False,1.0,1.0,1.0,1.0,1.0,1.0,1.0,1.0
2023-02-08,2483.64,0.43,1.85,-0.47,-1.02,0.0,0.42,2.14,0.57,False,False,1.0,0.9,1.0,1.0,1.0,1.0,1.0,1.0
2023-02-09,2481.52,0.11,1.86,-0.05,-0.49,0.0,0.29,2.03,1.48,False,False,1.0,0.9,1.0,0.9,1.0,1.0,1.0,0.9
2023-02-10,2469.73,-0.31,1.85,-0.63,-0.87,0.0,0.29,1.79,-1.69,False,False,0.9,0.7,1.0,0.9,1.0,1.0,1.0,0.9
2023-02-13,2452.7,-0.86,1.8,-0.13,-0.23,0.0,0.35,1.55,-0.96,False,False,0.8,0.6,0.9,0.7,1.0,1.0,0.9,0.7
2023-02-14,2465.64,-1.03,1.69,-0.38,-0.33,0.0,0.42,1.29,-2.27,False,False,0.6,0.4,0.8,0.6,0.8,0.6,0.8,0.6
2023-02-15,2427.9,-0.87,1.61,-0.44,-0.48,0.0,0.35,1.55,-2.21,False,False,0.5,0.2,0.6,0.4,0.8,0.6,0.6,0.4
2023-02-16,2475.48,-1.65,1.42,-0.74,-1.08,0.0,0.44,0.71,-5.58,False,False,0.3,0.0,0.5,0.2,0.8,0.6,0.5,0.2
2023-02-17,2451.21,-0.94,1.37,-0.95,-1.17,0.0,0.34,0.77,-4.8,False,False,0.2,0.0,0.3,0.0,0.8,0.6,0.3,0.0
2023-02-20,2455.12,-1.05,1.39,-0.85,-1.16,0.0,0.42,0.44,-4.91,False,False,0.1,0.0,0.2,0.0,0.8,0.6,0.2,0.0
2023-02-21,2458.96,-0.76,1.2,-1.93,-2.19,0.0,0.35,0.61,-7.12,False,False,0.0,0.0,0.1,0.0,0.1,0.0,0.1,0.0
2023-02-22,2417.68,-0.77,1.19,-1.22,-1.42,0.0,0.41,0.86,-5.29,False,False,0.0,0.0,0.0,0.0,0.1,0.0,0.0,0.0
2023-02-23,2439.09,-1.15,1.0,-1.5,-1.51,0.0,0.51,0.72,-6.51,False,False,0.0,0.0,0.0,0.0,0.1,0.0,0.0,0.0
2023-02-24,2423.61,-1.07,0.88,-0.91,-0.95,0.0,0.42,1.01,-4.81,False,False,0.0,0.0,0.0,0.0,0.1,0.0,0.0,0.0
2023-02-27,2402.64,-1.21,0.66,-1.07,-0.8,0.0,0.5,0.77,-5.32,False,False,0.0,0.0,0.0,0.0,0.1,0.0,0.0,0.0
2023-02-28,2412.85,-1.32,0.57,-1.23,-0.84,0.0,0.56,0.64,-5.89,False,False,0.0,0.0,0.0,0.0,0.0,0.0,0.0,0.0
2023-03-02,2427.85,-1.14,0.55,-1.03,-0.78,0.0,0.51,0.38,-5.28,False,False,0.0,0.0,0.0,0.0,0.0,0.0,0.0,0.0
2023-03-03,2432.07,-1.11,0.62,-0.83,-0.48,0.0,0.49,0.52,-4.43,False,False,0.0,0.0,0.0,0.0,0.0,0.0,0.0,0.0
2023-03-06,2462.62,-0.92,0.51,-0.61,-0.31,0.0,0.49,0.65,-3.33,False,False,0.0,0.0,0.0,0.0,0.0,0.0,0.0,0.0
2023-03-07,2463.35,-0.64,0.48,-1.87,-1.57,0.0,0.32,0.62,-6.6,False,False,0.0,0.0,0.0,0.0,0.0,0.0,0.0,0.0
2023-03-08,2431.91,-0.41,0.52,-0.74,-0.47,0.0,0.32,0.41,-2.87,False,False,0.0,0.0,0.0,0.0,0.0,0.0,0.0,0.0
2023-03-09,2419.09,-0.91,0.53,-0.06,0.47,0.0,0.49,0.14,-1.14,False,False,0.1,0.0,0.0,0.0,0.0,0.0,0.0,0.0
2023-03-10,2394.59,-0.44,0.24,-0.86,-0.82,0.0,0.5,0.01,-3.89,False,False,0.1,0.0,0.1,0.0,0.0,0.0,0.1,0.0
2023-03-13,2410.6,-0.45,0.16,-0.4,-0.15,0.0,0.56,-0.0,-1.97,False,False,0.2,0.0,0.1,0.0,0.0,0.0,0.1,0.0
2023-03-14,2348.97,0.01,0.16,-1.02,-0.54,0.0,0.5,0.42,-2.73,False,False,0.2,0.0,0.2,0.0,0.2,0.0,0.2,0.0
2023-03-15,2379.72,0.16,0.01,-1.16,-0.45,0.0,0.73,0.45,-2.51,False,False,0.2,0.0,0.2,0.0,0.2,0.0,0.2,0.0
2023-03-16,2377.91,0.18,0.02,-0.73,0.1,0.0,0.63,0.25,-0.78,False,False,0.2,0.1,0.2,0.0,0.2,0.0,0.2,0.0
2023-03-17,2395.69,0.34,0.02,-0.42,0.25,0.0,0.63,0.18,0.59,False,False,0.4,0.2,0.2,0.1,0.2,0.0,0.2,0.1
2023-03-20,2379.2,0.11,0.02,-0.98,-0.09,0.0,0.56,0.24,-1.88,False,False,0.4,0.2,0.4,0.2,0.2,0.0,0.4,0.2
2023-03-21,2388.35,0.29,-0.05,-0.99,-0.23,0.0,0.62,0.27,-1.65,False,False,0.5,0.2,0.4,0.2,0.4,0.2,0.4,0.2
2023-03-22,2416.96,0.25,-0.04,-1.14,-0.38,0.0,0.56,0.17,-2.41,False,False,0.5,0.2,0.5,0.2,0.4,0.2,0.5,0.2
2023-03-23,2424.48,0.46,0.0,-0.8,-0.15,0.0,0.48,0.37,-0.65,False,False,0.5,0.2,0.5,0.2,0.4,0.2,0.5,0.2
2023-03-24,2414.96,0.89,0.05,-1.07,-0.17,0.0,0.47,0.55,-0.15,False,False,0.5,0.2,0.5,0.2,0.4,0.2,0.5,0.2
2023-03-27,2409.22,0.66,0.08,-0.91,-0.24,0.0,0.48,0.22,-0.6,False,False,0.6,0.2,0.5,0.2,0.4,0.2,0.5,0.2
2023-03-28,2434.94,0.73,0.1,-0.32,0.56,0.0,0.48,0.12,2.16,False,False,0.7,0.4,0.6,0.2,0.6,0.2,0.6,0.2
2023-03-29,2443.92,0.99,0.15,0.22,1.03,0.0,0.38,0.12,4.54,False,False,0.9,0.6,0.7,0.4,0.6,0.2,0.7,0.4
2023-03-30,2453.16,0.89,0.19,-0.32,0.5,0.0,0.37,0.03,2.42,False,False,0.9,0.8,0.9,0.6,0.6,0.2,0.9,0.6
2023-03-31,2476.86,0.63,0.17,-0.64,0.37,0.0,0.36,0.05,0.81,False,False,0.9,0.8,0.9,0.8,0.6,0.2,0.9,0.8
2023-04-03,2472.34,0.48,0.33,-0.49,0.57,0.0,0.26,-0.03,1.11,False,False,1.0,0.9,0.9,0.8,0.6,0.2,0.9,0.8
2023-04-04,2480.51,-0.07,0.23,-0.55,-0.32,0.0,0.26,-0.25,-1.88,False,False,0.9,0.7,1.0,0.9,1.0,0.9,1.0,0.9
2023-04-05,2495.21,0.26,0.13,0.41,1.0,-0.0,0.25,-0.3,3.13,False,False,0.9,0.7,0.9,0.7,1.0,0.9,0.9,0.7
2023-04-06,2459.23,0.83,0.11,-0.66,-0.48,0.0,0.18,-0.24,-0.28,False,False,0.8,0.6,0.9,0.7,1.0,0.9,0.9,0.7
2023-04-07,2490.41,0.45,0.14,-1.43,-1.34,0.0,0.28,-0.28,-4.13,False,False,0.6,0.4,0.8,0.6,1.0,0.9,0.8,0.6
2023-04-10,2512.08,0.73,0.32,-1.67,-2.21,-0.0,0.18,-0.21,-5.01,False,False,0.4,0.3,0.6,0.4,1.0,0.9,0.6,0.4
2023-04-11,2547.86,0.62,0.45,-1.27,-1.58,-0.0,0.1,-0.26,-3.68,False,False,0.4,0.3,0.4,0.3,0.4,0.3,0.4,0.3
2023-04-12,2550.64,0.82,0.52,-1.66,-1.71,-0.0,0.01,-0.34,-4.28,False,False,0.2,0.1,0.4,0.3,0.4,0.3,0.4,0.3
2023-04-13,2561.66,0.61,0.54,-0.38,-0.28,-0.0,0.01,-0.33,0.25,False,False,0.2,0.1,0.2,0.1,0.4,0.3,0.2,0.1
2023-04-14,2571.49,0.67,0.42,-0.64,-0.42,-0.0,-0.0,-0.49,-0.58,False,False,0.3,0.2,0.2,0.1,0.4,0.3,0.2,0.1
2023-04-17,2575.91,0.7,0.43,-0.19,0.18,-0.0,-0.05,-0.35,1.56,False,False,0.5,0.4,0.3,0.2,0.4,0.3,0.3,0.2
2023-04-18,2571.09,0.48,0.43,-0.68,-0.34,0.0,-0.06,-0.52,-1.08,False,False,0.7,0.4,0.5,0.4,0.5,0.4,0.5,0.4
2023-04-19,2575.08,0.22,0.46,-0.72,-0.62,0.0,-0.05,-0.58,-2.22,False,False,0.7,0.4,0.7,0.4,0.5,0.4,0.7,0.4
2023-04-20,2563.11,0.17,0.38,-0.68,-0.72,0.0,-0.06,-0.8,-2.56,False,False,0.5,0.3,0.7,0.4,0.5,0.4,0.7,0.4
2023-04-21,2544.4,0.04,0.35,-1.44,-1.59,0.0,-0.05,-0.73,-5.44,False,False,0.4,0.2,0.5,0.3,0.5,0.4,0.5,0.3
2023-04-24,2523.5,0.12,0.37,-1.33,-1.43,0.0,0.01,-0.77,-4.91,False,False,0.2,0.0,0.4,0.2,0.5,0.4,0.4,0.2
2023-04-25,2489.02,0.2,0.35,-1.18,-1.2,0.0,0.09,-0.91,-4.2,False,False,0.1,0.0,0.2,0.0,0.2,0.0,0.2,0.0
2023-04-26,2484.83,0.19,0.31,-1.2,-1.29,0.0,0.18,-0.88,-4.35,False,False,0.0,0.0,0.1,0.0,0.2,0.0,0.1,0.0
2023-04-27,2495.81,0.06,0.26,-0.69,-0.45,0.0,0.18,-0.93,-2.43,False,False,0.0,0.0,0.0,0.0,0.2,0.0,0.0,0.0
2023-04-28,2501.53,-0.05,0.22,-0.55,-0.18,0.0,0.17,-0.95,-2.02,False,False,0.1,0.0,0.0,0.0,0.2,0.0,0.0,0.0
2023-05-02,2524.39,-0.24,0.13,-0.44,-0.24,0.0,0.16,-0.97,-2.35,False,False,0.1,0.0,0.1,0.0,0.1,0.0,0.1,0.0
2023-05-03,2501.4,-0.12,0.14,-0.4,-0.36,0.0,-0.09,-0.96,-2.24,False,False,0.2,0.0,0.1,0.0,0.1,0.0,0.1,0.0
2023-05-04,2500.94,-0.19,0.16,-0.03,-0.27,0.0,-0.02,-0.95,-1.36,False,False,0.3,0.0,0.2,0.0,0.1,0.0,0.2,0.0
2023-05-08,2513.21,-0.4,0.19,-0.8,-1.06,0.0,-0.02,-0.73,-4.53,False,False,0.2,0.0,0.3,0.0,0.1,0.0,0.3,0.0
2023-05-09,2510.06,-0.07,0.28,-0.78,-1.44,0.0,-0.09,-0.79,-4.27,False,False,0.2,0.0,0.2,0.0,0.2,0.0,0.2,0.0
2023-05-10,2496.51,-0.05,0.18,-1.75,-2.59,0.0,-0.09,-0.88,-7.05,False,False,0.1,0.0,0.2,0.0,0.2,0.0,0.2,0.0
2023-05-11,2491.0,-0.06,0.07,-1.04,-1.0,0.0,-0.02,-0.8,-4.33,False,False,0.1,0.0,0.1,0.0,0.2,0.0,0.1,0.0
2023-05-12,2475.42,-0.01,0.07,-0.93,-1.13,0.0,-0.02,-0.53,-4.03,False,False,0.0,0.0,0.1,0.0,0.2,0.0,0.1,0.0
2023-05-15,2479.35,0.03,-0.01,-0.8,-0.88,0.0,0.05,-0.57,-3.37,False,False,0.0,0.0,0.0,0.0,0.2,0.0,0.0,0.0
2023-05-16,2480.24,-0.04,-0.01,-0.94,-1.16,0.0,0.05,-0.6,-4.2,False,False,0.0,0.0,0.0,0.0,0.0,0.0,0.0,0.0
2023-05-17,2494.66,-0.07,0.0,0.15,0.36,0.0,-0.02,-0.65,0.41,False,False,0.2,0.1,0.0,0.0,0.0,0.0,0.0,0.0
2023-05-18,2515.4,0.19,0.04,-0.7,-0.71,0.0,-0.03,-0.51,-2.55,False,False,0.2,0.1,0.2,0.1,0.0,0.0,0.2,0.1
2023-05-19,2537.79,0.41,0.09,-0.75,-0.56,0.0,-0.1,-0.35,-1.88,False,False,0.3,0.1,0.2,0.1,0.0,0.0,0.2,0.1
2023-05-22,2557.08,0.59,0.21,-0.53,-0.35,0.0,-0.16,-0.38,-0.54,False,False,0.4,0.2,0.3,0.1,0.0,0.0,0.3,0.1
2023-05-23,2567.55,1.0,0.27,-0.51,-0.31,0.0,-0.16,-0.06,0.79,False,False,0.6,0.3,0.4,0.2,0.4,0.2,0.4,0.2
2023-05-24,2567.45,1.05,0.22,-0.41,-0.07,0.0,-0.2,-0.09,1.44,False,False,0.6,0.4,0.6,0.3,0.4,0.2,0.6,0.3
2023-05-25,2554.69,1.0,0.23,-0.17,0.1,0.0,-0.2,0.1,2.25,False,False,0.8,0.6,0.6,0.4,0.4,0.2,0.6,0.4
2023-05-26,2558.81,0.67,0.3,0.47,1.28,0.0,-0.16,-0.05,4.48,False,False,0.9,0.8,0.8,0.6,0.4,0.2,0.8,0.6
2023-05-30,2585.52,0.48,0.54,0.09,0.59,-0.0,-0.2,-0.0,2.43,False,False,1.0,0.9,0.9,0.8,0.9,0.8,0.9,0.8
2023-05-31,2577.12,0.7,0.66,0.18,0.9,0.0,-0.23,0.12,3.64,False,False,1.0,1.0,1.0,0.9,0.9,0.8,1.0,0.9
2023-06-01,2569.17,0.61,0.64,0.1,0.54,0.0,-0.2,-0.05,2.72,False,False,1.0,1.0,1.0,1.0,0.9,0.8,1.0,1.0
2023-06-02,2601.36,0.37,0.6,0.4,1.1,-0.0,-0.2,0.18,3.69,False,False,1.0,1.0,1.0,1.0,0.9,0.8,1.0,1.0
2023-06-05,2615.41,0.63,0.73,0.78,1.67,-0.0,-0.24,0.49,5.72,False,False,1.0,1.0,1.0,1.0,0.9,0.8,1.0,1.0
2023-06-07,2615.6,0.85,0.74,-0.13,0.5,-0.0,-0.26,0.42,2.91,False,False,1.0,1.0,1.0,1.0,0.9,0.8,1.0,1.0
2023-06-08,2610.85,0.9,0.63,-0.35,0.22,0.0,-0.26,0.4,2.04,False,False,1.0,1.0,1.0,1.0,0.9,0.8,1.0,1.0
2023-06-09,2641.16,1.02,0.51,-0.2,0.24,-0.0,-0.24,0.26,2.61,False,False,1.0,1.0,1.0,1.0,0.9,0.8,1.0,1.0
2023-06-12,2629.35,1.13,0.57,0.26,1.34,0.0,-0.31,0.34,5.23,False,False,1.0,1.0,1.0,1.0,0.9,0.8,1.0,1.0
2023-06-13,2637.95,1.12,0.45,0.07,0.59,0.0,-0.25,0.46,3.95,False,False,1.0,1.0,1.0,1.0,1.0,1.0,1.0,1.0
2023-06-14,2619.08,1.37,0.51,-0.28,-0.02,0.0,-0.31,0.75,3.06,False,False,1.0,1.0,1.0,1.0,1.0,1.0,1.0,1.0
2023-06-15,2608.54,1.15,0.59,0.15,0.63,0.0,-0.25,0.73,4.4,False,False,1.0,1.0,1.0,1.0,1.0,1.0,1.0,1.0
2023-06-16,2625.79,1.11,0.55,0.01,0.36,0.0,-0.18,0.66,3.68,False,False,1.0,1.0,1.0,1.0,1.0,1.0,1.0,1.0
2023-06-19,2609.5,0.9,0.59,0.76,1.64,0.0,-0.25,0.6,6.1,False,False,1.0,1.0,1.0,1.0,1.0,1.0,1.0,1.0
2023-06-20,2604.91,0.88,0.46,0.14,1.1,0.0,-0.18,0.49,4.29,False,False,1.0,1.0,1.0,1.0,1.0,1.0,1.0,1.0
2023-06-21,2582.63,0.62,0.31,0.01,0.79,0.0,-0.18,0.61,3.04,False,False,1.0,1.0,1.0,1.0,1.0,1.0,1.0,1.0
2023-06-22,2593.7,0.42,0.22,-0.26,0.26,0.0,-0.17,0.41,1.01,False,False,1.0,1.0,1.0,1.0,1.0,1.0,1.0,1.0
2023-06-23,2570.1,0.4,0.19,-0.33,0.6,0.0,-0.18,0.35,1.25,False,False,1.0,0.9,1.0,1.0,1.0,1.0,1.0,1.0
2023-06-26,2582.2,0.24,0.15,-0.63,0.21,0.0,-0.1,0.2,-0.52,False,False,0.9,0.8,1.0,0.9,1.0,1.0,1.0,0.9
2023-06-27,2581.39,0.48,0.12,-0.55,0.4,0.0,-0.18,0.21,0.5,False,False,0.9,0.7,0.9,0.8,0.9,0.8,0.9,0.8
2023-06-28,2564.19,0.59,-0.07,-0.54,0.17,0.0,-0.1,0.25,0.43,False,False,0.9,0.7,0.9,0.7,0.9,0.8,0.9,0.7
2023-06-29,2550.02,0.62,-0.29,-0.19,0.82,0.0,-0.09,-0.1,2.02,False,False,0.9,0.7,0.9,0.7,0.9,0.8,0.9,0.7
2023-06-30,2564.28,0.66,-0.33,-0.51,0.28,0.0,-0.02,0.08,0.66,False,False,0.9,0.7,0.9,0.7,0.9,0.8,0.9,0.7
2023-07-03,2602.47,0.86,-0.37,-0.77,-0.23,0.0,-0.1,-0.04,-0.38,False,False,1.0,0.7,0.9,0.7,0.9,0.8,0.9,0.7
2023-07-04,2593.31,1.09,-0.44,-0.65,-0.43,0.0,-0.19,0.1,0.19,False,False,0.9,0.7,1.0,0.7,1.0,0.7,1.0,0.7
2023-07-05,2579.0,0.78,-0.47,0.77,1.48,0.0,-0.19,0.23,5.28,False,False,0.9,0.7,0.9,0.7,1.0,0.7,0.9,0.7
2023-07-06,2556.29,0.48,-0.44,-0.18,0.66,0.0,-0.1,0.17,1.54,False,False,0.9,0.7,0.9,0.7,1.0,0.7,0.9,0.7
2023-07-07,2526.71,0.2,-0.5,-0.14,0.65,0.0,-0.09,0.23,0.96,False,False,0.9,0.7,0.9,0.7,1.0,0.7,0.9,0.7
2023-07-10,2520.7,-0.18,-0.59,-0.59,-0.15,0.0,0.06,0.29,-2.23,False,False,0.8,0.7,0.9,0.7,1.0,0.7,0.9,0.7
2023-07-11,2562.49,-0.3,-0.56,-1.38,-1.32,0.0,0.06,0.31,-5.56,False,False,0.6,0.5,0.8,0.7,0.8,0.7,0.8,0.7
2023-07-12,2574.72,-0.31,-0.52,-0.42,0.07,0.0,-0.1,0.37,-1.81,False,False,0.5,0.3,0.6,0.5,0.8,0.7,0.6,0.5
2023-07-13,2591.23,-0.17,-0.44,-0.56,0.33,0.0,-0.1,0.5,-1.35,False,False,0.4,0.2,0.5,0.3,0.8,0.7,0.5,0.3
2023-07-14,2628.3,0.08,-0.46,-0.65,0.03,0.0,-0.19,0.72,-1.33,False,False,0.3,0.0,0.4,0.2,0.8,0.7,0.4,0.2
2023-07-17,2619.0,0.5,-0.45,0.49,1.16,0.0,-0.28,0.72,3.98,False,False,0.5,0.2,0.3,0.0,0.8,0.7,0.3,0.0
2023-07-18,2607.62,0.37,-0.46,-0.12,0.89,0.0,-0.28,0.78,1.95,False,False,0.7,0.4,0.5,0.2,0.5,0.2,0.5,0.2
2023-07-19,2608.24,0.29,-0.49,-0.82,-0.45,0.0,-0.2,0.86,-1.9,False,False,0.7,0.4,0.7,0.4,0.5,0.2,0.7,0.4
2023-07-20,2600.23,0.09,-0.44,-0.48,0.09,0.0,-0.2,0.62,-0.82,False,False,0.7,0.5,0.7,0.4,0.5,0.2,0.7,0.4
2023-07-21,2609.76,-0.15,-0.4,-1.05,-0.68,0.0,-0.19,0.47,-3.87,False,False,0.6,0.5,0.7,0.5,0.5,0.2,0.7,0.5
2023-07-24,2628.53,0.04,-0.46,0.04,0.69,0.0,-0.28,0.47,1.1,False,False,0.6,0.4,0.6,0.5,0.5,0.2,0.6,0.5
2023-07-25,2636.46,-0.01,-0.57,0.12,0.7,0.0,-0.29,0.54,1.17,False,False,0.6,0.4,0.6,0.4,0.6,0.4,0.6,0.4
2023-07-26,2592.36,-0.03,-0.95,0.02,0.51,0.0,-0.35,0.77,0.47,False,False,0.7,0.5,0.6,0.4,0.6,0.4,0.6,0.4
2023-07-27,2603.81,-0.01,-1.16,0.74,1.72,0.0,-0.19,0.67,3.85,False,False,0.8,0.7,0.7,0.5,0.6,0.4,0.7,0.5
2023-07-28,2608.32,0.23,-1.19,1.46,2.48,0.0,-0.19,0.66,6.39,False,False,1.0,0.9,0.8,0.7,0.6,0.4,0.8,0.7
2023-07-31,2632.58,-0.0,-1.15,1.5,2.46,0.0,-0.28,0.73,6.1,False,False,1.0,0.9,1.0,0.9,0.6,0.4,1.0,0.9
2023-08-01,2667.07,-0.18,-1.23,0.87,1.7,-0.0,-0.29,0.8,3.71,False,False,1.0,0.9,1.0,0.9,1.0,0.9,1.0,0.9
2023-08-02,2616.47,0.03,-1.17,1.02,1.67,0.0,-0.4,0.63,4.36,False,False,1.0,1.0,1.0,0.9,1.0,0.9,1.0,0.9
2023-08-03,2605.39,-0.0,-1.27,1.34,2.0,0.0,-0.28,0.59,5.27,False,False,1.0,1.0,1.0,1.0,1.0,0.9,1.0,1.0
2023-08-04,2602.8,-0.09,-1.33,0.34,0.77,0.0,-0.19,0.5,1.26,False,False,1.0,1.0,1.0,1.0,1.0,0.9,1.0,1.0
2023-08-07,2580.71,-0.07,-1.44,-0.09,0.23,0.0,-0.19,0.41,-0.67,False,False,0.9,0.8,1.0,1.0,1.0,0.9,1.0,1.0
2023-08-08,2573.98,-0.11,-1.34,-0.85,-0.91,0.0,-0.18,0.36,-4.07,False,False,0.7,0.6,0.9,0.8,0.9,0.8,0.9,0.8
2023-08-09,2605.12,-0.25,-1.41,-0.32,0.09,0.0,-0.08,0.11,-1.96,False,False,0.6,0.4,0.7,0.6,0.9,0.8,0.7,0.6
2023-08-10,2601.56,-0.44,-1.39,-1.03,-0.86,0.0,-0.28,0.15,-5.17,False,False,0.4,0.2,0.6,0.4,0.9,0.8,0.6,0.4
2023-08-11,2591.26,-0.58,-1.49,-0.81,-0.23,0.0,-0.19,0.21,-4.28,False,False,0.2,0.1,0.4,0.2,0.9,0.8,0.4,0.2
2023-08-14,2570.87,-0.73,-1.63,-0.62,0.1,0.0,-0.19,0.04,-3.89,False,False,0.1,0.0,0.2,0.1,0.9,0.8,0.2,0.1
2023-08-16,2525.64,-0.82,-1.64,-0.65,-0.16,0.0,-0.08,-0.01,-4.44,False,False,0.1,0.0,0.1,0.0,0.9,0.8,0.1,0.0
2023-08-17,2519.85,-0.86,-1.58,-0.67,-0.22,0.0,0.01,0.04,-4.56,False,False,0.0,0.0,0.1,0.0,0.9,0.8,0.1,0.0
2023-08-18,2504.5,-0.85,-1.57,0.12,0.64,0.0,0.09,0.05,-1.55,False,False,0.1,0.0,0.0,0.0,0.9,0.8,0.0,0.0
2023-08-21,2508.8,-0.86,-1.64,-1.04,-1.08,0.0,0.09,0.06,-6.12,False,False,0.1,0.0,0.1,0.0,0.9,0.8,0.1,0.0
2023-08-22,2515.74,-0.89,-1.64,-1.02,-0.61,0.0,0.09,0.05,-5.67,False,False,0.1,0.0,0.1,0.0,0.1,0.0,0.1,0.0
2023-08-23,2505.5,-0.84,-1.7,-0.61,-0.06,0.0,0.09,0.03,-4.21,False,False,0.1,0.0,0.1,0.0,0.1,0.0,0.1,0.0
2023-08-24,2537.68,-0.97,-1.6,-1.09,-0.69,0.0,0.09,-0.11,-6.05,False,False,0.1,0.0,0.1,0.0,0.1,0.0,0.1,0.0
2023-08-25,2519.14,-1.0,-1.49,-1.14,-0.75,0.0,-0.0,-0.02,-6.18,False,False,0.0,0.0,0.1,0.0,0.1,0.0,0.1,0.0
2023-08-28,2543.41,-1.3,-1.54,-0.75,-0.34,0.0,0.09,0.01,-5.62,False,False,0.0,0.0,0.0,0.0,0.1,0.0,0.0,0.0
2023-08-29,2552.16,-1.06,-1.56,-1.35,-1.14,0.0,-0.01,-0.04,-6.93,False,False,0.0,0.0,0.0,0.0,0.0,0.0,0.0,0.0
2023-08-30,2561.22,-0.94,-1.58,-0.93,-0.89,0.0,-0.09,0.05,-5.93,False,False,0.0,0.0,0.0,0.0,0.0,0.0,0.0,0.0
2023-08-31,2556.27,-0.91,-1.73,-1.34,-1.17,0.0,-0.09,0.06,-6.78,False,False,0.0,0.0,0.0,0.0,0.0,0.0,0.0,0.0
2023-09-01,2563.71,-0.64,-1.85,-1.32,-1.1,0.0,-0.09,-0.04,-6.38,False,False,0.0,0.0,0.0,0.0,0.0,0.0,0.0,0.0
2023-09-04,2584.55,-0.52,-1.73,-1.41,-1.27,0.0,-0.09,0.13,-6.41,False,False,0.0,0.0,0.0,0.0,0.0,0.0,0.0,0.0
2023-09-05,2582.18,-0.42,-1.54,-1.0,-0.96,0.0,-0.2,0.07,-5.26,False,False,0.0,0.0,0.0,0.0,0.0,0.0,0.0,0.0
2023-09-06,2563.34,-0.44,-1.58,-1.33,-1.44,0.0,-0.2,-0.34,-6.44,False,False,0.0,0.0,0.0,0.0,0.0,0.0,0.0,0.0
2023-09-07,2548.26,-0.54,-1.56,-1.42,-1.06,0.0,-0.09,-0.27,-6.32,False,False,0.0,0.0,0.0,0.0,0.0,0.0,0.0,0.0
2023-09-08,2547.68,-0.64,-1.61,-1.29,-0.83,0.0,0.0,-0.4,-6.09,False,False,0.0,0.0,0.0,0.0,0.0,0.0,0.0,0.0
2023-09-11,2556.88,-0.63,-1.62,-1.01,-0.72,0.0,0.0,-0.35,-5.48,False,False,0.0,0.0,0.0,0.0,0.0,0.0,0.0,0.0
2023-09-12,2536.58,-0.68,-1.62,-1.64,-1.33,0.0,-0.09,-0.46,-7.11,False,False,0.0,0.0,0.0,0.0,0.0,0.0,0.0,0.0
2023-09-13,2534.7,-0.54,-1.64,-1.34,-1.16,0.0,0.0,-0.48,-6.35,False,False,0.0,0.0,0.0,0.0,0.0,0.0,0.0,0.0
2023-09-14,2572.89,-0.42,-1.61,-1.62,-1.34,0.0,0.01,-0.68,-6.78,False,False,0.0,0.0,0.0,0.0,0.0,0.0,0.0,0.0
2023-09-15,2601.28,0.26,-1.77,-1.34,-1.23,0.0,-0.1,-0.58,-5.22,False,False,0.0,0.0,0.0,0.0,0.0,0.0,0.0,0.0
2023-09-18,2574.72,0.92,-1.7,-1.26,-1.13,0.0,-0.22,-0.56,-3.62,False,False,0.0,0.0,0.0,0.0,0.0,0.0,0.0,0.0
2023-09-19,2559.21,0.93,-1.84,-2.57,-2.46,0.0,-0.1,-0.63,-7.2,False,False,0.0,0.0,0.0,0.0,0.0,0.0,0.0,0.0
2023-09-20,2559.74,0.74,-1.78,-1.64,-1.25,0.0,-0.2,-0.52,-4.92,False,False,0.0,0.0,0.0,0.0,0.0,0.0,0.0,0.0
2023-09-21,2514.97,0.81,-1.78,-1.32,-0.96,0.0,-0.2,-0.51,-3.76,False,False,0.0,0.0,0.0,0.0,0.0,0.0,0.0,0.0
2023-09-22,2508.13,0.35,-1.79,-1.25,-0.86,0.0,-0.03,-0.58,-4.42,False,False,0.0,0.0,0.0,0.0,0.0,0.0,0.0,0.0
2023-09-25,2495.76,0.32,-1.76,-1.03,-0.43,0.0,-0.03,-0.46,-3.41,False,False,0.0,0.0,0.0,0.0,0.0,0.0,0.0,0.0
2023-09-26,2462.97,0.31,-1.76,-2.02,-1.22,0.0,0.04,-0.36,-6.13,False,False,0.0,0.0,0.0,0.0,0.0,0.0,0.0,0.0
2023-09-27,2465.07,-0.01,-1.72,-1.85,-1.06,0.0,0.12,-0.55,-6.23,False,False,0.0,0.0,0.0,0.0,0.0,0.0,0.0,0.0
2023-10-04,2405.69,-0.13,-1.7,0.03,0.69,0.0,0.12,-0.67,-0.33,False,False,0.2,0.1,0.0,0.0,0.0,0.0,0.0,0.0
2023-10-05,2403.6,-0.45,-1.73,-0.83,-0.26,0.0,0.37,-0.57,-4.26,False,False,0.2,0.1,0.2,0.1,0.0,0.0,0.2,0.1
2023-10-06,2408.73,-0.35,-1.88,0.36,1.05,0.0,0.37,-0.46,0.64,False,False,0.4,0.2,0.2,0.1,0.0,0.0,0.2,0.1
2023-10-10,2402.58,-0.28,-2.03,-0.11,0.58,0.0,0.35,-0.37,-1.14,False,False,0.5,0.3,0.4,0.2,0.4,0.2,0.4,0.2
2023-10-11,2450.08,-0.05,-2.1,-1.44,-0.9,0.31,0.36,-0.56,-5.07,False,False,0.5,0.3,0.5,0.3,0.4,0.2,0.5,0.3
2023-10-12,2479.82,0.45,-2.09,-2.11,-1.95,0.43,0.12,-0.59,-6.35,False,False,0.3,0.2,0.5,0.3,0.4,0.2,0.5,0.3
2023-10-13,2456.15,0.78,-2.1,-1.16,-0.61,0.52,0.04,-0.52,-2.09,False,False,0.4,0.2,0.3,0.2,0.4,0.2,0.3,0.2
2023-10-16,2436.24,0.65,-2.04,-0.08,0.36,0.56,0.12,-0.69,1.75,False,False,0.4,0.2,0.4,0.2,0.4,0.2,0.4,0.2
2023-10-17,2460.17,0.77,-2.08,0.24,0.75,0.62,0.23,-0.68,3.47,False,False,0.5,0.4,0.4,0.2,0.4,0.2,0.4,0.2
2023-10-18,2462.6,0.7,-1.86,-0.29,0.42,0.62,0.11,-0.68,1.67,False,False,0.7,0.6,0.5,0.4,0.4,0.2,0.5,0.4
2023-10-19,2415.8,0.62,-1.79,-1.14,-0.59,0.69,0.11,-0.82,-2.05,False,False,0.7,0.6,0.7,0.6,0.4,0.2,0.7,0.6
2023-10-20,2375.0,0.01,-1.73,-0.8,-0.06,0.7,0.26,-0.99,-1.86,False,False,0.7,0.6,0.7,0.6,0.4,0.2,0.7,0.6
2023-10-23,2357.02,-0.6,-1.69,-0.54,0.14,0.7,0.45,-1.19,-2.4,False,False,0.6,0.4,0.7,0.6,0.4,0.2,0.7,0.6
2023-10-24,2383.51,-0.74,-1.74,-0.83,-0.67,0.91,0.45,-1.2,-4.09,False,False,0.4,0.2,0.6,0.4,0.6,0.4,0.6,0.4
2023-10-25,2363.17,-0.54,-1.76,0.06,0.59,0.96,0.38,-1.13,0.37,False,False,0.4,0.1,0.4,0.2,0.6,0.4,0.4,0.2
2023-10-26,2299.08,-0.54,-1.79,0.06,0.62,1.38,0.45,-1.27,1.17,False,False,0.5,0.3,0.4,0.1,0.6,0.4,0.4,0.1
2023-10-27,2302.81,-0.14,-1.89,0.02,0.53,1.43,0.58,-1.32,2.01,False,False,0.6,0.5,0.5,0.3,0.6,0.4,0.5,0.3
2023-10-30,2310.55,0.09,-1.96,1.14,1.74,1.49,0.55,-1.24,6.26,False,False,0.8,0.7,0.6,0.5,0.6,0.4,0.6,0.5
2023-10-31,2277.99,0.07,-1.91,0.74,0.98,1.54,0.54,-0.94,4.94,False,False,1.0,0.9,0.8,0.7,0.8,0.7,0.8,0.7
2023-11-01,2301.56,0.26,-1.96,0.5,0.69,1.69,0.58,-1.04,4.71,False,False,1.0,1.0,1.0,0.9,0.8,0.7,1.0,0.9
2023-11-02,2343.12,0.57,-1.85,0.29,0.52,1.58,0.55,-1.19,4.5,False,False,1.0,1.0,1.0,1.0,0.8,0.7,1.0,1.0
2023-11-03,2368.34,0.9,-1.64,0.22,0.32,1.66,0.5,-0.83,5.09,False,False,1.0,1.0,1.0,1.0,0.8,0.7,1.0,1.0
2023-11-06,2502.37,0.88,-1.56,-0.51,-0.56,1.94,0.44,-0.53,3.03,False,False,1.0,1.0,1.0,1.0,0.8,0.7,1.0,1.0
2023-11-07,2443.96,1.02,-1.26,-0.49,-0.56,2.34,-0.06,-0.39,4.05,True,False,0.9,0.8,1.0,1.0,1.0,1.0,1.0,1.0
2023-11-08,2421.62,0.58,-1.06,1.09,0.95,2.19,0.11,-0.57,7.27,False,False,0.9,0.8,0.9,0.8,1.0,1.0,0.9,0.8
2023-11-09,2427.08,0.31,-1.06,1.07,0.79,2.08,0.24,-0.47,6.73,False,False,0.9,0.8,0.9,0.8,1.0,1.0,0.9,0.8
2023-11-10,2409.66,0.42,-0.95,0.75,0.37,2.2,0.23,-0.35,6.27,False,False,0.9,0.8,0.9,0.8,1.0,1.0,0.9,0.8
2023-11-13,2403.76,0.64,-0.89,0.51,0.53,2.24,0.25,-0.37,6.44,False,False,0.9,0.8,0.9,0.8,1.0,1.0,0.9,0.8
2023-11-14,2433.25,0.7,-0.81,1.05,1.14,2.03,0.35,-0.32,7.51,False,False,1.0,1.0,0.9,0.8,0.9,0.8,0.9,0.8
2023-11-15,2486.67,1.26,-0.94,1.12,1.36,1.54,0.12,-0.38,7.8,False,False,1.0,1.0,1.0,1.0,0.9,0.8,1.0,1.0
2023-11-16,2488.18,2.1,-0.82,0.8,1.06,1.49,-0.0,0.16,8.18,False,False,1.0,1.0,1.0,1.0,0.9,0.8,1.0,1.0
2023-11-17,2469.85,2.23,-0.68,1.36,1.74,1.68,-0.07,0.13,8.99,False,False,1.0,1.0,1.0,1.0,0.9,0.8,1.0,1.0
2023-11-20,2491.2,2.15,-0.72,1.23,1.69,1.45,0.01,0.13,8.76,False,False,1.0,1.0,1.0,1.0,0.9,0.8,1.0,1.0
2023-11-21,2510.42,2.39,-0.61,1.31,1.72,1.23,-0.07,0.3,8.88,False,False,1.0,1.0,1.0,1.0,1.0,1.0,1.0,1.0
2023-11-22,2511.7,2.52,-0.44,1.28,1.63,1.17,-0.08,0.44,8.9,False,False,1.0,1.0,1.0,1.0,1.0,1.0,1.0,1.0
2023-11-23,2514.96,2.51,-0.32,1.46,1.78,0.92,-0.16,0.36,8.93,False,False,1.0,1.0,1.0,1.0,1.0,1.0,1.0,1.0
2023-11-24,2496.63,2.44,-0.17,1.1,1.12,1.1,-0.16,0.32,8.55,False,False,1.0,1.0,1.0,1.0,1.0,1.0,1.0,1.0
2023-11-27,2495.66,2.45,-0.14,1.15,1.46,1.1,-0.07,0.3,8.72,False,False,1.0,1.0,1.0,1.0,1.0,1.0,1.0,1.0
2023-11-28,2521.76,2.53,-0.16,1.32,1.8,0.79,-0.07,0.36,8.85,False,False,1.0,1.0,1.0,1.0,1.0,1.0,1.0,1.0
2023-11-29,2519.81,2.75,-0.12,1.34,1.7,0.8,-0.16,0.35,8.94,False,False,1.0,1.0,1.0,1.0,1.0,1.0,1.0,1.0
2023-11-30,2535.29,2.51,-0.07,1.62,2.11,0.62,-0.16,0.48,9.03,False,False,1.0,1.0,1.0,1.0,1.0,1.0,1.0,1.0
2023-12-01,2505.01,2.47,-0.09,1.34,1.87,0.91,-0.16,0.15,8.88,False,False,1.0,1.0,1.0,1.0,1.0,1.0,1.0,1.0
2023-12-04,2514.95,2.19,-0.15,1.45,1.81,0.04,-0.07,0.05,8.28,False,False,1.0,1.0,1.0,1.0,1.0,1.0,1.0,1.0
2023-12-05,2494.28,2.13,-0.18,1.61,2.12,0.0,-0.16,0.11,8.46,False,False,1.0,1.0,1.0,1.0,1.0,1.0,1.0,1.0
2023-12-06,2495.38,2.13,-0.23,1.26,1.55,0.0,-0.06,-0.02,7.88,False,False,1.0,1.0,1.0,1.0,1.0,1.0,1.0,1.0
2023-12-07,2492.07,2.18,-0.26,0.99,1.55,0.0,-0.06,-0.06,7.64,False,False,1.0,1.0,1.0,1.0,1.0,1.0,1.0,1.0
2023-12-08,2517.85,1.98,-0.28,1.6,2.09,0.0,-0.06,-0.11,8.3,False,False,1.0,1.0,1.0,1.0,1.0,1.0,1.0,1.0
2023-12-11,2525.36,2.29,-0.27,2.15,2.58,0.0,-0.16,-0.09,8.99,False,False,1.0,1.0,1.0,1.0,1.0,1.0,1.0,1.0
2023-12-12,2535.27,2.34,-0.32,1.07,1.39,0.0,-0.16,-0.22,7.73,False,False,1.0,1.0,1.0,1.0,1.0,1.0,1.0,1.0
2023-12-13,2510.66,2.46,-0.3,1.23,1.59,0.0,-0.16,0.15,8.16,False,False,1.0,1.0,1.0,1.0,1.0,1.0,1.0,1.0
2023-12-14,2544.18,2.16,-0.44,1.85,2.39,0.0,-0.07,-0.0,8.71,False,False,1.0,1.0,1.0,1.0,1.0,1.0,1.0,1.0
2023-12-15,2563.56,2.37,-0.34,1.98,2.5,0.0,-0.25,0.41,8.96,False,False,1.0,1.0,1.0,1.0,1.0,1.0,1.0,1.0
2023-12-18,2566.86,2.5,-0.03,2.2,2.49,0.0,-0.34,0.29,9.13,False,False,1.0,1.0,1.0,1.0,1.0,1.0,1.0,1.0
2023-12-19,2568.55,2.28,-0.04,1.29,1.96,0.0,-0.34,0.23,8.27,False,False,1.0,1.0,1.0,1.0,1.0,1.0,1.0,1.0
2023-12-20,2614.3,2.26,-0.1,1.74,2.13,-0.0,-0.34,0.15,8.63,False,False,1.0,1.0,1.0,1.0,1.0,1.0,1.0,1.0
2023-12-21,2600.02,2.6,-0.01,2.87,3.0,0.0,-0.33,0.19,9.48,False,False,1.0,1.0,1.0,1.0,1.0,1.0,1.0,1.0
2023-12-22,2599.51,2.56,0.03,2.41,2.7,0.0,-0.23,0.15,9.28,False,False,1.0,1.0,1.0,1.0,1.0,1.0,1.0,1.0
2023-12-26,2602.59,2.41,0.05,2.19,2.47,0.0,-0.23,0.27,9.09,False,False,1.0,1.0,1.0,1.0,1.0,1.0,1.0,1.0
2023-12-27,2613.5,2.73,0.13,2.58,3.0,0.0,-0.32,0.24,9.45,False,False,1.0,1.0,1.0,1.0,1.0,1.0,1.0,1.0
2023-12-28,2655.28,2.39,0.21,2.71,3.0,-0.0,-0.33,0.26,9.39,False,False,1.0,1.0,1.0,1.0,1.0,1.0,1.0,1.0
2024-01-02,2669.81,2.66,0.41,3.0,3.0,-0.0,-0.52,0.42,9.55,False,False,1.0,1.0,1.0,1.0,1.0,1.0,1.0,1.0
2024-01-03,2607.31,2.65,0.46,2.62,2.97,0.0,-0.59,0.24,9.43,False,False,1.0,1.0,1.0,1.0,1.0,1.0,1.0,1.0
2024-01-04,2587.02,2.27,0.47,3.0,3.0,0.03,-0.32,0.16,9.46,False,False,1.0,1.0,1.0,1.0,1.0,1.0,1.0,1.0
2024-01-05,2578.08,1.85,0.47,3.0,3.0,0.0,-0.31,0.27,9.34,False,False,1.0,1.0,1.0,1.0,1.0,1.0,1.0,1.0
2024-01-08,2567.82,1.72,0.46,2.69,3.0,0.02,-0.21,0.29,9.19,False,False,1.0,1.0,1.0,1.0,1.0,1.0,1.0,1.0
2024-01-09,2561.24,1.47,0.54,1.4,1.37,0.02,-0.21,0.33,7.44,False,False,1.0,1.0,1.0,1.0,1.0,1.0,1.0,1.0
2024-01-10,2541.98,1.55,0.59,1.35,1.67,0.01,-0.2,0.39,7.69,False,False,1.0,1.0,1.0,1.0,1.0,1.0,1.0,1.0
2024-01-11,2540.27,1.37,0.57,1.05,0.97,0.01,-0.1,0.32,6.6,False,False,1.0,1.0,1.0,1.0,1.0,1.0,1.0,1.0
2024-01-12,2525.05,0.03,1.23,0.61,0.82,0.03,-0.1,0.36,3.45,False,False,1.0,1.0,1.0,1.0,1.0,1.0,1.0,1.0
2024-01-15,2525.99,-0.29,1.17,1.73,2.26,0.0,-0.0,0.4,6.51,False,False,1.0,1.0,1.0,1.0,1.0,1.0,1.0,1.0
2024-01-16,2497.59,-0.38,1.18,1.05,1.67,0.0,-0.0,0.18,4.52,False,False,1.0,1.0,1.0,1.0,1.0,1.0,1.0,1.0
2024-01-17,2435.9,-0.76,1.05,1.23,1.74,0.24,0.1,-0.08,4.46,False,False,1.0,1.0,1.0,1.0,1.0,1.0,1.0,1.0
2024-01-18,2440.04,-0.79,0.67,0.37,0.53,0.24,0.34,0.03,0.76,False,False,1.0,0.9,1.0,1.0,1.0,1.0,1.0,1.0
2024-01-19,2472.74,-0.75,0.65,0.23,0.32,0.36,0.34,0.17,0.49,False,False,1.0,0.9,1.0,0.9,1.0,1.0,1.0,0.9
2024-01-22,2464.35,-0.82,0.81,0.17,0.56,0.12,0.22,0.23,0.09,False,False,1.0,0.8,1.0,0.9,1.0,1.0,1.0,0.9
2024-01-23,2478.61,-1.1,0.79,0.6,1.15,0.16,0.23,0.15,1.37,False,False,1.0,0.8,1.0,0.8,1.0,0.8,1.0,0.8
2024-01-24,2469.69,-0.97,0.84,0.93,1.39,0.16,0.13,0.29,2.85,False,False,1.0,0.8,1.0,0.8,1.0,0.8,1.0,0.8
2024-01-25,2470.34,-1.03,0.86,0.96,1.28,0.16,0.22,0.27,2.67,False,False,1.0,0.8,1.0,0.8,1.0,0.8,1.0,0.8
2024-01-26,2478.56,-1.15,0.89,0.72,0.93,0.15,0.22,0.23,1.27,False,False,1.0,0.9,1.0,0.8,1.0,0.8,1.0,0.8
2024-01-29,2500.65,-1.07,0.99,0.86,0.89,0.01,0.13,0.14,1.47,False,False,1.0,0.9,1.0,0.9,1.0,0.8,1.0,0.9
2024-01-30,2498.81,-1.1,1.07,0.34,0.5,0.0,0.02,0.23,-0.47,False,False,1.0,0.8,1.0,0.9,1.0,0.9,1.0,0.9
2024-01-31,2497.09,-1.04,1.09,1.36,1.39,0.0,0.02,0.48,3.5,False,False,1.0,0.8,1.0,0.8,1.0,0.9,1.0,0.8
2024-02-01,2542.46,-0.78,1.18,0.81,0.48,0.0,0.03,0.44,1.59,False,False,1.0,0.8,1.0,0.8,1.0,0.9,1.0,0.8
2024-02-02,2615.31,-0.48,1.46,0.67,0.38,0.15,-0.1,0.31,2.14,False,False,1.0,0.9,1.0,0.8,1.0,0.9,1.0,0.8
2024-02-05,2591.31,-0.07,2.04,1.18,0.91,0.23,-0.43,0.55,5.15,False,False,1.0,0.9,1.0,0.9,1.0,0.9,1.0,0.9
2024-02-06,2576.2,-0.3,2.03,0.93,0.78,0.28,-0.31,0.47,4.13,False,False,1.0,1.0,1.0,0.9,1.0,0.9,1.0,0.9
2024-02-07,2609.58,-0.41,2.09,0.97,0.78,0.2,-0.3,0.1,3.74,False,False,1.0,1.0,1.0,1.0,1.0,0.9,1.0,1.0
2024-02-08,2620.32,-0.17,2.21,1.74,1.64,0.17,-0.43,-0.24,6.35,False,False,1.0,1.0,1.0,1.0,1.0,0.9,1.0,1.0
2024-02-13,2649.64,0.54,1.86,1.13,1.05,0.07,-0.43,-0.59,5.58,False,False,1.0,1.0,1.0,1.0,1.0,1.0,1.0,1.0
2024-02-14,2620.42,0.81,2.1,0.49,-0.05,0.2,-0.52,-0.31,3.97,False,False,1.0,1.0,1.0,1.0,1.0,1.0,1.0,1.0
2024-02-15,2613.8,0.58,2.13,1.13,0.46,0.19,-0.42,-0.27,5.41,False,False,1.0,1.0,1.0,1.0,1.0,1.0,1.0,1.0
2024-02-16,2648.76,0.63,2.11,1.24,0.62,0.02,-0.42,-0.25,5.62,False,False,1.0,1.0,1.0,1.0,1.0,1.0,1.0,1.0
2024-02-19,2680.26,0.74,2.41,1.53,1.17,-0.0,-0.52,-0.13,6.81,False,False,1.0,1.0,1.0,1.0,1.0,1.0,1.0,1.0
2024-02-20,2657.79,0.89,2.58,1.36,0.86,0.03,-0.59,-0.03,6.62,False,False,1.0,1.0,1.0,1.0,1.0,1.0,1.0,1.0
2024-02-21,2653.31,0.71,2.46,1.26,0.82,0.03,-0.58,0.03,6.15,False,False,1.0,1.0,1.0,1.0,1.0,1.0,1.0,1.0
2024-02-22,2664.27,0.59,2.32,1.23,0.93,0.02,-0.52,-0.63,5.77,False,False,1.0,1.0,1.0,1.0,1.0,1.0,1.0,1.0
2024-02-23,2667.7,0.57,2.26,1.13,0.69,0.01,-0.58,-0.56,5.29,False,False,1.0,1.0,1.0,1.0,1.0,1.0,1.0,1.0
2024-02-26,2647.08,0.6,2.26,0.97,0.65,0.05,-0.58,-0.66,5.01,False,False,1.0,1.0,1.0,1.0,1.0,1.0,1.0,1.0
2024-02-27,2625.05,0.45,2.23,0.83,0.47,0.11,-0.51,-0.67,4.33,False,False,1.0,1.0,1.0,1.0,1.0,1.0,1.0,1.0
2024-02-28,2652.29,0.4,2.08,1.06,0.69,0.06,-0.41,-0.72,4.85,False,False,1.0,1.0,1.0,1.0,1.0,1.0,1.0,1.0
2024-02-29,2642.36,0.39,2.08,1.32,0.86,0.08,-0.51,-0.63,5.52,False,False,1.0,1.0,1.0,1.0,1.0,1.0,1.0,1.0
2024-03-04,2674.27,0.19,2.06,1.0,0.56,0.01,-0.5,-0.57,4.07,False,False,1.0,1.0,1.0,1.0,1.0,1.0,1.0,1.0
2024-03-05,2649.4,0.19,2.2,1.0,0.67,0.06,-0.59,-0.35,4.4,False,False,1.0,1.0,1.0,1.0,1.0,1.0,1.0,1.0
2024-03-06,2641.49,-0.08,2.05,1.94,1.65,0.0,-0.51,-0.57,6.41,False,False,1.0,1.0,1.0,1.0,1.0,1.0,1.0,1.0
2024-03-07,2647.62,-0.36,1.67,1.09,0.71,0.0,-0.5,-0.6,3.06,False,False,1.0,1.0,1.0,1.0,1.0,1.0,1.0,1.0
2024-03-08,2680.35,-0.22,1.54,0.99,0.54,-0.0,-0.5,-0.6,2.88,False,False,1.0,1.0,1.0,1.0,1.0,1.0,1.0,1.0
2024-03-11,2659.84,0.02,1.51,0.71,0.41,0.0,-0.59,-0.2,2.73,False,False,1.0,1.0,1.0,1.0,1.0,1.0,1.0,1.0
2024-03-12,2681.81,-0.08,1.42,0.07,-0.29,-0.0,-0.58,0.2,0.07,False,False,1.0,0.9,1.0,1.0,1.0,1.0,1.0,1.0
2024-03-13,2693.57,0.0,1.24,0.24,-0.14,-0.0,-0.59,0.11,0.79,False,False,1.0,0.9,1.0,0.9,1.0,1.0,1.0,0.9
2024-03-14,2718.76,-0.11,1.16,0.51,0.16,-0.0,-0.64,0.3,1.62,False,False,1.0,0.8,1.0,0.9,1.0,1.0,1.0,0.9
2024-03-15,2666.84,0.02,1.24,0.33,0.19,0.0,-0.67,0.23,1.54,False,False,1.0,0.8,1.0,0.8,1.0,1.0,1.0,0.8
2024-03-18,2685.84,0.04,0.97,0.19,-0.19,0.0,-0.57,0.05,0.5,False,False,1.0,0.8,1.0,0.8,1.0,1.0,1.0,0.8
2024-03-19,2656.17,-0.01,0.83,-0.16,-0.73,0.0,-0.63,-0.24,-1.52,False,False,0.9,0.7,1.0,0.8,1.0,0.8,1.0,0.8
2024-03-20,2690.14,-0.36,0.67,0.04,-0.19,0.0,-0.56,-0.12,-1.11,False,False,0.8,0.6,0.9,0.7,1.0,0.8,0.9,0.7
2024-03-21,2754.86,-0.18,0.83,-0.5,-0.7,-0.0,-0.63,-0.42,-2.78,False,False,0.6,0.4,0.8,0.6,1.0,0.8,0.8,0.6
2024-03-22,2748.56,0.13,1.25,-0.38,-0.77,0.01,-0.69,0.09,-1.4,False,False,0.5,0.2,0.6,0.4,1.0,0.8,0.6,0.4
2024-03-25,2737.57,-0.04,1.32,-0.62,-1.04,0.03,-0.69,-0.88,-3.15,False,False,0.3,0.1,0.5,0.2,1.0,0.8,0.5,0.2
2024-03-26,2757.09,-0.17,1.21,-0.95,-1.46,-0.0,-0.69,-0.67,-4.67,False,False,0.2,0.0,0.3,0.1,0.3,0.1,0.3,0.1
2024-03-27,2755.11,0.03,1.31,0.56,0.33,0.0,-0.69,-0.66,1.94,False,False,0.3,0.2,0.2,0.0,0.3,0.1,0.2,0.0
2024-03-28,2745.82,0.08,1.36,0.29,-0.21,0.01,-0.69,-0.78,0.59,False,False,0.5,0.4,0.3,0.2,0.3,0.1,0.3,0.2
2024-03-29,2746.63,-0.18,1.25,-0.24,-1.22,0.01,-0.68,-0.79,-2.88,False,False,0.4,0.3,0.5,0.4,0.3,0.1,0.5,0.4
2024-04-01,2747.86,-0.18,1.39,0.14,-0.68,0.01,-0.68,-0.77,-1.12,False,False,0.5,0.4,0.4,0.3,0.3,0.1,0.4,0.3
2024-04-02,2753.16,-0.21,1.33,0.34,-0.41,0.0,-0.68,-0.91,-0.41,False,False,0.7,0.4,0.5,0.4,0.5,0.4,0.5,0.4
2024-04-03,2706.97,-0.35,1.52,1.01,0.12,0.07,-0.68,-0.97,1.87,False,False,0.7,0.4,0.7,0.4,0.5,0.4,0.7,0.4
2024-04-04,2742.0,-0.47,1.53,0.33,-0.62,0.03,-0.61,-0.99,-1.24,False,False,0.6,0.3,0.7,0.4,0.5,0.4,0.7,0.4
2024-04-05,2714.21,-0.56,1.64,-0.13,-1.37,0.08,-0.68,-1.14,-3.54,False,False,0.6,0.3,0.6,0.3,0.5,0.4,0.6,0.3
2024-04-08,2717.65,-0.85,1.55,0.05,-0.9,0.06,-0.64,-0.52,-2.94,False,False,0.5,0.3,0.6,0.3,0.5,0.4,0.6,0.3
2024-04-09,2705.16,-0.69,1.6,-1.27,-2.57,0.08,-0.64,-0.71,-6.91,False,False,0.3,0.2,0.5,0.3,0.5,0.3,0.5,0.3
2024-04-11,2706.96,-0.77,1.69,-0.51,-1.78,0.07,-0.6,-0.69,-5.02,False,False,0.1,0.0,0.3,0.2,0.5,0.3,0.3,0.2
2024-04-12,2681.82,-1.01,1.84,-0.35,-1.26,0.1,-0.6,-0.85,-4.56,False,False,0.0,0.0,0.1,0.0,0.5,0.3,0.1,0.0
2024-04-15,2670.43,-1.18,1.75,0.21,-0.38,0.0,-0.59,-1.05,-2.87,False,False,0.0,0.0,0.0,0.0,0.5,0.3,0.0,0.0
2024-04-16,2609.63,-1.17,1.84,0.24,-0.21,0.22,-0.53,-1.15,-2.1,False,False,0.1,0.0,0.0,0.0,0.0,0.0,0.0,0.0
2024-04-17,2584.18,-1.25,1.76,0.71,0.2,0.23,-0.33,-1.37,-0.58,False,False,0.2,0.1,0.1,0.0,0.0,0.0,0.1,0.0
2024-04-18,2634.7,-0.78,1.6,1.14,0.94,0.27,-0.22,-1.26,2.82,False,False,0.4,0.3,0.2,0.1,0.0,0.0,0.2,0.1
2024-04-19,2591.86,-0.85,1.6,0.12,-0.43,0.09,-0.43,-1.03,-2.19,False,False,0.5,0.3,0.4,0.3,0.0,0.0,0.4,0.3
2024-04-22,2629.44,-1.26,1.24,0.54,0.28,0.2,-0.22,-0.97,-0.97,False,False,0.6,0.3,0.5,0.3,0.0,0.0,0.5,0.3
2024-04-23,2623.02,-0.92,0.99,0.63,0.24,0.2,-0.43,-0.64,0.0,False,False,0.7,0.4,0.6,0.3,0.6,0.3,0.6,0.3
2024-04-24,2675.75,-0.83,1.05,1.14,0.98,0.24,-0.33,-0.4,2.8,False,False,0.8,0.5,0.7,0.4,0.6,0.3,0.7,0.4
2024-04-25,2628.62,-0.8,1.06,0.97,0.85,0.44,-0.53,-0.5,2.54,False,False,0.8,0.5,0.8,0.5,0.6,0.3,0.8,0.5
2024-04-26,2656.33,-0.97,0.91,0.81,0.84,0.4,-0.33,-0.59,1.64,False,False,0.9,0.7,0.8,0.5,0.6,0.3,0.8,0.5
2024-04-29,2687.44,-0.9,0.98,0.91,0.82,0.32,-0.52,-0.52,1.83,False,False,1.0,0.9,0.9,0.7,0.6,0.3,0.9,0.7
2024-04-30,2692.06,-0.76,0.92,0.98,0.72,0.3,-0.59,-0.58,2.06,False,False,1.0,1.0,1.0,0.9,1.0,0.9,1.0,0.9
2024-05-02,2683.65,-0.65,0.91,0.9,0.58,0.33,-0.59,-0.8,1.87,False,False,1.0,1.0,1.0,1.0,1.0,0.9,1.0,1.0
2024-05-03,2676.63,-0.67,0.76,1.07,0.83,0.29,-0.55,-0.56,2.58,False,False,1.0,1.0,1.0,1.0,1.0,0.9,1.0,1.0
2024-05-07,2734.36,-0.55,0.75,1.35,0.99,0.11,-0.55,-0.25,3.51,False,False,1.0,1.0,1.0,1.0,1.0,1.0,1.0,1.0
2024-05-08,2745.05,-0.33,0.86,0.8,0.7,0.05,-0.65,-0.22,2.28,False,False,1.0,1.0,1.0,1.0,1.0,1.0,1.0,1.0
2024-05-09,2712.14,-0.25,0.96,0.18,-0.41,0.21,-0.68,-0.54,-0.49,False,False,1.0,0.9,1.0,1.0,1.0,1.0,1.0,1.0
2024-05-10,2727.63,-0.25,0.83,-0.1,-0.55,0.14,-0.65,-0.63,-1.63,False,False,0.8,0.7,1.0,0.9,1.0,1.0,1.0,0.9
2024-05-13,2727.21,-0.1,0.75,0.46,0.04,0.14,-0.65,-0.5,1.01,False,False,0.8,0.6,0.8,0.7,1.0,1.0,0.8,0.7
2024-05-14,2730.34,0.02,0.47,0.19,-0.44,0.12,-0.65,-0.81,-0.39,False,False,0.8,0.5,0.8,0.6,0.8,0.6,0.8,0.6
2024-05-16,2753.0,0.28,0.47,0.13,-0.34,0.02,-0.65,-0.55,0.19,False,False,0.8,0.4,0.8,0.5,0.8,0.6,0.8,0.5
2024-05-17,2724.62,0.5,0.57,0.13,-0.37,0.09,-0.68,-0.17,1.07,False,False,0.8,0.5,0.8,0.4,0.8,0.6,0.8,0.4
2024-05-20,2742.14,0.41,0.53,0.04,-0.8,0.04,-0.64,-0.5,-0.32,False,False,0.9,0.6,0.8,0.5,0.8,0.6,0.8,0.5
2024-05-21,2724.18,0.53,0.52,0.15,-0.39,0.05,-0.68,-0.46,0.91,False,False,0.9,0.6,0.9,0.6,0.9,0.6,0.9,0.6
2024-05-22,2723.46,0.35,0.35,0.36,-0.07,0.01,-0.64,-0.61,1.23,False,False,1.0,0.7,0.9,0.6,0.9,0.6,0.9,0.6
2024-05-23,2721.81,0.54,0.46,-0.19,-0.92,0.0,-0.64,-0.63,-0.93,False,False,0.9,0.6,1.0,0.7,0.9,0.6,1.0,0.7
2024-05-24,2687.6,0.27,0.65,-0.36,-1.1,0.03,-0.63,-0.53,-2.04,False,False,0.7,0.5,0.9,0.6,0.9,0.6,0.9,0.6
2024-05-27,2722.99,-0.09,0.54,-0.21,-1.02,0.0,-0.58,-0.62,-2.56,False,False,0.6,0.4,0.7,0.5,0.9,0.6,0.7,0.5
2024-05-28,2722.85,-0.11,0.38,-0.29,-1.06,0.0,-0.63,-0.49,-2.89,False,False,0.4,0.2,0.6,0.4,0.6,0.4,0.6,0.4
2024-05-29,2677.3,0.06,0.42,0.11,-0.64,0.0,-0.63,-0.39,-0.83,False,False,0.3,0.1,0.4,0.2,0.6,0.4,0.4,0.2
2024-05-30,2635.44,-0.05,0.13,-0.02,-0.7,0.0,-0.52,-0.66,-1.73,False,False,0.3,0.0,0.3,0.1,0.6,0.4,0.3,0.1
2024-05-31,2636.52,-0.26,-0.09,-0.36,-1.0,0.0,-0.44,-1.12,-3.69,False,False,0.2,0.0,0.3,0.0,0.6,0.4,0.3,0.0
2024-06-03,2682.52,0.03,-0.4,0.0,-0.57,0.04,-0.44,-1.21,-1.69,False,False,0.3,0.0,0.2,0.0,0.6,0.4,0.2,0.0
2024-06-04,2662.1,0.13,-0.37,-0.57,-1.02,0.07,-0.51,-1.01,-3.3,False,False,0.3,0.0,0.3,0.0,0.3,0.0,0.3,0.0
2024-06-05,2689.5,0.04,-0.42,-0.69,-1.22,0.0,-0.51,-0.98,-4.13,False,False,0.2,0.0,0.3,0.0,0.3,0.0,0.3,0.0
2024-06-07,2722.67,-0.17,-0.48,-1.18,-1.74,0.0,-0.58,-0.67,-5.94,False,False,0.1,0.0,0.2,0.0,0.3,0.0,0.2,0.0
2024-06-10,2701.17,-0.06,-0.48,-0.86,-1.34,0.0,-0.63,-0.55,-4.72,False,False,0.1,0.0,0.1,0.0,0.3,0.0,0.1,0.0
2024-06-11,2705.32,-0.22,-0.47,-1.0,-1.42,0.0,-0.58,-0.91,-5.49,False,False,0.0,0.0,0.1,0.0,0.1,0.0,0.1,0.0
2024-06-12,2728.17,-0.25,-0.53,-1.13,-1.95,0.0,-0.57,-0.92,-6.28,False,False,0.0,0.0,0.0,0.0,0.1,0.0,0.0,0.0
2024-06-13,2754.89,-0.22,-0.46,-0.72,-1.26,0.0,-0.63,-0.87,-4.8,False,False,0.0,0.0,0.0,0.0,0.1,0.0,0.0,0.0
2024-06-14,2758.42,-0.26,-0.16,-0.9,-1.39,-0.0,-0.68,-0.99,-5.3,False,False,0.0,0.0,0.0,0.0,0.1,0.0,0.0,0.0
2024-06-17,2744.1,-0.57,-0.09,-0.4,-0.8,0.0,-0.68,-1.55,-4.43,False,False,0.0,0.0,0.0,0.0,0.1,0.0,0.0,0.0
2024-06-18,2763.92,-0.56,-0.08,-0.38,-0.51,-0.0,-0.41,-1.67,-3.95,False,False,0.0,0.0,0.0,0.0,0.0,0.0,0.0,0.0
2024-06-19,2797.33,-0.74,0.06,-0.23,-0.47,-0.0,-0.48,-1.68,-3.96,False,False,0.0,0.0,0.0,0.0,0.0,0.0,0.0,0.0
2024-06-20,2807.63,-0.51,0.11,-0.33,-0.67,-0.0,-0.55,-1.47,-3.86,False,False,0.0,0.0,0.0,0.0,0.0,0.0,0.0,0.0
2024-06-21,2784.26,-0.48,0.13,-0.5,-0.64,0.0,-0.56,-1.55,-4.13,False,False,0.0,0.0,0.0,0.0,0.0,0.0,0.0,0.0
2024-06-24,2764.73,-0.42,0.08,-0.47,-0.65,0.0,-0.53,-1.25,-3.84,False,False,0.0,0.0,0.0,0.0,0.0,0.0,0.0,0.0
2024-06-25,2774.39,-0.29,0.03,-0.29,-0.42,0.0,-0.47,-1.12,-2.79,False,False,0.0,0.0,0.0,0.0,0.0,0.0,0.0,0.0
2024-06-26,2792.05,-0.18,0.08,-0.08,-0.18,0.0,-0.48,-1.06,-1.63,False,False,0.1,0.0,0.0,0.0,0.0,0.0,0.0,0.0
2024-06-27,2784.06,-0.36,0.1,0.14,0.26,0.0,-0.54,-1.01,-0.87,False,False,0.2,0.0,0.1,0.0,0.0,0.0,0.1,0.0
2024-06-28,2797.82,-0.66,0.23,-0.18,-0.16,0.0,-0.53,-1.19,-2.99,False,False,0.2,0.0,0.2,0.0,0.0,0.0,0.2,0.0
2024-07-01,2804.31,-0.5,0.3,0.33,0.39,0.0,-0.54,-0.54,-0.24,False,False,0.4,0.1,0.2,0.0,0.0,0.0,0.2,0.0
2024-07-02,2780.86,-0.62,0.47,0.4,0.53,0.0,-0.55,-0.71,-0.14,False,False,0.5,0.2,0.4,0.1,0.4,0.1,0.4,0.1
2024-07-03,2794.01,-0.82,0.41,0.45,0.05,0.0,-0.53,-0.84,-1.32,False,False,0.6,0.2,0.5,0.2,0.4,0.1,0.5,0.2
2024-07-04,2824.94,-0.74,0.45,-0.06,-0.38,-0.0,-0.53,-0.63,-2.85,False,False,0.4,0.2,0.6,0.2,0.4,0.1,0.6,0.2
2024-07-05,2862.23,-0.34,0.42,-0.56,-0.77,-0.0,-0.58,-0.42,-3.53,False,False,0.4,0.2,0.4,0.2,0.4,0.1,0.4,0.2
2024-07-08,2857.76,0.03,0.58,-1.0,-1.19,0.0,-0.61,-0.43,-4.16,False,False,0.3,0.1,0.4,0.2,0.4,0.1,0.4,0.2
2024-07-09,2867.38,0.02,0.67,-0.74,-1.04,-0.0,-0.61,-0.5,-3.42,False,False,0.1,0.0,0.3,0.1,0.3,0.1,0.3,0.1
2024-07-10,2867.99,0.08,0.7,-0.6,-1.27,-0.0,-0.62,-0.42,-3.25,False,False,0.0,0.0,0.1,0.0,0.3,0.1,0.1,0.0
2024-07-11,2891.35,0.17,0.76,-0.05,-0.58,-0.0,-0.62,-0.49,-0.74,False,False,0.1,0.1,0.0,0.0,0.3,0.1,0.0,0.0
2024-07-12,2857.0,0.17,0.65,-0.16,-0.62,0.0,-0.63,-0.44,-1.12,False,False,0.2,0.1,0.1,0.1,0.3,0.1,0.1,0.1
2024-07-15,2860.92,0.33,0.45,0.1,-0.34,0.0,-0.6,-0.24,0.36,False,False,0.4,0.2,0.2,0.1,0.3,0.1,0.2,0.1
2024-07-16,2866.09,0.4,0.44,0.06,-0.1,0.0,-0.61,-0.26,0.79,False,False,0.6,0.4,0.4,0.2,0.4,0.2,0.4,0.2
2024-07-17,2843.29,0.5,0.36,0.2,-0.19,0.0,-0.62,-0.34,1.17,False,False,0.8,0.5,0.6,0.4,0.4,0.2,0.6,0.4
2024-07-18,2824.35,0.58,0.21,0.08,-0.18,0.0,-0.59,0.19,1.28,False,False,0.9,0.6,0.8,0.5,0.4,0.2,0.8,0.5
2024-07-19,2795.46,0.63,0.07,-0.19,-0.49,0.0,-0.57,0.38,0.28,False,False,1.0,0.7,0.9,0.6,0.4,0.2,0.9,0.6
2024-07-22,2763.51,0.53,0.05,0.17,-0.14,0.0,-0.51,0.33,1.46,False,False,1.0,0.8,1.0,0.7,0.4,0.2,1.0,0.7
2024-07-23,2774.29,0.54,0.13,-0.44,-0.89,0.0,-0.43,0.6,-0.92,False,False,0.9,0.7,1.0,0.8,1.0,0.8,1.0,0.8
2024-07-24,2758.71,0.51,0.18,-0.34,-0.89,0.0,-0.44,0.4,-0.84,False,False,0.9,0.6,0.9,0.7,1.0,0.8,0.9,0.7
2024-07-25,2710.65,0.57,0.03,-0.2,-0.45,0.0,-0.42,0.25,0.17,False,False,0.8,0.5,0.9,0.6,1.0,0.8,0.9,0.6
2024-07-26,2731.9,0.73,-0.16,-0.41,-0.68,0.0,-0.23,0.48,-0.18,False,False,0.8,0.5,0.8,0.5,1.0,0.8,0.8,0.5
2024-07-29,2765.53,0.7,-0.14,0.01,-0.43,0.0,-0.34,0.36,1.08,False,False,0.8,0.5,0.8,0.5,1.0,0.8,0.8,0.5
2024-07-30,2738.19,0.7,-0.04,-0.39,-0.91,0.0,-0.43,0.37,-0.65,False,False,0.8,0.5,0.8,0.5,0.8,0.5,0.8,0.5
2024-07-31,2770.69,0.61,-0.11,-0.54,-0.93,0.0,-0.34,0.27,-1.3,False,False,0.8,0.4,0.8,0.5,0.8,0.5,0.8,0.5
2024-08-01,2777.68,0.65,-0.09,-0.03,-0.38,0.0,-0.43,0.58,1.01,False,False,0.8,0.5,0.8,0.4,0.8,0.5,0.8,0.4
2024-08-02,2676.19,0.4,-0.07,-0.31,-0.7,0.26,-0.5,0.83,-0.16,False,False,0.8,0.5,0.8,0.5,0.8,0.5,0.8,0.5
2024-08-05,2441.55,-0.08,-0.44,-0.38,-0.86,2.88,-0.09,0.87,3.36,True,True,1.0,0.5,0.8,0.5,0.8,0.5,0.8,0.5
2024-08-06,2522.15,-0.13,-0.82,-0.51,-0.94,2.76,0.61,1.03,2.84,True,True,0.9,0.5,1.0,0.5,1.0,0.5,1.0,0.5
2024-08-07,2568.41,-0.2,-0.89,1.05,0.31,2.65,0.42,0.47,6.59,True,True,0.9,0.5,0.9,0.5,1.0,0.5,0.9,0.5
2024-08-08,2556.73,-0.28,-0.96,0.91,-0.01,2.69,0.27,0.11,5.8,True,True,0.7,0.3,0.9,0.5,1.0,0.5,0.9,0.5
2024-08-09,2588.43,-0.44,-1.2,1.67,1.03,2.59,0.27,0.07,7.34,True,True,0.6,0.2,0.7,0.3,1.0,0.5,0.7,0.3
2024-08-12,2618.3,-0.46,-1.15,1.83,1.24,2.48,0.19,0.59,7.65,True,True,0.6,0.2,0.6,0.2,1.0,0.5,0.6,0.2
2024-08-13,2621.5,-0.44,-1.11,1.6,1.21,2.47,0.11,0.63,7.38,True,True,0.6,0.2,0.6,0.2,0.6,0.2,0.6,0.2
2024-08-14,2644.5,-0.52,-1.13,1.03,0.49,2.37,0.11,0.47,5.7,True,False,0.3,0.0,0.6,0.2,0.6,0.2,0.6,0.2
2024-08-16,2697.23,-0.59,-1.02,1.17,0.64,2.06,0.02,0.98,5.73,False,False,0.4,0.2,0.3,0.0,0.6,0.2,0.3,0.0
2024-08-19,2674.36,-0.55,-0.75,1.01,0.59,2.2,-0.19,0.99,5.7,False,False,0.6,0.4,0.4,0.2,0.6,0.2,0.4,0.2
2024-08-20,2696.63,-0.56,-0.73,1.14,0.7,2.06,-0.08,0.92,5.83,False,False,0.7,0.6,0.6,0.4,0.6,0.4,0.6,0.4
2024-08-21,2701.13,-0.54,-0.65,0.69,0.22,2.03,-0.19,1.34,4.63,False,False,0.9,0.8,0.7,0.6,0.6,0.4,0.7,0.6
2024-08-22,2707.67,-0.6,-0.68,0.98,0.53,1.98,-0.2,1.34,5.31,False,False,1.0,1.0,0.9,0.8,0.6,0.4,0.9,0.8
2024-08-23,2701.69,-0.56,-0.63,0.91,0.43,2.03,-0.21,1.34,5.23,False,False,1.0,1.0,1.0,1.0,0.6,0.4,1.0,1.0
2024-08-26,2698.01,-0.44,-0.6,0.94,0.57,2.05,-0.2,1.52,5.77,False,False,1.0,1.0,1.0,1.0,0.6,0.4,1.0,1.0
2024-08-27,2689.25,-0.35,-0.71,0.66,0.38,2.06,-0.19,1.61,5.25,False,False,1.0,1.0,1.0,1.0,1.0,1.0,1.0,1.0
2024-08-28,2689.83,-0.14,-0.85,0.82,0.44,2.0,-0.09,1.62,5.84,False,False,1.0,1.0,1.0,1.0,1.0,1.0,1.0,1.0
2024-08-29,2662.28,-0.04,-0.88,0.94,0.59,2.1,-0.09,1.4,6.38,False,False,1.0,1.0,1.0,1.0,1.0,1.0,1.0,1.0
2024-08-30,2674.31,-0.15,-1.0,0.64,0.18,2.0,0.03,1.43,5.18,False,False,1.0,1.0,1.0,1.0,1.0,1.0,1.0,1.0
2024-09-02,2681.0,0.06,-1.09,0.64,0.26,1.72,-0.06,1.57,5.23,False,False,1.0,1.0,1.0,1.0,1.0,1.0,1.0,1.0
2024-09-03,2664.63,0.14,-0.87,0.5,0.28,0.0,-0.08,1.65,2.34,False,False,1.0,1.0,1.0,1.0,1.0,1.0,1.0,1.0
2024-09-04,2580.8,-0.03,-0.61,0.35,0.05,0.0,0.04,1.74,1.45,False,False,1.0,1.0,1.0,1.0,1.0,1.0,1.0,1.0
2024-09-05,2575.5,-0.25,-0.82,0.47,0.41,0.0,0.31,1.6,1.68,False,False,1.0,1.0,1.0,1.0,1.0,1.0,1.0,1.0
2024-09-06,2544.28,-0.1,-0.95,0.91,0.79,0.0,0.31,1.73,3.58,False,False,1.0,1.0,1.0,1.0,1.0,1.0,1.0,1.0
2024-09-09,2535.93,0.02,-0.96,1.06,1.08,0.0,0.41,1.71,4.54,False,False,1.0,1.0,1.0,1.0,1.0,1.0,1.0,1.0
2024-09-10,2523.43,0.0,-1.11,0.64,0.63,0.0,0.41,1.16,2.72,False,False,1.0,1.0,1.0,1.0,1.0,1.0,1.0,1.0
2024-09-11,2513.37,0.02,-1.27,0.92,0.93,0.0,0.48,1.46,3.86,False,False,1.0,1.0,1.0,1.0,1.0,1.0,1.0,1.0
2024-09-12,2572.09,0.06,-1.51,1.05,0.87,0.0,0.48,1.64,4.12,False,False,1.0,1.0,1.0,1.0,1.0,1.0,1.0,1.0
2024-09-13,2575.41,0.09,-1.51,1.26,1.05,0.0,0.32,1.49,4.69,False,False,1.0,1.0,1.0,1.0,1.0,1.0,1.0,1.0
2024-09-19,2580.8,0.21,-2.02,1.08,0.97,0.0,0.31,1.73,4.38,False,False,1.0,1.0,1.0,1.0,1.0,1.0,1.0,1.0
2024-09-20,2593.37,0.59,-2.22,1.01,0.76,0.0,0.62,2.07,4.91,False,False,1.0,1.0,1.0,1.0,1.0,1.0,1.0,1.0
2024-09-23,2602.01,0.68,-2.21,1.19,1.02,0.0,0.54,1.74,5.55,False,False,1.0,1.0,1.0,1.0,1.0,1.0,1.0,1.0
2024-09-24,2631.68,0.84,-2.29,0.79,0.58,0.0,0.53,1.77,4.57,False,False,1.0,1.0,1.0,1.0,1.0,1.0,1.0,1.0
2024-09-25,2596.32,0.94,-2.33,0.87,0.65,0.0,0.43,1.7,4.94,False,False,1.0,1.0,1.0,1.0,1.0,1.0,1.0,1.0
2024-09-26,2671.57,1.02,-2.39,0.97,0.88,0.12,0.54,1.98,5.79,False,False,1.0,1.0,1.0,1.0,1.0,1.0,1.0,1.0
2024-09-27,2649.78,1.21,-2.26,0.93,0.83,0.14,0.27,2.11,6.01,False,False,1.0,1.0,1.0,1.0,1.0,1.0,1.0,1.0
2024-09-30,2593.27,0.96,-2.07,1.39,1.18,0.3,0.36,2.44,6.96,False,False,1.0,1.0,1.0,1.0,1.0,1.0,1.0,1.0
2024-10-02,2561.69,0.8,-2.2,0.71,0.51,0.32,0.55,2.45,5.06,False,True,1.0,1.0,1.0,1.0,1.0,1.0,1.0,1.0
2024-10-04,2569.71,0.65,-2.22,2.06,1.7,0.3,0.66,2.2,7.72,False,True,1.0,1.0,1.0,1.0,1.0,1.0,1.0,1.0
2024-10-07,2610.38,0.59,-2.17,1.9,1.67,0.37,0.65,1.54,7.39,False,True,1.0,1.0,1.0,1.0,1.0,1.0,1.0,1.0
2024-10-08,2594.36,0.66,-2.16,0.63,0.34,0.38,0.54,1.22,4.06,False,True,1.0,1.0,1.0,1.0,1.0,1.0,1.0,1.0
2024-10-10,2599.16,0.58,-2.17,0.21,0.01,0.03,0.56,1.28,1.86,False,True,1.0,1.0,1.0,1.0,1.0,1.0,1.0,1.0
2024-10-11,2596.91,0.67,-1.99,-0.26,-0.56,0.02,0.55,1.24,0.14,False,False,1.0,0.9,1.0,1.0,1.0,1.0,1.0,1.0
2024-10-14,2623.29,0.71,-2.01,0.46,0.21,0.0,0.55,1.32,3.06,False,False,1.0,0.9,1.0,0.9,1.0,1.0,1.0,0.9
2024-10-15,2633.45,0.64,-1.97,0.47,0.48,0.0,0.44,0.85,3.06,False,False,1.0,0.9,1.0,0.9,1.0,0.9,1.0,0.9
2024-10-16,2610.36,0.44,-1.91,0.68,0.83,0.0,0.44,0.85,3.57,False,False,1.0,0.9,1.0,0.9,1.0,0.9,1.0,0.9
2024-10-17,2609.3,0.48,-1.96,0.64,0.64,0.0,0.55,0.88,3.36,False,False,1.0,0.9,1.0,0.9,1.0,0.9,1.0,0.9
2024-10-18,2593.82,0.54,-1.92,0.56,0.33,0.0,0.55,0.63,2.82,False,False,1.0,1.0,1.0,0.9,1.0,0.9,1.0,0.9
2024-10-21,2604.92,0.57,-2.07,0.08,-0.17,0.0,0.57,0.61,0.92,False,False,1.0,1.0,1.0,1.0,1.0,0.9,1.0,1.0
2024-10-22,2570.7,0.59,-1.98,-0.34,-0.4,0.0,0.56,0.33,-0.52,False,False,0.9,0.8,1.0,1.0,1.0,1.0,1.0,1.0
2024-10-23,2599.62,0.3,-1.86,0.57,0.17,0.0,0.67,0.2,1.92,False,False,0.9,0.8,0.9,0.8,1.0,1.0,0.9,0.8
2024-10-24,2581.03,0.34,-1.82,0.76,0.45,0.0,0.56,0.21,2.83,False,False,0.9,0.8,0.9,0.8,1.0,1.0,0.9,0.8
2024-10-25,2583.27,0.23,-1.84,0.98,0.45,0.0,0.67,0.36,3.17,False,False,0.9,0.8,0.9,0.8,1.0,1.0,0.9,0.8
2024-10-28,2612.43,0.12,-1.84,0.62,0.28,0.0,0.66,0.0,1.66,False,False,0.9,0.9,0.9,0.8,1.0,1.0,0.9,0.8
2024-10-29,2617.8,0.17,-1.78,0.69,0.42,0.0,0.55,0.25,2.26,False,False,1.0,1.0,0.9,0.9,0.9,0.9,0.9,0.9
2024-10-30,2593.79,0.06,-1.83,-0.51,-0.57,0.0,0.45,0.23,-2.48,False,False,0.8,0.8,1.0,1.0,0.9,0.9,1.0,1.0
2024-10-31,2556.15,0.17,-1.92,-0.32,-0.25,0.0,0.58,0.45,-1.19,False,False,0.7,0.6,0.8,0.8,0.9,0.9,0.8,0.8
2024-11-01,2542.36,0.34,-1.95,-0.69,-0.58,0.0,0.7,0.45,-2.11,False,False,0.6,0.4,0.7,0.6,0.9,0.9,0.7,0.6
2024-11-04,2588.97,0.42,-1.89,-0.3,-0.24,0.0,0.78,0.4,-0.41,False,False,0.5,0.3,0.6,0.4,0.9,0.9,0.6,0.4
2024-11-05,2576.88,0.62,-1.85,0.03,0.06,0.0,0.58,0.39,1.27,False,False,0.5,0.3,0.5,0.3,0.5,0.3,0.5,0.3
2024-11-06,2563.51,0.43,-1.89,-0.6,-0.61,0.0,0.69,0.38,-1.74,False,False,0.6,0.3,0.5,0.3,0.5,0.3,0.5,0.3
2024-11-07,2564.63,0.51,-1.86,-0.56,-0.46,0.0,0.7,-0.35,-1.56,False,False,0.6,0.3,0.6,0.3,0.5,0.3,0.6,0.3
2024-11-08,2561.15,0.68,-1.84,-0.48,-0.28,0.0,0.7,0.13,-0.42,False,False,0.7,0.3,0.6,0.3,0.5,0.3,0.6,0.3
2024-11-11,2531.66,0.65,-1.77,-0.71,-0.62,0.0,0.71,-0.26,-1.73,False,False,0.6,0.3,0.7,0.3,0.5,0.3,0.7,0.3
2024-11-12,2482.57,0.5,-1.87,-0.71,-0.53,0.0,0.8,-0.75,-2.18,False,False,0.4,0.1,0.6,0.3,0.6,0.3,0.6,0.3
2024-11-13,2417.08,0.61,-1.9,-0.18,-0.2,0.0,0.94,-0.96,-0.19,False,False,0.5,0.2,0.4,0.1,0.6,0.3,0.4,0.1
2024-11-14,2418.86,0.64,-1.84,0.48,0.35,0.0,1.02,-0.83,2.46,False,False,0.6,0.4,0.5,0.2,0.6,0.3,0.5,0.2
2024-11-15,2416.86,0.76,-1.8,-0.72,-1.3,0.0,1.02,-0.55,-2.47,False,False,0.5,0.3,0.6,0.4,0.6,0.3,0.6,0.4
2024-11-18,2469.07,0.77,-1.72,0.13,-0.79,0.0,1.02,-0.38,0.52,False,False,0.6,0.4,0.5,0.3,0.6,0.3,0.5,0.3
2024-11-19,2471.95,0.75,-1.69,-0.63,-1.54,0.0,0.94,-0.43,-2.54,False,False,0.6,0.4,0.6,0.4,0.6,0.4,0.6,0.4
2024-11-20,2482.29,0.97,-1.7,-0.22,-1.35,0.0,0.94,-0.58,-0.81,False,False,0.6,0.4,0.6,0.4,0.6,0.4,0.6,0.4
2024-11-21,2480.63,0.94,-1.75,-0.1,-1.04,0.0,0.93,-0.53,-0.11,False,False,0.6,0.3,0.6,0.4,0.6,0.4,0.6,0.4
2024-11-22,2501.24,1.07,-1.72,0.05,-0.73,0.0,0.93,-0.58,1.02,False,False,0.7,0.4,0.6,0.3,0.6,0.4,0.6,0.3
2024-11-25,2534.34,1.19,-1.66,0.17,-0.71,0.0,0.87,-1.28,1.31,False,False,0.7,0.5,0.7,0.4,0.6,0.4,0.7,0.4
2024-11-26,2520.36,1.21,-1.69,0.16,-0.58,0.0,0.79,-1.09,1.55,False,False,0.9,0.7,0.7,0.5,0.7,0.5,0.7,0.5
2024-11-27,2503.06,1.12,-1.67,0.32,-0.55,0.0,0.8,-1.51,1.57,False,False,1.0,0.8,0.9,0.7,0.7,0.5,0.9,0.7
2024-11-28,2504.67,1.22,-1.69,1.28,0.36,0.0,0.88,-1.5,5.11,False,False,1.0,0.9,1.0,0.8,0.7,0.5,1.0,0.8
2024-11-29,2455.91,1.28,-1.66,0.69,-0.21,0.01,0.87,-1.53,3.34,False,False,1.0,1.0,1.0,0.9,0.7,0.5,1.0,0.9
2024-12-02,2454.48,1.32,-1.77,0.84,-0.08,0.0,0.98,-1.47,3.95,False,False,1.0,1.0,1.0,1.0,0.7,0.5,1.0,1.0
2024-12-03,2500.1,1.34,-1.76,1.1,0.15,0.02,0.98,-1.71,4.71,False,False,1.0,1.0,1.0,1.0,1.0,1.0,1.0,1.0
2024-12-04,2464.0,1.43,-1.61,1.26,0.47,0.08,0.87,-1.96,5.55,False,False,1.0,1.0,1.0,1.0,1.0,1.0,1.0,1.0
2024-12-05,2441.85,1.35,-1.61,0.3,-0.36,0.1,0.94,-2.22,2.3,False,False,1.0,1.0,1.0,1.0,1.0,1.0,1.0,1.0
2024-12-06,2428.16,1.31,-1.65,1.0,0.09,0.11,0.98,-2.07,4.45,False,False,1.0,1.0,1.0,1.0,1.0,1.0,1.0,1.0
2024-12-09,2360.58,1.63,-1.66,1.48,0.55,0.35,1.01,-2.28,6.55,False,True,1.0,1.0,1.0,1.0,1.0,1.0,1.0,1.0
2024-12-10,2417.84,1.86,-1.55,1.37,0.51,0.47,1.07,-2.48,6.81,False,True,1.0,1.0,1.0,1.0,1.0,1.0,1.0,1.0
2024-12-11,2442.51,2.11,-1.54,1.7,0.93,0.26,1.01,-2.26,7.63,False,True,1.0,1.0,1.0,1.0,1.0,1.0,1.0,1.0
2024-12-12,2482.12,2.23,-1.47,2.18,1.34,0.3,0.97,-2.1,8.43,False,True,1.0,1.0,1.0,1.0,1.0,1.0,1.0,1.0
2024-12-13,2494.46,2.32,-1.39,2.47,1.91,0.29,0.92,-2.13,8.88,False,True,1.0,1.0,1.0,1.0,1.0,1.0,1.0,1.0
2024-12-16,2488.97,2.36,-1.38,2.3,1.51,0.16,0.86,-2.33,8.57,False,False,1.0,1.0,1.0,1.0,1.0,1.0,1.0,1.0
2024-12-17,2456.81,2.34,-1.43,2.35,1.62,0.23,0.86,-2.54,8.63,False,False,1.0,1.0,1.0,1.0,1.0,1.0,1.0,1.0
2024-12-18,2484.43,2.26,-1.46,2.35,1.67,0.25,0.97,-2.07,8.68,False,False,1.0,1.0,1.0,1.0,1.0,1.0,1.0,1.0
2024-12-19,2435.93,2.25,-1.33,2.14,1.37,0.4,0.92,-2.16,8.5,False,False,1.0,1.0,1.0,1.0,1.0,1.0,1.0,1.0
2024-12-20,2404.15,1.99,-1.32,1.51,0.7,0.43,1.04,-2.48,7.3,False,False,1.0,1.0,1.0,1.0,1.0,1.0,1.0,1.0
2024-12-23,2442.01,1.87,-1.47,1.17,0.32,0.43,1.08,-2.33,6.39,False,False,1.0,1.0,1.0,1.0,1.0,1.0,1.0,1.0
2024-12-24,2440.52,1.88,-1.4,1.51,0.76,0.42,1.03,-2.76,7.12,False,False,1.0,1.0,1.0,1.0,1.0,1.0,1.0,1.0
2024-12-26,2429.67,1.83,-1.34,1.39,0.64,0.41,1.03,-2.9,6.77,False,False,1.0,1.0,1.0,1.0,1.0,1.0,1.0,1.0
2024-12-27,2404.77,1.82,-1.3,0.96,0.22,0.45,1.04,-2.64,5.86,False,False,1.0,1.0,1.0,1.0,1.0,1.0,1.0,1.0
2024-12-30,2399.49,1.66,-1.23,1.79,1.13,0.33,1.07,-2.93,7.37,False,False,1.0,1.0,1.0,1.0,1.0,1.0,1.0,1.0
2025-01-02,2398.94,1.61,-1.14,2.14,1.44,0.32,1.07,-2.93,7.89,False,False,1.0,1.0,1.0,1.0,1.0,1.0,1.0,1.0
2025-01-03,2441.92,1.35,-1.14,2.15,1.49,0.27,1.07,-2.85,7.65,False,False,1.0,1.0,1.0,1.0,1.0,1.0,1.0,1.0
2025-01-06,2488.64,1.3,-1.18,2.56,2.24,0.26,0.99,-2.94,8.32,False,False,1.0,1.0,1.0,1.0,1.0,1.0,1.0,1.0
2025-01-07,2492.1,1.42,-1.08,2.08,1.19,0.22,0.95,-2.96,7.37,False,False,1.0,1.0,1.0,1.0,1.0,1.0,1.0,1.0
2025-01-08,2521.05,1.43,-0.96,2.02,1.48,0.19,0.95,-2.74,7.56,False,False,1.0,1.0,1.0,1.0,1.0,1.0,1.0,1.0
2025-01-09,2521.9,1.39,-0.86,1.0,-0.13,0.0,0.89,-2.73,4.16,False,False,1.0,1.0,1.0,1.0,1.0,1.0,1.0,1.0
2025-01-10,2515.78,1.06,-0.73,0.86,-0.14,0.0,0.89,-2.17,3.42,False,False,1.0,1.0,1.0,1.0,1.0,1.0,1.0,1.0
2025-01-13,2489.56,0.79,-0.71,1.45,0.94,0.0,0.89,-2.21,5.36,False,False,1.0,1.0,1.0,1.0,1.0,1.0,1.0,1.0
2025-01-14,2497.4,0.82,-0.83,1.44,1.16,0.0,0.95,-2.17,5.63,False,False,1.0,1.0,1.0,1.0,1.0,1.0,1.0,1.0
2025-01-15,2496.81,0.81,-0.89,1.88,1.79,0.0,0.89,-1.85,6.91,False,False,1.0,1.0,1.0,1.0,1.0,1.0,1.0,1.0
2025-01-16,2527.49,0.63,-0.82,1.58,1.26,0.0,0.95,-1.82,5.76,False,False,1.0,1.0,1.0,1.0,1.0,1.0,1.0,1.0
2025-01-17,2523.55,0.58,-0.64,1.29,1.06,0.0,0.82,-1.6,5.05,False,False,1.0,1.0,1.0,1.0,1.0,1.0,1.0,1.0
2025-01-20,2520.05,0.51,-0.6,0.93,0.66,0.0,0.88,-1.56,3.76,False,False,1.0,1.0,1.0,1.0,1.0,1.0,1.0,1.0
2025-01-21,2518.03,0.51,-0.69,0.7,0.39,0.0,0.88,-1.37,2.94,False,False,1.0,1.0,1.0,1.0,1.0,1.0,1.0,1.0
2025-01-22,2547.06,0.63,-0.64,1.24,0.87,0.0,0.88,-0.95,5.09,False,False,1.0,1.0,1.0,1.0,1.0,1.0,1.0,1.0
2025-01-23,2515.49,0.79,-0.43,1.16,0.98,0.0,0.81,-0.71,5.5,False,False,1.0,1.0,1.0,1.0,1.0,1.0,1.0,1.0
2025-01-24,2536.8,0.55,-0.56,1.06,1.11,0.0,0.88,-0.65,5.02,False,False,1.0,1.0,1.0,1.0,1.0,1.0,1.0,1.0
2025-01-31,2517.37,0.6,-0.49,0.58,0.18,0.0,0.81,-0.58,3.0,False,False,1.0,1.0,1.0,1.0,1.0,1.0,1.0,1.0
2025-02-03,2453.95,0.61,-0.69,1.18,0.75,0.0,0.88,-0.75,4.85,False,False,1.0,1.0,1.0,1.0,1.0,1.0,1.0,1.0
2025-02-04,2481.69,0.49,-0.77,1.26,0.68,0.0,1.0,-1.18,4.56,False,False,1.0,1.0,1.0,1.0,1.0,1.0,1.0,1.0
2025-02-05,2509.27,0.5,-0.72,2.16,1.92,0.0,0.95,-0.77,7.28,False,False,1.0,1.0,1.0,1.0,1.0,1.0,1.0,1.0
2025-02-06,2536.75,0.49,-0.66,1.91,1.67,0.0,0.88,-0.71,6.78,False,False,1.0,1.0,1.0,1.0,1.0,1.0,1.0,1.0
2025-02-07,2521.92,0.46,-0.62,1.24,1.38,0.0,0.8,-0.67,5.44,False,False,1.0,1.0,1.0,1.0,1.0,1.0,1.0,1.0
2025-02-10,2521.27,0.35,-0.68,1.66,1.85,0.0,0.87,-0.77,6.36,False,False,1.0,1.0,1.0,1.0,1.0,1.0,1.0,1.0
2025-02-11,2539.05,0.39,-0.7,1.21,1.48,0.0,0.87,-0.88,5.28,False,False,1.0,1.0,1.0,1.0,1.0,1.0,1.0,1.0
2025-02-12,2548.39,0.47,-0.69,1.1,1.22,0.0,0.8,-0.99,4.87,False,False,1.0,1.0,1.0,1.0,1.0,1.0,1.0,1.0
2025-02-13,2583.17,0.43,-0.7,0.94,0.94,-0.0,0.8,-1.01,4.1,False,False,1.0,1.0,1.0,1.0,1.0,1.0,1.0,1.0
2025-02-14,2591.05,0.79,-0.69,0.83,1.0,-0.0,0.64,-0.84,4.7,False,False,1.0,1.0,1.0,1.0,1.0,1.0,1.0,1.0
2025-02-17,2610.42,0.89,-0.63,1.06,1.3,-0.0,0.63,-0.1,5.91,False,False,1.0,1.0,1.0,1.0,1.0,1.0,1.0,1.0
2025-02-18,2626.81,0.97,-0.63,1.12,1.39,-0.0,0.52,-0.51,6.04,False,False,1.0,1.0,1.0,1.0,1.0,1.0,1.0,1.0
2025-02-19,2671.52,1.06,-0.62,0.84,1.09,-0.0,0.52,-0.44,5.45,False,False,1.0,1.0,1.0,1.0,1.0,1.0,1.0,1.0
2025-02-20,2654.06,1.34,-0.59,0.85,1.16,0.0,0.35,-0.21,6.05,False,False,1.0,1.0,1.0,1.0,1.0,1.0,1.0,1.0
2025-02-21,2654.58,1.3,-0.58,0.9,0.99,0.0,0.43,0.05,6.0,False,False,1.0,1.0,1.0,1.0,1.0,1.0,1.0,1.0
2025-02-24,2645.27,1.32,-0.54,0.38,0.2,0.0,0.43,-0.01,4.22,False,False,1.0,1.0,1.0,1.0,1.0,1.0,1.0,1.0
2025-02-25,2630.29,1.22,-0.53,0.62,0.63,0.0,0.44,0.21,5.09,False,False,1.0,1.0,1.0,1.0,1.0,1.0,1.0,1.0
2025-02-26,2641.09,1.1,-0.61,-0.04,-0.39,0.0,0.53,-0.11,1.94,False,False,1.0,1.0,1.0,1.0,1.0,1.0,1.0,1.0
2025-02-27,2621.75,1.22,-0.58,0.35,0.23,0.0,0.44,-0.07,3.95,False,False,1.0,1.0,1.0,1.0,1.0,1.0,1.0,1.0
2025-02-28,2532.78,1.02,-0.61,-0.07,-0.4,0.03,0.53,-0.36,1.58,False,False,1.0,1.0,1.0,1.0,1.0,1.0,1.0,1.0
2025-03-04,2528.92,0.69,-0.69,0.09,-0.18,0.0,0.81,-0.64,1.42,False,False,1.0,1.0,1.0,1.0,1.0,1.0,1.0,1.0
2025-03-05,2558.13,0.67,-0.61,0.31,0.07,0.0,0.81,-0.51,2.37,False,False,1.0,1.0,1.0,1.0,1.0,1.0,1.0,1.0
2025-03-06,2576.16,0.61,-0.64,0.49,0.2,0.0,0.74,-0.21,2.91,False,False,1.0,1.0,1.0,1.0,1.0,1.0,1.0,1.0
2025-03-07,2563.48,0.6,-0.62,-0.53,-0.83,0.0,0.73,-0.28,-1.16,False,False,0.9,0.8,1.0,1.0,1.0,1.0,1.0,1.0
2025-03-10,2570.39,0.6,-0.63,-0.69,-1.09,0.0,0.74,-0.36,-1.97,False,False,0.8,0.6,0.9,0.8,1.0,1.0,0.9,0.8
2025-03-11,2537.6,0.65,-0.65,-1.53,-2.19,0.0,0.73,-0.62,-5.2,False,False,0.6,0.4,0.8,0.6,0.8,0.6,0.8,0.6
2025-03-12,2574.82,0.47,-0.82,-0.58,-1.12,0.0,0.81,-0.49,-2.18,False,False,0.4,0.2,0.6,0.4,0.8,0.6,0.6,0.4
2025-03-13,2573.64,0.41,-0.73,-0.7,-1.28,0.0,0.73,-0.42,-2.78,False,False,0.2,0.0,0.4,0.2,0.8,0.6,0.4,0.2
2025-03-14,2566.36,0.55,-0.83,-0.98,-1.64,0.0,0.73,-0.37,-3.58,False,False,0.1,0.0,0.2,0.0,0.8,0.6,0.2,0.0
2025-03-17,2610.69,0.37,-0.9,-1.13,-1.77,0.0,0.73,-0.33,-4.45,False,False,0.1,0.0,0.1,0.0,0.8,0.6,0.1,0.0
2025-03-18,2612.34,0.46,-0.75,-0.98,-1.28,0.0,0.63,0.1,-3.12,False,False,0.1,0.0,0.1,0.0,0.1,0.0,0.1,0.0
2025-03-19,2628.62,0.43,-0.64,-1.2,-1.8,0.0,0.63,0.0,-4.33,False,False,0.0,0.0,0.1,0.0,0.1,0.0,0.1,0.0
2025-03-20,2637.1,0.38,-0.57,-1.7,-2.41,0.0,0.52,-0.08,-6.03,False,False,0.0,0.0,0.0,0.0,0.1,0.0,0.0,0.0
2025-03-21,2643.13,0.14,-0.54,-1.33,-2.04,0.0,0.52,-0.04,-5.42,False,False,0.0,0.0,0.0,0.0,0.1,0.0,0.0,0.0
2025-03-24,2632.07,-0.04,-0.36,-1.31,-2.12,0.0,0.52,0.06,-5.67,False,False,0.0,0.0,0.0,0.0,0.1,0.0,0.0,0.0
2025-03-25,2615.81,-0.1,-0.33,-1.19,-2.26,0.0,0.52,-0.02,-5.74,False,False,0.0,0.0,0.0,0.0,0.0,0.0,0.0,0.0
2025-03-26,2643.94,-0.07,-0.31,-1.45,-2.75,0.0,0.63,0.01,-6.5,False,False,0.0,0.0,0.0,0.0,0.0,0.0,0.0,0.0
2025-03-27,2607.15,0.03,-0.21,-0.75,-2.14,0.0,0.51,0.08,-4.48,False,False,0.0,0.0,0.0,0.0,0.0,0.0,0.0,0.0
2025-03-28,2557.98,-0.15,-0.13,-0.68,-2.13,0.0,0.64,0.18,-4.54,False,False,0.0,0.0,0.0,0.0,0.0,0.0,0.0,0.0
2025-03-31,2481.12,-0.08,-0.19,-0.66,-1.91,0.0,0.81,0.09,-4.12,False,False,0.0,0.0,0.0,0.0,0.0,0.0,0.0,0.0
2025-04-01,2521.39,0.31,-0.28,0.14,-1.04,0.0,0.96,0.0,-0.11,False,False,0.2,0.1,0.0,0.0,0.0,0.0,0.0,0.0
2025-04-02,2505.86,0.49,-0.31,0.82,-0.07,0.0,0.89,0.26,3.45,False,False,0.4,0.3,0.2,0.1,0.0,0.0,0.2,0.1
2025-04-03,2486.7,0.56,-0.37,1.31,0.61,0.0,0.9,0.43,5.42,False,False,0.6,0.5,0.4,0.3,0.0,0.0,0.4,0.3
2025-04-04,2465.42,0.65,-0.65,0.16,-0.74,0.0,0.97,0.72,1.4,False,False,0.8,0.7,0.6,0.5,0.0,0.0,0.6,0.5
2025-04-07,2328.2,0.88,-0.98,0.56,-0.3,0.95,1.01,0.96,5.02,False,True,1.0,1.0,0.8,0.7,0.0,0.0,0.8,0.7
2025-04-08,2334.23,0.9,-1.3,0.73,0.07,0.93,1.18,0.61,5.58,False,True,1.0,1.0,1.0,1.0,1.0,1.0,1.0,1.0
2025-04-09,2293.7,0.95,-1.19,1.02,0.04,0.87,1.17,0.65,6.07,False,True,1.0,1.0,1.0,1.0,1.0,1.0,1.0,1.0
2025-04-10,2445.06,0.9,-1.42,0.33,-0.87,1.85,1.21,0.68,5.16,True,True,1.0,1.0,1.0,1.0,1.0,1.0,1.0,1.0
2025-04-11,2432.72,1.08,-1.28,-0.0,-1.19,1.87,1.01,0.99,4.64,True,True,1.0,0.8,1.0,1.0,1.0,1.0,1.0,1.0
2025-04-14,2455.89,1.1,-1.38,-0.05,-1.56,1.7,1.05,1.47,4.03,True,True,0.9,0.6,1.0,0.8,1.0,1.0,1.0,0.8
2025-04-15,2477.41,0.97,-1.55,0.03,-1.24,1.6,1.01,1.42,4.05,False,True,0.9,0.6,0.9,0.6,0.9,0.6,0.9,0.6
2025-04-16,2447.43,1.05,-1.68,0.64,-0.49,1.71,0.96,1.18,6.13,True,False,0.4,0.2,0.9,0.6,0.9,0.6,0.9,0.6
2025-04-17,2470.41,0.96,-1.85,0.57,-0.36,1.61,1.02,1.57,5.97,False,False,0.6,0.4,0.4,0.2,0.9,0.6,0.4,0.2
2025-04-18,2483.42,1.19,-2.07,0.04,-0.76,1.53,1.01,1.55,4.81,False,False,0.7,0.6,0.6,0.4,0.9,0.6,0.6,0.4
2025-04-21,2488.42,1.46,-2.13,0.07,-0.77,1.49,0.96,1.67,5.29,False,False,0.9,0.8,0.7,0.6,0.9,0.6,0.7,0.6
2025-04-22,2486.64,1.47,-2.1,0.1,-0.65,1.48,0.96,1.68,5.51,False,False,0.9,0.8,0.9,0.8,0.9,0.8,0.9,0.8
2025-04-23,2525.56,1.47,-2.1,-0.12,-1.02,1.26,0.96,1.35,4.2,False,False,1.0,1.0,0.9,0.8,0.9,0.8,0.9,0.8
2025-04-24,2522.33,1.72,-2.11,-0.11,-0.96,1.24,0.88,1.37,4.72,False,False,1.0,1.0,1.0,1.0,0.9,0.8,1.0,1.0
2025-04-25,2546.3,1.72,-2.14,0.1,-0.58,1.04,0.88,1.1,5.14,False,False,1.0,1.0,1.0,1.0,0.9,0.8,1.0,1.0
2025-04-28,2548.86,1.93,-2.1,0.1,-0.41,0.9,0.8,1.0,5.44,False,False,1.0,1.0,1.0,1.0,0.9,0.8,1.0,1.0
2025-04-29,2565.42,1.75,-1.83,0.47,0.07,0.77,0.8,0.75,6.08,False,False,1.0,1.0,1.0,1.0,1.0,1.0,1.0,1.0
2025-04-30,2556.61,1.39,-1.59,0.25,-0.45,0.81,0.73,0.73,4.6,False,False,1.0,1.0,1.0,1.0,1.0,1.0,1.0,1.0
2025-05-02,2559.79,1.17,-1.51,0.75,0.19,0.77,0.8,0.79,5.83,False,False,1.0,1.0,1.0,1.0,1.0,1.0,1.0,1.0
2025-05-07,2573.8,1.2,-1.3,0.85,0.45,0.67,1.0,1.37,6.45,False,False,1.0,1.0,1.0,1.0,1.0,1.0,1.0,1.0
2025-05-08,2579.48,1.04,-0.97,0.64,0.26,0.24,1.0,1.43,5.22,False,False,1.0,1.0,1.0,1.0,1.0,1.0,1.0,1.0
2025-05-09,2577.27,0.83,-0.55,0.26,-0.46,0.25,0.99,1.57,3.38,False,False,1.0,1.0,1.0,1.0,1.0,1.0,1.0,1.0
2025-05-12,2607.33,0.82,-0.39,0.21,-0.61,0.13,1.0,1.79,3.01,False,False,1.0,1.0,1.0,1.0,1.0,1.0,1.0,1.0
2025-05-13,2608.42,0.99,-0.23,-0.76,-1.85,0.0,0.91,1.26,-1.22,False,False,0.9,0.8,1.0,1.0,1.0,1.0,1.0,1.0
2025-05-14,2640.57,0.72,-0.25,-0.23,-1.26,0.0,0.91,0.98,0.16,False,False,0.9,0.7,0.9,0.8,1.0,1.0,0.9,0.8
2025-05-15,2621.36,0.9,-0.05,-0.04,-0.57,0.0,0.83,1.56,2.43,False,False,0.9,0.7,0.9,0.7,1.0,1.0,0.9,0.7
2025-05-16,2626.87,0.75,0.06,0.36,-0.38,0.0,0.84,1.47,3.28,False,False,0.9,0.7,0.9,0.7,1.0,1.0,0.9,0.7
2025-05-19,2603.42,0.69,0.13,0.33,-0.12,0.0,0.84,1.55,3.49,False,False,0.9,0.7,0.9,0.7,1.0,1.0,0.9,0.7
2025-05-20,2601.8,0.56,0.17,0.29,-0.18,0.0,0.92,1.74,3.16,False,False,1.0,0.9,0.9,0.7,0.9,0.7,0.9,0.7
2025-05-21,2625.58,0.5,0.18,0.18,-0.25,0.0,0.92,1.59,2.6,False,False,1.0,1.0,1.0,0.9,0.9,0.7,1.0,0.9
2025-05-22,2593.67,0.42,0.23,0.37,0.07,0.0,0.84,1.9,3.43,False,False,1.0,1.0,1.0,1.0,0.9,0.7,1.0,1.0
2025-05-23,2592.09,0.14,0.24,0.13,-0.28,0.0,0.93,1.58,1.6,False,False,1.0,1.0,1.0,1.0,0.9,0.7,1.0,1.0
2025-05-26,2644.4,0.05,0.27,0.12,-0.31,0.0,0.93,1.71,1.4,False,False,1.0,1.0,1.0,1.0,0.9,0.7,1.0,1.0
2025-05-27,2637.22,0.0,0.32,0.38,0.11,0.0,0.76,1.8,2.5,False,False,1.0,1.0,1.0,1.0,1.0,1.0,1.0,1.0
2025-05-28,2670.15,-0.05,0.27,0.27,-0.01,-0.0,0.83,1.7,1.9,False,False,1.0,1.0,1.0,1.0,1.0,1.0,1.0,1.0
2025-05-29,2720.64,0.16,0.25,0.31,-0.08,-0.0,0.65,1.61,2.27,False,False,1.0,1.0,1.0,1.0,1.0,1.0,1.0,1.0
2025-05-30,2697.67,0.44,0.34,0.18,-0.07,0.0,0.51,1.5,2.55,False,False,1.0,1.0,1.0,1.0,1.0,1.0,1.0,1.0
2025-06-02,2698.97,0.61,0.12,0.41,0.13,0.0,0.53,1.33,3.56,False,False,1.0,1.0,1.0,1.0,1.0,1.0,1.0,1.0
2025-06-04,2770.84,0.58,0.19,0.42,0.31,-0.0,0.53,1.45,3.85,False,False,1.0,1.0,1.0,1.0,1.0,1.0,1.0,1.0
2025-06-05,2812.05,0.53,0.45,0.96,0.79,-0.0,0.32,1.64,5.44,False,False,1.0,1.0,1.0,1.0,1.0,1.0,1.0,1.0
2025-06-09,2855.77,0.63,0.61,0.9,0.86,-0.0,0.21,1.92,5.71,False,False,1.0,1.0,1.0,1.0,1.0,1.0,1.0,1.0
2025-06-10,2871.85,0.44,0.87,0.42,0.27,-0.0,0.01,2.19,3.87,False,False,1.0,1.0,1.0,1.0,1.0,1.0,1.0,1.0
2025-06-11,2907.04,0.51,0.98,0.64,0.41,-0.0,0.0,1.92,4.58,False,False,1.0,1.0,1.0,1.0,1.0,1.0,1.0,1.0
2025-06-12,2920.03,0.5,1.01,1.14,0.83,-0.0,-0.15,1.67,5.78,False,False,1.0,1.0,1.0,1.0,1.0,1.0,1.0,1.0
2025-06-13,2894.62,0.37,1.03,1.34,1.65,0.0,0.02,1.98,6.79,False,False,1.0,1.0,1.0,1.0,1.0,1.0,1.0,1.0
2025-06-16,2946.66,-0.06,0.97,1.47,1.87,-0.0,0.12,1.65,6.46,False,False,1.0,1.0,1.0,1.0,1.0,1.0,1.0,1.0
2025-06-17,2950.3,0.1,0.9,1.71,2.46,-0.0,-0.06,1.96,7.46,False,False,1.0,1.0,1.0,1.0,1.0,1.0,1.0,1.0
2025-06-18,2972.19,0.06,0.94,1.51,1.82,-0.0,-0.06,1.81,6.65,False,False,1.0,1.0,1.0,1.0,1.0,1.0,1.0,1.0
2025-06-19,2977.74,0.13,0.96,1.42,1.76,-0.0,-0.13,1.59,6.49,False,False,1.0,1.0,1.0,1.0,1.0,1.0,1.0,1.0
2025-06-20,3021.84,-0.07,0.98,1.05,1.4,-0.0,-0.13,1.57,5.2,False,False,1.0,1.0,1.0,1.0,1.0,1.0,1.0,1.0
2025-06-23,3014.47,-0.09,1.05,1.09,1.54,0.0,-0.19,1.73,5.44,False,False,1.0,1.0,1.0,1.0,1.0,1.0,1.0,1.0
2025-06-24,3103.64,-0.43,0.96,1.16,1.77,-0.0,-0.18,1.28,5.01,False,False,1.0,1.0,1.0,1.0,1.0,1.0,1.0,1.0
2025-06-25,3108.25,-0.34,0.99,1.09,1.65,-0.0,-0.25,1.8,5.11,False,False,1.0,1.0,1.0,1.0,1.0,1.0,1.0,1.0
2025-06-26,3079.56,-0.68,0.93,1.46,2.31,0.0,-0.27,1.81,5.81,False,False,1.0,1.0,1.0,1.0,1.0,1.0,1.0,1.0
2025-06-27,3055.94,-0.82,0.81,1.11,1.72,0.0,-0.24,2.05,4.32,False,False,1.0,1.0,1.0,1.0,1.0,1.0,1.0,1.0
2025-06-30,3071.7,-0.79,0.62,1.54,2.2,0.0,-0.22,1.89,5.61,False,False,1.0,1.0,1.0,1.0,1.0,1.0,1.0,1.0
2025-07-01,3089.65,-0.76,0.51,1.05,1.37,0.0,-0.23,2.0,3.73,False,False,1.0,1.0,1.0,1.0,1.0,1.0,1.0,1.0
2025-07-02,3075.06,-0.62,0.59,1.21,1.59,0.0,-0.25,1.99,4.65,False,False,1.0,1.0,1.0,1.0,1.0,1.0,1.0,1.0
2025-07-03,3116.27,-0.59,0.52,1.14,1.1,-0.0,-0.22,1.85,3.87,False,False,1.0,1.0,1.0,1.0,1.0,1.0,1.0,1.0
2025-07-04,3054.28,-0.41,0.53,0.17,-0.12,0.0,-0.28,1.8,0.23,False,False,1.0,0.9,1.0,1.0,1.0,1.0,1.0,1.0
2025-07-07,3059.47,-0.59,0.52,0.37,0.19,0.0,-0.21,1.81,0.79,False,False,1.0,0.9,1.0,0.9,1.0,1.0,1.0,0.9
2025-07-08,3114.95,-0.59,0.54,-0.2,-0.82,0.0,-0.21,1.81,-2.09,False,False,0.8,0.7,1.0,0.9,1.0,0.9,1.0,0.9
2025-07-09,3133.74,-0.64,0.56,0.01,-0.86,-0.0,-0.28,1.71,-1.84,False,False,0.7,0.5,0.8,0.7,1.0,0.9,0.8,0.7
2025-07-10,3183.23,-0.73,0.55,-0.42,-1.52,-0.0,-0.29,1.45,-4.05,False,False,0.5,0.3,0.7,0.5,1.0,0.9,0.7,0.5
2025-07-11,3175.77,-0.75,0.67,-0.19,-0.7,0.0,-0.35,1.4,-2.5,False,False,0.4,0.1,0.5,0.3,1.0,0.9,0.5,0.3
2025-07-14,3202.03,-0.76,0.83,-0.32,-1.05,-0.0,-0.35,1.25,-3.28,False,False,0.2,0.0,0.4,0.1,1.0,0.9,0.4,0.1
2025-07-15,3215.28,-0.89,1.05,-0.41,-1.15,-0.0,-0.39,1.4,-3.75,False,False,0.1,0.0,0.2,0.0,0.2,0.0,0.2,0.0
2025-07-16,3186.38,-0.88,1.13,-0.4,-1.5,0.0,-0.39,1.57,-4.03,False,False,0.0,0.0,0.1,0.0,0.2,0.0,0.1,0.0
2025-07-17,3192.29,-1.09,1.19,-0.47,-1.29,0.0,-0.35,1.38,-4.41,False,False,0.0,0.0,0.0,0.0,0.2,0.0,0.0,0.0
2025-07-18,3188.07,-1.09,1.19,-0.66,-1.31,0.0,-0.36,1.02,-4.93,False,False,0.0,0.0,0.0,0.0,0.2,0.0,0.0,0.0
2025-07-21,3210.81,-1.11,1.21,-0.69,-1.56,0.0,-0.35,0.72,-5.39,False,False,0.0,0.0,0.0,0.0,0.2,0.0,0.0,0.0
2025-07-22,3169.94,-0.89,1.4,-1.01,-1.77,0.0,-0.4,0.66,-5.76,False,False,0.0,0.0,0.0,0.0,0.0,0.0,0.0,0.0
2025-07-23,3183.77,-1.12,1.36,-1.29,-2.31,0.0,-0.34,0.7,-6.97,False,False,0.0,0.0,0.0,0.0,0.0,0.0,0.0,0.0
2025-07-24,3190.45,-0.92,1.47,-1.03,-1.87,0.0,-0.35,0.74,-5.89,False,False,0.0,0.0,0.0,0.0,0.0,0.0,0.0,0.0
2025-07-25,3196.05,-0.84,1.66,-0.51,-0.93,0.0,-0.36,0.79,-3.56,False,False,0.0,0.0,0.0,0.0,0.0,0.0,0.0,0.0
2025-07-28,3209.52,-0.89,1.8,-1.02,-1.48,0.0,-0.36,0.61,-5.36,False,False,0.0,0.0,0.0,0.0,0.0,0.0,0.0,0.0
2025-07-29,3230.57,-0.83,1.95,-0.9,-1.32,-0.0,-0.4,0.54,-4.83,False,False,0.0,0.0,0.0,0.0,0.0,0.0,0.0,0.0
2025-07-30,3254.47,-0.89,2.03,-0.23,-0.61,-0.0,-0.42,0.53,-2.61,False,False,0.0,0.0,0.0,0.0,0.0,0.0,0.0,0.0
2025-07-31,3245.44,-0.89,2.16,-0.3,-0.65,0.0,-0.43,0.64,-2.68,False,False,0.0,0.0,0.0,0.0,0.0,0.0,0.0,0.0
2025-08-01,3119.41,-1.24,2.13,-0.17,-0.52,0.0,-0.43,0.67,-3.01,False,False,0.0,0.0,0.0,0.0,0.0,0.0,0.0,0.0
2025-08-04,3147.75,-1.61,1.96,0.05,-0.2,0.0,-0.26,0.58,-2.95,False,False,0.0,0.0,0.0,0.0,0.0,0.0,0.0,0.0
2025-08-05,3198.0,-1.54,1.98,0.59,0.21,0.0,-0.29,0.96,-0.73,False,False,0.2,0.1,0.0,0.0,0.0,0.0,0.0,0.0
2025-08-06,3198.14,-1.41,1.96,0.23,-0.23,0.0,-0.39,0.72,-2.11,False,False,0.2,0.1,0.2,0.1,0.0,0.0,0.2,0.1
2025-08-07,3227.68,-1.5,2.04,-0.63,-1.32,0.0,-0.39,0.57,-5.52,False,False,0.2,0.1,0.2,0.1,0.0,0.0,0.2,0.1
2025-08-08,3210.01,-1.51,1.99,-0.68,-1.33,0.0,-0.42,0.25,-5.76,False,False,0.2,0.1,0.2,0.1,0.0,0.0,0.2,0.1
2025-08-11,3206.77,-1.54,1.91,-0.48,-1.0,0.0,-0.4,0.04,-5.21,False,False,0.2,0.1,0.2,0.1,0.0,0.0,0.2,0.1
2025-08-12,3189.91,-1.56,1.9,-0.45,-0.92,0.0,-0.39,0.14,-5.07,False,False,0.1,0.0,0.2,0.1,0.2,0.1,0.2,0.1
2025-08-13,3224.37,-1.56,1.86,-0.56,-1.09,0.0,-0.35,0.19,-5.44,False,False,0.0,0.0,0.1,0.0,0.2,0.1,0.1,0.0
2025-08-14,3225.66,-1.5,1.94,-0.37,-0.53,0.0,-0.43,0.66,-4.13,False,False,0.0,0.0,0.0,0.0,0.2,0.1,0.0,0.0
2025-08-18,3177.28,-1.51,1.92,-0.63,-1.03,0.0,-0.43,0.62,-5.27,False,False,0.0,0.0,0.0,0.0,0.2,0.1,0.0,0.0
2025-08-19,3151.56,-1.56,1.79,-0.1,-0.28,0.0,-0.33,0.2,-3.58,False,False,0.0,0.0,0.0,0.0,0.0,0.0,0.0,0.0
2025-08-20,3130.09,-1.44,1.61,-0.88,-1.41,0.0,-0.28,0.17,-6.14,False,False,0.0,0.0,0.0,0.0,0.0,0.0,0.0,0.0
2025-08-21,3141.74,-1.17,1.56,-0.63,-0.99,0.0,-0.25,-0.01,-4.87,False,False,0.0,0.0,0.0,0.0,0.0,0.0,0.0,0.0
2025-08-22,3168.73,-1.13,1.51,-0.51,-0.85,0.0,-0.27,-0.13,-4.48,False,False,0.0,0.0,0.0,0.0,0.0,0.0,0.0,0.0
2025-08-25,3209.86,-1.12,1.47,-0.59,-0.83,0.0,-0.32,0.09,-4.54,False,False,0.0,0.0,0.0,0.0,0.0,0.0,0.0,0.0
2025-08-26,3179.36,-1.1,1.44,-0.67,-0.95,0.0,-0.4,-0.17,-4.94,False,False,0.0,0.0,0.0,0.0,0.0,0.0,0.0,0.0
2025-08-27,3187.16,-1.26,1.28,-0.73,-0.91,0.0,-0.33,-0.17,-5.33,False,False,0.0,0.0,0.0,0.0,0.0,0.0,0.0,0.0
2025-08-28,3196.32,-1.28,1.18,-0.13,-0.37,0.0,-0.34,-0.31,-3.65,False,False,0.0,0.0,0.0,0.0,0.0,0.0,0.0,0.0
2025-08-29,3186.01,-1.3,1.1,-0.57,-0.85,0.0,-0.38,-0.23,-5.15,False,False,0.0,0.0,0.0,0.0,0.0,0.0,0.0,0.0
2025-09-01,3142.93,-1.1,1.0,-0.52,-0.73,0.0,-0.33,-0.25,-4.57,False,False,0.0,0.0,0.0,0.0,0.0,0.0,0.0,0.0
2025-09-02,3172.35,-0.98,1.0,-0.93,-1.19,0.0,-0.26,-0.29,-5.62,False,False,0.0,0.0,0.0,0.0,0.0,0.0,0.0,0.0
2025-09-03,3184.42,-1.17,1.04,-0.31,-0.46,0.0,-0.32,-0.29,-3.94,False,False,0.0,0.0,0.0,0.0,0.0,0.0,0.0,0.0
2025-09-04,3200.83,-1.36,1.11,-1.04,-1.27,0.0,-0.33,-0.14,-6.41,False,False,0.0,0.0,0.0,0.0,0.0,0.0,0.0,0.0
2025-09-05,3205.12,-1.22,1.1,-1.1,-1.24,0.0,-0.39,-0.22,-6.31,False,False,0.0,0.0,0.0,0.0,0.0,0.0,0.0,0.0
2025-09-08,3219.59,-1.24,1.02,-1.27,-1.74,0.0,-0.4,-0.35,-7.04,False,False,0.0,0.0,0.0,0.0,0.0,0.0,0.0,0.0
2025-09-09,3260.05,-1.19,1.03,-1.49,-1.8,-0.0,-0.41,-0.45,-7.31,False,False,0.0,0.0,0.0,0.0,0.0,0.0,0.0,0.0
2025-09-10,3314.53,-0.91,1.07,-1.06,-1.21,-0.0,-0.48,-0.44,-5.83,False,False,0.0,0.0,0.0,0.0,0.0,0.0,0.0,0.0
2025-09-11,3344.2,-0.49,1.28,-0.64,-1.04,-0.0,-0.55,-0.3,-3.95,False,False,0.0,0.0,0.0,0.0,0.0,0.0,0.0,0.0
2025-09-12,3395.54,-0.17,1.24,-0.46,-1.25,-0.0,-0.57,-0.22,-3.11,False,False,0.0,0.0,0.0,0.0,0.0,0.0,0.0,0.0
2025-09-15,3407.31,0.09,1.46,-0.28,-0.94,-0.0,-0.59,-0.56,-1.7,False,False,0.1,0.0,0.0,0.0,0.0,0.0,0.0,0.0
2025-09-16,3449.62,0.08,1.54,0.1,-0.66,-0.0,-0.61,-0.22,-0.19,False,False,0.2,0.1,0.1,0.0,0.1,0.0,0.1,0.0
2025-09-17,3413.4,-0.01,1.87,0.39,-0.44,0.0,-0.66,-0.29,0.74,False,False,0.4,0.2,0.2,0.1,0.1,0.0,0.2,0.1
2025-09-18,3461.3,-0.27,1.88,0.36,-0.51,-0.0,-0.61,-0.14,0.04,False,False,0.6,0.3,0.4,0.2,0.1,0.0,0.4,0.2
2025-09-19,3445.24,-0.16,1.9,-0.17,-0.92,0.0,-0.67,-0.1,-1.62,False,False,0.7,0.3,0.6,0.3,0.1,0.0,0.6,0.3
2025-09-22,3468.65,-0.32,1.8,0.11,-0.39,-0.0,-0.64,-0.21,-0.63,False,False,0.8,0.4,0.7,0.3,0.1,0.0,0.7,0.3
2025-09-23,3486.19,-0.27,1.82,-0.23,-0.68,-0.0,-0.67,-0.31,-1.83,False,False,0.7,0.3,0.8,0.4,0.8,0.4,0.8,0.4
2025-09-24,3472.14,-0.12,1.95,-0.08,-0.54,0.0,-0.69,-0.02,-0.7,False,False,0.6,0.2,0.7,0.3,0.8,0.4,0.7,0.3
2025-09-25,3471.11,-0.09,1.88,0.14,-0.33,0.0,-0.67,-0.54,-0.04,False,False,0.6,0.2,0.6,0.2,0.8,0.4,0.6,0.2
2025-09-26,3386.05,0.01,1.9,0.01,-0.59,0.0,-0.67,-0.56,-0.5,False,False,0.7,0.3,0.6,0.2,0.8,0.4,0.6,0.2
2025-09-29,3431.21,-0.15,1.86,0.19,-0.28,0.0,-0.57,-0.76,-0.05,False,False,0.7,0.3,0.7,0.3,0.8,0.4,0.7,0.3
2025-09-30,3424.6,-0.04,1.97,-0.15,-0.87,0.0,-0.63,-0.56,-1.4,False,False,0.7,0.3,0.7,0.3,0.7,0.3,0.7,0.3
2025-10-01,3455.83,-0.1,1.94,0.33,-0.22,0.0,-0.63,-0.68,0.57,False,False,0.8,0.4,0.7,0.3,0.7,0.3,0.7,0.3
2025-10-02,3549.21,-0.0,1.98,0.15,-0.49,-0.0,-0.66,-0.73,-0.09,False,False,0.8,0.4,0.8,0.4,0.7,0.3,0.8,0.4
2025-10-10,3610.6,-0.07,2.34,0.15,-0.61,-0.0,-0.73,-0.55,-0.18,False,False,0.8,0.4,0.8,0.4,0.7,0.3,0.8,0.4
2025-10-13,3584.55,-0.41,2.39,-0.14,-0.34,0.01,-0.77,-0.83,-1.48,False,False,0.7,0.3,0.8,0.4,0.7,0.3,0.8,0.4
2025-10-14,3561.81,-0.54,2.21,0.56,0.21,0.02,-0.76,-0.9,0.66,False,False,0.8,0.5,0.7,0.3,0.7,0.3,0.7,0.3
2025-10-15,3657.28,-0.82,2.16,1.39,1.17,-0.0,-0.73,-0.95,3.27,False,False,0.8,0.5,0.8,0.5,0.7,0.3,0.8,0.5
2025-10-16,3748.37,-0.74,2.04,0.96,0.49,-0.0,-0.8,-0.7,1.54,False,False,0.9,0.6,0.8,0.5,0.7,0.3,0.8,0.5
2025-10-17,3748.89,-0.63,2.08,0.62,0.29,-0.0,-0.87,-0.5,0.77,False,False,0.9,0.7,0.9,0.6,0.7,0.3,0.9,0.6
2025-10-20,3814.69,-0.82,1.96,0.37,0.24,-0.0,-0.87,-0.6,-0.51,False,False,0.9,0.7,0.9,0.7,0.7,0.3,0.9,0.7
2025-10-21,3823.84,-0.56,1.87,0.64,0.46,-0.0,-0.94,-0.61,1.05,False,False,0.9,0.8,0.9,0.7,0.9,0.7,0.9,0.7
2025-10-22,3883.68,-0.5,1.68,1.01,0.87,-0.0,-0.94,-0.62,2.57,False,False,0.9,0.8,0.9,0.8,0.9,0.7,0.9,0.8
2025-10-23,3845.56,-0.18,1.57,0.88,0.55,0.07,-1.04,-0.65,2.59,False,False,0.9,0.8,0.9,0.8,0.9,0.7,0.9,0.8
2025-10-24,3941.59,-0.33,1.47,0.84,0.71,-0.0,-0.99,-0.6,2.24,False,False,0.9,0.8,0.9,0.8,0.9,0.7,0.9,0.8
2025-10-27,4042.83,0.18,1.53,0.81,0.88,-0.0,-1.13,-0.52,3.57,False,False,1.0,1.0,0.9,0.8,0.9,0.7,0.9,0.8
2025-10-28,4010.41,0.18,1.52,0.46,0.45,0.1,-1.19,-0.48,2.34,False,False,1.0,1.0,1.0,1.0,1.0,1.0,1.0,1.0
2025-10-29,4081.15,0.2,1.26,0.86,1.09,-0.0,-1.18,-0.64,3.8,False,False,1.0,1.0,1.0,1.0,1.0,1.0,1.0,1.0
2025-10-30,4086.89,0.35,1.24,1.35,1.63,-0.0,-1.21,-0.38,5.73,False,False,1.0,1.0,1.0,1.0,1.0,1.0,1.0,1.0
2025-10-31,4107.5,-0.01,1.17,1.5,1.74,-0.0,-1.22,-0.76,5.31,False,False,1.0,1.0,1.0,1.0,1.0,1.0,1.0,1.0
2025-11-03,4221.87,-0.3,1.28,1.28,1.39,-0.0,-1.23,-0.74,3.95,False,False,1.0,1.0,1.0,1.0,1.0,1.0,1.0,1.0
2025-11-04,4121.74,-0.33,1.14,1.25,1.66,0.3,-1.28,-0.57,4.66,False,False,1.0,1.0,1.0,1.0,1.0,1.0,1.0,1.0
2025-11-05,4004.42,-0.53,0.88,1.47,1.83,0.94,-1.23,-0.64,5.71,False,False,1.0,1.0,1.0,1.0,1.0,1.0,1.0,1.0
2025-11-06,4026.45,-0.65,0.6,1.2,1.15,0.77,-1.17,-0.57,3.86,False,True,1.0,1.0,1.0,1.0,1.0,1.0,1.0,1.0
2025-11-07,3953.76,-0.45,0.24,1.29,1.32,1.08,-1.18,-0.76,4.92,False,True,1.0,1.0,1.0,1.0,1.0,1.0,1.0,1.0
2025-11-10,4073.24,-0.34,0.13,0.96,0.89,0.75,-1.13,-0.8,3.33,False,True,1.0,1.0,1.0,1.0,1.0,1.0,1.0,1.0
2025-11-11,4106.39,0.21,0.18,0.47,0.32,0.56,-1.21,-0.54,2.48,False,True,1.0,1.0,1.0,1.0,1.0,1.0,1.0,1.0
2025-11-12,4150.39,0.34,0.15,-0.28,-0.75,0.32,-1.23,-1.06,-1.4,False,True,1.0,1.0,1.0,1.0,1.0,1.0,1.0,1.0
2025-11-13,4170.63,0.45,0.09,-0.07,-0.38,0.21,-1.25,-0.94,-0.25,False,True,1.0,0.9,1.0,1.0,1.0,1.0,1.0,1.0
2025-11-14,4011.57,0.18,0.12,0.09,0.13,1.15,-1.26,-0.95,2.1,False,False,0.9,0.7,1.0,0.9,1.0,1.0,1.0,0.9
2025-11-17,4089.25,-0.06,-0.12,-0.02,0.08,0.77,-1.16,-0.83,0.42,False,False,0.9,0.6,0.9,0.7,1.0,1.0,0.9,0.7
2025-11-18,3953.62,-0.15,-0.05,-0.13,-0.07,1.65,-1.21,-0.86,1.42,False,True,1.0,0.8,0.9,0.6,0.9,0.6,0.9,0.6
2025-11-19,3929.51,-0.34,-0.12,0.38,0.41,1.68,-1.12,-0.86,2.95,False,True,1.0,1.0,1.0,0.8,0.9,0.6,1.0,0.8
2025-11-20,4004.85,-0.28,-0.18,-1.03,-0.78,1.38,-1.1,-0.93,-2.7,False,True,1.0,0.9,1.0,1.0,0.9,0.6,1.0,1.0
2025-11-21,3853.26,-0.0,-0.11,-0.95,-0.65,2.13,-1.16,-1.18,-0.32,False,True,1.0,0.8,1.0,0.9,0.9,0.6,1.0,0.9
2025-11-24,3846.06,-0.09,-0.41,-1.35,-0.92,1.93,-0.96,-1.12,-2.33,False,True,0.9,0.7,1.0,0.8,0.9,0.6,1.0,0.8
2025-11-25,3857.78,0.2,-0.5,-1.31,-1.07,1.87,-0.96,-1.09,-1.92,False,False,0.5,0.3,0.9,0.7,0.9,0.7,0.9,0.7
2025-11-26,3960.87,0.16,-0.4,-0.8,-0.43,1.59,-0.96,-0.92,-0.21,False,False,0.5,0.2,0.5,0.3,0.9,0.7,0.5,0.3
2025-11-27,3986.91,0.36,-0.35,-1.87,-1.29,1.46,-1.13,-0.89,-3.77,False,False,0.4,0.2,0.5,0.2,0.9,0.7,0.5,0.2
2025-11-28,3926.59,0.61,-0.35,-1.21,-0.84,1.71,-1.15,-0.7,-0.45,False,False,0.4,0.2,0.4,0.2,0.9,0.7,0.4,0.2
2025-12-01,3920.37,0.92,-0.66,-1.23,-0.78,1.5,-1.09,-0.95,-0.28,False,False,0.5,0.2,0.4,0.2,0.9,0.7,0.4,0.2
2025-12-02,3994.93,0.82,-0.61,-1.1,-0.66,1.22,-1.07,-0.93,-0.56,False,False,0.6,0.3,0.5,0.2,0.5,0.2,0.5,0.2
2025-12-03,4036.3,1.07,-0.35,-0.63,-0.21,0.92,-1.16,-0.85,1.46,False,False,0.7,0.4,0.6,0.3,0.5,0.2,0.6,0.3
2025-12-04,4028.51,1.36,-0.21,-1.75,-1.42,0.94,-1.19,-0.74,-2.24,False,False,0.7,0.4,0.7,0.4,0.5,0.2,0.7,0.4
2025-12-05,4100.05,1.23,-0.17,-1.62,-1.13,0.61,-1.18,-1.04,-2.59,False,False,0.6,0.3,0.7,0.4,0.5,0.2,0.7,0.4
2025-12-08,4154.85,1.61,-0.03,-1.54,-1.06,0.3,-1.23,-0.96,-1.92,False,False,0.5,0.3,0.6,0.3,0.5,0.2,0.6,0.3
2025-12-09,4143.55,1.36,0.02,-1.34,-0.74,0.34,-1.27,-0.83,-1.42,False,False,0.4,0.2,0.5,0.3,0.5,0.3,0.5,0.3
2025-12-10,4135.0,1.36,-0.02,-1.43,-1.08,0.37,-1.26,-0.83,-2.09,False,False,0.3,0.0,0.4,0.2,0.5,0.3,0.4,0.2
2025-12-11,4110.62,1.14,0.03,-0.89,-0.33,0.46,-1.25,-0.95,-0.06,False,False,0.4,0.1,0.3,0.0,0.5,0.3,0.3,0.0
2025-12-12,4167.16,1.02,-0.02,-0.89,-0.26,0.16,-1.24,-0.9,-0.82,False,False,0.5,0.2,0.4,0.1,0.5,0.3,0.4,0.1
2025-12-15,4090.59,1.59,0.16,-0.7,-0.18,0.36,-1.27,-1.03,1.61,False,False,0.7,0.4,0.5,0.2,0.5,0.3,0.5,0.2
2025-12-16,3999.13,1.42,0.01,-0.09,0.53,0.43,-1.21,-0.89,3.74,False,False,0.8,0.5,0.7,0.4,0.7,0.4,0.7,0.4
2025-12-17,4056.41,1.43,-0.08,-0.41,0.13,0.36,-0.86,-1.04,2.41,False,False,0.9,0.7,0.8,0.5,0.7,0.4,0.8,0.5
2025-12-18,3994.51,1.31,-0.06,-0.28,-0.08,0.44,-0.95,-1.1,2.25,False,False,0.9,0.8,0.9,0.7,0.7,0.4,0.9,0.7
2025-12-19,4020.55,1.06,-0.17,-0.77,-0.76,0.07,-0.86,-1.0,-1.29,False,False,0.9,0.8,0.9,0.8,0.7,0.4,0.9,0.8
2025-12-22,4105.93,1.15,-0.1,-1.06,-1.02,0.09,-0.91,-1.04,-2.12,False,False,0.8,0.6,0.9,0.8,0.7,0.4,0.9,0.8
2025-12-23,4117.32,1.43,0.06,-1.35,-1.45,0.08,-0.99,-1.13,-2.75,False,False,0.6,0.4,0.8,0.6,0.8,0.6,0.8,0.6
2025-12-24,4108.62,1.53,0.1,-1.33,-1.59,0.01,-0.99,-1.24,-2.86,False,False,0.4,0.2,0.6,0.4,0.8,0.6,0.6,0.4
2025-12-26,4129.68,1.41,0.12,-1.48,-1.71,0.0,-0.99,-0.79,-3.43,False,False,0.2,0.0,0.4,0.2,0.8,0.6,0.4,0.2
2025-12-29,4220.56,1.4,0.29,-0.72,-0.83,0.0,-1.0,-0.66,-0.24,False,False,0.2,0.1,0.2,0.0,0.8,0.6,0.2,0.0
2025-12-30,4214.17,1.25,0.48,-0.29,-0.5,0.0,-1.03,-0.31,1.22,False,False,0.4,0.3,0.2,0.1,0.2,0.1,0.2,0.1
2026-01-02,4309.63,1.16,0.38,0.05,-0.04,-0.0,-1.03,-0.53,2.33,False,False,0.6,0.5,0.4,0.3,0.2,0.1,0.4,0.3
2026-01-05,4457.52,1.01,0.34,0.17,-0.0,-0.0,-1.08,-0.49,2.3,False,False,0.8,0.7,0.6,0.5,0.2,0.1,0.6,0.5
2026-01-06,4525.48,0.61,0.55,0.42,0.1,-0.0,-1.21,-0.49,2.11,False,False,1.0,0.9,0.8,0.7,0.8,0.7,0.8,0.7
2026-01-07,4551.06,0.51,0.5,0.22,-0.08,-0.0,-1.25,-0.41,1.13,False,False,1.0,0.9,1.0,0.9,0.8,0.7,1.0,0.9
2026-01-08,4552.37,0.07,0.56,-0.01,-0.3,-0.0,-1.27,-0.31,-0.82,False,False,0.9,0.8,1.0,0.9,0.8,0.7,1.0,0.9
2026-01-09,4586.32,-0.36,0.5,0.21,-0.07,-0.0,-1.27,-0.52,-1.12,False,False,0.8,0.7,0.9,0.8,0.8,0.7,0.9,0.8
2026-01-12,4624.79,-0.04,0.34,0.46,-0.01,-0.0,-1.28,-0.62,0.25,False,False,0.8,0.6,0.8,0.7,0.8,0.7,0.8,0.7
2026-01-13,4692.64,0.04,0.25,-0.35,-0.65,-0.0,-1.3,-0.72,-2.58,False,False,0.7,0.4,0.8,0.6,0.8,0.6,0.8,0.6
2026-01-14,4723.1,0.37,0.09,-0.48,-0.83,-0.0,-1.33,-0.91,-2.53,False,False,0.5,0.2,0.7,0.4,0.8,0.6,0.7,0.4
2026-01-15,4797.55,0.35,0.01,-0.42,-0.38,-0.0,-1.34,-0.61,-1.69,False,False,0.4,0.1,0.5,0.2,0.8,0.6,0.5,0.2
2026-01-16,4840.74,0.79,0.12,-0.47,-0.84,-0.0,-1.35,-0.4,-1.26,False,False,0.4,0.1,0.4,0.1,0.8,0.6,0.4,0.1
2026-01-19,4904.66,0.94,0.19,-0.26,-1.09,-0.0,-1.36,-0.36,-0.69,False,False,0.4,0.1,0.4,0.1,0.8,0.6,0.4,0.1
2026-01-20,4885.75,0.78,0.22,-0.53,-1.17,0.0,-1.36,-0.57,-1.96,False,False,0.4,0.1,0.4,0.1,0.4,0.1,0.4,0.1
2026-01-21,4909.93,0.53,0.22,0.17,-0.34,-0.0,-1.36,-0.74,0.3,False,False,0.6,0.2,0.4,0.1,0.4,0.1,0.4,0.1
2026-01-22,4952.53,0.48,0.27,0.63,0.29,-0.0,-1.36,-0.5,2.35,False,False,0.7,0.4,0.6,0.2,0.4,0.1,0.6,0.2
2026-01-23,4990.07,0.14,0.19,0.63,0.12,-0.0,-1.37,-0.51,1.24,False,False,0.8,0.6,0.7,0.4,0.4,0.1,0.7,0.4
2026-01-26,4949.59,0.16,0.15,0.46,-0.23,0.0,-1.37,-0.39,0.39,False,False,0.9,0.6,0.8,0.6,0.4,0.1,0.8,0.6
2026-01-27,5084.85,-0.28,0.13,0.0,-0.63,-0.0,-1.37,-0.02,-2.23,False,False,0.8,0.6,0.9,0.6,0.9,0.6,0.9,0.6
2026-01-28,5170.81,-0.25,0.12,0.61,-0.0,-0.0,-1.39,0.21,0.38,False,False,0.8,0.6,0.8,0.6,0.9,0.6,0.8,0.6
2026-01-29,5221.25,-0.64,0.11,1.23,0.68,-0.0,-1.4,0.4,2.02,False,False,0.8,0.6,0.8,0.6,0.9,0.6,0.8,0.6
2026-01-30,5224.36,-0.66,0.0,1.65,1.28,-0.0,-1.4,0.24,3.66,False,False,0.8,0.6,0.8,0.6,0.9,0.6,0.8,0.6
2026-02-02,4949.67,-0.72,-0.11,1.31,0.82,0.38,-1.4,0.1,2.69,False,True,1.0,0.9,0.8,0.6,0.9,0.6,0.8,0.6
2026-02-03,5288.08,-1.13,-0.36,1.35,0.56,-0.0,-1.36,-0.31,0.37,False,True,1.0,1.0,1.0,0.9,1.0,0.9,1.0,0.9
2026-02-04,5371.1,-0.61,-0.29,1.91,1.04,-0.0,-1.4,-0.03,3.77,False,True,1.0,1.0,1.0,1.0,1.0,0.9,1.0,1.0
2026-02-05,5163.57,-0.07,-0.43,1.07,0.29,1.07,-1.4,-0.29,3.83,False,True,1.0,1.0,1.0,1.0,1.0,0.9,1.0,1.0
2026-02-06,5089.14,-0.35,-0.74,0.16,-0.43,1.41,-1.39,-0.42,0.42,False,True,1.0,1.0,1.0,1.0,1.0,0.9,1.0,1.0
2026-02-09,5298.04,-0.25,-0.82,0.78,-0.01,0.45,-1.39,-0.3,0.96,False,False,1.0,0.8,1.0,1.0,1.0,0.9,1.0,1.0
2026-02-10,5301.69,0.27,-0.72,1.27,0.48,0.42,-1.4,-0.12,4.03,False,False,1.0,0.9,1.0,0.8,1.0,0.8,1.0,0.8
2026-02-11,5354.49,0.22,-0.65,-0.8,-1.4,0.1,-1.4,-0.09,-4.16,False,False,0.8,0.7,1.0,0.9,1.0,0.8,1.0,0.9
2026-02-12,5522.27,0.3,-0.57,-1.26,-1.61,-0.0,-1.4,0.32,-5.11,False,False,0.6,0.5,0.8,0.7,1.0,0.8,0.8,0.7
2026-02-13,5507.01,0.3,-0.37,-0.34,-0.62,0.09,-1.41,0.46,-1.49,False,False,0.5,0.4,0.6,0.5,1.0,0.8,0.6,0.5
2026-02-19,5677.25,0.25,-0.45,0.65,0.51,-0.0,-1.4,0.5,2.3,False,False,0.5,0.4,0.5,0.4,0.5,0.4,0.5,0.4
2026-02-20,5808.53,0.47,-0.51,-0.04,-0.16,-0.0,-1.41,0.45,0.12,False,False,0.5,0.3,0.5,0.4,0.5,0.4,0.5,0.4
2026-02-23,5846.09,0.88,-0.58,1.2,1.1,-0.0,-1.41,0.4,5.4,False,False,0.7,0.5,0.5,0.3,0.5,0.4,0.5,0.3
2026-02-24,5969.64,0.88,-0.6,0.83,0.8,-0.0,-1.41,0.3,4.32,False,False,0.9,0.7,0.7,0.5,0.7,0.5,0.7,0.5
2026-02-25,6083.86,1.31,-0.61,1.48,1.51,-0.0,-1.41,0.47,6.89,False,False,1.0,0.9,0.9,0.7,0.7,0.5,0.9,0.7
2026-02-26,6307.27,1.55,-0.68,1.06,0.79,-0.0,-1.41,0.76,6.07,False,False,1.0,0.9,1.0,0.9,0.7,0.5,1.0,0.9
2026-02-27,6244.13,1.8,-0.75,1.8,2.41,0.32,-1.42,0.85,8.51,False,False,1.0,1.0,1.0,0.9,0.7,0.5,1.0,0.9
2026-03-03,5791.91,1.71,-1.18,2.95,3.0,2.31,-1.41,0.61,9.62,False,True,1.0,1.0,1.0,1.0,1.0,1.0,1.0,1.0
2026-03-04,5093.54,1.57,-1.36,2.79,3.0,2.95,-1.4,0.05,9.64,False,True,1.0,1.0,1.0,1.0,1.0,1.0,1.0,1.0
2026-03-05,5583.9,1.3,-1.23,3.0,3.0,2.68,-1.36,0.27,9.6,False,True,1.0,1.0,1.0,1.0,1.0,1.0,1.0,1.0
2026-03-06,5584.87,1.03,-1.15,3.0,3.0,2.68,-1.4,-0.07,9.53,False,True,1.0,1.0,1.0,1.0,1.0,1.0,1.0,1.0
2026-03-09,5251.87,0.94,-1.18,3.0,3.0,2.91,-1.4,-0.07,9.55,False,True,1.0,1.0,1.0,1.0,1.0,1.0,1.0,1.0
2026-03-10,5532.59,0.48,-1.35,3.0,3.0,2.73,-1.38,-0.28,9.37,False,True,1.0,1.0,1.0,1.0,1.0,1.0,1.0,1.0
2026-03-11,5609.95,0.43,-1.21,3.0,3.0,2.64,-1.39,0.11,9.37,False,True,1.0,1.0,1.0,1.0,1.0,1.0,1.0,1.0
2026-03-12,5583.25,0.74,-1.08,3.0,3.0,2.68,-1.4,-0.1,9.46,False,False,1.0,1.0,1.0,1.0,1.0,1.0,1.0,1.0
2026-03-13,5487.24,0.65,-1.13,2.51,2.71,2.78,-1.4,-0.12,9.24,False,False,1.0,1.0,1.0,1.0,1.0,1.0,1.0,1.0
2026-03-16,5549.85,0.2,-1.22,2.67,3.0,2.72,-1.39,-0.37,9.16,False,False,1.0,1.0,1.0,1.0,1.0,1.0,1.0,1.0
2026-03-17,5640.48,0.15,-1.25,2.4,3.0,2.6,-1.39,-0.23,8.99,False,False,1.0,1.0,1.0,1.0,1.0,1.0,1.0,1.0
2026-03-18,5925.03,0.13,-1.3,1.97,2.51,1.92,-1.4,-0.15,8.15,False,False,1.0,1.0,1.0,1.0,1.0,1.0,1.0,1.0
2026-03-19,5763.22,0.49,-1.35,1.57,2.04,2.38,-1.42,-0.56,8.11,False,False,1.0,1.0,1.0,1.0,1.0,1.0,1.0,1.0
2026-03-20,5781.2,0.38,-1.41,1.19,1.59,2.34,-1.41,-0.49,7.32,False,False,1.0,1.0,1.0,1.0,1.0,1.0,1.0,1.0
2026-03-23,5405.75,0.08,-1.43,1.54,1.81,2.84,-1.41,-0.45,7.93,False,True,1.0,1.0,1.0,1.0,1.0,1.0,1.0,1.0
2026-03-24,5553.92,-0.6,-1.6,2.08,2.38,2.71,-1.38,-0.19,8.04,False,True,1.0,1.0,1.0,1.0,1.0,1.0,1.0,1.0
2026-03-25,5642.21,-0.53,-1.67,2.07,2.27,2.6,-1.39,-0.29,7.92,False,True,1.0,1.0,1.0,1.0,1.0,1.0,1.0,1.0
2026-03-26,5460.46,-0.36,-1.7,1.68,1.64,2.8,-1.4,-0.49,7.43,False,True,1.0,1.0,1.0,1.0,1.0,1.0,1.0,1.0
2026-03-27,5438.87,-0.52,-1.79,0.68,0.78,2.81,-1.38,-0.5,4.89,False,True,1.0,1.0,1.0,1.0,1.0,1.0,1.0,1.0
2026-03-30,5277.3,-0.54,-1.9,0.99,0.91,2.9,-1.37,-0.48,5.66,True,True,1.0,1.0,1.0,1.0,1.0,1.0,1.0,1.0
2026-03-31,5052.46,-0.47,-1.82,1.21,1.21,2.87,-1.36,-0.63,6.36,True,True,1.0,0.8,1.0,1.0,1.0,1.0,1.0,1.0
2026-04-01,5478.7,-0.28,-1.86,1.15,1.26,2.29,-1.32,-0.72,5.86,False,True,1.0,0.8,1.0,0.8,1.0,1.0,1.0,0.8
2026-04-02,5234.05,0.36,-1.96,0.95,1.14,1.97,-1.38,-0.34,6.1,True,True,0.9,0.6,1.0,0.8,1.0,1.0,1.0,0.8
2026-04-03,5377.3,0.28,-1.97,1.04,1.15,1.95,-1.35,-0.54,6.03,True,True,0.7,0.4,0.9,0.6,1.0,1.0,0.9,0.6
2026-04-06,5450.33,0.52,-1.86,0.8,0.99,1.69,-1.37,-1.14,5.37,True,True,0.7,0.4,0.7,0.4,1.0,1.0,0.7,0.4
2026-04-07,5494.78,0.82,-1.79,0.82,0.81,1.49,-1.38,-1.14,5.48,False,False,0.6,0.4,0.7,0.4,0.7,0.4,0.7,0.4
2026-04-08,5872.34,0.67,-1.8,0.3,0.21,1.31,-1.38,-0.99,3.15,False,False,0.6,0.4,0.6,0.4,0.7,0.4,0.6,0.4
2026-04-09,5778.01,1.04,-1.63,0.5,0.3,1.46,-1.43,-0.45,4.99,False,False,0.7,0.6,0.6,0.4,0.7,0.4,0.6,0.4
2026-04-10,5858.87,0.58,-1.42,0.52,0.25,1.3,-1.42,-0.53,3.85,False,False,0.9,0.8,0.7,0.6,0.7,0.4,0.7,0.6
2026-04-13,5808.62,0.7,-1.35,0.78,0.33,1.38,-1.43,-0.51,4.85,False,False,1.0,1.0,0.9,0.8,0.7,0.4,0.9,0.8
2026-04-14,5967.75,0.58,-1.32,1.07,0.65,1.07,-1.42,-0.64,5.04,False,False,1.0,1.0,1.0,1.0,1.0,1.0,1.0,1.0
2026-04-15,6091.39,0.76,-1.28,1.09,0.75,0.68,-1.43,-0.31,5.08,False,False,1.0,1.0,1.0,1.0,1.0,1.0,1.0,1.0
2026-04-16,6226.05,0.5,-1.27,1.17,0.76,0.26,-1.44,-0.34,4.08,False,False,1.0,1.0,1.0,1.0,1.0,1.0,1.0,1.0
2026-04-17,6191.92,0.68,-1.15,0.95,0.42,0.36,-1.44,-0.19,3.84,False,False,1.0,1.0,1.0,1.0,1.0,1.0,1.0,1.0
2026-04-20,6219.09,0.81,-1.21,1.24,1.01,0.22,-1.44,-0.11,5.16,False,False,1.0,1.0,1.0,1.0,1.0,1.0,1.0,1.0
2026-04-21,6388.47,1.24,-1.09,1.36,1.15,-0.0,-1.44,0.18,6.07,False,False,1.0,1.0,1.0,1.0,1.0,1.0,1.0,1.0
2026-04-22,6417.93,1.23,-0.95,1.47,1.37,-0.0,-1.46,0.21,6.47,False,False,1.0,1.0,1.0,1.0,1.0,1.0,1.0,1.0
2026-04-23,6475.81,0.82,-0.94,1.16,0.98,-0.0,-1.46,-0.06,4.75,False,False,1.0,1.0,1.0,1.0,1.0,1.0,1.0,1.0
2026-04-24,6475.63,0.75,-0.84,1.06,0.68,0.0,-1.47,0.0,4.14,False,False,1.0,1.0,1.0,1.0,1.0,1.0,1.0,1.0
2026-04-27,6615.03,0.79,-0.83,1.44,1.18,-0.0,-1.47,0.05,5.51,False,False,1.0,1.0,1.0,1.0,1.0,1.0,1.0,1.0
2026-04-28,6641.02,0.9,-0.72,1.11,0.7,-0.0,-1.47,0.22,4.68,False,False,1.0,1.0,1.0,1.0,1.0,1.0,1.0,1.0
2026-04-29,6690.9,0.81,-0.61,1.01,0.52,-0.0,-1.47,-0.1,4.01,False,False,1.0,1.0,1.0,1.0,1.0,1.0,1.0,1.0
2026-04-30,6598.87,0.5,-0.62,1.05,0.51,0.0,-1.47,-0.06,3.43,False,False,1.0,1.0,1.0,1.0,1.0,1.0,1.0,1.0
2026-05-04,6936.99,0.66,-0.69,1.14,0.62,-0.0,-1.47,-0.04,4.08,False,False,1.0,1.0,1.0,1.0,1.0,1.0,1.0,1.0
2026-05-06,7384.56,0.95,-0.56,0.9,0.55,-0.0,-1.45,-0.3,4.05,False,False,1.0,1.0,1.0,1.0,1.0,1.0,1.0,1.0
2026-05-07,7490.05,0.46,-0.42,0.69,0.17,-0.0,-1.48,0.01,2.15,False,False,1.0,1.0,1.0,1.0,1.0,1.0,1.0,1.0
2026-05-08,7498.0,0.68,-0.75,1.24,0.47,-0.0,-1.48,-0.26,4.01,False,False,1.0,1.0,1.0,1.0,1.0,1.0,1.0,1.0
2026-05-11,7822.24,0.62,-1.03,1.66,0.76,-0.0,-1.48,-0.52,4.87,False,False,1.0,1.0,1.0,1.0,1.0,1.0,1.0,1.0
2026-05-12,7643.15,0.85,-1.18,1.42,0.61,0.08,-1.48,-0.4,4.78,False,False,1.0,1.0,1.0,1.0,1.0,1.0,1.0,1.0
2026-05-13,7844.01,0.76,-1.38,1.18,0.31,-0.0,-1.48,-0.51,3.48,False,False,1.0,1.0,1.0,1.0,1.0,1.0,1.0,1.0
2026-05-14,7981.41,0.89,-1.51,1.13,0.03,-0.0,-1.48,-0.57,3.21,False,False,1.0,1.0,1.0,1.0,1.0,1.0,1.0,1.0
2026-05-15,7493.18,0.69,-1.58,1.47,0.67,0.47,-1.48,-0.49,5.06,False,False,1.0,1.0,1.0,1.0,1.0,1.0,1.0,1.0
2026-05-18,7516.04,0.54,-1.71,1.34,0.92,0.44,-1.47,-0.45,4.73,False,True,1.0,1.0,1.0,1.0,1.0,1.0,1.0,1.0
2026-05-19,7271.66,0.57,-1.78,0.99,0.33,0.66,-1.48,-0.37,3.71,False,True,1.0,1.0,1.0,1.0,1.0,1.0,1.0,1.0
2026-05-20,7208.95,0.42,-1.93,0.88,0.06,0.7,-1.46,-0.67,2.66,False,True,1.0,1.0,1.0,1.0,1.0,1.0,1.0,1.0
2026-05-21,7815.59,0.5,-2.0,1.15,0.97,0.31,-1.46,-0.61,3.94,False,True,1.0,1.0,1.0,1.0,1.0,1.0,1.0,1.0
2026-05-22,7847.71,0.74,-2.0,1.06,1.12,0.25,-1.48,-0.84,4.22,False,True,1.0,1.0,1.0,1.0,1.0,1.0,1.0,1.0
2026-05-26,8047.51,0.79,-2.08,0.44,0.33,-0.0,-1.49,-1.26,1.15,False,True,1.0,1.0,1.0,1.0,1.0,1.0,1.0,1.0
2026-05-27,8228.7,0.9,-2.04,0.1,-0.21,-0.0,-1.49,-0.87,-0.01,False,False,1.0,0.9,1.0,1.0,1.0,1.0,1.0,1.0
2026-05-28,8185.29,0.72,-1.93,0.7,0.51,0.08,-1.49,-0.7,2.37,False,False,1.0,0.9,1.0,0.9,1.0,1.0,1.0,0.9
2026-05-29,8476.15,0.41,-1.98,0.55,-0.01,-0.0,-1.49,-0.75,0.3,False,False,1.0,0.8,1.0,0.9,1.0,1.0,1.0,0.9
2026-06-01,8788.38,0.62,-1.91,0.81,0.37,-0.0,-1.49,-0.92,1.94,False,False,1.0,0.8,1.0,0.8,1.0,1.0,1.0,0.8
2026-06-02,8801.49,0.7,-1.91,0.31,-0.27,-0.0,-1.5,-0.97,-0.07,False,False,1.0,0.7,1.0,0.8,1.0,0.8,1.0,0.8
2026-06-04,8639.41,0.56,-2.0,0.59,0.03,0.26,-1.5,-1.42,0.97,False,False,1.0,0.8,1.0,0.7,1.0,0.8,1.0,0.7
2026-06-05,8160.59,0.54,-2.2,0.9,0.26,0.85,-1.49,-1.74,2.91,False,True,1.0,1.0,1.0,0.8,1.0,0.8,1.0,0.8
2026-06-08,7484.41,0.51,-2.25,0.66,-0.38,1.53,-1.48,-1.56,2.7,False,True,1.0,1.0,1.0,1.0,1.0,0.8,1.0,1.0
2026-06-09,8096.93,0.31,-2.05,0.22,-0.66,1.46,-1.46,-0.6,1.19,False,True,1.0,1.0,1.0,1.0,1.0,1.0,1.0,1.0
2026-06-10,7730.82,0.54,-1.99,-0.12,-1.31,1.75,-1.48,-0.81,0.44,False,True,1.0,1.0,1.0,1.0,1.0,1.0,1.0,1.0
2026-06-11,7763.95,0.38,-2.02,-0.82,-1.78,1.69,-1.47,-0.58,-2.39,False,True,1.0,0.9,1.0,1.0,1.0,1.0,1.0,1.0
2026-06-12,8123.62,0.43,-1.93,-0.5,-1.41,1.43,-1.47,-0.49,-1.35,False,True,1.0,0.7,1.0,0.9,1.0,1.0,1.0,0.9
2026-06-15,8545.98,0.64,-1.72,-0.61,-1.59,0.69,-1.38,-0.31,-2.56,False,True,0.9,0.5,1.0,0.7,1.0,1.0,1.0,0.7
2026-06-16,8726.6,0.63,-1.65,-1.47,-2.22,0.19,-1.41,-0.48,-5.92,False,True,0.7,0.3,0.9,0.5,0.9,0.5,0.9,0.5
2026-06-17,8864.24,0.79,-1.49,-1.44,-2.12,-0.0,-1.42,-0.24,-5.63,False,False,0.2,0.0,0.7,0.3,0.9,0.5,0.7,0.3
2026-06-18,9063.84,0.76,-1.41,-0.75,-1.46,-0.0,-1.43,-0.31,-3.56,False,False,0.1,0.0,0.2,0.0,0.9,0.5,0.2,0.0
2026-06-19,9052.42,0.69,-1.22,-0.86,-1.52,0.03,-1.44,-0.51,-3.99,False,False,0.0,0.0,0.1,0.0,0.9,0.5,0.1,0.0
2026-06-22,9114.55,0.45,-1.12,-0.39,-1.09,-0.0,-1.44,-0.4,-2.88,False,False,0.0,0.0,0.0,0.0,0.9,0.5,0.0,0.0
2026-06-23,8203.84,0.26,-1.17,-0.26,-0.84,1.57,-1.44,-0.55,0.29,False,True,0.5,0.3,0.0,0.0,0.0,0.0,0.0,0.0
2026-06-24,8471.02,-0.42,-1.23,0.17,-0.36,1.3,-1.38,-0.2,0.04,False,True,0.7,0.4,0.5,0.3,0.0,0.0,0.5,0.3
2026-06-25,8930.3,-0.25,-1.31,0.87,0.37,0.47,-1.4,-0.43,1.49,False,True,0.9,0.6,0.7,0.4,0.0,0.0,0.7,0.4
2026-06-26,8411.21,0.14,-1.3,0.49,-0.14,1.53,-1.43,-0.37,2.78,False,True,1.0,0.8,0.9,0.6,0.0,0.0,0.9,0.6
2026-06-29,8394.65,-0.07,-1.31,-0.5,-1.09,1.49,-1.39,-0.51,-1.67,False,True,1.0,0.8,1.0,0.8,0.0,0.0,1.0,0.8
2026-06-30,8476.48,0.04,-1.51,-0.48,-1.1,1.34,-1.39,-0.42,-1.71,False,True,1.0,0.7,1.0,0.8,1.0,0.8,1.0,0.8
2026-07-01,8303.41,0.09,-1.56,0.21,-0.51,1.52,-1.4,-0.58,1.26,False,True,1.0,0.8,1.0,0.7,1.0,0.8,1.0,0.7
2026-07-02,7648.09,0.1,-1.46,-0.22,-0.4,2.01,-1.38,-0.54,1.43,True,True,0.9,0.6,1.0,0.8,1.0,0.8,1.0,0.8
2026-07-03,8088.34,-0.27,-1.4,-0.58,-0.83,1.85,-1.32,-0.24,-1.16,False,True,0.8,0.4,0.9,0.6,1.0,0.8,0.9,0.6
2026-07-06,8051.33,0.25,-1.37,-0.8,-1.02,1.59,-1.36,0.26,-0.96,False,True,0.9,0.4,0.8,0.4,1.0,0.8,0.8,0.4
2026-07-07,7656.31,0.16,-1.37,-0.94,-1.07,1.53,-1.36,0.43,-1.63,True,True,0.9,0.4,0.9,0.4,0.9,0.4,0.9,0.4
2026-07-08,7246.79,-0.22,-1.4,-1.5,-1.34,1.58,-1.32,0.37,-4.06,True,True,0.7,0.3,0.9,0.4,0.9,0.4,0.9,0.4
2026-07-09,7291.91,-0.05,-1.31,-1.32,-1.25,1.57,-1.26,0.76,-2.99,True,True,0.7,0.3,0.7,0.3,0.9,0.4,0.7,0.3
2026-07-10,7475.94,0.11,-1.27,-1.41,-1.22,1.47,-1.27,0.71,-2.97,True,True,0.7,0.2,0.7,0.3,0.9,0.4,0.7,0.3
2026-07-13,6806.93,0.04,-1.33,-1.75,-1.47,1.62,-1.3,0.9,-3.87,True,True,0.6,0.2,0.7,0.2,0.9,0.4,0.7,0.2
2026-07-14,6856.83,-0.23,-1.39,-1.36,-1.08,1.58,-1.11,0.74,-3.19,True,True,0.6,0.2,0.6,0.2,0.6,0.2,0.6,0.2
2026-07-15,7284.41,-0.04,-1.39,-0.73,-0.76,1.73,-1.13,0.18,-0.79,True,True,0.6,0.2,0.6,0.2,0.6,0.2,0.6,0.2
2026-07-16,6820.6,0.04,-1.31,-0.47,-0.62,1.79,-1.27,0.41,0.48,True,True,0.6,0.2,0.6,0.2,0.6,0.2,0.6,0.2
2026-07-20,6516.27,-0.17,-1.39,-0.67,-0.86,1.8,-1.11,0.83,-0.62,True,True,0.6,0.2,0.6,0.2,0.6,0.2,0.6,0.2
2026-07-21,6747.95,-0.15,-1.38,-0.6,-0.87,1.85,-0.96,0.98,-0.16,True,True,0.6,0.2,0.6,0.2,0.6,0.2,0.6,0.2
2026-07-22,6797.7,-0.06,-1.33,-0.05,-0.51,1.55,-1.08,0.58,1.13,True,True,0.6,0.2,0.6,0.2,0.6,0.2,0.6,0.2
2026-07-23,7096.89,0.15,-1.18,-0.9,-1.07,1.56,-1.09,0.71,-1.12,True,True,0.6,0.2,0.6,0.2,0.6,0.2,0.6,0.2
2026-07-24,6690.62,-0.03,-1.02,-1.0,-1.09,1.48,-1.22,0.92,-1.89,True,True,0.6,0.2,0.6,0.2,0.6,0.2,0.6,0.2
2026-07-27,6755.75,-0.58,-1.09,-0.83,-0.98,1.39,-1.03,1.33,-2.54,True,True,0.6,0.2,0.6,0.2,0.6,0.2,0.6,0.2
2026-07-28,6023.66,-0.09,-1.1,-0.68,-0.92,1.73,-1.07,0.88,-0.5,True,True,0.6,0.2,0.6,0.2,0.6,0.2,0.6,0.2
2026-07-29,5663.24,-0.38,-1.06,-0.31,-0.71,1.75,-0.87,1.18,0.34,True,True,0.6,0.2,0.6,0.2,0.6,0.2,0.6,0.2
2026-07-30,5593.56,-0.23,-0.98,-0.62,-0.83,1.74,-0.78,1.61,0.04,True,True,0.6,0.2,0.6,0.2,0.6,0.2,0.6,0.2
2026-07-31,6595.45,-0.2,-0.88,-0.3,-0.66,2.69,-0.76,2.17,3.25,True,True,0.6,0.2,0.6,0.2,0.6,0.2,0.6,0.2
2026-08-03,6257.45,0.11,-0.49,-0.69,-0.94,2.58,-1.0,1.83,2.4,True,True,0.6,0.2,0.6,0.2,0.6,0.2,0.6,0.2
2026-08-04,6358.95,-0.62,-0.54,0.64,-0.11,2.55,-0.91,2.14,4.87,True,True,0.6,0.2,0.6,0.2,0.6,0.2,0.6,0.2
2026-08-05,6598.26,-0.57,-0.51,1.1,0.15,2.51,-0.94,2.29,6.05,True,True,0.6,0.2,0.6,0.2,0.6,0.2,0.6,0.2
2026-08-06,6296.38,-0.6,-0.37,1.84,0.61,2.46,-1.01,2.41,7.38,True,False,0.3,0.0,0.6,0.2,0.6,0.2,0.6,0.2
2026-08-07,6258.77,-0.59,-0.48,0.63,-0.17,2.42,-0.92,2.37,4.76,True,False,0.3,0.0,0.3,0.0,0.6,0.2,0.3,0.0
2026-08-10,6299.66,-0.72,-0.54,0.73,0.0,2.36,-0.91,2.43,4.82,True,True,0.6,0.2,0.3,0.0,0.6,0.2,0.3,0.0
2026-08-11,6345.53,-0.65,-0.63,0.58,-0.07,2.14,-0.92,1.76,3.89,True,True,0.6,0.2,0.6,0.2,0.6,0.2,0.6,0.2
2026-08-12,6579.04,-0.44,-0.52,-0.51,-0.89,2.14,-0.93,1.96,0.84,True,True,0.6,0.2,0.6,0.2,0.6,0.2,0.6,0.2
2026-08-13,6813.34,-0.77,-0.39,-1.16,-1.34,2.04,-1.0,2.25,-2.29,True,True,0.6,0.2,0.6,0.2,0.6,0.2,0.6,0.2
2026-08-14,6977.94,-0.69,-0.35,-0.88,-1.13,1.91,-1.12,2.34,-1.35,True,True,0.6,0.2,0.6,0.2,0.6,0.2,0.6,0.2
2026-08-18,6869.83,-0.52,-0.14,-1.01,-1.17,1.84,-1.19,2.98,-1.09,True,False,0.3,0.0,0.6,0.2,0.6,0.2,0.6,0.2
2026-08-19,6471.17,-0.63,-0.11,-1.0,-1.21,1.89,-1.14,2.96,-1.25,True,True,0.6,0.2,0.3,0.0,0.6,0.2,0.3,0.0
2026-08-20,6852.58,-1.02,-0.25,-0.61,-1.04,1.94,-0.95,3.0,-0.83,True,True,0.6,0.2,0.6,0.2,0.6,0.2,0.6,0.2
2026-08-21,6912.95,-0.85,-0.21,-0.25,-0.72,1.87,-1.13,3.0,0.74,True,True,0.6,0.2,0.6,0.2,0.6,0.2,0.6,0.2
2026-08-24,6696.96,-0.9,-0.25,-0.58,-0.88,1.79,-1.16,3.0,-0.64,True,True,0.6,0.2,0.6,0.2,0.6,0.2,0.6,0.2
2026-08-25,6742.74,-0.9,-0.24,-1.41,-1.32,1.76,-1.06,3.0,-3.26,True,True,0.6,0.2,0.6,0.2,0.6,0.2,0.6,0.2
2026-08-26,6808.21,-0.87,-0.28,-1.0,-1.03,1.39,-1.07,3.0,-2.56,True,False,0.3,0.0,0.6,0.2,0.6,0.2,0.6,0.2
2026-08-27,6912.37,-0.91,-0.14,-1.02,-0.96,1.23,-1.11,3.0,-2.86,True,False,0.3,0.0,0.3,0.0,0.6,0.2,0.3,0.0
2026-08-28,6788.88,-1.33,-0.07,-1.4,-1.03,1.23,-1.15,3.0,-4.64,True,False,0.3,0.0,0.3,0.0,0.6,0.2,0.3,0.0
2026-08-31,6820.02,-1.62,-0.15,-1.76,-1.19,0.07,-1.09,3.0,-7.26,True,False,0.3,0.0,0.3,0.0,0.6,0.2,0.3,0.0
2026-09-01,6835.8,-1.93,-0.46,-1.65,-1.25,0.0,-1.11,3.0,-7.67,True,False,0.3,0.0,0.3,0.0,0.3,0.0,0.3,0.0
2026-09-02,6562.72,-1.73,-0.36,-1.59,-1.28,0.0,-1.11,3.0,-7.38,True,False,0.3,0.0,0.3,0.0,0.3,0.0,0.3,0.0
2026-09-03,6579.48,-2.18,-0.45,-1.92,-1.45,0.0,-0.97,3.0,-8.22,True,False,0.3,0.0,0.3,0.0,0.3,0.0,0.3,0.0
2026-09-04,6687.21,-2.09,-0.49,-1.23,-1.03,0.0,-0.98,3.0,-7.21,True,False,0.3,0.0,0.3,0.0,0.3,0.0,0.3,0.0
2026-09-07,6995.39,-1.75,-0.28,-1.97,-1.44,0.0,-1.03,3.0,-7.86,False,False,0.2,0.0,0.3,0.0,0.3,0.0,0.3,0.0
2026-09-08,6954.52,-1.39,-0.04,-2.71,-1.86,0.0,-1.19,3.0,-8.39,False,False,0.2,0.0,0.2,0.0,0.2,0.0,0.2,0.0
2026-09-09,7051.64,-1.27,0.08,-2.58,-1.84,0.0,-1.18,3.0,-8.15,False,False,0.1,0.0,0.2,0.0,0.2,0.0,0.2,0.0
2026-09-10,7033.92,-0.98,0.06,-1.71,-1.31,0.0,-1.22,3.0,-6.51,False,False,0.1,0.0,0.1,0.0,0.2,0.0,0.1,0.0
2026-09-11,6909.91,-1.09,-0.17,-0.92,-0.99,0.0,-1.21,3.0,-5.17,False,False,0.0,0.0,0.1,0.0,0.2,0.0,0.1,0.0
2026-09-14,6684.37,-1.31,-0.36,-0.09,-0.37,0.0,-1.14,3.0,-3.17,True,True,0.4,0.2,0.0,0.0,0.2,0.0,0.0,0.0
2026-09-15,6627.26,-1.37,-0.65,-0.18,-0.47,0.0,-1.02,3.0,-3.72,True,True,0.4,0.2,0.4,0.2,0.4,0.2,0.4,0.2
2026-09-16,6717.97,-1.62,-0.79,-0.35,-0.58,0.0,-0.99,2.91,-4.78,True,True,0.5,0.2,0.4,0.2,0.4,0.2,0.4,0.2
2026-09-17,6715.41,-1.18,-0.76,-0.31,-0.33,0.0,-1.04,2.64,-3.62,False,True,0.5,0.2,0.5,0.2,0.4,0.2,0.5,0.2
2026-09-18,6894.23,-1.1,-1.02,-1.04,-0.7,0.0,-1.04,2.29,-5.58,False,True,0.5,0.2,0.5,0.2,0.4,0.2,0.5,0.2
2026-09-21,7007.72,-0.85,-0.98,-1.44,-0.99,0.0,-0.28,2.29,-5.84,False,True,0.4,0.2,0.5,0.2,0.4,0.2,0.5,0.2
2026-09-22,7017.91,-0.23,-0.84,-1.21,-0.83,0.0,-0.3,2.78,-3.81,False,False,0.1,0.0,0.4,0.2,0.4,0.2,0.4,0.2
2026-09-23,7080.92,-0.35,-0.68,-1.42,-1.02,0.0,-0.3,2.87,-4.62,False,False,0.0,0.0,0.1,0.0,0.4,0.2,0.1,0.0
2026-09-28,6889.74,-0.41,-0.67,-0.93,-0.75,0.0,-0.32,2.74,-3.44,False,False,0.0,0.0,0.0,0.0,0.4,0.2,0.0,0.0
2026-09-29,6870.81,-0.32,-0.82,-0.94,-0.82,0.0,-0.27,2.78,-3.38,False,False,0.0,0.0,0.0,0.0,0.0,0.0,0.0,0.0
2026-09-30,6838.04,-0.24,-0.9,-0.87,-0.96,0.0,-0.26,2.91,-3.21,False,False,0.0,0.0,0.0,0.0,0.0,0.0,0.0,0.0
2026-10-01,6971.35,-0.57,-1.01,-0.43,-0.67,0.0,-0.26,2.79,-2.66,False,False,0.0,0.0,0.0,0.0,0.0,0.0,0.0,0.0
