date,deposits,unsettled,forced,forced_pct,credit,credit_kospi
2008-01-02,9984353,161114,11922,6.6,4439407,3566371
2008-01-03,10129476,147985,15271,9.5,4417739,3547533
2008-01-04,9831561,200401,14520,9.8,4377590,3512977
2008-01-07,9977406,214544,15927,7.9,4370437,3510572
2008-01-08,10052474,216448,15850,7.4,4351845,3490999
2008-01-09,9904373,250658,16153,7.5,4313801,3459332
2008-01-10,9904344,244741,14848,5.9,4292989,3438025
2008-01-11,9831488,206987,15094,6.2,4307344,3452258
2008-01-14,9758632,204238,15189,7.3,4324469,3473227
2008-01-15,9732150,235308,19172,9.4,4247731,3403565
2008-01-16,9865050,239815,18562,7.9,4185618,3352416
2008-01-17,9923340,222941,18328,7.6,4095418,3274685
2008-01-18,9886916,232906,17733,8.0,4029304,3221921
2008-01-21,9667120,207575,15769,6.8,4022774,3220415
2008-01-22,10069553,176187,16134,7.8,4053583,3256798
2008-01-23,10011859,230237,16989,9.6,3991212,3196404
2008-01-24,10008618,281068,16944,7.4,3786243,3019520
2008-01-25,9726749,218409,15009,5.3,3745960,2988618
2008-01-28,9698545,158691,14508,6.6,3738876,2982271
2008-01-29,9711192,145463,12621,8.0,3699307,2936892
2008-01-30,9927808,182789,15636,10.7,3652257,2892012
2008-01-31,9771113,193537,18477,10.1,3633229,2873820
2008-02-01,9550065,239304,18998,9.8,3500443,2761182
2008-02-04,9645656,167536,15142,6.3,3407097,2679387
2008-02-05,9248492,142502,11605,6.9,3387794,2667830
2008-02-11,9692044,135460,11376,8.0,3349482,2636894
2008-02-12,9748019,122547,12152,9.0,3336393,2625616
2008-02-13,9561588,161391,12784,10.4,3338210,2632098
2008-02-14,9209776,181058,13163,8.2,3377998,2665348
2008-02-15,9210352,222675,12659,7.0,3366531,2657260
2008-02-18,9568133,195752,13126,5.9,3344961,2634517
2008-02-19,9548224,163634,12179,6.2,3378225,2661075
2008-02-20,9680365,180721,12527,7.7,3402192,2675951
2008-02-21,9875351,176672,12920,7.1,3442428,2707536
2008-02-22,9581413,220630,15617,8.8,3465586,2724828
2008-02-25,9381778,197223,13997,6.3,3496727,2750826
2008-02-26,9173570,181401,16557,8.4,3535131,2785491
2008-02-27,9237344,158656,12674,7.0,3524828,2776117
2008-02-28,9512862,172061,12150,7.7,3504186,2758625
2008-02-29,9284973,170353,12381,7.2,3494714,2749266
2008-03-03,9699687,150805,13114,7.7,3499026,2752445
2008-03-04,9541814,164184,14402,9.6,3530845,2780298
2008-03-05,9523395,194719,17499,10.7,3503765,2751475
2008-03-06,9046037,185480,13998,7.2,3539029,2782057
2008-03-07,8993266,178994,12483,6.7,3552609,2793887
2008-03-10,9306619,152562,13622,7.6,3541243,2780957
2008-03-11,9127524,162560,13608,8.9,3549323,2794420
2008-03-12,9196689,200137,13888,8.5,3456996,2713707
2008-03-13,9151757,163127,15374,7.7,3492957,2748241
2008-03-14,9408668,157163,13993,8.6,3463808,2717587
2008-03-17,9388730,177048,15827,10.1,3456895,2717087
2008-03-18,9167617,175442,16776,9.5,3432858,2698744
2008-03-19,9167001,189342,14977,8.5,3396558,2672226
2008-03-20,8963159,165938,11846,6.3,3413643,2687976
2008-03-21,9161273,152773,11785,7.1,3383699,2660615
2008-03-24,9178328,179771,11851,7.8,3418260,2691106
2008-03-25,9189730,143543,10978,6.1,3445890,2713819
2008-03-26,9429145,173188,11533,8.0,3437848,2701762
2008-03-27,9695490,158190,12413,7.2,3402066,2665644
2008-03-28,9528847,182404,13061,8.3,3426233,2697671
2008-03-31,9561687,162615,11869,6.5,3468144,2728847
2008-04-01,9835309,154322,11308,7.0,3459034,2711993
2008-04-02,9955159,158759,12248,7.9,3475263,2729032
2008-04-03,10022079,191000,13588,8.6,3487536,2742603
2008-04-04,10275047,206242,13072,6.8,3474904,2730016
2008-04-07,10457585,175791,16248,7.9,3497484,2752237
2008-04-08,10512976,160178,19098,10.9,3511024,2762261
2008-04-10,10982333,173831,22141,13.8,3483608,2732019
2008-04-11,10759554,183839,15930,9.2,3510920,2757390
2008-04-14,10683046,183081,13882,7.6,3530868,2782487
2008-04-15,10694644,187971,14455,7.9,3561509,2809201
2008-04-16,10407443,210050,15765,8.4,3555369,2804428
2008-04-17,10341795,219229,14464,6.9,3575399,2825183
2008-04-18,10556725,180746,11999,5.5,3589173,2832534
2008-04-21,11025612,158955,12995,7.2,3565367,2806005
2008-04-22,10821224,191892,12193,7.7,3600887,2832460
2008-04-23,11049830,179987,12268,6.4,3606232,2837362
2008-04-24,11171678,170321,13809,7.7,3651822,2880750
2008-04-25,11078939,174889,13431,7.9,3702295,2924474
2008-04-28,11238190,194930,13631,7.8,3719456,2936738
2008-04-29,11182414,185464,15298,7.8,3740318,2951464
2008-04-30,11022300,204429,14454,7.8,3760144,2972783
2008-05-02,10749238,205765,14674,7.2,3752504,2970588
2008-05-06,10708004,162374,11750,5.7,3776169,2993734
2008-05-07,10815612,161604,12683,7.8,3778281,2992656
2008-05-08,11004977,176774,13018,8.1,3790904,3002085
2008-05-09,10941641,238792,15762,8.9,3802560,2998322
2008-05-13,10823803,232685,16934,7.1,3859448,3045678
2008-05-14,10537642,216380,15332,6.6,3904227,3087199
2008-05-15,10718840,188253,14573,6.7,3911577,3089231
2008-05-16,10669798,202826,12634,6.7,3938069,3115269
2008-05-19,11353014,180843,13231,6.5,3927307,3098438
2008-05-20,11389237,183493,17777,9.8,3943535,3115153
2008-05-21,11340544,204963,14854,8.1,3986184,3155199
2008-05-22,11216322,240957,19413,9.5,4033328,3192921
2008-05-23,10959088,237807,16487,6.8,4036349,3193552
2008-05-26,10787427,219131,17103,7.2,4101264,3256000
2008-05-27,10587136,186633,15845,7.2,4093934,3250291
2008-05-28,10452085,204293,15633,8.4,4085479,3244794
2008-05-29,10477089,174232,13688,6.7,4093490,3253383
2008-05-30,10030722,180003,12583,7.2,4070295,3227681
2008-06-02,10446876,146508,11299,6.3,4028586,3182219
2008-06-03,10497428,139027,11946,8.2,4030353,3185002
2008-06-04,10300107,136519,12446,9.0,4054121,3202566
2008-06-05,9995033,165868,12220,9.0,4064487,3211297
2008-06-09,10240338,141856,12550,7.6,4090033,3233612
2008-06-10,10314372,134737,12259,8.6,4101020,3246690
2008-06-11,10400740,162298,12640,9.4,4092222,3235531
2008-06-12,10352261,218396,15736,9.7,4063137,3211065
2008-06-13,10204706,189381,20779,9.5,4104237,3250466
2008-06-16,9872750,207045,14714,7.8,4134951,3282496
2008-06-17,9903842,193689,14611,7.1,4093110,3244792
2008-06-18,9781951,189338,13000,6.7,4070164,3226292
2008-06-19,9719640,188617,13999,7.4,4061947,3220093
2008-06-20,9729210,156871,12246,6.5,4062430,3216823
2008-06-23,9506536,159658,13403,8.5,4061360,3215755
2008-06-24,9469884,167792,14492,9.1,4061341,3218516
2008-06-25,9400283,160851,14218,8.5,4057215,3212300
2008-06-26,9254278,155091,13880,8.6,4055537,3210588
2008-06-27,9253150,156814,12689,8.2,4054747,3212766
2008-06-30,9170435,148966,13965,8.9,4010150,3174399
2008-07-01,9115960,168910,16397,11.0,3954360,3124499
2008-07-02,9402056,160298,15942,9.4,3867501,3051553
2008-07-03,9704582,187987,17381,10.8,3805023,2998629
2008-07-04,9558126,224562,19774,10.5,3656341,2879925
2008-07-07,9685409,206108,20682,9.2,3562541,2806491
2008-07-08,9540846,181059,14361,7.0,3487934,2749228
2008-07-09,9724896,155113,14936,8.2,3434343,2708819
2008-07-10,9798141,167637,17190,11.1,3306965,2603257
2008-07-11,9705929,162844,12495,7.5,3242704,2551100
2008-07-14,9565751,142296,12066,7.4,3211437,2526827
2008-07-15,9550161,117084,11603,8.2,3217889,2528774
2008-07-16,9613613,133927,13039,11.1,3233188,2541130
2008-07-17,9494957,160255,15548,11.6,3195289,2506870
2008-07-18,9332995,156140,16398,10.2,3206573,2519877
2008-07-21,9351823,146485,11888,7.6,3210237,2523137
2008-07-22,9060439,145483,12012,8.2,3167825,2485952
2008-07-23,9369608,124822,12062,8.3,3148190,2464366
2008-07-24,9279375,127895,11057,8.9,3131029,2449588
2008-07-25,9309566,130307,10666,8.3,3143710,2453908
2008-07-28,9582327,132170,10964,8.4,3114974,2421011
2008-07-29,9475035,158579,14117,10.7,3126646,2428195
2008-07-30,9567610,167452,14590,9.2,3159670,2457349
2008-07-31,9041815,179275,14770,8.8,3169049,2468153
2008-08-01,8870605,171962,14326,8.0,3169998,2469205
2008-08-04,8941090,153503,13662,7.9,3150991,2456463
2008-08-05,9033528,145718,14491,9.4,3135061,2444546
2008-08-06,8894685,170663,14771,10.1,3128199,2446205
2008-08-07,8783298,179143,14742,8.6,3088366,2416012
2008-08-08,8858369,144505,12856,7.2,3080017,2409013
2008-08-11,8707823,142691,11839,8.2,3059258,2389118
2008-08-12,8842002,131660,10938,7.7,3079211,2395611
2008-08-13,8765910,130743,11297,8.6,3023059,2358902
2008-08-14,8751406,137795,13303,10.2,2988556,2326655
2008-08-18,8601196,146072,12808,9.3,2995441,2334360
2008-08-19,8536086,127787,12714,8.7,3002709,2342970
2008-08-20,8446541,129045,14191,11.1,2980179,2325218
2008-08-21,8353310,152587,16124,12.5,2966388,2317578
2008-08-22,8260865,148450,13546,8.9,2987030,2337775
2008-08-25,8115014,165536,14160,9.5,2910663,2273605
2008-08-26,8030421,164612,15217,9.2,2846359,2223758
2008-08-27,8102406,138874,13882,8.4,2789142,2179439
2008-08-28,8132677,127369,11495,8.3,2738884,2137425
2008-08-29,8104895,126302,13176,10.3,2687882,2098390
2008-09-01,8226872,137578,14964,11.8,2637819,2061199
2008-09-02,8439973,139064,15422,11.2,2566007,2000057
2008-09-03,8696557,181548,14574,10.5,2411387,1871727
2008-09-04,8811772,185291,14167,7.8,2237974,1733694
2008-09-05,8781929,147903,12791,6.9,2185887,1698032
2008-09-08,8872207,136670,12207,8.3,2184041,1701920
2008-09-09,8845623,134008,11320,8.3,2175685,1694837
2008-09-10,8959548,133259,10401,7.8,2198615,1713403
2008-09-11,8972046,145162,13892,10.4,2212534,1728106
2008-09-12,8627226,137239,12205,8.4,2250240,1763865
2008-09-16,8702276,145818,10353,7.5,2298753,1809600
2008-09-17,8994709,132001,13120,9.0,2297397,1805565
2008-09-18,9270655,176150,11475,8.7,2189460,1708593
2008-09-19,9115642,152057,11499,6.5,2223375,1742753
2008-09-22,8986256,184149,11054,7.3,2247233,1768294
2008-09-23,9451956,163133,11250,6.1,2239369,1753334
2008-09-24,9724965,170525,11555,7.1,2164724,1679065
2008-09-25,9619279,141529,11013,6.5,2223372,1729681
2008-09-26,9576765,133720,11067,7.8,2276387,1774013
2008-09-29,9357545,136835,11888,8.9,2325548,1814931
2008-09-30,9427159,155951,13000,9.5,2297327,1793676
2008-10-01,9069230,188909,14362,9.2,2332826,1833823
2008-10-02,8912751,166331,15234,8.1,2309298,1804780
2008-10-06,9097188,154095,14459,8.7,2338114,1835608
2008-10-07,9026382,159495,15122,9.8,2335754,1836425
2008-10-08,8977517,219437,16689,10.5,2290200,1805563
2008-10-09,9039366,190420,20503,9.3,2307291,1824034
2008-10-10,9155538,238706,18130,9.5,2193774,1739547
2008-10-13,9265288,192900,24510,10.3,2153314,1715612
2008-10-14,9437672,191090,16447,8.5,2062557,1654115
2008-10-15,9102430,165972,12019,6.3,2076205,1673533
2008-10-16,9602943,177247,14446,8.7,2051849,1652134
2008-10-17,9612526,179371,17072,9.6,2087353,1684844
2008-10-20,9387310,240884,17879,10.0,2009356,1623382
2008-10-21,8736343,257278,19912,8.3,1994469,1615066
2008-10-22,8887069,196159,17546,6.8,1929511,1558719
2008-10-23,9050737,172102,14681,7.5,1873764,1509430
2008-10-24,8970118,186564,24589,14.3,1806403,1456783
2008-10-27,9167654,207569,42917,23.0,1690210,1369152
2008-10-28,9271896,248793,27454,13.2,1447349,1167837
2008-10-29,9494783,226340,17511,7.0,1211755,972274
2008-10-30,9833350,175225,14433,6.4,1175381,951710
2008-10-31,10026310,203487,13423,7.7,1085845,875114
2008-11-03,10263839,190698,12750,6.3,1160693,944671
2008-11-04,10363624,168416,11277,5.9,1115471,900825
2008-11-05,10651083,176178,12215,7.3,1173222,949052
2008-11-06,10713098,171152,11527,6.5,1236585,1005148
2008-11-07,10967871,191167,14528,8.5,1224420,982410
2008-11-10,10805466,224287,14961,7.8,1200340,958381
2008-11-11,10578868,141188,11151,5.0,1266662,1016768
2008-11-12,10789821,146674,11304,8.0,1297964,1046079
2008-11-13,10628331,154864,12750,8.7,1276978,1024080
2008-11-14,10631438,147731,14212,9.2,1304764,1046709
2008-11-17,10381920,159151,12781,8.7,1280552,1030190
2008-11-18,10070074,172396,12223,7.7,1338452,1085934
2008-11-19,10485885,162892,15399,8.9,1355657,1101271
2008-11-20,9986574,168427,15351,9.4,1334227,1081285
2008-11-21,9796333,159179,16976,10.1,1324453,1075351
2008-11-24,9759495,200380,13831,8.7,1215266,983634
2008-11-25,9735891,132702,11737,5.9,1236722,1009957
2008-11-26,9574955,152964,10668,8.0,1223807,997357
2008-11-27,9567797,171381,10591,6.9,1204145,980301
2008-11-28,9617374,137723,10386,6.1,1225714,1007206
2008-12-01,9872984,129275,9216,6.7,1227526,1004644
2008-12-02,10044815,119543,9967,7.7,1192969,968627
2008-12-03,10137563,130556,10743,9.0,1220499,988314
2008-12-04,10052548,143571,11036,8.5,1228225,998636
2008-12-05,9681123,160299,11453,8.0,1267275,1036676
2008-12-08,9726576,171529,10693,6.7,1259835,1031133
2008-12-09,10143313,129999,10069,5.9,1276372,1041828
2008-12-10,10506114,137582,9751,7.5,1327797,1087396
2008-12-11,10687098,159948,10227,7.4,1307830,1061970
2008-12-12,11145026,156806,11042,6.9,1344195,1089007
2008-12-15,11336471,156086,11201,7.1,1315543,1057981
2008-12-16,11037789,193995,11095,7.1,1332527,1075736
2008-12-17,11348282,163389,10343,5.3,1419758,1152322
2008-12-18,11144453,182904,12816,7.8,1461229,1189068
2008-12-19,10969589,216499,14191,7.8,1471743,1195286
2008-12-22,10839389,186493,12339,5.7,1501375,1218793
2008-12-23,10967010,156990,11205,6.0,1504045,1217573
2008-12-24,10610858,151501,13236,8.4,1524056,1233898
2008-12-26,10278186,182941,14662,9.7,1522373,1235168
2008-12-29,10082604,168523,15363,8.4,1525494,1236629
2008-12-30,9336250,145084,12047,7.1,1504129,1219003
2008-12-31,9240571,142533,0,0.0,1506043,1218523
2009-01-02,9385318,124758,12621,8.9,1479127,1195185
2009-01-05,9955382,111018,9501,7.6,1429318,1147489
2009-01-06,10052909,123827,9823,8.8,1454391,1172325
2009-01-07,10185198,147889,9585,7.7,1452872,1167549
2009-01-08,11105954,149148,10376,7.0,1461278,1165253
2009-01-09,11082653,155223,9687,6.5,1461128,1161858
2009-01-12,11027685,177208,15159,9.8,1522715,1214963
2009-01-13,10883427,180699,12419,7.0,1552416,1238471
2009-01-14,10601431,189537,14592,8.1,1561012,1243588
2009-01-15,10859062,151579,12415,6.6,1612348,1288784
2009-01-16,10877774,126476,10947,7.2,1632569,1300988
2009-01-19,10479205,193161,12165,9.6,1571281,1245722
2009-01-20,10224767,170118,12544,6.5,1610928,1280762
2009-01-21,10448204,153693,11255,6.6,1622917,1288988
2009-01-22,10692269,163335,13740,8.9,1607951,1276915
2009-01-23,9985025,162181,14750,9.0,1617861,1287520
2009-01-28,10293210,151278,13170,8.1,1643201,1304011
2009-01-29,9929425,154643,10649,7.0,1634092,1295265
2009-01-30,10014705,129923,9441,6.1,1633630,1282240
2009-02-02,10497043,130003,9051,7.0,1588395,1232763
2009-02-03,10575838,118520,12822,9.9,1604642,1244175
2009-02-04,10796607,141979,9576,8.1,1626057,1259604
2009-02-05,10734832,126438,10427,7.3,1663347,1285126
2009-02-06,10990427,128905,9565,7.6,1686260,1291941
2009-02-09,11250706,161790,10973,8.5,1670311,1277154
2009-02-10,11355700,144819,11909,7.4,1757668,1345372
2009-02-11,11276317,164977,10790,7.5,1757217,1342830
2009-02-12,11432718,153648,14266,8.6,1802383,1369256
2009-02-13,11245828,142539,11883,7.7,1850105,1401675
2009-02-16,11033333,164348,10412,7.3,1894969,1439423
2009-02-17,11293428,133702,11746,7.1,1944218,1470637
2009-02-18,11521302,160480,10735,8.0,1954158,1472451
2009-02-19,11159629,225468,14836,9.2,1902318,1439703
2009-02-20,11023036,204367,19357,8.6,1979217,1501457
2009-02-23,10806026,183640,14972,7.3,2005693,1521919
2009-02-24,10726529,193493,15612,8.5,1937350,1470900
2009-02-25,10653765,145067,13959,7.2,1963396,1493851
2009-02-26,10499036,149770,12259,8.5,1946314,1480324
2009-02-27,10301501,164723,13624,9.1,1935582,1477999
2009-03-02,10284375,152759,14834,9.0,1914213,1463551
2009-03-03,10569637,116267,12290,8.0,1896387,1448201
2009-03-04,10706148,131303,10707,9.2,1877598,1436497
2009-03-05,10458181,121794,10266,7.8,1874446,1431974
2009-03-06,10428227,108811,9661,7.9,1893845,1450377
2009-03-09,10472800,122879,9174,8.4,1872458,1428567
2009-03-10,10421183,119026,11804,9.6,1913444,1464559
2009-03-11,10535936,125178,9090,7.6,1927999,1459552
2009-03-12,10752955,130821,9800,7.8,1946430,1472061
2009-03-13,11216034,140595,9323,7.1,1917674,1430688
2009-03-16,11487222,136681,11439,8.1,1896480,1403259
2009-03-17,11406894,150963,10488,7.7,1969177,1464510
2009-03-18,11222061,166791,11256,7.5,1989382,1476852
2009-03-19,11860161,136272,10365,6.2,2010426,1487444
2009-03-20,11730342,135594,9835,7.2,2009981,1476582
2009-03-23,11775912,164916,11577,8.5,2014399,1419748
2009-03-24,12034694,147131,10379,6.3,2057223,1422469
2009-03-25,12272009,127129,9846,6.7,2112047,1458464
2009-03-26,12459826,146363,9637,7.6,2106866,1445070
2009-03-27,12610625,141658,11653,8.0,2197845,1514240
2009-03-30,13002776,144220,11510,8.1,2245915,1542087
2009-03-31,12942209,199891,11213,7.8,2234148,1624975
2009-04-01,13037771,255737,14385,7.2,2245818,1643189
2009-04-02,13136139,210716,12095,4.7,2324335,1703376
2009-04-03,13283417,147277,10630,5.0,2317224,1692461
2009-04-06,14151757,161068,10835,7.4,2371476,1722423
2009-04-07,14540912,169185,10037,6.2,2352897,1692653
2009-04-08,14880489,176614,10371,6.1,2451299,1767124
2009-04-09,15048304,166083,11930,6.8,2517026,1815044
2009-04-10,15010287,214607,11326,6.8,2587499,1875654
2009-04-13,15652361,180581,10767,5.0,2705380,1968170
2009-04-14,15693627,214676,11096,6.1,2792460,2028792
2009-04-15,16047205,238664,12606,5.9,2863144,2078190
2009-04-16,15646774,248621,14326,6.0,2953893,2147942
2009-04-17,15472458,262770,17211,6.9,3025358,2194271
2009-04-20,15491798,269091,15812,6.0,3088594,2253109
2009-04-21,15265522,257114,17416,6.5,3117786,2272310
2009-04-22,15193194,195161,14522,5.6,3195532,2326607
2009-04-23,15098492,165265,11063,5.7,3253854,2376213
2009-04-24,15209962,174770,10309,6.2,3338865,2440948
2009-04-27,15237196,189325,11646,6.7,3387333,2478825
2009-04-28,15077552,211906,14475,7.6,3397242,2486332
2009-04-29,14743822,235053,18031,8.5,3409069,2496149
2009-04-30,14272309,292800,16944,7.2,3390324,2488703
2009-05-04,14598690,202131,16216,5.5,3405905,2497031
2009-05-06,15265217,152602,12782,6.3,3398309,2486129
2009-05-07,15267171,175140,11082,7.3,3479342,2564275
2009-05-08,14815940,216412,11180,6.4,3526500,2596752
2009-05-11,15097686,246130,13034,6.0,3575738,2635355
2009-05-12,15275327,212411,13478,5.5,3638506,2680344
2009-05-13,15068204,219165,11257,5.3,3662130,2687039
2009-05-14,15023818,229650,13261,6.1,3684197,2692779
2009-05-15,15073016,215941,15144,6.6,3734245,2731301
2009-05-18,15378276,243870,17279,8.0,3797442,2789894
2009-05-19,15007312,223416,14237,5.8,3814756,2788921
2009-05-20,14942162,232934,12623,5.6,3835374,2814117
2009-05-21,14845705,207663,13782,5.9,3890280,2853016
2009-05-22,15248300,199790,12978,6.2,3905134,2854761
2009-05-25,15368874,245466,14227,7.1,3904071,2848676
2009-05-26,15210180,247532,15681,6.4,3947553,2884899
2009-05-27,14813790,252525,19882,8.0,3921906,2884378
2009-05-28,14659786,273472,16988,6.7,3941493,2909362
2009-05-29,14570308,259314,16549,6.1,3897586,2881012
2009-06-01,14683228,218949,15867,6.1,3871145,2868159
2009-06-02,14653388,170764,11391,5.2,3863058,2857983
2009-06-03,14509419,139119,12170,7.1,3909464,2889613
2009-06-04,14597124,165509,9667,6.9,3918420,2893965
2009-06-05,14685333,169298,14477,8.7,3989217,2945237
2009-06-08,14121578,208476,14380,8.5,3992171,2944683
2009-06-09,13977523,187232,14048,6.7,4039570,2988988
2009-06-10,13889138,186250,12986,6.9,4045341,2986361
2009-06-11,13475507,204997,12618,6.8,4063026,3005113
2009-06-12,13782587,162284,12724,6.2,4050317,2984120
2009-06-15,14087872,147043,13997,8.6,4034703,2966244
2009-06-16,13932582,137484,11057,7.5,4053608,2977451
2009-06-17,13607030,162519,11212,8.2,4073568,2995478
2009-06-18,13423978,181006,13973,8.6,4100815,3019146
2009-06-19,13030507,179494,14583,8.1,4124523,3045398
2009-06-22,13163284,177904,15800,8.8,4107325,3035863
2009-06-23,13065092,161975,12492,7.0,4102783,3040805
2009-06-24,13141300,143810,14030,8.7,4102279,3037217
2009-06-25,12740907,228412,13634,9.5,4045755,2993349
2009-06-26,12321255,180514,13171,5.8,4047592,3004019
2009-06-29,12668660,134800,10962,6.1,4032217,2986517
2009-06-30,12722676,133655,11280,8.4,4004976,2956740
2009-07-01,12592221,166667,12910,9.7,3975972,2933441
2009-07-02,12842417,170367,11674,7.0,3915993,2889398
2009-07-03,12833570,150233,12075,7.1,3932156,2899707
2009-07-06,12636401,155787,10459,7.0,3943062,2908013
2009-07-07,12973879,119876,10900,7.0,3937057,2895983
2009-07-08,13180151,147373,9750,8.1,3934452,2891771
2009-07-09,13119248,156478,11377,7.7,3979102,2922394
2009-07-10,12895129,164219,13633,8.7,4009142,2941666
2009-07-13,13194302,168080,13269,8.1,4031546,2963071
2009-07-14,13173619,165162,36607,21.8,4001600,2938053
2009-07-15,12805616,243228,17186,10.4,3901092,2855675
2009-07-16,12363530,220620,15988,6.6,3898501,2859498
2009-07-17,12492271,153333,11875,5.4,3906235,2866271
2009-07-20,13040339,150126,9370,6.1,3856113,2819479
2009-07-21,13319960,128538,10793,7.2,3859763,2816554
2009-07-22,13802726,125139,9541,7.4,3848825,2799582
2009-07-23,13810379,150645,10483,8.4,3853275,2797832
2009-07-24,13819833,163727,6785,4.5,3887467,2820807
2009-07-27,13999512,174453,6320,3.9,3882374,2816275
2009-07-28,14187617,162384,4166,2.4,3839897,2776239
2009-07-29,14332143,151408,4474,2.8,3863196,2792602
2009-07-30,14417587,156457,4651,3.1,3864473,2785711
2009-07-31,14386136,175113,6681,4.3,3901841,2815911
2009-08-03,14306334,169840,6233,3.6,3944371,2860759
2009-08-04,14779748,143977,4151,2.4,3930598,2850498
2009-08-05,14880849,162365,7622,5.3,3963044,2881063
2009-08-06,14835136,196103,5610,3.5,3957736,2871622
2009-08-07,14437401,202526,8613,4.4,3971185,2878179
2009-08-10,14624583,174421,6215,3.1,4000794,2904954
2009-08-11,14677020,144940,4542,2.6,4032140,2926916
2009-08-12,14660718,163060,6037,4.2,4042041,2929425
2009-08-13,15191673,171863,5629,3.5,4069314,2949283
2009-08-14,15016503,178911,4636,2.7,4137720,3004820
2009-08-17,15080832,189539,5149,2.9,4214416,3060470
2009-08-18,15246005,178194,7604,4.0,4218402,3065751
2009-08-19,14831767,263643,9756,5.5,4233822,3078749
2009-08-20,14697575,256704,14074,5.3,4253703,3100464
2009-08-21,14215575,216396,8004,3.1,4263319,3113719
2009-08-24,14450186,167885,6376,2.9,4301048,3143934
2009-08-25,14373439,205822,5246,3.1,4338924,3182716
2009-08-26,14090460,224875,5437,2.6,4427716,3267580
2009-08-27,14178005,247295,7768,3.5,4437680,3283358
2009-08-28,13818620,209399,8486,3.4,4489878,3329418
2009-08-31,13932403,209168,7493,3.6,4465550,3307293
2009-09-01,13917619,179698,7702,3.7,4470721,3310897
2009-09-02,13927308,205160,7288,4.1,4467127,3311770
2009-09-03,14273578,179729,7164,3.5,4539442,3377786
2009-09-04,14033929,198076,7261,4.0,4577368,3405394
2009-09-07,13953840,221171,11652,5.9,4591439,3419626
2009-09-08,13777278,205487,8980,4.1,4623648,3440754
2009-09-09,13754565,196130,5815,2.8,4664855,3467973
2009-09-10,14019969,219716,7688,3.9,4708333,3505379
2009-09-11,13352796,243518,9247,4.2,4734150,3527284
2009-09-14,14067278,198337,8081,3.3,4694484,3485813
2009-09-15,14195552,170719,8636,4.4,4693469,3486006
2009-09-16,14498768,201497,5643,3.3,4681772,3480939
2009-09-17,14241187,182347,5178,2.6,4739004,3526355
2009-09-18,14586987,171637,4882,2.7,4696949,3480510
2009-09-21,14851054,211225,7976,4.6,4719221,3496853
2009-09-22,14874098,199652,8062,3.8,4724420,3504658
2009-09-23,14743568,229521,4732,2.4,4736247,3515137
2009-09-24,15240124,169905,7623,3.3,4788055,3557589
2009-09-25,14840489,207516,6657,3.9,4829603,3598856
2009-09-28,15022469,249940,16627,8.0,4810080,3594062
2009-09-29,14308518,253906,9773,3.9,4868686,3657140
2009-09-30,13863875,251897,8035,3.2,4879209,3680152
2009-10-01,13649939,204115,8310,3.3,4866613,3672556
2009-10-05,14139721,204981,11134,5.5,4778829,3602192
2009-10-06,14020962,209677,13147,6.4,4751767,3578309
2009-10-07,13730854,238377,10751,5.1,4781131,3618994
2009-10-08,13468195,217664,7281,3.1,4737743,3584330
2009-10-09,13374080,215835,5376,2.5,4691131,3541891
2009-10-12,13306084,196370,5207,2.4,4749099,3597881
2009-10-13,13497851,159197,4723,2.4,4706371,3556743
2009-10-14,13176474,161967,5147,3.2,4721839,3569114
2009-10-15,13101411,176346,4923,3.0,4753624,3601920
2009-10-16,13214165,161309,4616,2.6,4766099,3610150
2009-10-19,13314290,164925,5267,3.3,4733304,3581628
2009-10-20,13167651,179872,6844,4.1,4719994,3569084
2009-10-21,13163152,164255,4466,2.5,4747740,3596679
2009-10-22,13324765,167210,6537,4.0,4741391,3586944
2009-10-23,13148294,177321,8752,5.2,4728543,3572619
2009-10-26,12875927,194708,5703,3.2,4711675,3562508
2009-10-27,12798812,161261,5133,2.6,4698883,3548463
2009-10-28,13298273,148038,7592,4.7,4658553,3509777
2009-10-29,13603267,168994,7920,5.3,4659975,3522460
2009-10-30,13143718,235841,12101,7.2,4600520,3476398
2009-11-02,12908209,240721,12291,5.2,4608649,3494482
2009-11-03,12494813,185134,10944,4.5,4593655,3488016
2009-11-04,12453322,189352,7339,4.0,4519057,3423635
2009-11-05,12132272,169513,6123,3.2,4500845,3414598
2009-11-06,12145442,127341,4547,2.7,4495549,3412502
2009-11-09,11971897,140205,4485,3.5,4455909,3381292
2009-11-10,11821100,125386,3954,2.8,4437525,3364372
2009-11-11,11952058,127220,3755,3.0,4406571,3334036
2009-11-12,12095433,134532,4085,3.2,4372255,3298127
2009-11-13,11997928,122359,4231,3.1,4385213,3309864
2009-11-16,11756669,161458,4991,4.1,4403762,3340072
2009-11-17,11767435,172795,6924,4.3,4374118,3309701
2009-11-18,11828778,155335,4881,2.8,4366665,3315674
2009-11-19,11840684,176479,5169,3.3,4332552,3288512
2009-11-20,11787581,156799,4372,2.5,4334931,3294594
2009-11-23,12084553,129501,5974,3.8,4290049,3250130
2009-11-24,12102723,120398,4130,3.2,4316065,3271977
2009-11-25,11964786,133039,4795,4.0,4336415,3288642
2009-11-26,11613539,148783,5436,4.1,4332646,3291371
2009-11-27,11959269,138978,3903,2.6,4344229,3302972
2009-11-30,12282675,137573,5962,4.3,4318364,3283074
2009-12-01,11955340,215967,5269,3.8,4220974,3214056
2009-12-02,11706545,172139,6846,3.2,4214569,3215388
2009-12-03,11516109,153510,3445,2.0,4183873,3188506
2009-12-04,11438539,135308,3093,2.0,4168764,3168653
2009-12-07,11794639,120433,2808,2.1,4150512,3142346
2009-12-08,12094160,108580,2659,2.2,4133977,3119832
2009-12-09,12356575,119853,3046,2.8,4139302,3119608
2009-12-10,12476448,135480,4390,3.7,4151089,3122363
2009-12-11,12205952,138357,3826,2.8,4172010,3132205
2009-12-14,12484016,139760,3670,2.7,4167800,3123112
2009-12-15,12727046,130774,3304,2.4,4219576,3168926
2009-12-16,12471110,152024,4938,3.8,4287885,3221038
2009-12-17,12383949,161923,4885,3.2,4323352,3239311
2009-12-18,12442912,172858,5662,3.5,4341426,3243216
2009-12-21,12225138,166586,5296,3.1,4355238,3247334
2009-12-22,12225610,148179,4284,2.6,4404241,3273418
2009-12-23,12116432,155103,4358,2.9,4423103,3274819
2009-12-24,11891575,165610,5094,3.3,4413418,3251959
2009-12-28,12451477,165998,4765,2.9,4387678,3225201
2009-12-29,12786288,144555,4624,2.8,4365719,3196482
2009-12-30,12067049,240974,14196,9.8,4385533,3207964
2009-12-31,11786521,240875,0,0.0,4382917,3206115
2010-01-04,12127665,221496,13450,5.6,4389590,3207851
2010-01-05,12310901,166981,7317,3.3,4345453,3158116
2010-01-06,12700972,150137,3426,2.1,4353318,3148767
2010-01-07,13104759,226091,5976,4.0,4353321,3132712
2010-01-08,13407350,232560,10091,4.5,4374606,3125529
2010-01-11,13596732,272054,7344,3.2,4389829,3136682
2010-01-12,13386933,248794,11618,4.3,4482262,3205206
2010-01-13,13299045,236534,9052,3.6,4526891,3226653
2010-01-14,13414396,199053,7537,3.2,4535551,3212730
2010-01-15,13029924,222346,5829,2.9,4582457,3245227
2010-01-18,13222205,205458,7256,3.3,4614659,3269669
2010-01-19,13447441,176851,5224,2.5,4658676,3291890
2010-01-20,13609105,183760,6002,3.4,4730995,3335596
2010-01-21,13483178,204336,7014,3.8,4779258,3363007
2010-01-22,13554941,246249,8257,4.0,4780564,3363738
2010-01-25,14153729,192232,9359,3.8,4825655,3388170
2010-01-26,13662701,214218,7572,3.9,4859460,3405311
2010-01-27,13544192,249049,13150,6.1,4854962,3405052
2010-01-28,13233879,273722,11943,4.8,4789657,3358236
2010-01-29,13058022,245448,12737,4.7,4771699,3352534
2010-02-01,13304915,173021,7914,3.2,4748752,3338598
2010-02-02,12932159,186847,6095,3.5,4637653,3258617
2010-02-03,12737629,167994,7362,3.9,4655548,3276485
2010-02-04,12643590,154584,3542,2.1,4643570,3270067
2010-02-05,13033068,129773,3525,2.3,4658881,3276600
2010-02-08,12944233,116832,3030,2.3,4666887,3283685
2010-02-09,12752019,143284,4781,4.1,4557114,3189366
2010-02-10,12544205,167588,5441,3.8,4512480,3169673
2010-02-11,12350325,146862,6076,3.6,4519305,3178756
2010-02-12,12042347,145064,3901,2.7,4504301,3175325
2010-02-16,12257755,134126,5118,3.5,4489779,3161645
2010-02-17,12123377,127319,3809,2.8,4523721,3182477
2010-02-18,12122615,129519,2035,1.6,4503584,3156201
2010-02-19,12376793,140536,3777,2.9,4465231,3104073
2010-02-22,12273062,158830,4931,3.5,4457651,3094052
2010-02-23,12567668,187783,5573,3.5,4403298,3047057
2010-02-24,12260345,155402,4706,2.5,4410173,3036904
2010-02-25,12495257,144932,4372,2.8,4415493,3029853
2010-02-26,12212921,155281,5746,4.0,4438466,3043268
2010-03-02,11937389,184832,6382,4.1,4420068,3037926
2010-03-03,11711321,160130,8220,4.4,4438464,3054663
2010-03-04,11728047,133046,4198,2.6,4396859,3011143
2010-03-05,11779785,122162,3325,2.5,4376322,2989444
2010-03-08,12008129,133465,4239,3.5,4362337,2975616
2010-03-09,12268126,121447,3270,2.5,4359317,2964742
2010-03-10,12316750,140381,2859,2.4,4356571,2947729
2010-03-11,12537609,158393,4148,3.0,4371488,2954101
2010-03-12,12701342,155834,4631,2.9,4374795,2945638
2010-03-15,12804453,165572,5071,3.3,4380997,2954575
2010-03-16,12641813,151430,5826,3.5,4375845,2941480
2010-03-17,12675826,156030,4138,2.7,4369463,2935009
2010-03-18,12613000,154083,4209,2.7,4430999,2982214
2010-03-19,12804307,129976,3473,2.3,4403587,2949829
2010-03-22,12981427,138747,4208,3.2,4408327,2944273
2010-03-23,13132661,132403,6504,4.7,4401876,2931107
2010-03-24,12902146,147949,5910,4.5,4436610,2963998
2010-03-25,12923514,151453,4977,3.4,4453412,2981684
2010-03-26,12823189,166563,6202,4.1,4442107,2974591
2010-03-29,13073971,150221,7741,4.6,4461909,2993965
2010-03-30,12862500,127786,4543,3.0,4488712,3012091
2010-03-31,13068297,144805,4102,3.2,4466272,3001187
2010-04-01,13082082,157147,8081,5.6,4488746,3025078
2010-04-02,12987986,175892,6279,4.0,4496642,3037095
2010-04-05,13673796,157313,5298,3.0,4553406,3090934
2010-04-06,13607271,155430,5467,3.5,4593324,3128663
2010-04-07,13457761,178287,6445,4.1,4616016,3165297
2010-04-08,13355169,183707,7859,4.4,4610037,3165086
2010-04-09,13551862,171942,5841,3.2,4615085,3168370
2010-04-12,13826339,130641,5358,3.1,4625859,3180022
2010-04-13,13550336,141568,4171,3.2,4673708,3229328
2010-04-14,13426731,208647,6819,4.8,4660386,3224120
2010-04-15,13578856,186766,9249,4.4,4655319,3219241
2010-04-16,13542993,157764,5483,2.9,4676713,3239750
2010-04-19,14039223,171138,7263,4.6,4643513,3210329
2010-04-20,13964310,154280,7685,4.5,4658306,3220535
2010-04-21,13776909,172827,6566,4.3,4636534,3217158
2010-04-22,13707019,160565,6541,3.8,4674157,3257325
2010-04-23,13884753,156413,4784,3.0,4696205,3272429
2010-04-26,13804213,152030,4683,3.0,4719270,3292419
2010-04-27,13741052,159222,5436,3.6,4732296,3304126
2010-04-28,14188696,150294,5940,3.7,4745588,3313406
2010-04-29,14362113,155465,6216,4.1,4799208,3354039
2010-04-30,14014129,192248,7846,5.0,4848082,3388307
2010-05-03,14507669,212541,9149,4.8,4878272,3413875
2010-05-04,13338728,195862,8894,4.2,4893387,3416891
2010-05-06,14910703,227183,10861,5.5,4895760,3415945
2010-05-07,16603275,208093,11468,5.0,4914580,3435941
2010-05-10,15134504,221762,9729,4.7,4903363,3434544
2010-05-11,14595404,238285,9950,4.5,4856143,3404578
2010-05-12,14281869,202339,7453,3.1,4944877,3486644
2010-05-13,14190066,233085,9415,4.7,4884612,3436131
2010-05-14,14121620,249565,11142,4.8,4915867,3453302
2010-05-17,14573562,181896,8153,3.3,4939011,3462254
2010-05-18,14606167,168487,6432,3.5,5017763,3514197
2010-05-19,14262420,245566,8233,4.9,5010878,3512425
2010-05-20,13986116,275402,17183,7.0,4991604,3501457
2010-05-24,13768407,247771,13839,5.0,5003942,3519682
2010-05-25,14145903,229402,9865,4.0,4925882,3479243
2010-05-26,14329946,189533,9961,4.3,4864854,3440269
2010-05-27,14106977,223735,6513,3.4,4678467,3315149
2010-05-28,13813822,180456,7051,3.2,4688776,3333336
2010-05-31,13646709,159080,3003,1.7,4711177,3360943
2010-06-01,13394907,162680,4851,3.0,4662773,3314616
2010-06-03,13426134,147422,6643,4.1,4703470,3343531
2010-06-04,13069642,168121,3545,2.4,4690380,3322569
2010-06-07,13475629,148209,5262,3.1,4695643,3313967
2010-06-08,13597422,146418,4619,3.1,4703161,3317512
2010-06-09,13397501,172606,8796,6.0,4702975,3316361
2010-06-10,13320860,161737,4667,2.7,4778103,3380782
2010-06-11,12999279,195240,7232,4.5,4762362,3372975
2010-06-14,13038348,166819,7234,3.7,4801900,3409280
2010-06-15,13167032,162731,4428,2.7,4777914,3378836
2010-06-16,13494620,157405,5123,3.1,4748549,3346016
2010-06-17,13467636,151474,4528,2.9,4787875,3383663
2010-06-18,13455313,165373,4915,3.2,4777073,3358789
2010-06-21,13708888,163339,8085,4.9,4778265,3360592
2010-06-22,13541366,162043,4765,2.9,4795046,3373637
2010-06-23,13691822,163340,4219,2.6,4806228,3378974
2010-06-24,13608111,183338,7867,4.8,4843857,3409493
2010-06-25,13438105,162851,6221,3.4,4865167,3434758
2010-06-28,13457347,149388,6316,3.9,4865970,3431304
2010-06-29,13605213,151460,5665,3.8,4872339,3438075
2010-06-30,13657176,144322,5658,3.7,4904524,3466482
2010-07-01,13871750,205521,7749,5.4,4815311,3396827
2010-07-02,13364120,205245,11990,5.8,4855933,3435185
2010-07-05,13083055,204735,7479,3.6,4873209,3456515
2010-07-06,12823970,221462,9893,4.8,4928888,3513875
2010-07-07,12728362,191848,8605,3.9,4945223,3542530
2010-07-08,12696945,142943,5595,2.9,4954382,3546918
2010-07-09,12419848,166549,3809,2.7,4972867,3566739
2010-07-12,12588368,159677,3991,2.4,4966722,3562978
2010-07-13,12755884,132068,5681,3.6,4934381,3526999
2010-07-14,13207617,142311,4375,3.3,4915029,3503602
2010-07-15,13746294,157416,4211,3.0,4910135,3490958
2010-07-16,14064727,184414,7772,4.9,4905844,3482808
2010-07-19,13980922,185256,8561,4.6,4936520,3509790
2010-07-20,14015735,193535,6163,3.3,4937678,3515152
2010-07-21,13783418,183917,8418,4.3,4969420,3542296
2010-07-22,13860501,165107,6241,3.4,5006608,3582555
2010-07-23,13755064,178420,7131,4.3,5020697,3600284
2010-07-26,13739193,221222,8559,4.8,4997295,3595103
2010-07-27,13673217,197663,6938,3.1,4972635,3572842
2010-07-28,13554963,174773,6634,3.4,4974132,3577338
2010-07-29,13562097,176860,5497,3.1,4966952,3568310
2010-07-30,13644024,186393,8130,4.6,4984040,3580383
2010-08-02,13673072,186122,7534,4.0,4971843,3569551
2010-08-03,13424971,159050,8598,4.6,4959346,3559412
2010-08-04,13589438,162674,5985,3.8,4988261,3597244
2010-08-05,13922699,154522,6061,3.7,4967200,3576529
2010-08-06,13633510,161923,8456,5.5,5011067,3621386
2010-08-09,13475454,187457,11439,7.1,4997007,3617568
2010-08-10,13747312,167885,9685,5.2,5008541,3632497
2010-08-11,13916209,153510,7054,4.2,5001793,3623257
2010-08-12,14058007,169217,8682,5.7,4968769,3595646
2010-08-13,13540196,215387,13653,8.1,4971222,3597963
2010-08-16,12772560,224323,19275,8.9,4986189,3618967
2010-08-17,12877820,159652,14279,6.4,5017597,3651548
2010-08-18,12859575,146776,6368,4.0,5040211,3674348
2010-08-19,12722786,140173,8385,5.7,5046599,3680313
2010-08-20,13111210,144940,5435,3.9,5024049,3661542
2010-08-23,13286783,128601,6048,4.2,5000014,3636529
2010-08-24,13220099,135607,5666,4.4,5009805,3645600
2010-08-25,13340973,181688,7489,5.5,5018801,3660000
2010-08-26,13496996,182758,10910,6.0,5026111,3673954
2010-08-27,12755415,189001,8187,4.5,5021815,3677976
2010-08-30,12847438,169966,8626,4.6,4992199,3661692
2010-08-31,12681411,159819,6927,4.1,4987159,3663625
2010-09-01,12722566,146176,4121,2.6,4974664,3653639
2010-09-02,12843641,166238,7254,5.0,4935763,3621108
2010-09-03,12744520,165594,5437,3.3,4988533,3669074
2010-09-06,12845594,166369,4563,2.8,4955182,3641294
2010-09-07,12995298,165208,4551,2.7,4953379,3634206
2010-09-08,13416789,157171,7262,4.4,4986157,3668420
2010-09-09,13449393,158810,7619,4.8,5007487,3689379
2010-09-10,13254375,162516,6916,4.4,5038417,3716926
2010-09-13,13053897,160145,5398,3.3,5056066,3733088
2010-09-14,13821359,148169,4844,3.0,5036408,3713034
2010-09-15,13767953,158843,6212,4.2,5069539,3747519
2010-09-16,13455697,186522,7269,4.6,5071442,3754151
2010-09-17,13455554,191142,8954,4.8,5075598,3761294
2010-09-20,13302016,176979,6208,3.2,5043716,3735485
2010-09-24,13635899,152734,5982,3.4,5031986,3721405
2010-09-27,13871174,137710,6547,4.3,5036135,3729379
2010-09-28,14005528,157797,6931,5.0,5050303,3745662
2010-09-29,14103210,200253,6732,4.3,5085903,3771719
2010-09-30,13815291,216875,7389,3.7,5152582,3828654
2010-10-01,13576441,202952,10378,4.8,5164082,3836415
2010-10-04,14188073,190325,6153,3.0,5154983,3821017
2010-10-05,14391203,173638,6026,3.2,5166321,3830237
2010-10-06,14462138,190871,7979,4.6,5178296,3841588
2010-10-07,14339677,210257,9793,5.1,5219479,3875931
2010-10-08,14648990,189361,6119,2.9,5225101,3876079
2010-10-11,14570515,203910,7720,4.1,5243643,3894733
2010-10-12,14731709,187173,8992,4.4,5288029,3929328
2010-10-13,14675451,211557,8304,4.4,5309246,3946944
2010-10-14,14584967,242233,9981,4.7,5322556,3961987
2010-10-15,14201553,203113,10814,4.5,5349700,3975519
2010-10-18,14609051,179896,5723,2.8,5355335,3985806
2010-10-19,14526546,153403,5381,3.0,5402250,4013512
2010-10-20,14550200,197340,5183,3.4,5454793,4044490
2010-10-21,14654731,206231,6702,3.4,5460823,4040810
2010-10-22,14216032,179903,6749,3.3,5543535,4100341
2010-10-25,14465854,183527,6063,3.4,5563894,4109049
2010-10-26,14564881,149588,6030,3.3,5539485,4071984
2010-10-27,15373056,147551,4764,3.2,5577645,4092535
2010-10-28,14606765,157313,4658,3.2,5616013,4116223
2010-10-29,14834689,178596,7569,4.8,5671654,4164411
2010-11-01,15085942,169952,9020,5.1,5705403,4185786
2010-11-02,14617435,192863,6668,3.9,5734908,4206413
2010-11-03,14494280,183484,7074,3.7,5771491,4226472
2010-11-04,14058041,199854,8818,4.8,5796435,4254329
2010-11-05,14035047,192593,5883,2.9,5793775,4246677
2010-11-08,14462766,179426,5917,3.1,5821961,4259278
2010-11-09,14620366,214397,7112,4.0,5792359,4226896
2010-11-10,14500215,202639,9688,4.5,5810707,4244505
2010-11-11,14761481,194030,6446,3.2,5833525,4263902
2010-11-12,15142619,189496,6909,3.6,5854461,4284215
2010-11-15,14936531,234616,7392,3.9,5935624,4372656
2010-11-16,14861422,285300,10287,4.4,5824989,4288794
2010-11-17,15131358,267085,15015,5.3,5832171,4302561
2010-11-18,14722135,250984,12536,4.7,5811972,4292245
2010-11-19,14203099,203835,8135,3.2,5869987,4348711
2010-11-22,14528036,151321,4699,2.3,5891148,4374052
2010-11-23,14663020,135241,3618,2.4,5880590,4361684
2010-11-24,15437997,173622,5490,4.1,5927894,4400065
2010-11-25,15276406,203797,5490,3.2,5879506,4364192
2010-11-26,15110994,203388,7665,3.8,5795827,4299717
2010-11-29,14954719,182320,10218,5.0,5786737,4297314
2010-11-30,15076117,199201,9322,5.1,5659961,4194778
2010-12-01,14842145,176548,8855,4.4,5654653,4196704
2010-12-02,14917124,149013,7113,4.0,5638658,4189189
2010-12-03,14452262,124732,5628,3.8,5688108,4233756
2010-12-06,14749638,128924,4348,3.5,5700200,4236043
2010-12-07,14746081,134813,4165,3.2,5728717,4252897
2010-12-08,14591876,162968,5846,4.3,5778004,4299024
2010-12-09,14473983,150989,4317,2.6,5810112,4326086
2010-12-10,14475625,154397,3897,2.6,5804964,4326538
2010-12-13,15413393,134709,4293,2.8,5801863,4318773
2010-12-14,15278100,145875,5217,3.9,5853504,4365459
2010-12-15,15018537,145921,7028,4.8,5870757,4379303
2010-12-16,15008929,159439,4838,3.3,5890885,4398797
2010-12-17,14828773,171505,5909,3.7,5931429,4434227
2010-12-20,15302426,181154,6814,4.0,5957139,4457453
2010-12-21,15447245,171445,6959,3.8,5968416,4467644
2010-12-22,15627875,211753,7171,4.2,5882182,4403948
2010-12-23,15119062,215521,7326,3.5,6009885,4521651
2010-12-24,14979546,225517,8089,3.8,6023695,4537459
2010-12-27,14695790,195141,8797,3.9,6020834,4535705
2010-12-28,15249755,177849,7859,4.0,6010347,4524629
2010-12-29,14297370,210387,7624,4.3,6012831,4528042
2010-12-30,14068481,192325,8082,3.8,5976486,4499717
2010-12-31,13702433,188153,7373,3.8,5974074,4497878
2011-01-03,14406645,147556,5893,3.1,5979140,4498839
2011-01-04,14866590,124790,4372,3.0,5955809,4468568
2011-01-05,14995953,148139,3793,3.0,5952808,4456679
2011-01-06,15819610,166044,4320,2.9,5958501,4449676
2011-01-07,15573060,249591,12390,7.5,5975982,4459092
2011-01-10,15897639,272152,9399,3.8,5996695,4464928
2011-01-11,16151610,216252,11787,4.3,6040817,4510027
2011-01-12,16474672,201440,10308,4.8,6073015,4528432
2011-01-13,16568077,186095,5833,2.9,6122459,4564061
2011-01-14,16543114,181036,7852,4.2,6148864,4579984
2011-01-17,16259062,206858,6123,3.4,6236363,4663286
2011-01-18,16523331,201445,7184,3.5,6276877,4697204
2011-01-19,16091608,234657,6487,3.2,6311422,4721651
2011-01-20,16067596,222731,9293,4.0,6324356,4741372
2011-01-21,15891202,197938,9199,4.1,6372428,4783352
2011-01-24,15785637,186425,6758,3.4,6399883,4813655
2011-01-25,15368377,235358,8369,4.5,6391116,4808662
2011-01-26,15404157,206014,8166,3.5,6394946,4807930
2011-01-27,15506643,187595,5991,2.9,6329621,4747069
2011-01-28,15155503,166449,7003,3.7,6329147,4743068
2011-01-31,16260036,173016,5149,3.1,6369571,4784576
2011-02-01,15368545,195063,8623,5.0,6372560,4791628
2011-02-07,15195843,223795,11912,6.1,6377013,4803909
2011-02-08,14797796,182221,8415,3.8,6379872,4809923
2011-02-09,15159234,209535,5171,2.8,6383766,4812348
2011-02-10,15298187,246368,9590,4.6,6426937,4844787
2011-02-11,15229212,288921,14492,5.9,6459308,4871816
2011-02-14,14863256,309040,14603,5.1,6523912,4936241
2011-02-15,14440401,271882,9369,3.0,6483351,4905132
2011-02-16,14426210,211135,9904,3.6,6439169,4852153
2011-02-17,14683656,186255,8151,3.9,6423988,4840925
2011-02-18,14546752,193805,8616,4.6,6381781,4788870
2011-02-21,14469957,224340,6591,3.4,6315980,4738275
2011-02-22,14489961,139958,5970,2.7,6329399,4747170
2011-02-23,14538057,173545,4136,3.0,6344565,4760788
2011-02-24,14444763,207836,10021,5.8,6293421,4713484
2011-02-25,14106504,207282,9715,4.7,6268350,4702415
2011-02-28,14676169,210272,7047,3.4,6223190,4676706
2011-03-02,14548020,173667,6890,3.3,6197342,4659297
2011-03-03,14253812,161158,5283,3.0,6129831,4602155
2011-03-04,14270923,182385,5123,3.2,6131240,4606161
2011-03-07,14494983,142925,12075,6.6,6128075,4602845
2011-03-08,15014881,134800,4958,3.5,6030744,4504398
2011-03-09,14804405,151014,4682,3.5,6054273,4520948
2011-03-10,15347454,130010,5322,3.5,6093274,4543340
2011-03-11,15115629,155122,5528,4.3,6086168,4530264
2011-03-14,15092784,190931,13788,8.9,6158191,4595981
2011-03-15,15549676,199336,6338,3.3,6166012,4608789
2011-03-16,15410164,240165,7272,3.6,6086805,4552161
2011-03-17,15030285,283398,8500,3.5,5942789,4443796
2011-03-18,15258240,245939,10184,3.6,5928424,4432828
2011-03-21,15555270,180092,6477,2.6,5935170,4441118
2011-03-22,15455464,164762,4138,2.3,5905876,4402100
2011-03-23,15384440,152670,4310,2.6,5931693,4415966
2011-03-24,15362522,201259,4777,3.1,5943660,4421072
2011-03-25,15599856,203702,6805,3.4,5988729,4462384
2011-03-28,15661286,190093,5463,2.7,6015250,4472348
2011-03-29,15572018,182144,7530,4.0,6027951,4471346
2011-03-30,15528288,211098,7595,4.2,6076078,4516295
2011-03-31,15585520,195251,8058,3.8,6114769,4546277
2011-04-01,15758019,176120,4746,2.4,6086466,4510502
2011-04-04,16434035,153793,7509,4.3,6049217,4471522
2011-04-05,16134459,143129,6259,4.1,6042499,4444670
2011-04-06,15977462,184510,3878,2.7,6146022,4542506
2011-04-07,16518219,160811,5660,3.1,6169312,4556786
2011-04-08,16361102,196041,6050,3.8,6196043,4575672
2011-04-11,16554143,227824,10888,5.6,6255452,4628425
2011-04-12,16669514,211152,9161,4.0,6321566,4685864
2011-04-13,16683575,216655,9650,4.6,6380675,4731602
2011-04-14,17182621,243175,9590,4.4,6418522,4777570
2011-04-15,16912321,183474,9731,4.0,6471752,4820038
2011-04-18,17154967,176492,4188,2.3,6525781,4875093
2011-04-19,17431468,173972,7780,4.4,6608145,4953879
2011-04-20,16941624,238539,7661,4.4,6655942,5004247
2011-04-21,16552330,264944,7235,3.0,6723357,5068348
2011-04-22,17107163,211111,7061,2.7,6742125,5077416
2011-04-25,17306276,260930,7794,3.7,6726848,5066242
2011-04-26,17101078,262631,11244,4.3,6794418,5139379
2011-04-27,17399798,228402,8363,3.2,6859545,5204430
2011-04-28,17038183,271554,7395,3.2,6900403,5253969
2011-04-29,17277007,314397,12425,4.6,6896139,5253965
2011-05-02,16967993,303223,16535,5.3,6912754,5276055
2011-05-03,16668453,301017,12666,4.2,6879678,5250584
2011-05-04,17087808,224848,13444,4.5,6877554,5250400
2011-05-06,16399834,231186,9635,4.3,6880585,5255959
2011-05-09,16266611,244132,15467,6.7,6866450,5250257
2011-05-11,16202796,268753,22961,9.4,6870504,5266585
2011-05-12,16332328,225390,8085,3.0,6820294,5232711
2011-05-13,16455422,189894,9902,4.4,6783339,5204027
2011-05-16,15886186,222784,7513,4.0,6862812,5292365
2011-05-17,15497548,249211,9696,4.4,6853305,5284894
2011-05-18,15265633,238904,12488,5.0,6865560,5309080
2011-05-19,15277224,212527,6127,2.6,6875535,5327958
2011-05-20,15183889,188523,9252,4.4,6845136,5311540
2011-05-23,15450738,233094,10471,5.6,6752136,5248765
2011-05-24,15582105,193597,16096,6.9,6707598,5223904
2011-05-25,15196578,238053,10231,5.3,6660716,5196706
2011-05-26,15311477,194456,13341,5.6,6664313,5210403
2011-05-27,14936547,237343,5796,3.0,6563015,5125878
2011-05-30,15350855,173492,12440,5.2,6555874,5121764
2011-05-31,15249551,166689,5510,3.2,6511139,5083878
2011-06-01,15115675,200680,6836,4.1,6503482,5081765
2011-06-02,16345732,170699,6720,3.3,6435347,5015246
2011-06-03,15824343,191307,4824,2.8,6413172,4995780
2011-06-07,15603748,203145,11716,6.1,6415730,5009544
2011-06-08,15695447,205526,9667,4.8,6388478,4993271
2011-06-09,15856387,196524,10915,5.3,6385199,5001496
2011-06-10,15729217,201126,5785,2.9,6389447,5014787
2011-06-13,15417492,187228,8448,4.2,6472741,5103885
2011-06-14,15049443,220843,7008,3.7,6414759,5057615
2011-06-15,15417210,229154,12972,5.9,6331680,4994397
2011-06-16,15511222,171202,5638,2.5,6326402,4991691
2011-06-17,15748013,152021,6939,4.1,6281575,4948795
2011-06-20,15604059,192349,9110,6.0,6278058,4949561
2011-06-21,15406086,219299,8454,4.4,6238982,4919843
2011-06-22,15369054,236131,9005,4.1,6192131,4888705
2011-06-23,15684777,201452,6362,2.7,6171474,4870154
2011-06-24,15631076,173133,7704,3.8,6135378,4835682
2011-06-27,15821247,170957,5090,2.9,6157799,4857493
2011-06-28,15982734,161854,3418,2.0,6139486,4832077
2011-06-29,15785042,154502,7536,4.7,6184144,4876426
2011-06-30,15623112,189979,6169,4.0,6127337,4822675
2011-07-01,15884419,157792,7254,3.8,6088890,4785508
2011-07-04,16208588,165970,3789,2.4,6033597,4729259
2011-07-05,16180293,145773,3695,2.2,5997600,4686927
2011-07-06,16473833,152539,4800,3.3,5977058,4657899
2011-07-07,16861353,145068,5628,3.7,5970171,4639105
2011-07-08,16746863,151479,5274,3.6,6023048,4684565
2011-07-11,17096266,146194,5194,3.4,6002210,4655092
2011-07-12,17446656,223899,6085,4.2,6026132,4668352
2011-07-13,17623482,173404,8290,3.7,6041540,4672243
2011-07-14,17591934,223643,9092,5.2,6088158,4719046
2011-07-15,17362122,198885,10113,4.5,6155011,4781112
2011-07-18,16536639,205689,9564,4.8,6186993,4814364
2011-07-19,16690443,159588,8207,4.0,6205112,4827776
2011-07-20,16647237,182991,6167,3.9,6226097,4838849
2011-07-21,16845436,191869,5797,3.2,6277412,4875213
2011-07-22,17153780,213912,5951,3.1,6286148,4866375
2011-07-25,16869728,224799,9777,4.6,6279148,4855982
2011-07-26,17167649,164864,8439,3.8,6268563,4836330
2011-07-27,16821233,201019,5934,3.6,6251204,4817823
2011-07-28,17183296,183310,7328,3.6,6315514,4869198
2011-07-29,17281439,181027,9679,5.3,6330181,4857692
2011-08-01,17256838,191130,7496,4.1,6349629,4862960
2011-08-02,17485728,209617,10022,5.2,6313588,4828707
2011-08-03,18476497,186545,10793,5.1,6354818,4845748
2011-08-04,18665839,283442,10983,5.9,6391657,4875802
2011-08-05,18798053,349042,22848,8.1,6423158,4908035
2011-08-08,19349892,358761,18254,5.2,6342425,4841846
2011-08-09,21275081,339108,31135,8.7,6041884,4593730
2011-08-10,22655175,380257,22102,6.5,5683222,4314466
2011-08-11,22164020,398918,22395,5.9,5431630,4158400
2011-08-12,20628303,377312,15374,3.9,5393020,4147308
2011-08-16,19961651,280969,19411,5.1,5402437,4151504
2011-08-17,19684527,272249,5144,1.8,5312446,4066798
2011-08-18,20066233,164458,6660,2.4,5293264,4029597
2011-08-19,20991806,162215,4769,2.9,5300832,4017347
2011-08-22,20325088,247656,11543,7.1,5289174,3997419
2011-08-23,20008197,371374,20270,8.2,5111628,3841973
2011-08-24,19778464,335849,13996,3.8,4967463,3720652
2011-08-25,19826739,202021,13071,3.9,4941447,3687004
2011-08-26,19181122,201253,13258,6.6,4885879,3629491
2011-08-29,19476852,212954,7767,3.9,4846639,3597288
2011-08-30,19531969,165477,6568,3.1,4842819,3591862
2011-08-31,19338872,125968,2987,1.8,4856360,3589127
2011-09-01,19378514,158798,3945,3.1,4842710,3560474
2011-09-02,19901137,141710,4967,3.1,4844018,3553788
2011-09-05,20711392,176289,4939,3.5,4791652,3487613
2011-09-06,20326597,168633,11895,6.7,4851974,3536067
2011-09-07,19670496,221188,10500,6.2,4902815,3594904
2011-09-08,19004222,248317,10466,4.7,4860534,3593166
2011-09-09,18846443,171353,7469,3.0,4939546,3653241
2011-09-14,19474497,181516,5274,3.1,4836735,3559038
2011-09-15,19334455,162184,8191,4.5,4831920,3556559
2011-09-16,18834699,207372,6032,3.7,4749417,3500455
2011-09-19,18843938,208369,5167,2.5,4708721,3481255
2011-09-20,19457001,150461,5170,2.5,4686128,3439060
2011-09-21,19149852,180210,5914,3.9,4638694,3400285
2011-09-22,19567349,167854,6234,3.5,4668690,3419605
2011-09-23,20604135,150218,6848,4.1,4692333,3435688
2011-09-26,20169452,193728,11450,7.6,4695347,3444874
2011-09-27,19068833,314727,18057,9.3,4620450,3401059
2011-09-28,19019980,379529,15634,5.0,4298757,3164480
2011-09-29,19086132,231675,13270,3.5,4281778,3151373
2011-09-30,18747297,205913,7269,3.1,4221723,3094536
2011-10-04,19651769,155287,6101,3.0,4252637,3121159
2011-10-05,19863186,159011,5530,3.6,4248528,3111337
2011-10-06,19214461,209688,8961,5.6,4244778,3118980
2011-10-07,18625780,303755,6916,3.3,4156348,3050191
2011-10-10,19052602,248014,6294,2.1,4109916,3006478
2011-10-11,19575359,154360,6529,2.6,4039832,2931159
2011-10-12,19631655,153123,6450,4.2,4090314,2959426
2011-10-13,20027567,163713,3697,2.4,4029001,2893312
2011-10-14,20136202,156782,5913,3.6,4118838,2946109
2011-10-17,20214777,159712,3844,2.5,4123990,2937771
2011-10-18,20220482,150546,5491,3.4,4166404,2947427
2011-10-19,20401299,140916,5049,3.4,4209818,2970308
2011-10-20,20474005,177244,5880,4.2,4248566,2981550
2011-10-21,21080682,191734,7656,4.3,4278822,2989559
2011-10-24,21064911,264229,11105,5.8,4264448,2984065
2011-10-25,20187441,213470,5678,2.1,4316261,3021450
2011-10-26,20614457,171759,4052,1.9,4318129,3008415
2011-10-27,20287442,180092,7661,4.5,4304232,2980615
2011-10-28,20358174,165725,5835,3.2,4375159,3038024
2011-10-31,20530376,173924,3868,2.3,4402133,3058560
2011-11-01,20525913,214391,8582,4.9,4333447,2977461
2011-11-02,20521622,230357,11963,5.6,4370648,3007985
2011-11-03,20482826,209729,10111,4.4,4440725,3070286
2011-11-04,19983305,183568,9658,4.6,4490821,3117749
2011-11-07,19390949,228784,8065,4.4,4449436,3089258
2011-11-08,20112598,167091,7083,3.1,4499931,3108209
2011-11-09,19773128,165257,5498,3.3,4529505,3132618
2011-11-10,20471435,174857,6894,4.2,4492054,3092154
2011-11-11,20397725,185522,11170,6.4,4502705,3089942
2011-11-14,19713210,294230,11315,6.1,4504030,3094648
2011-11-15,19273817,225943,8289,2.8,4549091,3128602
2011-11-16,19655320,207619,6680,3.0,4547607,3104705
2011-11-17,19595699,218933,12260,5.9,4555998,3105593
2011-11-18,19547741,242405,10959,5.0,4518618,3081227
2011-11-21,19389202,178560,11371,4.7,4621468,3159635
2011-11-22,18726542,169516,10422,5.8,4659360,3189468
2011-11-23,18752347,180793,8170,4.8,4637875,3167739
2011-11-24,18631072,168511,9111,5.0,4696927,3217299
2011-11-25,18141755,208908,12218,7.3,4624453,3164625
2011-11-28,18124127,186834,9799,4.7,4618194,3154740
2011-11-29,17649774,191317,6462,3.5,4547922,3102991
2011-11-30,18336319,169105,4593,2.4,4567642,3116083
2011-12-01,18742586,145630,4321,2.6,4495712,3042872
2011-12-02,19238605,172223,5041,3.5,4472865,3019778
2011-12-05,20126804,200836,6640,3.9,4440329,2968954
2011-12-06,19846417,167773,7422,3.7,4452312,2959901
2011-12-07,19782803,147944,6580,3.9,4487993,2987934
2011-12-08,19746221,162265,5884,4.0,4479435,2968335
2011-12-09,19558320,167412,7001,4.3,4519449,2989865
2011-12-12,19758301,158570,6616,4.0,4555638,3014334
2011-12-13,18971679,184810,9527,6.0,4585073,3048802
2011-12-14,19323027,186941,10562,5.7,4611037,3068863
2011-12-15,19193521,210540,13985,7.5,4661277,3094707
2011-12-16,18792155,207620,11034,5.2,4675670,3108589
2011-12-19,19248238,228204,10676,5.1,4687951,3125112
2011-12-20,19049747,190989,12464,5.5,4699055,3141322
2011-12-21,18483117,286851,10310,5.4,4528863,3028011
2011-12-22,18395306,232726,9353,3.3,4559334,3040758
2011-12-23,18145157,175870,6059,2.6,4547744,3019206
2011-12-26,18012704,164938,7166,4.1,4560504,3018041
2011-12-27,18241824,149731,7018,4.3,4540105,2987437
2011-12-28,18250236,173170,10481,7.0,4560661,2994460
2011-12-29,17680200,187689,9827,5.7,4498259,2947102
2011-12-30,17427014,185920,0,0.0,4441111,2912388
2012-01-02,17462512,163334,8269,4.4,4496244,2944083
2012-01-03,17666798,129768,6431,3.9,4478094,2926496
2012-01-04,17868594,141093,3745,2.9,4497537,2929316
2012-01-05,18693872,143164,4924,3.5,4486676,2892014
2012-01-06,18668584,172665,7158,5.0,4458860,2838736
2012-01-09,18794846,201312,11216,6.5,4477287,2836887
2012-01-10,18337993,215468,11531,5.7,4509845,2856518
2012-01-11,17983007,219113,6975,3.2,4563042,2900762
2012-01-12,18514233,177666,7457,3.4,4567422,2886936
2012-01-13,18328139,187026,8103,4.6,4543493,2870179
2012-01-16,18586044,178769,6278,3.4,4559084,2880624
2012-01-17,18617903,154233,6178,3.5,4553986,2871268
2012-01-18,18508457,158681,7977,5.2,4591230,2899670
2012-01-19,18712501,155035,5200,3.3,4573023,2884055
2012-01-20,18808775,181378,6214,4.0,4542797,2864190
2012-01-25,19404457,176516,6254,3.4,4510675,2831258
2012-01-26,19821577,166714,11771,6.7,4435203,2765868
2012-01-27,19572300,186975,8894,5.3,4435283,2762962
2012-01-30,20020358,182729,10794,5.8,4436868,2762225
2012-01-31,20081668,193466,12354,6.8,4456540,2776568
2012-02-01,19960456,214555,12052,6.2,4462985,2786742
2012-02-02,20112223,189148,6971,3.2,4490726,2815836
2012-02-03,20631650,163766,6686,3.5,4508861,2832027
2012-02-06,20689857,171611,6495,4.0,4525000,2840844
2012-02-07,20541174,221948,8637,5.0,4595700,2896313
2012-02-08,20379311,246165,9982,4.5,4609765,2904487
2012-02-09,20778835,221539,8223,3.3,4622695,2907406
2012-02-10,20833558,198472,7874,3.6,4677208,2956782
2012-02-13,20776672,201321,9423,4.7,4754462,3026595
2012-02-14,20364456,206031,8803,4.4,4785559,3045934
2012-02-15,20630934,180507,8274,4.0,4825301,3082569
2012-02-16,20585945,178477,8781,4.9,4863781,3112972
2012-02-17,20580280,190179,9554,5.4,4923660,3154812
2012-02-20,20110717,215185,9810,5.2,4932711,3168568
2012-02-21,20444461,195669,7752,3.6,4992918,3228243
2012-02-22,20129801,194744,8592,4.4,5018308,3246461
2012-02-23,20262540,192296,8031,4.1,5050691,3265881
2012-02-24,19806983,173607,8958,4.7,5091056,3303120
2012-02-27,19806726,174563,8256,4.8,5093787,3308150
2012-02-28,20225723,146023,8992,5.2,5088709,3303647
2012-02-29,19915355,180362,5759,3.9,5086991,3307324
2012-03-02,19621633,164406,5216,2.9,5102224,3322068
2012-03-05,19558786,399822,4957,3.0,5079652,3291616
2012-03-06,19735389,413772,6648,1.7,5078150,3279565
2012-03-07,19662410,443673,9598,2.3,5094260,3295958
2012-03-08,19558361,221045,10327,2.3,5113420,3325220
2012-03-09,19093121,210638,9257,4.2,5151094,3359798
2012-03-12,18822910,172238,6425,3.1,5184650,3388922
2012-03-13,18771281,155954,7863,4.6,5188033,3389044
2012-03-14,18733861,186845,7080,4.5,5199234,3407596
2012-03-15,18980654,180654,6947,3.7,5239157,3439854
2012-03-16,18972697,165327,6519,3.6,5214895,3411147
2012-03-19,19038826,181235,7904,4.8,5236328,3423047
2012-03-20,18992599,165430,6806,3.8,5261805,3446131
2012-03-21,18875628,157034,6229,3.8,5288189,3467005
2012-03-22,19041023,166960,7727,4.9,5305981,3484714
2012-03-23,18465729,183426,7012,4.2,5331523,3506569
2012-03-26,18431689,191082,7820,4.3,5289030,3476600
2012-03-27,18483991,161397,9109,4.8,5308791,3497551
2012-03-28,17970911,195889,8497,5.3,5284344,3483564
2012-03-29,18094168,179761,9627,4.9,5253226,3465879
2012-03-30,18221060,197747,10315,5.7,5202648,3429577
2012-04-02,18088879,196336,11241,5.7,5135593,3386262
2012-04-03,17961962,165556,5415,2.8,5119039,3371940
2012-04-04,18139677,143982,5529,3.3,5113143,3374708
2012-04-05,18488623,148702,6788,4.7,5070063,3339806
2012-04-06,18290095,192777,9915,6.7,5004640,3309193
2012-04-09,18253435,206014,9743,5.1,5012064,3338978
2012-04-10,18187921,159227,8238,4.0,5000053,3336163
2012-04-12,18014761,184914,9740,6.1,4922682,3287336
2012-04-13,18230277,159060,6888,3.7,4878336,3258595
2012-04-16,18180955,155931,5402,3.4,4870933,3265387
2012-04-17,18239218,138141,6498,4.2,4857487,3248322
2012-04-18,17971849,157143,7161,5.2,4879622,3274838
2012-04-19,17758818,175062,7722,4.9,4889429,3274750
2012-04-20,17940181,185241,10435,6.0,4912883,3289894
2012-04-23,18282927,179813,10145,5.5,4903029,3278796
2012-04-24,17926744,204369,6776,3.8,4873951,3262714
2012-04-25,17820094,185669,11475,5.6,4822583,3221519
2012-04-26,17710994,267984,8775,4.7,4819308,3225472
2012-04-27,17531574,490521,9408,3.5,4778365,3198765
2012-04-30,17815462,454693,9761,2.0,4674929,3116616
2012-05-02,18259363,165196,7474,1.6,4628509,3083628
2012-05-03,18009792,174934,7387,4.5,4596215,3062462
2012-05-04,17860070,163103,6444,3.7,4608639,3074439
2012-05-07,17918625,164232,6424,3.9,4589024,3060213
2012-05-08,17788846,147550,7571,4.6,4582839,3057719
2012-05-09,17584165,183201,9863,6.7,4582325,3067270
2012-05-10,17457566,177523,9792,5.3,4616670,3096151
2012-05-11,17436718,191089,10838,6.1,4610120,3093347
2012-05-14,17198700,167444,11340,5.9,4631017,3120242
2012-05-15,17376708,191984,10130,6.0,4603624,3087873
2012-05-16,17834975,194788,11609,6.0,4582489,3076614
2012-05-17,17474348,193963,11031,5.7,4554690,3056137
2012-05-18,17570027,248788,13330,6.9,4494417,3024144
2012-05-21,17888842,542296,10626,4.3,4476280,3022846
2012-05-22,17424488,483115,9677,1.8,4391275,2970184
2012-05-23,17337658,201897,7437,1.5,4359516,2957633
2012-05-24,17168933,158124,8413,4.2,4325969,2929492
2012-05-25,16708729,159299,6815,4.3,4283482,2892383
2012-05-29,17031110,141489,5265,3.3,4258436,2876803
2012-05-30,16715671,121931,4012,2.8,4250438,2865466
2012-05-31,16876255,110116,3787,3.1,4217670,2835096
2012-06-01,16842581,133160,7596,6.9,4191505,2811330
2012-06-04,17241340,140612,5116,3.8,4190110,2815357
2012-06-05,17091466,152839,10487,7.5,4183673,2815495
2012-06-07,16650529,201681,7816,5.1,4091792,2750405
2012-06-08,16593900,160785,4721,2.3,4066061,2728156
2012-06-11,16996129,143081,3969,2.5,4026616,2692419
2012-06-12,16928707,146312,3939,2.8,3993445,2665133
2012-06-13,17112922,132794,5327,3.6,4007389,2677962
2012-06-14,17075581,140120,5411,4.1,4025695,2688390
2012-06-15,17049581,161205,6007,4.3,3986655,2652819
2012-06-18,17146925,140133,6308,3.9,3957285,2619060
2012-06-19,17279854,143194,5464,3.9,3931038,2600141
2012-06-20,17348592,132063,4441,3.1,3910254,2574767
2012-06-21,17399373,132828,5611,4.2,3906252,2562198
2012-06-22,17906352,127973,5834,4.4,3903810,2549344
2012-06-25,17941863,128629,6880,5.4,3915144,2551947
2012-06-26,17475751,159517,8468,6.6,3987088,2619424
2012-06-27,17180815,188455,10518,6.6,4025244,2655748
2012-06-28,17030567,182952,10088,5.4,4057491,2684201
2012-06-29,16358049,147116,6165,3.4,4071870,2694797
2012-07-02,16776890,128825,5088,3.5,4058170,2678110
2012-07-03,16498551,95343,4370,3.4,4058194,2669321
2012-07-04,16434821,106900,3595,3.8,4038786,2638815
2012-07-05,16726026,109792,6585,6.2,4043956,2628706
2012-07-06,16856075,115635,5974,5.4,4047723,2618070
2012-07-09,17105866,110165,7228,6.3,4049465,2612760
2012-07-10,16719774,132033,5861,5.3,4076804,2628691
2012-07-11,16576718,149006,8951,6.8,4106081,2649215
2012-07-12,16716646,138533,12359,8.3,4122221,2670114
2012-07-13,16793793,148924,7546,5.4,4161111,2703897
2012-07-16,16493265,199581,8230,5.5,4185731,2732451
2012-07-17,16697722,163416,9611,4.8,4156222,2706367
2012-07-18,16235249,155375,9921,6.1,4139154,2682174
2012-07-19,16382938,141040,7129,4.6,4138047,2675019
2012-07-20,16106134,185425,7251,5.1,4105911,2651202
2012-07-23,16720304,157055,8225,4.4,4085712,2628053
2012-07-24,16452422,111069,7563,4.8,4072014,2611421
2012-07-25,16316580,151354,11599,10.4,4047903,2602622
2012-07-26,16462829,163228,11023,7.3,4053342,2614015
2012-07-27,16008489,162088,11310,6.9,4007799,2585703
2012-07-30,16037929,122450,4754,2.9,3994045,2583479
2012-07-31,16275069,91283,3714,3.0,3930141,2520233
2012-08-01,16567327,95510,9702,10.6,3875525,2465739
2012-08-02,16989703,90960,3994,4.2,3827451,2412851
2012-08-03,17025148,88059,4197,4.6,3819097,2398759
2012-08-06,16917080,98339,4715,5.4,3807804,2385316
2012-08-07,17544874,105311,3498,3.6,3829467,2405330
2012-08-08,17837779,100616,2699,2.6,3805558,2377574
2012-08-09,17365056,94260,2869,2.9,3799177,2364119
2012-08-10,17518354,95659,3320,3.5,3733571,2296124
2012-08-13,18298967,97165,4610,4.8,3663423,2221323
2012-08-14,18153290,104077,5018,5.2,3660457,2212815
2012-08-16,18211858,109793,4162,4.0,3622025,2194286
2012-08-17,18262096,96782,5346,4.9,3683398,2223761
2012-08-20,18373200,106649,3199,3.3,3681543,2214859
2012-08-21,18329017,126770,5364,5.0,3672378,2195708
2012-08-22,18812373,142942,6410,5.1,3696152,2213694
2012-08-23,18717554,150399,5077,3.6,3711869,2214085
2012-08-24,18557905,161930,6631,4.4,3740228,2232556
2012-08-27,19033301,140766,6838,4.2,3765086,2246705
2012-08-28,18783514,146031,6357,4.5,3786136,2260853
2012-08-29,18558746,167589,5997,4.1,3784132,2249703
2012-08-30,18426338,151803,5406,3.2,3809365,2262647
2012-08-31,18271825,128732,8495,5.6,3837381,2273974
2012-09-03,18165911,162544,8011,6.2,3858957,2290708
2012-09-04,18234618,149225,6148,3.8,3898629,2319112
2012-09-05,18103218,124052,5676,3.8,3935237,2329888
2012-09-06,17992267,287902,7526,6.1,3968096,2352583
2012-09-07,17461696,176451,7688,2.7,4013215,2389751
2012-09-10,17468150,151982,4847,2.7,4047929,2413114
2012-09-11,17693541,117290,3755,2.5,4026926,2382429
2012-09-12,17751862,122957,4813,4.1,4019477,2358374
2012-09-13,17839758,123942,5387,4.4,4042337,2365199
2012-09-14,17901701,110834,4525,3.7,4059150,2367155
2012-09-17,18451845,137919,4987,4.5,4086479,2390187
2012-09-18,18978541,138885,5760,4.2,4083478,2373514
2012-09-19,18937823,139616,7357,5.3,4111110,2388769
2012-09-20,18956415,141668,7597,5.4,4144196,2410617
2012-09-21,18949706,132448,6551,4.6,4219054,2459210
2012-09-24,18905548,153309,6975,5.3,4223360,2459773
2012-09-25,19105576,144665,11674,7.6,4254682,2481983
2012-09-26,19068536,160915,7044,4.9,4281327,2493075
2012-09-27,18764373,169486,9174,5.7,4303455,2509589
2012-09-28,18734735,151235,7811,4.6,4313448,2517373
2012-10-02,19576862,141894,9186,6.1,4342028,2542405
2012-10-04,19368691,116098,6132,4.3,4325481,2526899
2012-10-05,18421120,129734,5136,4.4,4332670,2524937
2012-10-08,18520015,150197,6397,4.9,4382593,2552902
2012-10-09,18352362,156238,8973,6.0,4389889,2541695
2012-10-10,18252092,182188,10554,6.8,4404428,2540343
2012-10-11,18669940,165511,9480,5.2,4420271,2546690
2012-10-12,18847035,184091,13347,8.1,4466378,2570579
2012-10-15,18098550,194935,12393,6.7,4503995,2610813
2012-10-16,17551216,177295,10413,5.3,4524029,2614465
2012-10-17,18146750,202423,7557,4.3,4527626,2614943
2012-10-18,17735023,196837,9136,4.5,4543819,2625544
2012-10-19,17457611,126324,5524,2.8,4527022,2603244
2012-10-22,17748121,138893,7947,6.3,4503396,2578093
2012-10-23,17818431,127251,7843,5.6,4498658,2573165
2012-10-24,17697809,117075,5150,4.0,4505368,2581540
2012-10-25,17925099,131562,5429,4.6,4529270,2598791
2012-10-26,17495316,149841,6109,4.6,4551204,2623243
2012-10-29,18324361,137898,8841,5.9,4555907,2633905
2012-10-30,17636103,154864,9213,6.7,4497593,2600346
2012-10-31,16873081,160709,9305,6.0,4437125,2567532
2012-11-01,17735563,127920,4016,2.5,4406531,2550714
2012-11-02,17713713,88711,4018,3.1,4402278,2544807
2012-11-05,17782815,110221,3701,4.2,4430704,2567558
2012-11-06,17308973,90056,3895,3.5,4450388,2581471
2012-11-07,17564364,108330,3738,4.2,4477843,2601178
2012-11-08,17602635,95504,4137,3.8,4478536,2594434
2012-11-09,17312731,101199,4959,5.2,4475963,2581272
2012-11-12,17241831,164104,7773,7.7,4512882,2617763
2012-11-13,16950751,141198,8973,5.5,4536358,2635810
2012-11-14,16962280,142730,14542,10.3,4531481,2626923
2012-11-15,17840950,149126,7788,5.5,4500951,2604585
2012-11-16,17128410,153751,7990,5.4,4504933,2622260
2012-11-19,16817527,148177,9255,6.0,4462031,2601610
2012-11-20,16780717,168885,6594,4.5,4412896,2571831
2012-11-21,16780992,136286,5360,3.2,4382304,2561232
2012-11-22,16549245,127735,6340,4.7,4366756,2554011
2012-11-23,16541323,133150,5529,4.3,4336581,2531095
2012-11-26,16668393,108519,4980,3.7,4340882,2530415
2012-11-27,16835592,91221,4552,4.2,4337279,2523980
2012-11-28,16929007,104064,3936,4.3,4316925,2507605
2012-11-29,17006494,120829,4121,4.0,4306440,2491949
2012-11-30,16736081,120067,5712,4.7,4313973,2493742
2012-12-03,17907959,113779,4862,4.0,4292531,2475052
2012-12-04,17640975,105848,7580,6.7,4260585,2440912
2012-12-05,17223045,110494,5055,4.8,4255218,2434290
2012-12-06,16799831,104313,4227,3.8,4236395,2417992
2012-12-07,17090080,117535,5391,5.2,4223797,2413644
2012-12-10,16897395,136634,5707,4.9,4187244,2385855
2012-12-11,17044561,125060,7285,5.3,4151788,2364075
2012-12-12,17300730,114178,4578,3.7,4141235,2360239
2012-12-13,17717393,133763,6333,5.5,4121988,2344365
2012-12-14,17222546,114292,5647,4.2,4101499,2321822
2012-12-17,17220283,93143,3458,3.0,4073976,2293809
2012-12-18,17223187,98228,4042,4.3,4098634,2319211
2012-12-20,17393269,117926,6071,6.2,4092515,2320976
2012-12-21,17244792,105454,4948,4.2,4062513,2302737
2012-12-24,18303471,128498,5528,5.2,4014303,2272624
2012-12-26,17766421,124665,6706,5.2,3972994,2251040
2012-12-27,17902717,116474,4792,3.8,3954834,2238920
2012-12-28,18014260,124128,2391,2.1,3929720,2218076
2012-12-31,17074950,120880,2075,1.7,3880530,2191871
2013-01-02,18052206,127077,5009,4.1,3921897,2215120
2013-01-03,18187529,123243,3886,3.1,3913851,2210954
2013-01-04,18031726,140818,5998,4.9,3932807,2218038
2013-01-07,17673134,166782,9071,6.4,3955895,2229950
2013-01-08,17424781,184519,7794,4.7,3988891,2255095
2013-01-09,17735398,170616,7691,4.2,4000529,2260200
2013-01-10,18011729,164471,5171,3.0,4022400,2273991
2013-01-11,17685891,172328,5581,3.4,4041988,2291609
2013-01-14,17757796,152955,7845,4.6,4069704,2316848
2013-01-15,18177284,160057,6063,4.0,4094589,2333169
2013-01-16,18209497,165602,7802,4.9,4117057,2354963
2013-01-17,17680250,186795,8396,5.1,4119352,2351186
2013-01-18,17763499,177781,6790,3.6,4131388,2361942
2013-01-21,17549424,172000,4605,2.6,4126248,2354790
2013-01-22,17436708,120641,6941,4.0,4132027,2354399
2013-01-23,17337155,116286,3513,2.9,4142323,2352181
2013-01-24,17253534,115753,4064,3.5,4166749,2365170
2013-01-25,17298763,130913,7366,6.4,4166572,2356585
2013-01-28,17585691,137746,5481,4.2,4163477,2363983
2013-01-29,17834263,149002,5242,3.8,4196017,2393288
2013-01-30,16764345,170343,4698,3.2,4211218,2409922
2013-01-31,16654733,138979,3769,2.2,4204169,2394656
2013-02-01,17405469,131513,4947,3.6,4178900,2377709
2013-02-04,18304356,121341,3950,3.0,4160000,2363179
2013-02-05,17503955,115614,5226,4.3,4142330,2353477
2013-02-06,17325075,122530,5184,4.5,4108741,2333027
2013-02-07,16536781,134842,5017,4.1,4095732,2330355
2013-02-08,16462306,138527,4508,3.3,4096347,2335235
2013-02-12,16613870,132566,5132,3.7,4087024,2331839
2013-02-13,16852317,115529,3269,2.5,4072301,2320216
2013-02-14,16580834,123585,3519,3.0,4061169,2311049
2013-02-15,16880036,120095,2691,2.2,4057249,2299623
2013-02-18,17467193,131983,4070,3.4,4055496,2290281
2013-02-19,16821297,119989,5052,3.8,4065021,2286059
2013-02-20,16959027,132888,4103,3.4,4075606,2288138
2013-02-21,17616386,138961,3288,2.5,4093310,2291530
2013-02-22,17889469,140314,4376,3.1,4089857,2274472
2013-02-25,17628975,151319,5639,4.0,4099318,2274053
2013-02-26,18542247,164301,5205,3.4,4107140,2269038
2013-02-27,17993592,141664,4827,2.9,4114705,2269045
2013-02-28,17210909,138529,4614,3.3,4118048,2272200
2013-03-04,18222413,113199,3881,2.8,4127308,2273048
2013-03-05,18144025,100805,4073,3.6,4104079,2255080
2013-03-06,17889112,121284,4315,4.3,4112014,2261732
2013-03-07,18373842,124294,5779,4.8,4154370,2288346
2013-03-08,18108818,126910,4952,4.0,4173302,2292127
2013-03-11,18044495,139548,6719,5.3,4199107,2305061
2013-03-12,18338619,118065,7565,5.4,4213456,2306770
2013-03-13,17987584,120575,5876,5.0,4199351,2295239
2013-03-14,18626219,125872,5184,4.3,4221491,2305893
2013-03-15,18535255,109796,5303,4.2,4251727,2326786
2013-03-18,18250190,108980,3733,3.4,4320001,2379844
2013-03-19,18579019,129519,5106,4.7,4362140,2411046
2013-03-20,18071018,154500,9743,7.5,4348959,2405007
2013-03-21,17657804,127483,6682,4.3,4364150,2415402
2013-03-22,17160862,131150,8495,6.7,4401668,2437372
2013-03-25,17413443,143891,7141,5.4,4413375,2455083
2013-03-26,18047939,133472,4789,3.3,4426318,2459611
2013-03-27,17533334,129944,5070,3.8,4453816,2469565
2013-03-28,18286116,124028,5579,4.3,4467262,2471865
2013-03-29,17247500,116757,5344,4.3,4471113,2461732
2013-04-01,17894085,122497,6159,5.3,4464649,2457015
2013-04-02,18158770,106626,5427,4.4,4474410,2449643
2013-04-03,18103149,108308,5604,5.3,4486585,2455048
2013-04-04,18926694,126096,5730,5.3,4498035,2462283
2013-04-05,18443620,122199,7498,5.9,4498551,2457033
2013-04-08,18392253,148253,6176,5.1,4471718,2441394
2013-04-09,17854107,158568,8243,5.6,4461233,2438873
2013-04-10,17970879,181940,8544,5.4,4441988,2432010
2013-04-11,18148070,148200,7850,4.3,4389799,2400145
2013-04-12,18585722,106666,4083,2.8,4388013,2403641
2013-04-15,19812999,106571,5683,5.3,4390971,2398898
2013-04-16,18917642,133083,7111,6.7,4410945,2420958
2013-04-17,19165947,156216,7582,5.7,4442984,2441246
2013-04-18,18549904,162766,7996,5.1,4497420,2467277
2013-04-19,18526918,170100,9948,6.1,4528295,2482301
2013-04-22,18852851,161444,10327,6.1,4533952,2481905
2013-04-23,18564231,147133,9097,5.6,4535583,2488601
2013-04-24,18212516,118571,6203,4.2,4524473,2484228
2013-04-25,18761782,201218,4186,3.5,4532162,2488033
2013-04-26,18365002,107391,3538,1.8,4543608,2484979
2013-04-29,18565000,112752,4605,4.3,4546835,2473120
2013-04-30,17958897,111022,5358,4.8,4569089,2482736
2013-05-02,18268873,120699,4836,4.4,4597497,2486549
2013-05-03,18355891,147291,5372,4.5,4597268,2472014
2013-05-06,18923822,176025,5344,3.6,4630039,2495620
2013-05-07,18068433,143304,5276,3.0,4647147,2503287
2013-05-08,18213583,162186,8065,5.6,4673401,2524008
2013-05-09,18614347,140967,7354,4.5,4714797,2548047
2013-05-10,18969063,147183,4896,3.5,4749063,2564622
2013-05-13,19010349,136820,8480,5.8,4746994,2538251
2013-05-14,18433018,149786,6161,4.5,4784126,2565104
2013-05-15,18004906,147841,7243,4.8,4782206,2566101
2013-05-16,17738742,133142,4480,3.0,4788939,2550745
2013-05-20,18122171,118185,4917,3.7,4795728,2550679
2013-05-21,18344122,109412,3632,3.1,4779098,2535541
2013-05-22,18232521,123605,4655,4.3,4799104,2548705
2013-05-23,18386446,153265,5784,4.7,4825290,2559617
2013-05-24,18708932,130506,5058,3.3,4855460,2567759
2013-05-27,18230306,155593,8933,6.8,4869378,2575270
2013-05-28,18222580,147521,6610,4.2,4905879,2595535
2013-05-29,18422496,118844,3790,2.6,4931261,2604151
2013-05-30,18488961,118769,4346,3.7,4952648,2609860
2013-05-31,18453380,123755,5856,4.9,4967028,2610344
2013-06-03,19778130,146265,7573,6.1,4962569,2609922
2013-06-04,19059812,122239,6248,4.3,4971260,2604120
2013-06-05,18543350,119870,7095,5.8,4987880,2618477
2013-06-07,19208928,129482,8714,7.3,4992282,2623297
2013-06-10,18951527,142947,8738,6.7,4965393,2609087
2013-06-11,18501914,208199,11455,8.0,4924649,2599154
2013-06-12,18335213,182757,10849,5.2,4913760,2607077
2013-06-13,18901617,188630,10037,5.5,4950270,2638619
2013-06-14,18009489,179611,11736,6.2,4960314,2648062
2013-06-17,17871640,174437,11789,6.6,4970508,2667328
2013-06-18,17665281,158094,7140,4.1,4929010,2642596
2013-06-19,17937361,149616,6447,4.1,4893305,2637526
2013-06-20,17823712,103309,6067,4.1,4876956,2630398
2013-06-21,18146854,146052,6158,6.0,4847008,2611041
2013-06-24,17913267,146279,8833,6.0,4808099,2596264
2013-06-25,18318043,154102,8237,5.6,4761232,2577276
2013-06-26,18418550,157181,8515,5.5,4694742,2549032
2013-06-27,19000209,190706,6507,4.1,4549923,2484648
2013-06-28,18262644,191754,5220,2.7,4671839,2562471
2013-07-01,19892040,100018,3929,2.0,4485941,2470309
2013-07-02,18436231,81148,4431,4.4,4443705,2428798
2013-07-03,17791944,83617,4997,6.2,4469624,2443343
2013-07-04,18017486,118469,5315,6.4,4498237,2456707
2013-07-05,18446778,156096,11310,9.5,4501946,2464783
2013-07-08,18167422,131336,9516,6.1,4504156,2460748
2013-07-09,17095473,133561,6853,5.2,4548972,2490151
2013-07-10,17229700,150285,7583,5.7,4525144,2472694
2013-07-11,17536486,115133,5083,3.4,4529235,2474532
2013-07-12,17240107,103174,2990,2.6,4520502,2470336
2013-07-15,18059829,81732,2532,2.5,4483825,2425035
2013-07-16,17739500,87994,3415,4.2,4491038,2427708
2013-07-17,17459367,136402,4217,4.8,4521172,2440908
2013-07-18,17352924,153212,4324,3.2,4543447,2455538
2013-07-19,17617347,134901,3951,2.6,4525322,2421284
2013-07-22,17613986,149961,4661,3.5,4553882,2448766
2013-07-23,17532718,162333,5678,3.8,4582120,2469382
2013-07-24,17658332,164576,4173,2.6,4578021,2466192
2013-07-25,18715506,145548,4903,3.0,4566286,2451863
2013-07-26,18951297,146171,3277,2.3,4566078,2440062
2013-07-29,17632525,145612,5196,3.6,4554704,2428177
2013-07-30,17925398,144847,6354,4.4,4560734,2426281
2013-07-31,17407090,172014,6040,4.2,4555449,2427121
2013-08-01,18156147,148652,5163,3.0,4549198,2420575
2013-08-02,18191772,170632,4329,2.9,4556847,2423982
2013-08-05,18087757,145131,3451,2.0,4579729,2434138
2013-08-06,18125079,150499,5200,3.6,4586071,2426209
2013-08-07,17923908,147377,6949,4.6,4589666,2420996
2013-08-08,18148741,154987,6903,4.7,4616479,2434198
2013-08-09,17616415,178159,7377,4.8,4642525,2452305
2013-08-12,17805829,178865,6403,3.6,4660165,2466720
2013-08-13,17775699,157489,5335,3.0,4668004,2463348
2013-08-14,17716450,117518,4941,3.1,4663803,2454469
2013-08-16,17998744,150960,5098,4.3,4630412,2419956
2013-08-19,17866549,148632,5389,3.6,4596150,2388150
2013-08-20,18707646,169080,6460,4.3,4575732,2371330
2013-08-21,19023944,168594,8064,4.8,4584839,2383811
2013-08-22,18153430,197090,9990,5.9,4534851,2361614
2013-08-23,18073763,239342,11048,5.6,4519784,2371801
2013-08-26,17986461,231371,7098,3.0,4490025,2364034
2013-08-27,17532386,152764,5420,2.3,4487884,2371495
2013-08-28,17680507,139278,4940,3.2,4460554,2339623
2013-08-29,17802432,154365,4859,3.5,4439762,2315655
2013-08-30,17504804,163705,8043,5.2,4415049,2296028
2013-09-02,18655552,170370,7226,4.4,4381874,2265950
2013-09-03,18772175,182123,4781,2.8,4330063,2222149
2013-09-04,18573454,148479,4625,2.5,4324655,2225482
2013-09-05,18430692,146566,3393,2.3,4317711,2210149
2013-09-06,18136263,134424,3000,2.0,4338606,2219199
2013-09-09,18620721,130568,3972,3.0,4320976,2199041
2013-09-10,18578795,149045,5240,4.0,4310190,2182572
2013-09-11,18853826,152056,4487,3.0,4313323,2182444
2013-09-12,18903372,151400,4962,3.3,4312929,2170579
2013-09-13,19191227,144507,5487,3.6,4328792,2179814
2013-09-16,19451114,155208,4929,3.4,4324327,2169837
2013-09-17,18836660,141775,4849,3.1,4322483,2174503
2013-09-23,18867800,129270,3996,2.8,4329107,2186857
2013-09-24,18511521,131968,5758,4.5,4327626,2192230
2013-09-25,17709374,201875,8094,6.1,4340490,2212126
2013-09-26,17466973,165876,9152,4.5,4338913,2212431
2013-09-27,16845598,179609,6301,3.8,4353909,2228138
2013-09-30,16265190,167752,5494,3.1,4380077,2244853
2013-10-01,16512822,152926,3652,2.2,4389115,2248788
2013-10-02,16996773,158111,6044,4.0,4363981,2239843
2013-10-04,16049568,171413,6159,3.9,4369565,2244435
2013-10-07,15962742,184346,8164,4.8,4375390,2246718
2013-10-08,15571874,170402,5877,3.2,4359970,2233172
2013-10-10,15374131,165693,5755,3.4,4346202,2229322
2013-10-11,15314081,173813,4188,2.5,4361095,2240777
2013-10-14,15105782,182104,4235,2.4,4396447,2274976
2013-10-15,16162578,164054,4871,2.7,4409868,2279126
2013-10-16,15411710,178752,5239,3.2,4423525,2291699
2013-10-17,15457638,174833,7008,3.9,4449034,2308500
2013-10-18,15674660,205527,5703,3.3,4455973,2315308
2013-10-21,15582677,214401,5336,2.6,4467518,2334829
2013-10-22,15458020,169037,3851,1.8,4480290,2347558
2013-10-23,15468258,168388,4639,2.7,4499931,2363348
2013-10-24,15783090,160646,4895,2.9,4513113,2375300
2013-10-25,15480631,188432,5446,3.4,4517733,2380292
2013-10-28,15585781,226299,5026,2.7,4531850,2395057
2013-10-29,16493447,128688,4156,1.8,4548538,2409515
2013-10-30,15796903,118893,5486,4.3,4566750,2424769
2013-10-31,15250949,113659,4661,3.9,4568458,2417033
2013-11-01,16558796,118292,6135,5.4,4578927,2418849
2013-11-04,15701655,146301,6492,5.5,4573992,2419438
2013-11-05,15198221,115261,6145,4.2,4573931,2411407
2013-11-06,15269495,114209,5997,5.2,4598819,2428661
2013-11-07,14667720,121391,6024,5.3,4606737,2443113
2013-11-08,14606857,128426,7263,6.0,4614844,2450993
2013-11-11,14673575,133814,6954,5.4,4609803,2462320
2013-11-12,14764545,127427,5718,4.3,4586426,2455848
2013-11-13,14550941,152766,6658,5.2,4528355,2426094
2013-11-14,14751743,116085,7776,5.1,4501251,2414240
2013-11-15,14797675,118151,4896,4.2,4496354,2419906
2013-11-18,14201322,118340,3971,3.4,4502272,2430633
2013-11-19,14096787,111496,4836,4.1,4492567,2425319
2013-11-20,14623732,174526,4586,4.1,4475499,2411943
2013-11-21,14555792,120985,4845,2.8,4432187,2381116
2013-11-22,14133223,109897,5963,4.9,4429699,2385126
2013-11-25,14361094,114437,4462,4.1,4434192,2396674
2013-11-26,14201979,103138,4085,3.6,4414933,2388534
2013-11-27,14106851,90523,6750,6.5,4404899,2380766
2013-11-28,14272563,89434,4118,4.5,4412365,2383537
2013-11-29,14552584,83041,2893,3.2,4424054,2388189
2013-12-02,14734200,83678,3836,4.6,4407738,2371078
2013-12-03,15119266,82952,4446,5.3,4407925,2363560
2013-12-04,14566668,103527,4589,5.5,4426032,2386329
2013-12-05,14154050,124334,7441,7.2,4432031,2399043
2013-12-06,13999223,120997,6443,5.2,4454475,2425456
2013-12-09,13737906,103253,5449,4.5,4468040,2443297
2013-12-10,13456369,92678,4281,4.1,4454037,2435055
2013-12-11,14054493,87374,4048,4.4,4422961,2416984
2013-12-12,14237301,99246,4248,4.9,4394266,2403088
2013-12-13,14249467,104174,5629,5.7,4376084,2400845
2013-12-16,13496671,102761,4576,4.4,4400055,2432354
2013-12-17,13630482,98712,3723,3.6,4393093,2430716
2013-12-18,13440181,90105,4111,4.2,4363253,2412273
2013-12-19,13051956,93814,4490,5.0,4320496,2389602
2013-12-20,13528960,93829,4887,5.2,4304898,2386133
2013-12-23,13617902,114924,4130,4.4,4270257,2360484
2013-12-24,13721043,92737,2887,2.5,4257362,2350628
2013-12-26,13812933,78890,2681,2.9,4256404,2354294
2013-12-27,14276794,75868,2624,3.3,4239757,2337103
2013-12-30,14208937,92919,952,1.3,4193763,2300591
2013-12-31,13900425,93341,2013,2.2,4191830,2299693
2014-01-02,16013205,89224,2860,3.1,4172037,2289815
2014-01-03,15815891,74225,2676,3.0,4154002,2268402
2014-01-06,14644324,146166,8420,11.3,4183963,2303168
2014-01-07,14144128,168268,8777,6.0,4216728,2334332
2014-01-08,13722138,168021,5323,3.2,4214866,2332819
2014-01-09,13614232,140005,5873,3.5,4220280,2330594
2014-01-10,13804380,120315,5978,4.3,4230247,2329775
2014-01-13,13982320,124391,6472,5.4,4259841,2357622
2014-01-14,14621005,165525,4803,3.9,4299955,2382262
2014-01-15,14197409,158620,4284,2.6,4318487,2391343
2014-01-16,13704489,157984,3693,2.3,4337242,2396546
2014-01-17,13456055,162862,4777,3.0,4355713,2407382
2014-01-20,13475769,134168,4631,2.8,4359689,2399678
2014-01-21,13622068,132240,4434,3.3,4372839,2408561
2014-01-22,14082570,125357,3748,2.8,4376474,2406441
2014-01-23,13960070,131539,3197,2.6,4387622,2413734
2014-01-24,13698773,123640,6710,5.1,4382244,2401061
2014-01-27,13986279,132224,5216,4.2,4392956,2420666
2014-01-28,14436512,142318,5442,4.1,4385748,2423037
2014-01-29,14105551,152473,4884,3.4,4364378,2409653
2014-02-03,14812582,140876,4290,2.8,4334786,2393285
2014-02-04,15367738,112463,4772,3.4,4293680,2357296
2014-02-05,14836413,133421,5235,4.7,4323969,2390191
2014-02-06,14163832,171438,5235,3.9,4346638,2420252
2014-02-07,13666913,150822,4278,2.5,4314678,2395810
2014-02-10,13836642,129219,3729,2.5,4295828,2380229
2014-02-11,14066665,121194,4478,3.5,4297977,2375818
2014-02-12,14419742,117841,3429,2.8,4323260,2386995
2014-02-13,14341004,134860,3948,3.4,4340913,2393609
2014-02-14,13632566,134604,6689,5.0,4356636,2407095
2014-02-17,13744903,102435,4045,3.0,4368762,2409909
2014-02-18,14330527,101729,4197,4.1,4378010,2408725
2014-02-19,13556258,109837,3860,3.8,4387242,2410224
2014-02-20,13624565,102113,4534,4.1,4410477,2418607
2014-02-21,13542271,99577,3595,3.5,4428540,2433191
2014-02-24,13706130,122753,5394,5.4,4440691,2447774
2014-02-25,13901437,103252,4293,3.5,4439782,2439050
2014-02-26,14481593,105847,3844,3.7,4449863,2445548
2014-02-27,14307767,97948,4635,4.4,4441020,2439029
2014-02-28,13895151,100259,3594,3.7,4441287,2433875
2014-03-03,14352677,110278,5805,5.8,4439879,2425067
2014-03-04,14352159,114675,5410,4.9,4421583,2417619
2014-03-05,14214068,103919,4620,4.0,4431146,2428719
2014-03-06,14055114,86594,3452,3.3,4468571,2460322
2014-03-07,13837959,82186,2527,2.9,4476512,2463392
2014-03-10,14707113,86596,3349,4.1,4490374,2465027
2014-03-11,14707827,83313,3396,3.9,4498640,2467080
2014-03-12,13960260,108259,4292,5.2,4546536,2507277
2014-03-13,14423809,108222,7508,6.9,4581286,2531647
2014-03-14,13724778,147617,5521,5.1,4637119,2579854
2014-03-17,14084814,131823,7051,4.8,4677919,2611098
2014-03-18,13947733,122108,5285,4.0,4704920,2621690
2014-03-19,13981649,127590,4607,3.8,4695068,2611909
2014-03-20,13780966,105490,4486,3.5,4701265,2610453
2014-03-21,13346127,100410,4851,4.6,4709412,2599784
2014-03-24,13423210,116688,4144,4.1,4732373,2620333
2014-03-25,13676214,109088,3674,3.1,4742639,2618372
2014-03-26,14115704,113359,3297,3.0,4743896,2607842
2014-03-27,13500446,135384,4381,3.9,4744784,2593906
2014-03-28,13954831,127781,7938,5.9,4721389,2566145
2014-03-31,13629839,124618,5038,3.9,4727107,2554083
2014-04-01,15221523,109469,3997,3.2,4720776,2540671
2014-04-02,13924680,122392,4181,3.8,4701419,2523735
2014-04-03,14025595,102960,5269,4.3,4692476,2511213
2014-04-04,13864761,106700,4151,4.0,4699845,2512892
2014-04-07,14228572,119513,4382,4.1,4732471,2525613
2014-04-08,14623077,107392,6558,5.5,4747160,2521236
2014-04-09,14307215,128550,4854,4.5,4764741,2525760
2014-04-10,14518031,124676,6480,5.0,4788471,2538605
2014-04-11,15194465,117040,9998,8.0,4772240,2510326
2014-04-14,15702524,104672,4772,4.1,4766826,2501319
2014-04-15,15498801,86083,3294,3.1,4785908,2508710
2014-04-16,14861930,88894,3620,4.2,4809015,2512902
2014-04-17,14978641,110561,5075,5.7,4849893,2533278
2014-04-18,14996735,107881,3988,3.6,4890882,2558030
2014-04-21,14999375,118731,3759,3.5,4896045,2551418
2014-04-22,14912442,89822,4669,3.9,4886316,2533138
2014-04-23,15028702,93520,3761,4.2,4903565,2540512
2014-04-24,15154524,99894,3847,4.1,4907187,2539830
2014-04-25,15375517,122779,8259,8.3,4907426,2536832
2014-04-28,15578235,129834,8386,6.8,4922310,2546334
2014-04-29,15489636,142835,6789,5.2,4918945,2550774
2014-04-30,14884890,119129,7890,5.5,4912600,2553272
2014-05-02,14997216,111821,4688,3.9,4902511,2550083
2014-05-07,15405973,121783,8398,7.5,4889760,2534658
2014-05-08,15850813,124328,12677,10.4,4888739,2532823
2014-05-09,14844422,172246,7208,5.8,4901970,2548561
2014-05-12,14498318,180086,7765,4.5,4922471,2568396
2014-05-13,14786113,142748,6380,3.5,4922525,2561622
2014-05-14,15080202,145644,3828,2.7,4939105,2569487
2014-05-15,14794583,211181,4531,3.1,4920703,2541403
2014-05-16,14775623,107673,4330,2.1,4908722,2515210
2014-05-19,14870760,114677,6247,5.8,4910436,2509281
2014-05-20,15362460,110323,6582,5.7,4944235,2528745
2014-05-21,14842164,148506,7117,6.5,4935004,2535879
2014-05-22,14608980,145394,6604,4.4,4921545,2541424
2014-05-23,14533045,116226,4526,3.1,4923119,2544238
2014-05-26,14799070,103402,5115,4.4,4905580,2530477
2014-05-27,15355913,82218,4950,4.8,4911456,2528782
2014-05-28,15363298,103967,4037,4.9,4919725,2531050
2014-05-29,15128748,115020,4822,4.6,4931775,2541105
2014-05-30,14754713,111506,4336,3.8,4926816,2531605
2014-06-02,15442704,111892,6223,5.6,4941495,2537995
2014-06-03,14773241,126028,7245,6.5,4923983,2527056
2014-06-05,15452322,129597,7054,5.6,4876006,2503583
2014-06-09,14649192,116338,7425,5.7,4848400,2497732
2014-06-10,14314242,115242,5283,4.5,4811946,2492697
2014-06-11,14632891,119828,4357,3.8,4788600,2487841
2014-06-12,15302007,93496,2977,2.5,4773136,2479639
2014-06-13,15399299,87657,4413,4.7,4779900,2474479
2014-06-16,14842656,93505,3696,4.2,4808306,2494883
2014-06-17,14373716,116223,6831,7.3,4839646,2523531
2014-06-18,14183476,120111,4771,4.1,4839891,2525596
2014-06-19,14291787,112821,5190,4.3,4845603,2525007
2014-06-20,14612376,103443,7400,6.6,4853910,2534596
2014-06-23,14653985,118045,5235,5.1,4853237,2537757
2014-06-24,13944999,131347,6398,5.4,4878890,2563891
2014-06-25,14181769,123740,6616,5.0,4837540,2545109
2014-06-26,14830835,104658,4962,4.0,4806795,2520319
2014-06-27,14942543,103638,4485,4.3,4798211,2509794
2014-06-30,14282965,101065,5157,5.0,4775650,2487387
2014-07-01,15024023,94159,5206,5.2,4763051,2478076
2014-07-02,14260994,83025,2834,3.0,4738820,2448226
2014-07-03,14663378,83512,2310,2.8,4761931,2474227
2014-07-04,14277047,92552,3277,3.9,4770913,2468953
2014-07-07,14761199,112612,4435,4.8,4792122,2480395
2014-07-08,14499836,95759,5980,5.3,4820582,2483111
2014-07-09,14746702,95506,4014,4.2,4844390,2498201
2014-07-10,15026244,97525,5086,5.3,4875237,2513739
2014-07-11,15098825,113398,3997,4.1,4911559,2540911
2014-07-14,15001744,110506,4952,4.4,4941788,2559587
2014-07-15,15164435,123113,5105,4.6,4966167,2578508
2014-07-16,14766707,111887,4537,3.7,4984674,2585438
2014-07-17,14669602,110217,4888,4.4,4999214,2585025
2014-07-18,14850489,119520,6661,6.0,5003733,2587210
2014-07-21,14483121,104332,5484,4.6,5007922,2583534
2014-07-22,14449543,103536,3578,3.4,5023484,2592375
2014-07-23,14670900,107967,4130,4.0,5049979,2602974
2014-07-24,14952137,100276,4082,3.8,5061651,2611595
2014-07-25,14687938,120502,3798,3.8,5083537,2620747
2014-07-28,15434846,149230,6229,5.2,5090513,2635615
2014-07-29,16078421,132633,7375,4.9,5092535,2635975
2014-07-30,15694138,158589,5616,4.2,5098579,2643408
2014-07-31,15644684,187132,9668,6.1,5073795,2629891
2014-08-01,16152680,159301,7553,4.0,5046085,2605151
2014-08-04,16062530,145792,6023,3.8,4996994,2583710
2014-08-05,16303161,118901,5008,3.4,4970569,2560752
2014-08-06,15569982,113871,3620,3.0,4992398,2576323
2014-08-07,16717358,132880,5619,4.9,5030471,2605152
2014-08-08,15843144,132759,6524,4.9,5050690,2620354
2014-08-11,16231190,137630,9216,6.9,5077779,2640713
2014-08-12,15779894,140316,7333,5.3,5075306,2654243
2014-08-13,15455528,125163,4431,3.2,5084367,2657677
2014-08-14,15444709,122998,4482,3.6,5071746,2641037
2014-08-18,16081573,108845,3915,3.2,5060105,2619876
2014-08-19,15441211,88196,3961,3.6,5072415,2617965
2014-08-20,15627081,113757,4197,4.8,5111615,2639944
2014-08-21,15641110,124336,5155,4.5,5135553,2644636
2014-08-22,15346171,131990,8050,6.5,5149076,2647397
2014-08-25,15190572,140065,8095,6.1,5179722,2678037
2014-08-26,15202178,116237,5105,3.6,5181439,2669095
2014-08-27,15223685,122345,4099,3.5,5189432,2674004
2014-08-28,15008212,120085,4492,3.7,5183953,2663169
2014-08-29,14953078,123671,5108,4.3,5219086,2686520
2014-09-01,16075379,110833,4438,3.6,5217035,2679017
2014-09-02,15370212,103683,4943,4.5,5229716,2682396
2014-09-03,15096021,120517,4465,4.3,5235212,2689855
2014-09-04,14841359,130522,5658,4.7,5231199,2691704
2014-09-05,14944428,138309,6670,5.1,5254577,2706776
2014-09-11,16424456,139163,8585,6.2,5240379,2704792
2014-09-12,15501491,121718,7722,5.5,5229801,2701931
2014-09-15,14863093,156919,7959,6.5,5298983,2746291
2014-09-16,15323333,165719,6946,4.4,5301275,2739194
2014-09-17,14720461,166937,5709,3.4,5281705,2724592
2014-09-18,14868621,137666,5179,3.1,5279934,2713485
2014-09-19,15004641,113531,4712,3.4,5278924,2698003
2014-09-22,14917087,142861,5620,5.0,5336834,2743235
2014-09-23,15066061,141994,9239,6.5,5366289,2759774
2014-09-24,15251054,222714,7371,5.2,5390459,2768559
2014-09-25,14737689,164899,8855,4.0,5400587,2770102
2014-09-26,15095725,145064,6070,3.7,5404712,2764184
2014-09-29,16123863,145322,4660,3.2,5413723,2756027
2014-09-30,15602746,129719,4743,3.3,5413880,2744291
2014-10-01,17106132,153600,5921,4.6,5378137,2716728
2014-10-02,15185089,152586,7868,5.1,5350112,2702057
2014-10-06,15149109,169395,7693,5.0,5331354,2698426
2014-10-07,14986789,159805,7390,4.4,5306114,2691414
2014-10-08,14721191,162937,5759,3.6,5325980,2699049
2014-10-10,14648344,152195,7420,4.6,5308963,2684849
2014-10-13,15237891,121751,6605,4.3,5297302,2682797
2014-10-14,14786508,127525,5713,4.7,5280491,2675772
2014-10-15,16241545,153583,6486,5.1,5216996,2644516
2014-10-16,16037141,121562,5312,3.5,5202626,2641730
2014-10-17,14723068,119295,5705,4.7,5192032,2636961
2014-10-20,14634067,122347,6065,5.1,5175542,2621790
2014-10-21,15479268,130962,4108,3.4,5191274,2636177
2014-10-22,14873250,124665,5007,3.8,5163368,2614788
2014-10-23,14821973,159497,5372,4.3,5169326,2618383
2014-10-24,15175526,175939,5736,3.6,5160543,2610195
2014-10-27,15117565,143928,8344,4.7,5177055,2623971
2014-10-28,15180599,135130,5302,3.7,5197130,2634073
2014-10-29,17331050,122042,4344,3.2,5189725,2619001
2014-10-30,15569933,126636,4377,3.6,5225975,2646349
2014-10-31,15704738,114893,5342,4.2,5215643,2622119
2014-11-03,17365855,142951,5329,4.6,5238327,2636966
2014-11-04,16765361,132108,6553,4.6,5238941,2638196
2014-11-05,15601619,137846,7107,5.4,5214541,2628224
2014-11-06,14868123,158824,6716,4.9,5188923,2614543
2014-11-07,14659364,155707,7696,4.8,5151824,2594200
2014-11-10,15765635,124422,4705,3.0,5123598,2572081
2014-11-11,15889140,103226,4538,3.6,5117178,2560440
2014-11-12,15313126,103140,2772,2.7,5122285,2554750
2014-11-13,15587887,103894,3982,3.9,5114680,2545777
2014-11-14,15433833,115425,4797,4.6,5128576,2550920
2014-11-17,15885472,117841,4826,4.2,5138748,2564924
2014-11-18,15735577,184565,6192,5.3,5164942,2595115
2014-11-19,15256690,139751,4481,2.4,5156280,2602727
2014-11-20,15978720,118979,4024,2.9,5121828,2582026
2014-11-21,15195356,113971,4323,3.6,5135862,2592906
2014-11-24,15534935,127835,4054,3.6,5171816,2624444
2014-11-25,15621492,99371,3562,2.8,5181946,2627484
2014-11-26,16390509,124775,4771,4.8,5177689,2611885
2014-11-27,16715738,126585,7386,5.9,5147705,2596053
2014-11-28,16005778,117478,4682,3.7,5174007,2617645
2014-12-01,16737620,142560,7269,6.2,5197967,2643203
2014-12-02,16795038,148667,7978,5.6,5190846,2634985
2014-12-03,16706237,169893,7570,5.1,5165969,2636808
2014-12-04,15865284,140938,5801,3.4,5164373,2630338
2014-12-05,15659267,99030,4281,3.0,5172993,2621052
2014-12-08,16102384,99887,3308,3.3,5164661,2598865
2014-12-09,16386664,97434,4567,4.6,5177095,2594630
2014-12-10,16403544,130699,5510,5.7,5205024,2604238
2014-12-11,15200518,172289,7481,5.7,5221535,2617205
2014-12-12,15478017,142488,6766,3.9,5215121,2616539
2014-12-15,17123079,150395,7843,5.5,5231360,2639707
2014-12-16,17412190,133197,6761,4.5,5208995,2619968
2014-12-17,17354566,117717,4646,3.5,5201014,2624687
2014-12-18,16471211,124903,4610,3.9,5202453,2643817
2014-12-19,16128287,117684,5282,4.2,5171634,2616017
2014-12-22,15627538,124572,5687,4.8,5139667,2597016
2014-12-23,16279133,120523,4002,3.2,5126004,2585056
2014-12-24,15593743,103303,4775,4.0,5123679,2574651
2014-12-26,15909261,112068,4355,4.2,5097204,2560456
2014-12-29,17009391,110290,7203,6.4,5084163,2553582
2014-12-30,15842509,117567,2538,2.3,5079737,2542265
2014-12-31,16141366,120232,105,0.1,5077037,2540645
2015-01-02,17325066,114878,4514,3.8,5059561,2533350
2015-01-05,16748295,113032,3965,3.5,5059394,2534490
2015-01-06,16583968,115729,6261,5.5,5076037,2544208
2015-01-07,16127798,144817,5436,4.7,5096299,2540969
2015-01-08,16336128,181688,8358,5.8,5138648,2563768
2015-01-09,15910328,182505,7223,4.0,5169632,2580842
2015-01-12,15645460,163224,3669,2.0,5194887,2585364
2015-01-13,15773427,136144,4621,2.8,5214986,2563327
2015-01-14,15878793,145502,7698,5.7,5238025,2559352
2015-01-15,16927517,177765,6735,4.6,5279549,2582133
2015-01-16,15711767,156080,5040,2.8,5307928,2608108
2015-01-19,15659947,137984,6902,4.4,5327521,2612596
2015-01-20,15148431,150600,5206,3.8,5359068,2635840
2015-01-21,15526244,148084,5869,3.9,5371963,2631318
2015-01-22,15498153,132242,4853,3.3,5401498,2631253
2015-01-23,15729084,138891,4087,3.1,5426346,2640100
2015-01-26,15998161,139353,6035,4.3,5419840,2632075
2015-01-27,16815804,117629,6415,4.6,5410061,2615567
2015-01-28,16938005,131107,4441,3.8,5453663,2634535
2015-01-29,16587575,137357,4564,3.5,5462372,2626772
2015-01-30,16361718,144458,5278,3.8,5499606,2644847
2015-02-02,17559961,151104,5588,3.9,5565487,2671386
2015-02-03,18031743,140395,8062,5.3,5595136,2698508
2015-02-04,17345551,134277,6021,4.3,5612234,2703550
2015-02-05,16465311,111411,4164,3.1,5639837,2708844
2015-02-06,16380117,108180,5776,5.2,5659613,2694248
2015-02-09,17066419,113513,5697,5.3,5718733,2727691
2015-02-10,16439951,128409,6499,5.7,5758169,2761703
2015-02-11,16813720,160084,6289,4.9,5763730,2759161
2015-02-12,16525157,163049,7867,4.9,5754447,2763681
2015-02-13,16960533,136125,5074,3.1,5760713,2758698
2015-02-16,16261602,151216,4602,3.4,5763765,2762029
2015-02-17,15841426,123140,5942,3.9,5743979,2735018
2015-02-23,17468237,135671,5478,4.4,5751093,2735552
2015-02-24,17646175,131431,5791,4.3,5738637,2729395
2015-02-25,16555174,142599,5073,3.9,5760153,2718266
2015-02-26,16984258,156842,6264,4.4,5786470,2724925
2015-02-27,16738286,164131,5707,3.6,5811100,2722202
2015-03-02,17410536,159860,7826,4.8,5819529,2710268
2015-03-03,17345743,149313,5238,3.3,5866235,2735223
2015-03-04,16790714,176646,5418,3.6,5915660,2774910
2015-03-05,16691356,164164,7028,4.0,5963416,2793993
2015-03-06,17131078,161084,6996,4.3,6019395,2828318
2015-03-09,17150694,153120,5665,3.5,6047796,2847963
2015-03-10,17193234,126809,8834,5.8,6064605,2855443
2015-03-11,17679542,155462,6945,5.5,6109999,2879136
2015-03-12,17536497,176396,10186,6.6,6107078,2870570
2015-03-13,18217817,174438,8689,4.9,6141225,2897533
2015-03-16,17154185,149796,6033,3.5,6172172,2919857
2015-03-17,17323547,119605,4055,2.7,6194189,2913090
2015-03-18,16606587,141787,2712,2.3,6223932,2927021
2015-03-19,18140834,127184,4461,3.1,6246690,2917346
2015-03-20,17224877,140184,5398,4.2,6288750,2940748
2015-03-23,17590349,147548,7689,5.5,6315315,2955457
2015-03-24,17776004,135893,5171,3.5,6356203,2966820
2015-03-25,17963507,121849,4569,3.4,6361282,2954233
2015-03-26,18360679,109950,4968,4.1,6389230,2963375
2015-03-27,18889412,110890,4674,4.3,6442010,2979829
2015-03-30,18200769,139241,4264,3.8,6470536,2994423
2015-03-31,18362839,147404,5854,4.2,6483410,2990018
2015-04-01,19224367,143086,5476,3.7,6532805,3024277
2015-04-02,19159080,146242,4951,3.5,6567932,3039809
2015-04-03,19273300,151926,5605,3.8,6618280,3078788
2015-04-06,18723791,184432,5732,3.8,6660768,3114072
2015-04-07,18491389,152820,7065,3.8,6686703,3124922
2015-04-08,18595957,149217,5860,3.8,6740870,3147134
2015-04-09,19093979,154263,7389,5.0,6778071,3157538
2015-04-10,19213885,166109,5852,3.8,6826685,3184517
2015-04-13,19966801,163519,7511,4.5,6912141,3228278
2015-04-14,20221280,154008,5085,3.1,6972428,3237083
2015-04-15,21128941,193831,6555,4.3,7075854,3292908
2015-04-16,21213398,239061,9134,4.7,7114433,3332089
2015-04-17,20481478,214601,9411,3.9,7189210,3383588
2015-04-20,20831042,202048,7910,3.7,7254145,3409496
2015-04-21,22158480,178245,6143,3.0,7312979,3429533
2015-04-22,21797651,186708,6039,3.4,7403011,3492738
2015-04-23,21210740,271144,8130,4.4,7540272,3590689
2015-04-24,21395910,235953,10683,3.9,7426269,3481935
2015-04-27,21522139,241386,14639,6.2,7443352,3509596
2015-04-28,21442273,211186,10946,4.5,7455730,3509095
2015-04-29,21717379,179762,10761,5.1,7478270,3526509
2015-04-30,21215432,174513,7013,3.9,7465088,3524147
2015-05-04,21844140,173789,9170,5.3,7470472,3542637
2015-05-06,21689952,171112,9481,5.5,7435634,3507056
2015-05-07,21307736,165348,10948,6.4,7430321,3535224
2015-05-08,20609735,185381,6112,3.7,7283279,3459081
2015-05-11,20389921,181611,10197,5.5,7346913,3498350
2015-05-12,20893895,156447,7548,4.2,7377473,3516264
2015-05-13,20819499,159272,7773,5.0,7399189,3525274
2015-05-14,20779439,177045,5331,3.3,7422345,3536999
2015-05-15,20428415,165337,7418,4.2,7446578,3552535
2015-05-18,20323369,159345,5987,3.6,7512454,3578280
2015-05-19,20437179,171529,8069,5.1,7567220,3609224
2015-05-20,20240275,184928,7129,4.2,7573464,3599844
2015-05-21,20778099,178887,4834,2.6,7618249,3630092
2015-05-22,20491944,165909,6632,3.7,7646374,3644813
2015-05-26,21278132,173384,6860,4.1,7677250,3671238
2015-05-27,21826114,164213,8583,5.0,7682595,3664502
2015-05-28,21761273,207414,9554,5.8,7680080,3678708
2015-05-29,20993610,247934,12609,6.1,7671376,3698536
2015-06-01,21521107,233810,11916,4.8,7655535,3692758
2015-06-02,22071596,195186,11456,4.9,7638444,3694226
2015-06-03,21346101,179389,9383,4.8,7637879,3698446
2015-06-04,20837922,214716,8932,5.0,7610376,3692528
2015-06-05,20994538,213085,8335,3.9,7550089,3659088
2015-06-08,20890622,183569,9617,4.5,7541308,3665874
2015-06-09,21481330,147364,6424,3.5,7535047,3658127
2015-06-10,22039122,150309,6977,4.7,7531231,3649362
2015-06-11,21847242,148056,6824,4.5,7562127,3666245
2015-06-12,21342737,165164,6307,4.3,7567161,3683638
2015-06-15,22258016,170773,8366,5.1,7548478,3681873
2015-06-16,21808773,166280,6943,4.1,7508811,3664506
2015-06-17,21732809,152307,5066,3.0,7398834,3624397
2015-06-18,20518990,145087,5861,3.8,7346967,3604451
2015-06-19,20799464,135254,5372,3.7,7351347,3611005
2015-06-22,21019031,133240,5330,3.9,7381551,3616597
2015-06-23,20744112,132664,5454,4.1,7433480,3637957
2015-06-24,20157559,143698,5304,4.0,7469845,3639580
2015-06-25,21807717,184940,6446,4.5,7493712,3635941
2015-06-26,21573412,139273,5504,3.0,7533469,3658196
2015-06-29,22785698,131870,4565,3.3,7583825,3681426
2015-06-30,21665830,133181,4169,3.2,7607562,3695605
2015-07-01,23025694,168703,5433,4.1,7538129,3663389
2015-07-02,22264373,147441,3257,1.9,7543279,3660851
2015-07-03,21691184,118422,3059,2.1,7600183,3684649
2015-07-06,21739520,138540,4274,3.6,7653757,3709058
2015-07-07,22721396,159163,6734,4.9,7706398,3726344
2015-07-08,22658113,218457,8880,5.6,7711850,3734488
2015-07-09,22341272,282315,12821,5.9,7642913,3707887
2015-07-10,21422862,267495,11628,4.1,7608923,3702252
2015-07-13,22126058,201476,6923,2.6,7643085,3721447
2015-07-14,22260125,170397,5552,2.8,7644856,3720929
2015-07-15,22327702,148187,4793,2.8,7690450,3741053
2015-07-16,21727504,152707,5907,4.0,7750582,3775366
2015-07-17,24290885,156774,4685,3.1,7784982,3769876
2015-07-20,24703007,158161,7500,4.8,7862406,3797707
2015-07-21,22395884,214963,9218,5.8,7913067,3822472
2015-07-22,21907291,212953,8131,3.8,7937803,3843115
2015-07-23,22065529,173250,8262,3.9,7984343,3867687
2015-07-24,21393014,181319,8336,4.8,8044007,3903319
2015-07-27,21608391,170279,8487,4.7,8073363,3915513
2015-07-28,21853672,179770,9459,5.6,8062597,3913949
2015-07-29,21802112,206397,7109,4.0,7984333,3870183
2015-07-30,21513984,186741,8436,4.1,7924542,3849575
2015-07-31,20794814,180103,7971,4.3,7807354,3793095
2015-08-03,21581738,195468,9049,5.0,7653005,3724434
2015-08-04,20991839,160259,7451,3.8,7564388,3669012
2015-08-05,20214186,173599,6253,3.9,7535553,3652320
2015-08-06,20494818,130666,4221,2.4,7522451,3646518
2015-08-07,20463077,116295,3594,2.8,7571584,3661659
2015-08-10,20691295,135212,4778,4.1,7620580,3685166
2015-08-11,20828739,123426,5105,3.8,7648863,3691660
2015-08-12,21016849,146685,5827,4.7,7677804,3703761
2015-08-13,21426679,172996,6519,4.4,7629480,3672216
2015-08-17,20702290,213704,8049,4.7,7495293,3612996
2015-08-18,20962961,158779,6298,2.9,7492735,3609316
2015-08-19,20968036,160752,7072,4.5,7473049,3604070
2015-08-20,21421244,188727,10447,6.5,7362971,3550335
2015-08-21,21340403,230478,10357,5.5,7182876,3456842
2015-08-24,22033517,203197,16373,7.1,7031860,3402590
2015-08-25,22290455,190953,11542,5.7,6620612,3206183
2015-08-26,22020594,215864,11864,6.2,6431984,3137569
2015-08-27,22181480,157881,4530,2.1,6424876,3172724
2015-08-28,22300639,134218,4265,2.7,6415428,3155930
2015-08-31,20915312,141027,4469,3.3,6436112,3172594
2015-09-01,22255799,121606,4855,3.4,6475019,3192202
2015-09-02,22121972,131491,4569,3.8,6479974,3179144
2015-09-03,21168913,155381,5909,4.5,6511759,3212602
2015-09-04,20910748,147010,6441,4.1,6550414,3226539
2015-09-07,20985989,151206,6411,4.4,6570316,3247275
2015-09-08,20533696,187444,8470,5.6,6505890,3220606
2015-09-09,20796327,164442,6148,3.3,6469962,3208476
2015-09-10,21278794,152309,3441,2.1,6439173,3196003
2015-09-11,21166879,118642,2848,1.9,6425265,3179796
2015-09-14,20558998,83431,2774,2.3,6418902,3157150
2015-09-15,21199245,111049,2973,3.6,6475179,3191895
2015-09-16,20329577,134437,4152,3.7,6489633,3198658
2015-09-17,21459769,112854,2568,1.9,6503631,3200183
2015-09-18,21808967,96042,2092,1.9,6502993,3171148
2015-09-21,21157363,115107,3520,3.7,6504189,3154268
2015-09-22,21570659,131020,3347,2.9,6523798,3141525
2015-09-23,21512635,155430,5564,4.2,6578391,3174686
2015-09-24,21792976,133384,6258,4.0,6612596,3167427
2015-09-25,21501326,165857,6249,4.7,6639107,3187869
2015-09-30,21968520,156171,5301,3.2,6643241,3199756
2015-10-01,21969835,131113,4449,2.8,6651738,3201513
2015-10-02,20702155,133540,3438,2.6,6665709,3199483
2015-10-05,20339402,141986,3706,2.8,6661598,3184935
2015-10-06,20298340,139730,5792,4.1,6695689,3203154
2015-10-07,20399678,148345,4772,3.4,6704697,3214754
2015-10-08,20584843,156076,6512,4.4,6705370,3210502
2015-10-12,20522485,186678,6730,4.3,6700368,3202697
2015-10-13,20959766,156242,5728,3.1,6675978,3183141
2015-10-14,20946272,147418,6663,4.3,6655631,3168687
2015-10-15,20902096,148552,3910,2.7,6660839,3170275
2015-10-16,20577571,161579,5884,4.0,6667856,3182214
2015-10-19,20466009,132061,5434,3.4,6677551,3178603
2015-10-20,20455481,128793,4405,3.3,6695491,3181711
2015-10-21,20663908,128203,3782,2.9,6711594,3180747
2015-10-22,21118601,119663,4875,3.8,6734464,3194916
2015-10-23,20700697,148665,6882,5.8,6772072,3219970
2015-10-26,21097120,202038,5493,3.7,6780455,3240794
2015-10-27,20732179,172737,7833,3.9,6764929,3220589
2015-10-28,21517463,145611,4693,2.7,6751281,3208185
2015-10-29,22082861,184740,5140,3.5,6785693,3233397
2015-10-30,21064302,159995,5456,3.0,6814725,3252293
2015-11-02,20965756,141754,5412,3.4,6832435,3269264
2015-11-03,21115980,143675,5419,3.8,6807208,3251740
2015-11-04,20333646,127869,3216,2.2,6792144,3231749
2015-11-05,20230845,128471,2651,2.1,6782605,3215526
2015-11-06,20237185,123278,4324,3.4,6771192,3199432
2015-11-09,20791928,117557,3670,3.0,6803798,3214589
2015-11-10,21638039,137118,4986,4.2,6839407,3227699
2015-11-11,22052820,198008,7927,5.8,6783103,3205788
2015-11-12,21082532,196147,10287,5.2,6689917,3165235
2015-11-13,20697750,154116,7553,3.9,6685136,3169647
2015-11-16,20664947,126067,4352,2.8,6707659,3186614
2015-11-17,21061448,122259,4555,3.6,6716407,3192246
2015-11-18,20427774,154035,6021,4.9,6665157,3163263
2015-11-19,20526993,140097,5188,3.4,6675694,3174308
2015-11-20,20050522,139984,3157,2.3,6683325,3180146
2015-11-23,20787254,116679,3265,2.3,6694395,3177055
2015-11-24,20892725,107670,4035,3.5,6707428,3178542
2015-11-25,21854296,118006,3870,3.6,6723619,3189990
2015-11-26,20846357,160573,4137,3.5,6723915,3190401
2015-11-27,20845471,117605,3118,1.9,6748099,3204276
2015-11-30,20764990,114487,5113,4.3,6765377,3206638
2015-12-01,21386040,108542,4535,4.0,6753851,3190811
2015-12-02,21797054,186068,5335,4.9,6762733,3207170
2015-12-03,20743918,143607,7147,3.8,6752609,3187457
2015-12-04,21249145,151137,4609,3.2,6779339,3200130
2015-12-07,20631835,141849,5170,3.4,6806069,3222969
2015-12-08,20365161,110722,5240,3.7,6815455,3236038
2015-12-09,20222925,114909,4340,3.9,6811737,3233359
2015-12-10,20321704,133360,5485,4.8,6755463,3209491
2015-12-11,20735483,127828,4512,3.4,6727405,3197418
2015-12-14,20448471,133465,4532,3.5,6681634,3175326
2015-12-15,20317439,131375,5725,4.3,6664598,3172455
2015-12-16,20014464,133801,3448,2.6,6568137,3121023
2015-12-17,20371042,112234,3965,3.0,6542353,3115267
2015-12-18,20413316,98013,3128,2.8,6538618,3105512
2015-12-21,20867773,100948,3044,3.1,6520135,3094035
2015-12-22,21006388,88715,1991,2.0,6547984,3109369
2015-12-23,20272192,98668,2577,2.9,6586190,3120495
2015-12-24,20576569,115304,3060,3.1,6592565,3107627
2015-12-28,21387474,124987,7119,6.2,6553622,3068104
2015-12-29,21666854,121041,6346,5.1,6535556,3046039
2015-12-30,22695639,150996,2455,2.0,6526846,3035620
2015-12-31,20903529,149762,2083,1.4,6523716,3034006
2016-01-04,22369506,118278,3786,2.5,6535156,3060848
2016-01-05,22026044,108027,4115,3.5,6549613,3066359
2016-01-06,21044479,154086,4999,4.6,6540008,3073628
2016-01-07,21532839,155856,6793,4.4,6558205,3082786
2016-01-08,21477045,160544,6376,4.1,6605306,3107986
2016-01-11,21146753,171199,9467,5.9,6593048,3108658
2016-01-12,20843371,151788,5027,2.9,6623406,3119184
2016-01-13,20340821,158664,5623,3.7,6646085,3137159
2016-01-14,20514239,180355,4347,2.7,6646241,3136605
2016-01-15,21424686,129884,4966,2.8,6664697,3133048
2016-01-18,21591955,134799,5557,4.3,6689757,3148953
2016-01-19,21836090,187121,3552,2.6,6677601,3136709
2016-01-20,21220067,170218,4748,2.5,6684846,3143114
2016-01-21,20812845,144448,4305,2.5,6745734,3181003
2016-01-22,20398544,184178,8001,5.5,6704321,3180781
2016-01-25,21703338,159584,6145,3.3,6680761,3172776
2016-01-26,21912465,130504,4788,3.0,6679377,3152087
2016-01-27,21769552,110550,4643,3.6,6672139,3132946
2016-01-28,20608382,121446,3513,3.2,6711030,3161118
2016-01-29,20428088,128464,5226,4.3,6678755,3123309
2016-02-01,21279793,113512,3573,2.8,6701204,3134644
2016-02-02,20926238,115281,3338,2.9,6738209,3165750
2016-02-03,21106578,108989,4144,3.6,6731004,3141546
2016-02-04,20664561,115399,4549,4.2,6755745,3156357
2016-02-05,20821533,105090,3423,3.0,6769899,3168055
2016-02-11,21728786,105039,3416,3.3,6734084,3139200
2016-02-12,21934062,102819,4839,4.6,6688828,3102779
2016-02-15,22096932,178058,6946,6.8,6593066,3060446
2016-02-16,22076536,240926,9791,5.5,6373370,2961811
2016-02-17,21117257,199193,7588,3.1,6314672,2937830
2016-02-18,20553605,140280,3849,1.9,6307922,2931691
2016-02-19,20070419,143525,4216,3.0,6273953,2922266
2016-02-22,20455153,116936,3598,2.5,6282059,2905050
2016-02-23,21549078,99115,3143,2.7,6296054,2902929
2016-02-24,20961245,108630,4133,4.2,6334999,2919330
2016-02-25,21644039,130881,4997,4.6,6346379,2915887
2016-02-26,21366233,127966,5246,4.0,6369688,2933754
2016-02-29,20661651,120805,2909,2.3,6384527,2942685
2016-03-02,21533915,111162,3497,2.9,6394351,2951777
2016-03-03,21104657,109262,3027,2.7,6379510,2943507
2016-03-04,21293308,124862,3672,3.4,6399797,2948773
2016-03-07,21529356,131326,3800,3.0,6434052,2948996
2016-03-08,21612302,120476,4224,3.2,6480028,2983922
2016-03-09,21070421,149243,4276,3.5,6529670,2997727
2016-03-10,21258199,150141,4374,2.9,6568786,3018657
2016-03-11,20888696,113869,4907,3.3,6604263,3036693
2016-03-14,20959456,103439,3069,2.7,6628972,3057331
2016-03-15,21540200,88862,2990,2.9,6669868,3078776
2016-03-16,21216836,95924,5185,5.8,6701580,3101505
2016-03-17,21020549,111431,3416,3.6,6697473,3101286
2016-03-18,21034449,104564,3599,3.2,6738415,3122173
2016-03-21,21597789,79617,2869,2.7,6732082,3103697
2016-03-22,21353348,88333,2415,3.0,6754307,3118645
2016-03-23,21302107,117604,3642,4.1,6793730,3134793
2016-03-24,23100730,180761,6411,5.5,6801187,3129360
2016-03-25,21081826,131088,4787,2.6,6807542,3122605
2016-03-28,21466297,138291,5393,4.1,6810884,3125252
2016-03-29,21397645,125030,4522,3.3,6829212,3132557
2016-03-30,21581792,139997,4515,3.6,6825931,3129441
2016-03-31,21432884,128987,3082,2.2,6841321,3129925
2016-04-01,22060807,125761,4097,3.2,6860838,3143334
2016-04-04,22303728,121902,4542,3.6,6878443,3154949
2016-04-05,21856649,122170,3299,2.7,6908287,3184307
2016-04-06,21319390,126231,3786,3.1,6950870,3205267
2016-04-07,22161412,137889,6118,4.8,6985199,3224795
2016-04-08,21526783,138213,6706,4.9,7051038,3268279
2016-04-11,21944223,161986,5024,3.6,7071851,3273155
2016-04-12,21651730,149080,5339,3.3,7099449,3287969
2016-04-14,21639838,157618,3927,2.6,7103347,3284893
2016-04-15,21863417,154802,4504,2.9,7091184,3271319
2016-04-18,22318360,155443,3759,2.4,7036575,3228159
2016-04-19,22629716,154915,4576,2.9,7041032,3225992
2016-04-20,22163151,147199,5445,3.5,7051292,3229795
2016-04-21,22783874,138858,3181,2.2,7077886,3232742
2016-04-22,22701644,130689,3827,2.8,7096317,3239761
2016-04-25,22631079,127131,3243,2.5,7105175,3241098
2016-04-26,23056653,127887,4137,3.3,7143330,3263510
2016-04-27,24164589,134778,3874,3.0,7169068,3271708
2016-04-28,23451740,211182,4451,3.3,7199375,3287830
2016-04-29,22892612,168337,5132,2.4,7170947,3277177
2016-05-02,23234557,174361,8213,4.9,7185514,3276370
2016-05-03,22909498,167675,5814,3.3,7204977,3293273
2016-05-04,23325098,174020,5271,3.1,7181693,3289937
2016-05-09,22543574,149557,5319,3.1,7177657,3283937
2016-05-10,22337226,152427,4138,2.8,7194409,3305300
2016-05-11,22059397,186743,5202,3.4,7186922,3310815
2016-05-12,22869267,155919,3047,1.6,7181499,3301850
2016-05-13,22754560,149903,4784,3.1,7210341,3314085
2016-05-16,22193268,139499,3309,2.2,7256701,3347741
2016-05-17,22166776,143990,4266,3.1,7248713,3333715
2016-05-18,22666811,150761,3687,2.6,7244475,3326960
2016-05-19,23301846,167386,5734,3.8,7232707,3326930
2016-05-20,21436722,219679,6807,4.1,7183925,3306669
2016-05-23,22228236,198174,6463,2.9,7133863,3285480
2016-05-24,22319533,158181,6361,3.2,7134300,3284803
2016-05-25,22561479,156941,4660,2.9,7149754,3274612
2016-05-26,21874017,203403,6359,4.1,7170926,3291953
2016-05-27,22579032,159022,5765,2.8,7136616,3256680
2016-05-30,22167664,144541,4750,3.0,7107610,3228656
2016-05-31,21471760,126803,4073,2.8,7087107,3206364
2016-06-01,22206672,127376,2275,1.8,7095623,3204923
2016-06-02,22727831,124812,2877,2.3,7078605,3206656
2016-06-03,22533267,126976,3609,2.9,7111213,3237723
2016-06-07,21750570,136536,4056,3.2,7146629,3253494
2016-06-08,22620940,119473,4206,3.1,7162916,3252738
2016-06-09,23671470,110605,2637,2.2,7184669,3252828
2016-06-10,24366814,115649,3233,2.9,7204842,3244255
2016-06-13,23768139,144231,4978,4.3,7219896,3232465
2016-06-14,23874781,132520,5600,3.9,7259554,3252783
2016-06-15,24233099,141959,6126,4.6,7253898,3253729
2016-06-16,24218395,152855,5872,4.1,7279512,3273834
2016-06-17,26180938,141642,5663,3.7,7304134,3301844
2016-06-20,25524943,170437,6141,4.3,7245985,3271511
2016-06-21,23459928,144164,5135,3.0,7194393,3253031
2016-06-22,22774169,103538,3458,2.4,7187775,3248204
2016-06-23,22619679,106785,3128,3.0,7219015,3263675
2016-06-24,23865081,108073,4783,4.5,7197142,3248745
2016-06-27,24932217,121957,5423,5.0,7126181,3207862
2016-06-28,25852009,206724,6275,5.1,6829391,3097759
2016-06-29,24718272,222299,4469,2.2,6734745,3063168
2016-06-30,23870600,138945,5198,2.3,6788652,3109059
2016-07-01,25461526,125241,3425,2.5,6826402,3116514
2016-07-04,25513017,138190,4443,3.5,6865805,3128284
2016-07-05,23567072,107761,3615,2.6,6899720,3138175
2016-07-06,23262479,103336,2903,2.7,6946812,3146187
2016-07-07,23470073,123860,3419,3.3,7018512,3172243
2016-07-08,22919474,132864,4352,3.5,7055229,3196502
2016-07-11,23182760,115247,3945,3.0,7088095,3213007
2016-07-12,23208540,113305,4738,4.1,7130618,3232138
2016-07-13,23043585,102425,3069,2.7,7161568,3235503
2016-07-14,23618445,102720,2923,2.9,7203613,3232354
2016-07-15,23266180,111790,4100,4.0,7236409,3242380
2016-07-18,22930634,113368,4362,3.9,7275290,3254611
2016-07-19,22900306,115724,4413,3.9,7304513,3258054
2016-07-20,22618427,122060,4096,3.5,7350663,3279945
2016-07-21,22738216,113398,3081,2.5,7394796,3300159
2016-07-22,23104080,114169,4427,3.9,7439102,3313841
2016-07-25,23104050,115202,3479,3.0,7471545,3326647
2016-07-26,23040037,109451,4878,4.2,7489121,3333323
2016-07-27,23156245,127278,3354,3.1,7502808,3335510
2016-07-28,23177196,120148,4511,3.5,7535070,3342554
2016-07-29,22684004,122003,4967,4.1,7542856,3341800
2016-08-01,23266781,114650,3757,3.1,7548839,3339247
2016-08-02,23680267,112902,4303,3.8,7579141,3346208
2016-08-03,23364168,140036,5753,5.1,7576983,3336247
2016-08-04,23000914,144841,5592,4.0,7603443,3337599
2016-08-05,22076629,144693,4800,3.3,7624608,3342438
2016-08-08,22580342,130854,4089,2.8,7650375,3340712
2016-08-09,22871495,118853,4153,3.2,7650768,3325400
2016-08-10,22300836,110581,3255,2.7,7634818,3292516
2016-08-11,22720724,111977,3070,2.8,7645271,3287356
2016-08-12,22496453,114080,3314,3.0,7670160,3299496
2016-08-16,23229793,125470,3824,3.4,7720193,3320199
2016-08-17,23521597,117965,4611,3.7,7721163,3323277
2016-08-18,22889881,124187,4359,3.7,7751801,3336932
2016-08-19,22832101,130642,5636,4.5,7736721,3340273
2016-08-22,22126795,142604,4898,3.7,7760949,3367957
2016-08-23,23257040,133703,6564,4.6,7773218,3380145
2016-08-24,22421294,126081,4159,3.1,7785503,3386160
2016-08-25,22058053,123437,4944,3.9,7787080,3386832
2016-08-26,23522703,110982,4339,3.5,7793694,3389301
2016-08-29,24680353,114634,4410,4.0,7777228,3379748
2016-08-30,24047042,106266,5499,4.8,7767990,3381070
2016-08-31,21739285,137125,4354,4.1,7689201,3351147
2016-09-01,22056922,122719,3645,2.7,7635671,3320151
2016-09-02,21781333,110242,3038,2.5,7611245,3300256
2016-09-05,23748229,126782,3670,3.3,7635575,3322327
2016-09-06,22215186,92066,3471,2.7,7648821,3320185
2016-09-07,21720407,101383,3163,3.4,7652712,3315727
2016-09-08,22650212,116006,4226,4.2,7703295,3336501
2016-09-09,22620197,129974,4314,3.7,7719568,3347142
2016-09-12,23455738,151652,7616,5.9,7682618,3344754
2016-09-13,22414791,148495,6001,4.0,7628675,3323969
2016-09-19,22214865,164122,5250,3.5,7566997,3311523
2016-09-20,22624268,120900,4747,2.9,7554162,3313777
2016-09-21,21920936,125787,4805,4.0,7576229,3334444
2016-09-22,22185462,113404,3064,2.4,7628540,3362167
2016-09-23,22250463,111260,2297,2.0,7666867,3384465
2016-09-26,22469079,119720,4262,3.8,7678632,3382271
2016-09-27,22901883,112672,4180,3.5,7673914,3358879
2016-09-28,22213984,112442,4637,4.1,7704909,3372276
2016-09-29,22411135,136480,3415,3.0,7709159,3374299
2016-09-30,21934035,115501,4916,3.6,7710065,3367061
2016-10-04,22418389,118913,5435,4.7,7725846,3371655
2016-10-05,22747282,148813,6286,5.3,7692468,3354982
2016-10-06,24286632,155820,6177,4.2,7681036,3351410
2016-10-07,21767375,148345,4968,3.2,7688075,3354240
2016-10-10,21837463,162690,6307,4.3,7736405,3398582
2016-10-11,21961685,171362,5852,3.6,7746767,3424625
2016-10-12,22282251,143644,4483,2.6,7713355,3394422
2016-10-13,23020614,139135,4245,3.0,7694680,3372398
2016-10-14,21552707,127699,8543,6.1,7701836,3372133
2016-10-17,21509735,129087,4693,3.7,7707836,3385653
2016-10-18,21512079,108506,3620,2.8,7691730,3375079
2016-10-19,21145557,107642,3392,3.1,7680866,3367887
2016-10-20,21322723,98098,2701,2.5,7647655,3340730
2016-10-21,20971690,108119,2898,3.0,7661887,3358077
2016-10-24,22250647,108259,3202,3.0,7642957,3351327
2016-10-25,21504359,104560,3104,2.9,7594812,3329338
2016-10-26,22627913,109103,2700,2.6,7555315,3313520
2016-10-27,23169947,176800,4632,4.2,7504713,3290849
2016-10-28,22620069,145787,5522,3.1,7439550,3270357
2016-10-31,22005344,126956,4810,3.3,7403996,3254559
2016-11-01,23229157,124444,4880,3.8,7382004,3238095
2016-11-02,22857697,135111,5705,4.6,7275985,3192810
2016-11-03,22080970,126443,6829,5.1,7207031,3173828
2016-11-04,21390073,133516,5370,4.2,7074916,3112905
2016-11-07,22509072,102765,4265,3.2,6986643,3070296
2016-11-08,21619947,87581,3207,3.1,6946826,3053168
2016-11-09,22333786,82670,2667,3.0,6943784,3053802
2016-11-10,23235172,90743,1783,2.2,6946894,3053042
2016-11-11,22335894,163270,4036,4.4,6762881,2971053
2016-11-14,23271139,139358,5976,3.7,6786105,2979955
2016-11-15,22771181,128073,4988,3.6,6851785,3022550
2016-11-16,22165162,135308,4036,3.2,6893322,3045968
2016-11-17,22452160,154153,4858,3.6,6933709,3064479
2016-11-18,21989744,132722,4600,3.0,6946833,3073149
2016-11-21,21666427,115254,3128,2.4,6970918,3080071
2016-11-22,21365933,115028,4489,3.9,6977002,3081801
2016-11-23,21390386,114076,4596,4.0,6940248,3069055
2016-11-24,21139798,152862,3960,3.5,6924052,3063594
2016-11-25,21601577,108181,4293,2.8,6860048,3023017
2016-11-28,22437199,115151,3242,3.0,6789254,2987570
2016-11-29,21990876,91878,2854,2.5,6760473,2976676
2016-11-30,21607507,90850,3308,3.6,6765414,2984112
2016-12-01,22387982,100412,2834,3.1,6732687,2969496
2016-12-02,22795320,94324,3090,3.1,6742982,2981741
2016-12-05,22100788,103350,3383,3.6,6729197,2975946
2016-12-06,20915430,111066,4950,4.8,6680456,2949845
2016-12-07,20830360,119636,4271,3.8,6594406,2909216
2016-12-08,20884199,109056,7684,6.4,6560161,2895800
2016-12-09,20896723,119021,3744,3.4,6537227,2889280
2016-12-12,21529228,108376,4470,3.8,6494335,2867572
2016-12-13,21322821,100865,3616,3.3,6501138,2869576
2016-12-14,21743700,96300,3706,3.7,6537130,2888362
2016-12-15,22367508,96162,3777,3.9,6571575,2895032
2016-12-16,21595794,98106,3419,3.6,6601494,2903776
2016-12-19,21932509,89016,2382,2.4,6652416,2924348
2016-12-20,21761014,97007,3533,4.0,6693083,2939882
2016-12-21,21758688,111241,3243,3.3,6726894,2954090
2016-12-22,21203590,110383,3334,3.0,6754646,2957706
2016-12-23,21180857,116367,4491,4.1,6778181,2964418
2016-12-26,21482285,121610,4172,3.6,6792122,2963108
2016-12-27,22298302,104434,3722,3.1,6791285,2957402
2016-12-28,22023078,120030,3798,3.6,6803251,2957251
2016-12-29,22754410,125578,1379,1.1,6777871,2929130
2016-12-30,21760096,123127,2070,1.6,6773760,2927076
2017-01-02,22594002,100171,2955,2.4,6808265,2944184
2017-01-03,23899108,85091,2632,2.6,6827474,2950109
2017-01-04,21946713,81668,1741,2.0,6863834,2965129
2017-01-05,21996082,133719,2081,2.5,6928667,2980998
2017-01-06,21299028,120463,2650,2.0,6981799,3009233
2017-01-09,21611168,109154,2046,1.7,7026729,3023900
2017-01-10,20973558,99278,2214,2.0,7075290,3033524
2017-01-11,21722135,120862,2307,2.3,7143905,3073732
2017-01-12,21899065,123845,4025,3.3,7179615,3086329
2017-01-13,23217313,121053,3802,3.1,7187960,3071496
2017-01-16,21907430,120281,3749,3.1,7194444,3070225
2017-01-17,23106396,112441,4383,3.6,7191854,3068051
2017-01-18,21409234,118741,3098,2.8,7221613,3083565
2017-01-19,21485882,115723,3547,3.0,7210167,3078711
2017-01-20,21137137,111186,3242,2.8,7210752,3076840
2017-01-23,21050837,108641,2753,2.5,7226867,3092853
2017-01-24,20927080,105900,5480,5.0,7216655,3093763
2017-01-25,21753419,110700,3588,3.4,7173538,3076936
2017-01-26,21250296,111544,5708,5.2,7128796,3057191
2017-01-31,21923610,115784,3291,3.0,7129266,3071735
2017-02-01,22195684,97601,3270,2.8,7095302,3049831
2017-02-02,22691052,113159,3292,3.4,7105995,3065896
2017-02-03,21365028,111737,5872,5.2,7109434,3067368
2017-02-06,21231182,127209,5567,5.0,7084097,3057804
2017-02-07,21604442,133904,5370,4.2,7003025,3039223
2017-02-08,21554038,123092,4417,3.3,6992452,3047509
2017-02-09,21976358,113308,9381,7.6,6988237,3039381
2017-02-10,21235785,109146,5050,4.5,7002033,3056147
2017-02-13,20823701,105034,3583,3.3,7023948,3077101
2017-02-14,21458956,119799,3529,3.4,7006486,3064889
2017-02-15,21859101,99586,2555,2.1,6990799,3053915
2017-02-16,21140130,103994,2711,2.7,6990751,3053127
2017-02-17,21002476,108456,3485,3.4,7001107,3053304
2017-02-20,21105642,100855,2897,2.7,7026475,3067843
2017-02-21,21093309,100845,2768,2.7,7025484,3057205
2017-02-22,21448629,113926,2804,2.8,7055635,3082734
2017-02-23,21441949,102603,3426,3.0,7060876,3080288
2017-02-24,21628059,100582,3059,3.0,7085328,3099447
2017-02-27,22653921,105465,3923,3.9,7095245,3110884
2017-02-28,22218972,124382,3787,3.6,7076078,3100595
2017-03-02,22035393,125488,6633,5.3,7068537,3112168
2017-03-03,21960568,104317,3781,3.0,7063607,3118073
2017-03-06,22119510,110008,4417,4.2,7061948,3135421
2017-03-07,21271385,123707,3693,3.4,6998485,3111029
2017-03-08,21391084,119759,3275,2.6,6976735,3111191
2017-03-09,21410299,94035,3189,2.7,6977950,3105679
2017-03-10,21692260,91789,3532,3.8,6998243,3117099
2017-03-13,21412338,109807,3149,3.4,7014657,3140513
2017-03-14,21512525,115201,3428,3.1,7012953,3135042
2017-03-15,22405652,103832,4569,4.0,7043082,3149157
2017-03-16,21914816,109347,3716,3.6,7097977,3172588
2017-03-17,22183722,127727,3891,3.6,7112682,3178108
2017-03-20,21809270,121731,3690,2.9,7105120,3167202
2017-03-21,22367291,115046,4534,3.7,7140178,3191538
2017-03-22,21689284,123210,5877,5.1,7167144,3211816
2017-03-23,23174152,167012,2714,2.2,7195990,3244250
2017-03-24,22576331,127085,4381,2.6,7202279,3250434
2017-03-27,22494622,126116,3641,2.9,7215385,3262884
2017-03-28,22294526,119431,4318,3.4,7192848,3249569
2017-03-29,22102653,117727,4065,3.4,7207916,3249250
2017-03-30,22565428,118814,3944,3.3,7218983,3264205
2017-03-31,21768207,120094,4822,4.1,7245390,3286353
2017-04-03,23479421,117137,3759,3.1,7266688,3300108
2017-04-04,23391129,97726,3342,2.9,7253066,3288514
2017-04-05,23678882,92227,2898,3.0,7245712,3286686
2017-04-06,22946803,109540,4238,4.6,7253955,3293848
2017-04-07,22158258,109215,4035,3.7,7267063,3294809
2017-04-10,23373315,117914,3414,3.1,7285058,3296030
2017-04-11,22541819,103378,4598,3.9,7301590,3306402
2017-04-12,22143627,130854,4013,3.9,7258685,3275608
2017-04-13,23084377,125789,4351,3.3,7223390,3267553
2017-04-14,22423565,108941,3648,2.9,7233000,3279681
2017-04-17,22710154,107336,3395,3.1,7231534,3276003
2017-04-18,23272537,103857,4670,4.4,7210145,3279736
2017-04-19,23434801,105574,2456,2.4,7216908,3290023
2017-04-20,24112348,111756,3583,3.4,7255765,3299934
2017-04-21,23854198,116844,4262,3.8,7297919,3316004
2017-04-24,23756598,113821,3451,3.0,7308971,3306748
2017-04-25,23792904,104111,3912,3.4,7299043,3293430
2017-04-26,23871002,118411,4159,4.0,7273593,3268461
2017-04-27,26029251,140374,4408,3.7,7262358,3262154
2017-04-28,24893152,107529,3279,2.3,7251612,3244965
2017-05-02,23831862,120286,4440,4.1,7319841,3300381
2017-05-04,23221099,121470,4174,3.5,7323443,3323809
2017-05-08,23814646,116944,4286,3.5,7293102,3306587
2017-05-10,24074100,113046,3900,3.3,7295159,3326274
2017-05-11,24011536,124727,2995,2.6,7297150,3313725
2017-05-12,23930194,165941,4758,3.8,7347788,3337368
2017-05-15,25188404,150845,6252,3.8,7381848,3349014
2017-05-16,24302481,173366,5522,3.7,7447509,3397056
2017-05-17,23945143,174891,5584,3.2,7490997,3429786
2017-05-18,25458605,161570,4579,2.6,7519239,3445242
2017-05-19,23816438,156984,4310,2.7,7555136,3475830
2017-05-22,23412649,134725,3982,2.5,7586131,3497955
2017-05-23,23831636,160023,3620,2.7,7602860,3507438
2017-05-24,23588306,123233,4870,3.0,7669334,3556477
2017-05-25,24386349,228827,2865,2.3,7694349,3561435
2017-05-26,24013385,142663,2963,1.3,7729523,3597998
2017-05-29,24156612,137679,3193,2.2,7741170,3599140
2017-05-30,24176056,107072,3730,2.7,7773457,3627091
2017-05-31,23968356,125848,2828,2.6,7815409,3651266
2017-06-01,24446317,132486,4391,3.5,7829698,3649261
2017-06-02,25204880,120178,3337,2.5,7883323,3682303
2017-06-05,24911831,123957,3185,2.7,7929220,3705562
2017-06-07,24102132,117710,3656,2.9,7964315,3720780
2017-06-08,24820232,109936,3943,3.3,8011345,3751660
2017-06-09,24327040,110743,3930,3.6,8056093,3787565
2017-06-12,25126304,112406,2907,2.6,8118319,3830393
2017-06-13,25441534,116296,5419,4.8,8188026,3879415
2017-06-14,24600290,148516,3171,2.7,8281175,3936857
2017-06-15,25517565,124651,3703,2.5,8323060,3969334
2017-06-16,25241165,131704,4481,3.6,8344233,3980980
2017-06-19,24518930,149302,4693,3.6,8408860,4032029
2017-06-20,24055352,148124,5980,4.0,8430749,4043714
2017-06-21,24800283,155020,3914,2.6,8456282,4047758
2017-06-22,24456398,188388,8124,5.2,8472965,4074903
2017-06-23,24068398,183321,6166,3.3,8465743,4094227
2017-06-26,24854897,176237,4573,2.5,8460283,4098073
2017-06-27,25164588,116078,4000,2.3,8466325,4104323
2017-06-28,25428536,144165,4187,3.6,8510308,4134638
2017-06-29,24535986,152098,6216,4.3,8552547,4171077
2017-06-30,23871912,173450,5471,3.6,8547772,4156239
2017-07-03,24693066,141345,9487,5.5,8542470,4154330
2017-07-04,24681743,124577,3911,2.8,8540775,4155572
2017-07-05,23702690,145817,4186,3.4,8525081,4140979
2017-07-06,23863135,149769,3882,2.7,8486502,4122524
2017-07-07,23346180,124650,4449,3.0,8518920,4141363
2017-07-10,23692388,114921,3369,2.7,8543236,4231111
2017-07-11,24054828,118588,5847,5.1,8503679,4198405
2017-07-12,23582823,122196,6189,5.2,8467124,4184049
2017-07-13,24325117,113778,4934,4.0,8465215,4174075
2017-07-14,23531949,121394,4401,3.9,8456427,4166432
2017-07-17,23284259,114342,4112,3.4,8481947,4191515
2017-07-18,23848688,105708,4045,3.5,8471213,4184190
2017-07-19,23794306,109471,3981,3.8,8472137,4176258
2017-07-20,24215913,112860,2903,2.7,8513061,4190516
2017-07-21,24263086,104846,3443,3.1,8543669,4191362
2017-07-24,24602746,114108,4034,3.8,8583348,4197676
2017-07-25,25926450,148459,4077,3.6,8615959,4194284
2017-07-26,26047976,130774,3933,2.6,8657040,4214819
2017-07-27,25987300,155433,6456,4.9,8667963,4215006
2017-07-28,25301050,179930,6215,4.0,8628143,4176010
2017-07-31,24316449,153882,6153,3.4,8607764,4158263
2017-08-01,25092317,185612,5491,3.6,8540156,4113743
2017-08-02,24743371,171081,6788,3.7,8488120,4092474
2017-08-03,24467979,128591,3805,2.2,8490483,4100328
2017-08-04,24250712,125289,6612,5.1,8496425,4100202
2017-08-07,24382317,167335,4966,4.0,8456553,4083562
2017-08-08,23593092,148607,5809,3.5,8420466,4062687
2017-08-09,24067675,128133,3516,2.4,8423127,4063603
2017-08-10,23643498,114155,4343,3.4,8428670,4062967
2017-08-11,24108627,122991,4714,4.1,8400556,4041102
2017-08-14,24156866,135212,4437,3.6,8330826,4009923
2017-08-16,24473318,147177,4194,3.1,8282918,3999189
2017-08-17,25636438,125209,4244,2.9,8226649,3980395
2017-08-18,23749494,121507,4517,3.6,8190411,3966177
2017-08-21,24192102,105258,4530,3.7,8202438,3980655
2017-08-22,23991121,99296,3275,3.1,8213725,3979995
2017-08-23,23476577,104202,3627,3.7,8235321,3992126
2017-08-24,23512080,100941,3196,3.1,8252723,4002170
2017-08-25,23250316,106162,3204,3.2,8281405,4013192
2017-08-28,24080020,109516,4615,4.3,8288780,4011218
2017-08-29,23929098,96216,5320,4.9,8284542,3996851
2017-08-30,23903807,113084,4124,4.3,8294341,3999721
2017-08-31,23297422,140183,4323,3.8,8316125,4022046
2017-09-01,24084362,112427,2612,1.9,8349773,4038347
2017-09-04,24107969,118384,3875,3.4,8386512,4059187
2017-09-05,23703288,116132,3752,3.2,8422865,4074971
2017-09-06,23401891,128644,3832,3.3,8383332,4033249
2017-09-07,23755080,152481,5389,4.2,8398619,4042235
2017-09-08,23403770,150676,3931,2.6,8420991,4048798
2017-09-11,24571244,130561,4613,3.1,8410062,4020676
2017-09-12,24019452,124248,4079,3.1,8415318,4015484
2017-09-13,23805835,130749,4371,3.5,8411474,4008289
2017-09-14,24582779,123772,4911,3.8,8462755,4031337
2017-09-15,24383184,132227,4499,3.6,8490706,4051639
2017-09-18,24240465,119906,4155,3.1,8529807,4068648
2017-09-19,23881773,144683,2707,2.3,8578196,4093798
2017-09-20,24257077,158390,4269,3.0,8620517,4103129
2017-09-21,24303440,221447,4636,2.9,8685097,4138517
2017-09-22,24438579,159532,5150,2.3,8702773,4161678
2017-09-25,24289031,165575,8312,5.2,8665517,4172478
2017-09-26,24803135,156902,5002,3.0,8524448,4100449
2017-09-27,24487864,147236,6088,3.9,8410395,4057700
2017-09-28,24355446,133225,5266,3.6,8327405,4024999
2017-09-29,23139799,107891,4959,3.7,8311647,4019003
2017-10-10,23979863,102885,4043,3.7,8305879,4024956
2017-10-11,24107363,90732,3786,3.7,8242167,3984779
2017-10-12,26196129,134847,4099,4.5,8275243,4008025
2017-10-13,24541040,161401,5786,4.3,8316291,4043577
2017-10-16,24213632,165937,6328,3.9,8384693,4074535
2017-10-17,26230821,186838,8090,4.9,8409148,4087060
2017-10-18,24872552,205280,7248,3.9,8403831,4080945
2017-10-19,24564703,163486,8157,4.0,8462552,4121988
2017-10-20,24018262,177310,7939,4.9,8482755,4133804
2017-10-23,24245179,170817,6069,3.4,8529853,4176622
2017-10-24,24537159,133954,4637,2.7,8545290,4173969
2017-10-25,24274093,130445,3968,3.0,8635177,4242691
2017-10-26,25001627,130577,6630,5.1,8676829,4257705
2017-10-27,24615156,150945,4613,3.5,8726786,4287085
2017-10-30,25928672,170181,4827,3.2,8763990,4308602
2017-10-31,24328688,137903,6369,3.7,8782092,4313232
2017-11-01,25218976,160163,3121,2.3,8857469,4359896
2017-11-02,24948013,159175,4699,2.9,8937410,4419053
2017-11-03,24465259,153365,6254,3.9,8995361,4450010
2017-11-06,25080190,139416,6318,4.1,9040335,4462858
2017-11-07,24510742,112610,4115,3.0,9071659,4447833
2017-11-08,24244142,122681,3300,2.9,9131285,4484548
2017-11-09,24575601,130593,2918,2.4,9172888,4506610
2017-11-10,24415809,107044,4284,3.3,9232715,4542674
2017-11-13,24517001,127446,4346,4.1,9293621,4573997
2017-11-14,24348291,104095,5080,4.0,9340208,4599475
2017-11-15,25407632,139063,3035,2.9,9385575,4609839
2017-11-16,25723905,140080,3205,2.3,9432795,4632633
2017-11-17,26758163,168804,4238,3.0,9503194,4658759
2017-11-20,27181870,159019,12138,7.2,9575491,4675447
2017-11-21,26809948,160980,4613,2.9,9658332,4685569
2017-11-22,26041884,180266,4904,3.0,9708152,4699889
2017-11-23,25894288,186391,6954,3.9,9809749,4707101
2017-11-24,26106243,231307,11929,6.4,9889178,4733991
2017-11-27,26405730,195132,8809,3.8,9908753,4722323
2017-11-28,27071507,165634,8282,4.2,9980907,4736343
2017-11-29,26006102,195814,7397,4.5,10045649,4785129
2017-11-30,26060322,212393,7459,3.8,10030194,4758513
2017-12-01,26348144,176586,8590,4.0,10021501,4744775
2017-12-04,25794293,200945,5379,3.0,10051431,4775623
2017-12-05,25596917,196688,8337,4.1,10086305,4780411
2017-12-06,25397482,174710,8051,4.1,10144106,4800654
2017-12-07,25613946,182259,7465,4.3,10112544,4766633
2017-12-08,26019698,174516,6594,3.6,10165623,4798163
2017-12-11,25499250,232985,9681,5.5,10140182,4784388
2017-12-12,24586741,194463,7152,3.1,10070124,4743815
2017-12-13,24709150,140490,6156,3.2,10017054,4715934
2017-12-14,24931177,126611,6193,4.4,10070519,4730400
2017-12-15,25346951,114674,4233,3.3,10052577,4672201
2017-12-18,25585198,117146,4200,3.7,10138559,4705366
2017-12-19,25727861,98230,5151,4.4,10106441,4651103
2017-12-20,24917611,119072,4381,4.5,10102726,4647035
2017-12-21,25417204,140147,4998,4.2,10042286,4604545
2017-12-22,25551916,146317,6989,5.0,9997067,4569593
2017-12-26,26167649,154376,4257,2.9,9936809,4554702
2017-12-27,26928012,163938,6352,4.1,9857132,4513564
2017-12-28,27461062,193520,2610,1.6,9867021,4485532
2017-12-29,26495351,192284,2428,1.3,9860832,4482550
2018-01-02,27321579,155722,2951,1.5,9893540,4514000
2018-01-03,29106445,132687,3286,2.1,9922278,4498266
2018-01-04,26859408,142345,7357,5.5,10021972,4505679
2018-01-05,27121167,171341,5122,3.6,10155535,4538262
2018-01-08,26730598,243880,7301,4.3,10286437,4567468
2018-01-09,26849429,193919,6346,2.6,10322561,4545828
2018-01-10,26940470,200666,4943,2.5,10454941,4577636
2018-01-11,27252174,235104,6802,3.4,10524284,4604796
2018-01-12,27435687,259403,9851,4.2,10616452,4679806
2018-01-15,28724047,230838,7147,2.8,10684463,4705792
2018-01-16,28134776,210608,5864,2.5,10711339,4702555
2018-01-17,28830815,218820,4481,2.1,10772621,4711052
2018-01-18,29171751,199054,7834,3.6,10821377,4720340
2018-01-19,28703302,216306,5038,2.5,10862582,4753899
2018-01-22,28803970,188611,7516,3.5,10926507,4771933
2018-01-23,29300304,210029,8772,4.7,10993974,4791479
2018-01-24,29431305,220887,7444,3.5,10984827,4780210
2018-01-25,29372930,144731,5867,2.7,10976295,4748811
2018-01-26,30628663,150597,3494,2.4,11064792,4759863
2018-01-29,31786420,135994,5054,3.4,11086562,4767047
2018-01-30,31252711,116516,2785,2.0,11180828,4783411
2018-01-31,30685764,131451,3465,3.0,11277646,4800856
2018-02-01,31231213,168917,4626,3.5,11360065,4847695
2018-02-02,30149554,192422,11249,6.7,11419254,4903472
2018-02-05,30485089,179301,13399,7.0,11424798,4911630
2018-02-06,30345872,195148,10162,5.7,11403767,4918220
2018-02-07,30285555,252768,13679,7.0,11340221,4933199
2018-02-08,29800547,238710,9014,3.6,11050131,4836633
2018-02-09,29141201,257733,9760,4.1,11048740,5271435
2018-02-12,28760668,199377,9515,3.7,11042223,5311800
2018-02-13,27707908,185796,7233,3.6,11030497,5301674
2018-02-14,26636936,189588,6478,3.5,11085800,5331041
2018-02-19,27485884,199523,6606,3.5,11016497,5280461
2018-02-20,28341809,150730,6064,3.0,10992392,5254694
2018-02-21,27213286,174839,7502,5.0,11041890,5273354
2018-02-22,27325587,200004,7617,4.4,11146234,5296649
2018-02-23,26560727,184273,10533,5.3,11192280,5326398
2018-02-26,26608370,164997,5019,2.7,11250929,5352264
2018-02-27,27457674,144990,5440,3.3,11249734,5333939
2018-02-28,26892914,149432,5256,3.6,11241258,5316450
2018-03-02,27311306,161985,6575,4.4,11231632,5303763
2018-03-05,27237915,176738,11337,7.0,11202462,5290635
2018-03-06,26693399,170276,10286,5.8,11241904,5338206
2018-03-07,26529964,196281,6274,3.7,11243393,5343421
2018-03-08,26753239,172788,8954,4.6,11240381,5359432
2018-03-09,26278129,260471,6178,3.6,11204235,5324096
2018-03-12,26653675,168766,7236,2.8,11177177,5295034
2018-03-13,27587309,157538,5291,3.1,11239162,5347757
2018-03-14,27342797,157123,7045,4.5,11296003,5334755
2018-03-15,28415326,166526,5847,3.7,11422319,5400526
2018-03-16,27323812,171131,4800,2.9,11516579,5434333
2018-03-19,27333812,148812,5477,3.2,11592388,5459581
2018-03-20,27430465,136502,4810,3.2,11607735,5456079
2018-03-21,27823344,149521,4174,3.1,11631060,5483711
2018-03-22,28874688,128810,7959,5.3,11665677,5499976
2018-03-23,28070334,150962,6155,4.8,11679962,5479163
2018-03-26,29321833,157445,10058,6.7,11607756,5451397
2018-03-27,28351374,249688,11618,7.4,11348266,5371923
2018-03-28,27698355,226413,10650,4.3,11223566,5360773
2018-03-29,28186287,184523,9059,4.0,11300850,5374727
2018-03-30,27000949,222507,8087,4.4,11340934,5411440
2018-04-02,28640109,192315,6051,2.7,11412678,5465552
2018-04-03,28193122,167895,6635,3.4,11475741,5484710
2018-04-04,29026464,174743,7364,4.4,11530059,5495134
2018-04-05,28061153,149370,6260,3.6,11571593,5526990
2018-04-06,27801272,173305,5534,3.7,11644798,5558475
2018-04-09,27942128,157434,6336,3.7,11668089,5553665
2018-04-10,27491130,154359,5462,3.5,11694341,5573726
2018-04-11,27989481,155245,4540,2.9,11745792,5589765
2018-04-12,28794343,155350,4526,2.9,11788414,5593854
2018-04-13,28398506,157089,4693,3.0,11854687,5626041
2018-04-16,28288608,168798,4954,3.2,11901236,5649506
2018-04-17,28375756,157439,6490,3.8,11938143,5678660
2018-04-18,27893822,154445,5120,3.3,11993371,5706294
2018-04-19,28260685,165423,6475,4.2,12064215,5744780
2018-04-20,28960916,165057,6994,4.2,12065219,5722517
2018-04-23,30807205,197503,7892,4.8,12120343,5809902
2018-04-24,30727974,178728,8569,4.3,12164747,5851500
2018-04-25,29726031,234678,10745,6.0,12178824,5901367
2018-04-26,28933058,291831,9454,4.0,12175945,5918337
2018-04-27,29453617,203693,7892,2.7,12184500,5943821
2018-04-30,28269828,157464,9566,4.7,12221227,5974872
2018-05-02,29082024,148542,6999,4.4,12266918,6015290
2018-05-03,29792966,188677,8267,5.6,12254127,6018629
2018-05-04,29029323,260250,11170,5.9,12289802,6068644
2018-05-08,28509435,249749,11338,4.4,12283271,6066251
2018-05-09,28183215,276865,11717,4.7,12309224,6107021
2018-05-10,28721654,301688,11920,4.3,12229357,6069171
2018-05-11,27600266,251790,9419,3.1,12154416,6050566
2018-05-14,27836009,199236,8608,3.4,12237407,6071419
2018-05-15,28903147,152001,6837,3.4,12279208,6086607
2018-05-16,28465239,187009,5433,3.6,12394384,6145673
2018-05-17,28465774,203973,6519,3.5,12486376,6221309
2018-05-18,28255073,199401,7532,3.7,12462279,6214627
2018-05-21,27659632,181039,7633,3.8,12432299,6210205
2018-05-23,28138980,145889,5908,3.3,12410024,6199449
2018-05-24,27433482,199025,5776,4.0,12481165,6214901
2018-05-25,27863641,178859,6362,3.2,12525161,6244133
2018-05-28,28895912,202524,6235,3.5,12519983,6232201
2018-05-29,29802521,179659,5459,2.7,12342004,6079977
2018-05-30,29610664,209642,7430,4.1,12406529,6146111
2018-05-31,28817102,215792,9067,4.3,12498500,6192201
2018-06-01,28457085,235368,12032,5.6,12537994,6244364
2018-06-04,28168652,212071,12361,5.3,12563954,6281162
2018-06-05,27970519,189348,9365,4.4,12568690,6273435
2018-06-07,28049426,192712,8470,4.5,12576013,6264749
2018-06-08,27301520,167461,7565,3.9,12577850,6268086
2018-06-11,28966885,153255,6811,4.1,12623033,6288518
2018-06-12,27774156,182458,7764,5.1,12647993,6294547
2018-06-14,27886905,182807,7964,4.4,12598398,6262046
2018-06-15,28654544,208750,10035,5.5,12564547,6245942
2018-06-18,27925725,236507,10441,5.0,12518130,6262175
2018-06-19,28176561,243286,10116,4.3,12458749,6250561
2018-06-20,28081942,297349,17327,7.1,12272523,6144777
2018-06-21,28199416,309487,13549,4.6,12038126,6053030
2018-06-22,27265687,212616,8344,2.7,11968910,6050610
2018-06-25,27033723,195835,7480,3.5,11999470,6077817
2018-06-26,28324715,207102,7381,3.8,11921247,6050279
2018-06-27,26844459,141015,5586,2.7,11914676,6045150
2018-06-28,27479725,134532,6438,4.6,11888265,6034358
2018-06-29,26940987,155150,6669,5.0,11818300,5997545
2018-07-02,28509788,196864,7624,4.9,11694405,5931653
2018-07-03,28879933,131855,6949,3.5,11572374,5887006
2018-07-04,27368295,204611,7126,5.4,11448067,5836316
2018-07-05,27461901,167703,10291,5.0,11250459,5749994
2018-07-06,25928630,154260,5775,3.4,11247976,5756591
2018-07-09,26184820,162185,6742,4.4,11209923,5725018
2018-07-10,26023842,135122,4254,2.6,11184835,5712924
2018-07-11,25916089,133140,4400,3.3,11187545,5720626
2018-07-12,26375149,125169,5034,3.8,11179916,5702354
2018-07-13,26188819,116721,4732,3.8,11229054,5726530
2018-07-16,25428618,113718,3820,3.3,11270244,5759802
2018-07-17,25764594,110793,4713,4.1,11297543,5758084
2018-07-18,26365585,129338,5476,4.9,11366261,5795362
2018-07-19,26076000,131361,4091,3.2,11412674,5818023
2018-07-20,25867148,142559,6763,5.1,11393726,5809759
2018-07-23,25705555,163809,6737,4.7,11320106,5766281
2018-07-24,25699564,153449,8414,5.1,11258392,5741837
2018-07-25,25128692,219104,8000,5.2,11073549,5655812
2018-07-26,25967892,184179,9835,4.5,10919273,5591694
2018-07-27,28505554,188010,5959,3.2,10883668,5576517
2018-07-30,27542968,160798,5809,3.1,10824627,5555128
2018-07-31,27678020,125645,4088,2.5,10867332,5568107
2018-08-01,25948872,117076,4868,3.9,10905019,5573620
2018-08-02,27033241,125793,4549,3.9,10931504,5578640
2018-08-03,25073756,120371,5309,4.2,10948806,5591092
2018-08-06,25044624,139085,4963,4.1,11063340,5664463
2018-08-07,25023678,117230,5604,4.0,11082447,5671911
2018-08-08,24632731,131884,3966,3.4,11108726,5672566
2018-08-09,25343399,129514,4858,3.7,11139902,5687397
2018-08-10,25197220,132332,5031,3.9,11185688,5704662
2018-08-13,25975287,132213,4885,3.7,11201053,5700895
2018-08-14,25303298,156758,6105,4.6,11232015,5714266
2018-08-16,25748645,193774,9636,6.1,11162969,5679648
2018-08-17,24921099,146025,9120,4.7,11050264,5623876
2018-08-20,25259996,143662,5157,3.5,11060106,5655676
2018-08-21,24975722,126974,5405,3.8,11077961,5670763
2018-08-22,25071847,123966,4345,3.4,11143723,5699800
2018-08-23,24688760,107437,4092,3.3,11153938,5713825
2018-08-24,25702274,121105,3495,3.3,11212162,5736316
2018-08-27,25813905,122824,4505,3.7,11273599,5766567
2018-08-28,25342495,123911,3418,2.8,11305717,5774907
2018-08-29,25796425,146262,6156,5.0,11287616,5758336
2018-08-30,24766879,153884,7607,5.2,11285609,5722137
2018-08-31,25680421,137307,5365,3.5,11305720,5711382
2018-09-03,26608530,115348,3850,2.8,11358777,5738762
2018-09-04,25483527,119723,3563,3.1,11376523,5743252
2018-09-05,25348932,138572,4282,3.6,11465253,5783793
2018-09-06,25295722,136452,6652,4.8,11499946,5801132
2018-09-07,25187433,156748,6194,4.5,11593873,5845278
2018-09-10,26025917,168064,5624,3.6,11598854,5863808
2018-09-11,24829924,146343,8439,5.0,11607642,5868856
2018-09-12,25080923,150926,4964,3.4,11626679,5874456
2018-09-13,25610552,157472,6406,4.2,11702272,5930355
2018-09-14,24586929,172001,8017,5.1,11752244,5976992
2018-09-17,24904015,166113,4978,2.9,11780929,6001281
2018-09-18,25395130,128063,7246,4.4,11770841,5963656
2018-09-19,25198478,159730,5649,4.4,11805556,5989622
2018-09-20,25703312,180942,8751,5.5,11836039,6007945
2018-09-21,25315747,171108,5747,3.2,11832746,5990345
2018-09-27,27048368,178048,6116,3.6,11788945,5934884
2018-09-28,26994891,138811,5209,2.9,11784115,5926685
2018-10-01,27250220,149058,6902,5.0,11810309,5944638
2018-10-02,26099186,186342,9775,6.6,11857786,5969706
2018-10-04,27530898,197135,8194,4.4,11855553,5973780
2018-10-05,25955699,212802,12775,6.5,11830058,5960689
2018-10-08,24808146,249127,11059,5.2,11784651,5980496
2018-10-10,24375034,226290,11067,4.4,11699244,5959768
2018-10-11,27423284,206365,12206,5.4,11573387,5926897
2018-10-12,26757408,226217,11789,5.7,11364173,5823397
2018-10-15,26811152,302698,14644,6.5,10882195,5616803
2018-10-16,24696519,222505,10542,3.5,10689794,5527788
2018-10-17,24421735,189464,8564,3.8,10696343,5524761
2018-10-18,23883036,159368,5619,3.0,10690323,5526614
2018-10-19,23832006,136949,7605,4.8,10729911,5529135
2018-10-22,23442120,135737,5400,3.9,10795812,5566442
2018-10-23,23650194,123087,6362,4.7,10803831,5564627
2018-10-24,24184045,122248,7213,5.9,10816087,5566367
2018-10-25,24015632,215516,14329,11.7,10783370,5574928
2018-10-26,24706614,223994,14772,6.9,10507100,5406359
2018-10-29,26357472,190664,12174,5.4,10156820,5236992
2018-10-30,24878067,186226,15221,8.0,9847651,5080743
2018-10-31,25270071,200551,9766,5.2,9364986,4850285
2018-11-01,25662765,166350,9158,4.6,8999314,4683858
2018-11-02,25136459,143424,7359,4.4,9024745,4705429
2018-11-05,24411391,131343,5095,3.6,9037398,4706812
2018-11-06,24521284,101876,4301,3.3,8983997,4644308
2018-11-07,24059532,122856,6423,6.3,9163242,4751522
2018-11-08,24298074,147301,8638,7.0,9266976,4803082
2018-11-09,23471693,143875,6801,4.6,9355111,4832387
2018-11-12,23805041,128209,8478,5.9,9382185,4840072
2018-11-13,23515286,125790,6694,5.2,9440532,4873106
2018-11-14,24335499,147874,5664,4.5,9412466,4862463
2018-11-15,24670146,147191,6089,4.1,9389910,4849186
2018-11-16,23050724,141641,4362,3.0,9417809,4861620
2018-11-19,23085838,124857,5151,3.6,9424033,4860167
2018-11-20,26196432,133327,4569,3.7,9445513,4874998
2018-11-21,26461824,143267,6073,4.6,9490587,4890815
2018-11-22,26045514,163784,7202,5.0,9585204,4924905
2018-11-23,23533950,168880,6740,4.1,9649902,4964522
2018-11-26,23541558,141993,6128,3.6,9697277,4988723
2018-11-27,22865845,146265,5895,4.2,9659583,4972610
2018-11-28,23098414,125606,5504,3.8,9586839,4923533
2018-11-29,22929628,115730,4758,3.8,9581632,4912287
2018-11-30,22667687,119926,5353,4.6,9613581,4907434
2018-12-03,23793078,135128,10690,8.9,9593227,4870637
2018-12-04,23032028,132200,7050,5.2,9617453,4906677
2018-12-05,23464946,121602,5546,4.2,9611431,4888551
2018-12-06,23766468,122922,9874,8.1,9693522,4936469
2018-12-07,22602787,125105,10666,8.7,9744417,4963085
2018-12-10,23851961,162455,11096,8.9,9723045,4965268
2018-12-11,23272354,134967,13071,8.0,9683234,4950758
2018-12-12,22999376,143516,9318,6.9,9652991,4930412
2018-12-13,23143067,166208,9401,6.6,9601976,4924219
2018-12-14,22566234,135680,6956,4.2,9562040,4908032
2018-12-17,23170726,120245,7915,5.8,9570122,4899722
2018-12-18,22996368,157832,9144,7.6,9604634,4914525
2018-12-19,22997001,149326,11260,7.1,9543984,4883057
2018-12-20,23241567,185840,11491,7.7,9488830,4858237
2018-12-21,23118743,132049,9930,5.3,9485382,4856811
2018-12-24,23233288,134011,12029,9.1,9473035,4853594
2018-12-26,24343258,129083,9311,6.9,9458057,4848134
2018-12-27,24901409,129421,7043,5.5,9453651,4860254
2018-12-28,25282922,142418,4220,3.3,9412173,4847280
2018-12-31,24849598,172344,8520,6.0,9407585,4844817
2019-01-02,26355670,180130,10690,6.2,9355478,4806579
2019-01-03,26017070,147766,10444,5.8,9354756,4786784
2019-01-04,24538338,158446,9989,6.8,9423103,4822346
2019-01-07,23774368,186219,10705,6.8,9388335,4785337
2019-01-08,23521380,157713,12857,6.9,9393464,4784175
2019-01-09,23084945,144116,7937,5.0,9404679,4760340
2019-01-10,23797701,149442,6536,4.5,9442340,4777281
2019-01-11,23113543,120619,6434,4.3,9435441,4751100
2019-01-14,23368268,114196,6136,5.1,9476579,4770180
2019-01-15,23801893,108314,7488,6.6,9463145,4740012
2019-01-16,23047825,134149,8336,7.7,9520685,4769841
2019-01-17,26075315,129303,7261,5.4,9529113,4751691
2019-01-18,25871362,147624,7501,5.8,9594719,4776095
2019-01-21,25713068,165457,8058,5.5,9656448,4799205
2019-01-22,23883330,155028,7067,4.3,9676579,4808583
2019-01-23,23672605,128289,6778,4.4,9763655,4835375
2019-01-24,23751331,125707,9101,7.1,9805258,4850931
2019-01-25,23513084,116402,7857,6.3,9818135,4838221
2019-01-28,24268633,128598,6710,5.8,9853900,4851902
2019-01-29,30145033,117530,6573,5.1,9785253,4785212
2019-01-30,28890543,124280,6880,5.9,9868170,4839729
2019-01-31,28208285,122021,6707,5.4,9926859,4873375
2019-02-01,25181633,117047,8858,7.3,9932411,4869131
2019-02-07,26662636,132739,9898,8.5,9986958,4897966
2019-02-08,25029838,120752,8504,6.4,9971963,4890795
2019-02-11,26186841,136344,8475,7.0,9994249,4920916
2019-02-12,24947346,159311,8086,5.9,10102031,4977791
2019-02-13,24898682,166833,9622,6.0,10187298,5021681
2019-02-14,24515903,163224,10245,6.1,10229396,5029134
2019-02-15,24357628,143214,10058,6.2,10249827,5028759
2019-02-18,24561408,139199,8342,5.8,10300975,5037381
2019-02-19,24284431,138516,8475,6.1,10382106,5077352
2019-02-20,25084544,140499,6757,4.9,10370978,5052992
2019-02-21,24524065,130996,6806,4.8,10395912,5052295
2019-02-22,24567119,128026,8892,6.8,10413002,5039774
2019-02-25,24925256,134530,8365,6.5,10446526,5056102
2019-02-26,25644767,138714,9429,7.0,10459698,5047484
2019-02-27,25643604,141833,8474,6.1,10471354,5060771
2019-02-28,25500047,139694,10260,7.2,10495466,5055904
2019-03-04,26152332,137414,9843,7.0,10507953,5038866
2019-03-05,25019538,177749,10798,7.9,10353358,4939988
2019-03-06,24792269,178876,9787,5.5,10248151,4921641
2019-03-07,24779570,168229,11881,6.6,10312952,4959025
2019-03-08,24504850,155540,9246,5.5,10372930,4977421
2019-03-11,24991466,135238,7714,5.0,10373317,4976619
2019-03-12,24120857,117253,6546,4.8,10368358,5000325
2019-03-13,24809307,115452,5370,4.6,10386812,4997362
2019-03-14,24799283,109632,5942,5.1,10377974,4977619
2019-03-15,24031004,114115,5558,5.1,10428192,4982638
2019-03-18,24389824,115673,6269,5.5,10481397,5008935
2019-03-19,24380814,119276,4971,4.3,10433290,4922828
2019-03-20,24829217,133304,5987,5.0,10426243,4910496
2019-03-21,24463895,144691,6686,5.0,10467812,4919721
2019-03-22,25296123,135594,5807,4.0,10493977,4927330
2019-03-25,26700419,141516,7390,5.5,10479607,4894786
2019-03-26,26015469,134542,10437,7.4,10439214,4876924
2019-03-27,26550166,148720,7132,5.3,10401833,4868233
2019-03-28,25606172,166612,6848,4.6,10384631,4867341
2019-03-29,24960471,153099,7858,4.7,10394712,4862281
2019-04-01,28050127,160036,8236,5.4,10319065,4826848
2019-04-02,25305760,133574,9088,5.7,10238126,4786017
2019-04-03,25034082,109828,6168,4.6,10199105,4725030
2019-04-04,24198382,109317,5282,4.8,10226907,4719595
2019-04-05,24675043,116179,7307,6.7,10250846,4714720
2019-04-08,24765837,114227,7536,6.5,10274512,4702459
2019-04-09,24761478,119828,6518,5.7,10335838,4714118
2019-04-10,25330006,135399,7119,5.9,10356905,4721970
2019-04-11,25963128,133526,7723,5.7,10393545,4720663
2019-04-12,25768969,123740,6021,4.5,10441240,4729050
2019-04-15,26547852,128918,5709,4.6,10466597,4735037
2019-04-16,25969529,122573,5509,4.3,10504987,4746255
2019-04-17,26510266,154861,5998,4.9,10568269,4783615
2019-04-18,27192271,149665,7915,5.1,10590483,4784569
2019-04-19,26321294,141256,7996,5.3,10613281,4785984
2019-04-22,26799692,174939,8273,5.9,10625746,4795635
2019-04-23,27172335,160302,6978,4.0,10621734,4800196
2019-04-24,26026952,135628,8957,5.6,10678980,4832229
2019-04-25,26505865,175153,6773,5.0,10715109,4841824
2019-04-26,26213253,154634,7325,4.2,10780516,4894437
2019-04-29,27012709,161440,8762,5.7,10751403,4873025
2019-04-30,25807040,151609,5794,3.6,10682613,4855889
2019-05-02,28748726,129376,5707,3.8,10649973,4830708
2019-05-03,26467228,119806,6604,5.1,10647470,4831290
2019-05-07,26889535,125104,7000,5.8,10666719,4828809
2019-05-08,25881652,136239,6693,5.4,10718047,4877447
2019-05-09,26374576,152254,9131,6.7,10681676,4875487
2019-05-10,26768238,161413,7948,5.2,10632620,4859404
2019-05-13,26656314,223509,11072,6.9,10562454,4879696
2019-05-14,26058025,191900,10413,4.7,10432674,4839318
2019-05-15,25965561,177656,9320,4.9,10401084,4823605
2019-05-16,25519182,147134,8059,4.5,10319329,4795439
2019-05-17,25160798,134334,7088,4.8,10350206,4798950
2019-05-20,25647698,142916,7909,5.9,10414085,4831663
2019-05-21,25104669,133631,7147,5.0,10402366,4834991
2019-05-22,24502365,141030,7949,5.9,10355910,4817698
2019-05-23,24875478,131660,6918,4.9,10327289,4806806
2019-05-24,24752157,116650,7398,5.6,10337829,4812788
2019-05-27,24529779,128680,6954,6.0,10302833,4794506
2019-05-28,26536619,126001,7751,6.0,10237544,4773234
2019-05-29,26630460,133166,6750,5.4,10211139,4794940
2019-05-30,26290886,163928,6239,4.7,10237966,4822638
2019-05-31,24255776,130051,7631,4.7,10252568,4830467
2019-06-03,25819596,127207,6569,5.1,10197269,4809183
2019-06-04,23815248,112059,5888,4.6,10163620,4798182
2019-06-05,23553466,115282,6270,5.6,10150952,4777056
2019-06-07,23427386,110717,6367,5.5,10163454,4780521
2019-06-10,24274858,112689,4542,4.1,10194359,4793793
2019-06-11,24383657,107731,6418,5.7,10227782,4807049
2019-06-12,24610753,113717,6582,6.1,10262589,4786561
2019-06-13,24812963,108202,7768,6.8,10299978,4784919
2019-06-14,24140104,118286,5654,5.2,10373026,4809582
2019-06-17,24693809,123676,6975,5.9,10435142,4849537
2019-06-18,23947276,135346,6194,5.0,10502406,4866411
2019-06-19,23873191,140939,8838,6.5,10509245,4869916
2019-06-20,24483777,142990,7923,5.6,10499060,4854850
2019-06-21,24369032,141514,6149,4.3,10446261,4805613
2019-06-24,25051232,124847,6416,4.5,10451477,4796069
2019-06-25,24631493,118366,6364,5.1,10500369,4828799
2019-06-26,25178614,130612,7193,6.1,10507230,4821181
2019-06-27,25054785,165126,8780,6.7,10509358,4817620
2019-06-28,24710304,156628,8372,5.1,10470084,4797569
2019-07-01,27438406,148924,10844,6.9,10363157,4746018
2019-07-02,24932747,143129,7610,5.1,10229631,4701294
2019-07-03,24530296,165237,8426,5.9,10155636,4693039
2019-07-04,24657806,144453,7026,4.3,10177149,4698718
2019-07-05,24409813,150413,7089,4.9,10218816,4716213
2019-07-08,24957788,149738,10655,7.1,10196553,4702165
2019-07-09,24599896,139627,7198,4.8,10175629,4684010
2019-07-10,24373226,160145,8952,6.4,10104223,4662353
2019-07-11,24138630,167228,9669,6.0,9922814,4591919
2019-07-12,24235694,150010,8095,4.8,9895327,4581738
2019-07-15,24920982,121689,7904,5.3,9907626,4577611
2019-07-16,23873315,115656,6928,5.7,9956900,4590256
2019-07-17,23906518,142742,6227,5.4,9994453,4596310
2019-07-18,24474376,138617,7844,5.5,10011677,4600396
2019-07-19,24447935,135478,9208,6.6,10013610,4595892
2019-07-22,24183338,136432,7555,5.6,10002609,4595517
2019-07-23,24212914,123959,5853,4.3,9973524,4558872
2019-07-24,24113082,120584,5368,4.3,10010990,4580190
2019-07-25,24427778,128201,4672,3.9,10009021,4561859
2019-07-26,24858491,152602,11356,8.9,9929168,4534931
2019-07-29,24519528,155667,8519,5.6,9800245,4484791
2019-07-30,24299424,154647,9115,5.9,9675175,4434918
2019-07-31,24107780,167190,11052,7.1,9478770,4355804
2019-08-01,26250774,142024,7897,4.7,9288614,4282736
2019-08-02,24155850,135763,7993,5.6,9242534,4257176
2019-08-05,24630506,134902,8825,6.5,9154754,4208565
2019-08-06,25640600,126927,12548,9.3,9016402,4171844
2019-08-07,25777507,190332,10971,8.6,8710453,4012046
2019-08-08,26569238,245067,14209,7.5,8182084,3815489
2019-08-09,25843819,235499,16330,6.7,8012969,3775022
2019-08-12,25877484,235682,14127,6.0,8030941,3794451
2019-08-13,25218741,177533,11130,4.7,8100533,3818906
2019-08-14,25414800,149277,8700,4.9,8183078,3863059
2019-08-16,24991347,151197,6666,4.5,8244789,3886762
2019-08-19,24107637,153378,8606,5.7,8291745,3903204
2019-08-20,24471527,146738,7115,4.6,8306839,3911120
2019-08-21,24138739,147322,7811,5.3,8297276,3902050
2019-08-22,23900318,140914,6997,4.7,8316775,3904483
2019-08-23,23733112,134369,8969,6.4,8382159,3937111
2019-08-26,24201711,144778,9025,6.7,8464107,3965727
2019-08-27,24524189,135845,9224,6.4,8450707,3950438
2019-08-28,23699977,158476,8005,5.9,8419192,3919110
2019-08-29,24026705,148951,6262,4.0,8395412,3921212
2019-08-30,23230387,138469,6770,4.5,8386204,3917172
2019-09-02,25153017,140496,7335,5.3,8419905,3926877
2019-09-03,23575630,139607,5985,4.3,8369900,3877621
2019-09-04,23781290,131777,6770,4.8,8416318,3897903
2019-09-05,23922751,137518,5593,4.2,8475479,3913396
2019-09-06,23760027,132727,6737,4.9,8517052,3921634
2019-09-09,24126791,141744,7580,5.7,8580318,3922583
2019-09-10,24756259,154469,7152,5.0,8628248,3931210
2019-09-11,24055009,168101,8404,5.4,8647851,3925793
2019-09-16,24811438,165327,6973,4.1,8635583,3900274
2019-09-17,24924215,145205,7968,4.8,8622005,3882522
2019-09-18,24483156,152170,7115,4.9,8672650,3909432
2019-09-19,24503510,162586,8905,5.9,8769853,3946095
2019-09-20,24216433,154789,7308,4.5,8844500,3976314
2019-09-23,25112731,158866,8076,5.2,8893348,4018734
2019-09-24,24709910,148692,9058,5.7,8897850,4008791
2019-09-25,25036744,148759,8673,5.8,8933022,4022167
2019-09-26,25919923,145320,8457,5.7,8928174,4011505
2019-09-27,25402666,192116,11577,8.0,8897889,4010688
2019-09-30,24456786,189626,13994,7.3,8800162,3990492
2019-10-01,26315657,163864,15781,8.3,8811165,4006064
2019-10-02,29221069,157372,14836,9.1,8790081,3988276
2019-10-04,27696862,148182,10373,6.6,8761980,3963476
2019-10-07,24322567,179808,11074,7.5,8818667,4019936
2019-10-08,23954829,193271,10281,5.7,8807064,4014698
2019-10-10,24475528,200480,10058,5.2,8734941,3971637
2019-10-11,25008690,210467,9971,5.0,8696836,3940348
2019-10-14,25533239,189237,10417,4.9,8777677,3977741
2019-10-15,26678044,180863,10148,5.4,8775707,3959240
2019-10-16,24815442,174819,9270,5.1,8788438,3963905
2019-10-17,25080900,165065,9847,5.6,8840561,3995624
2019-10-18,24122902,161605,9476,5.7,8856031,3997255
2019-10-21,24841222,168117,9569,5.9,8902811,4008826
2019-10-22,24848203,170181,9106,5.4,8948999,4021429
2019-10-23,24621626,181813,9502,5.6,8990248,4031643
2019-10-24,25128881,225006,8760,4.8,8978307,4006546
2019-10-25,25099125,191223,9514,4.2,9020048,4052862
2019-10-28,25411184,191168,9095,4.8,9017607,4029438
2019-10-29,25307806,191450,8496,4.4,9032858,4014682
2019-10-30,25082405,185031,9639,5.0,9001505,4005076
2019-10-31,25045382,175325,8592,4.6,9042509,4017381
2019-11-01,25393135,188141,8800,5.0,9088107,4037535
2019-11-04,25458139,201695,9917,5.3,9106562,4055022
2019-11-05,24609344,183649,10044,5.0,9130253,4070574
2019-11-06,25065714,189289,9135,5.0,9166723,4056690
2019-11-07,25271905,183923,10232,5.4,9207486,4055996
2019-11-08,25546920,195174,8407,4.6,9262262,4072080
2019-11-11,25327167,193247,11494,5.9,9335383,4105232
2019-11-12,25069862,174374,11431,5.9,9359712,4110386
2019-11-13,25230133,187385,11122,6.4,9415204,4153035
2019-11-14,26104966,182882,10502,5.6,9439948,4166038
2019-11-15,24814453,185555,9855,5.4,9501520,4195864
2019-11-18,24607107,188059,9145,4.9,9493619,4188843
2019-11-19,25129519,180751,10339,5.5,9460855,4148798
2019-11-20,25940607,199624,10964,6.1,9514533,4177320
2019-11-21,26199300,188453,13367,6.7,9529267,4176215
2019-11-22,26457720,205586,12617,6.7,9516341,4181524
2019-11-25,25215000,214027,12296,6.0,9442350,4163948
2019-11-26,24945453,194098,9831,4.6,9365651,4128072
2019-11-27,24863112,166032,10264,5.3,9323554,4105176
2019-11-28,24739948,168104,9104,5.5,9372229,4142343
2019-11-29,24671138,173078,9681,5.8,9415811,4153904
2019-12-02,26278410,184314,12317,7.1,9406400,4162279
2019-12-03,24835941,197857,12311,6.7,9409198,4188339
2019-12-04,25257640,185994,11955,6.0,9357303,4175384
2019-12-05,24812835,175207,12422,6.7,9347183,4163309
2019-12-06,23798842,182732,12595,7.2,9342633,4177890
2019-12-09,23585292,188074,8576,4.7,9265999,4152353
2019-12-10,24109475,159248,9228,4.9,9192732,4119981
2019-12-11,24446248,163390,10752,6.8,9219240,4126897
2019-12-12,24397228,165961,7900,4.8,9219118,4116813
2019-12-13,24948227,158639,7588,4.6,9239557,4135569
2019-12-16,24454091,158040,7769,4.9,9204628,4093147
2019-12-17,25593655,155120,8154,5.2,9188995,4069163
2019-12-18,25814048,163918,8979,5.8,9220299,4070838
2019-12-19,26173625,164915,8516,5.2,9241484,4080345
2019-12-20,26019461,173757,10414,6.3,9297119,4103733
2019-12-23,26627509,180562,8920,5.1,9304967,4085645
2019-12-24,26739986,167547,9737,5.4,9288611,4060742
2019-12-26,27822953,176984,8729,5.2,9269390,4045785
2019-12-27,28713673,186124,10231,5.8,9233752,4040789
2019-12-30,28519499,213152,2659,1.4,9218105,4054522
2019-12-31,27393296,214212,7455,3.5,9213276,4052361
2020-01-02,29859926,166981,11181,5.2,9207175,4061820
2020-01-03,30666501,156313,10360,6.2,9231595,4080601
2020-01-06,27948034,181708,10509,6.7,9376932,4162646
2020-01-07,27038368,200599,9365,5.2,9479197,4191505
2020-01-08,26913932,220218,11173,5.6,9531604,4211678
2020-01-09,28154028,206265,11050,5.0,9532312,4202096
2020-01-10,29171442,220126,10383,5.0,9493450,4201428
2020-01-13,27640974,197437,12940,5.9,9459644,4194931
2020-01-14,27978833,184896,10166,5.1,9543165,4228913
2020-01-15,28360485,187625,10447,5.7,9644538,4262453
2020-01-16,27571005,189749,9853,5.3,9695465,4277367
2020-01-17,27545874,193914,9678,5.1,9773968,4317402
2020-01-20,28162090,199358,9555,4.9,9879240,4379350
2020-01-21,27679498,189827,10005,5.0,9892463,4390841
2020-01-22,27762464,197322,10146,5.3,9950474,4394250
2020-01-23,27032949,198136,9499,4.8,9999563,4398996
2020-01-28,30221242,169208,8781,4.4,10019726,4414481
2020-01-29,29219885,182066,12451,7.4,10092624,4453538
2020-01-30,30223021,252405,13013,7.1,10106988,4491672
2020-01-31,28718926,221346,14076,5.6,10080631,4478932
2020-02-03,31241363,250038,13673,6.2,10038047,4456013
2020-02-04,29506982,233377,12063,4.8,9914933,4420757
2020-02-05,29160654,209206,11793,5.1,9818154,4407226
2020-02-06,28905628,186228,10269,4.9,9853155,4427494
2020-02-07,28655825,185625,8589,4.6,9941547,4476895
2020-02-10,30471046,190281,11206,6.0,9941121,4433371
2020-02-11,28600272,186878,11637,6.1,10085083,4505514
2020-02-12,28369377,193545,9583,5.1,10182059,4553515
2020-02-13,30112161,178911,11419,5.9,10231273,4557718
2020-02-14,28321208,186516,10473,5.9,10294979,4568265
2020-02-17,28754576,216775,11171,6.0,10351033,4572985
2020-02-18,29030416,196787,9959,4.6,10405212,4573679
2020-02-19,28915565,199915,11047,5.6,10462694,4609629
2020-02-20,28617966,215670,11197,5.6,10514123,4646824
2020-02-21,28591644,218143,12836,6.0,10516321,4630141
2020-02-24,30122901,224011,11953,5.5,10543567,4628986
2020-02-25,30712805,225402,16481,7.4,10486371,4596876
2020-02-26,31749767,285800,14882,6.6,10350972,4558505
2020-02-27,31169055,242988,13684,4.8,10296179,4584084
2020-02-28,31211202,205060,10642,4.4,10372604,4638838
2020-03-02,33181501,219412,16507,8.0,10278525,4577856
2020-03-03,31569727,243617,11607,5.3,10010245,4476958
2020-03-04,31073392,208535,11866,4.9,9941075,4490105
2020-03-05,31026058,210254,8639,4.1,9996896,4503827
2020-03-06,31051630,187508,13131,6.2,10024660,4520719
2020-03-09,32097375,182230,10775,5.7,10106442,4535825
2020-03-10,32909290,215498,13333,7.3,10187397,4564823
2020-03-11,33024250,296849,11163,5.2,10134516,4551238
2020-03-12,34079308,257870,13668,4.6,10026043,4562258
2020-03-13,36190053,286390,21888,8.5,9862825,4515814
2020-03-16,36718878,312138,19145,6.7,9419006,4335190
2020-03-17,37740889,319123,24964,8.0,8542175,4004707
2020-03-18,37112639,340641,24520,7.7,8141754,3861952
2020-03-19,38366656,318545,26058,7.6,7828321,3765934
2020-03-20,39121906,288341,24971,7.8,7524496,3611615
2020-03-23,39866677,387226,21036,7.3,6767275,3261445
2020-03-24,40991216,264324,18990,4.9,6447040,3109784
2020-03-25,41435918,261682,17367,6.6,6407513,3094150
2020-03-26,45168958,222127,12859,4.9,6436078,3087901
2020-03-27,43977218,265746,10617,4.8,6440447,3075317
2020-03-30,43458363,324859,12765,4.8,6525697,3162910
2020-03-31,43082921,232225,11753,3.6,6578263,3177419
2020-04-01,47666924,214511,11808,5.1,6688864,3267548
2020-04-02,46567601,244800,14162,6.6,6878091,3394622
2020-04-03,43879007,287699,15167,6.2,7032108,3498367
2020-04-06,43327334,245143,14370,5.0,7155893,3558211
2020-04-07,43555113,219030,9816,4.0,7260190,3583672
2020-04-08,44228361,205487,11646,5.3,7359432,3623878
2020-04-09,44306528,225027,11390,5.5,7527286,3639332
2020-04-10,44567553,226193,11459,5.1,7705349,3733604
2020-04-13,44781770,224797,10366,4.6,7880698,3829387
2020-04-14,44824764,226760,14344,6.4,7997588,3898863
2020-04-16,44373325,268754,14451,6.4,8079877,3955720
2020-04-17,44400261,211057,13167,4.9,8107056,3972464
2020-04-20,44572087,217367,12894,6.1,8254649,4071625
2020-04-21,45636657,226881,18234,8.4,8367401,4127843
2020-04-22,45338563,251859,15640,6.9,8522089,4179004
2020-04-23,44381132,271439,15204,6.0,8658274,4253828
2020-04-24,43836745,249613,16038,5.9,8798606,4332268
2020-04-27,44445778,251335,16316,6.5,8896308,4355786
2020-04-28,44109411,274709,16515,6.6,8981254,4392990
2020-04-29,42835008,216997,14726,5.4,9043411,4404068
2020-05-04,44522244,233542,14034,6.5,9138226,4433182
2020-05-06,44813133,226315,16543,7.1,9148258,4401936
2020-05-07,44601099,255626,16504,7.3,9293246,4530159
2020-05-08,42606912,245828,16211,6.3,9401611,4563522
2020-05-11,43462534,248449,12544,5.1,9495912,4600257
2020-05-12,43312481,225420,15207,6.1,9554894,4601329
2020-05-13,42858802,273909,16840,7.5,9718147,4662897
2020-05-14,43785752,283377,15718,5.7,9866508,4741597
2020-05-15,42323017,264367,15824,5.6,9953379,4778023
2020-05-18,42399157,396486,17101,6.5,10078261,4844962
2020-05-19,42755644,276133,18980,4.8,10141020,4885114
2020-05-20,42540200,279516,17288,6.3,10211538,4907866
2020-05-21,43515509,279461,17328,6.2,10224752,4856053
2020-05-22,43772613,231665,13631,4.9,10306919,4876718
2020-05-25,43927758,234984,13721,5.9,10464548,4938915
2020-05-26,44249842,243288,15061,6.4,10586867,4988712
2020-05-27,44085038,227282,12018,4.9,10666167,5006717
2020-05-28,44708010,312897,12924,5.7,10807273,5049512
2020-05-29,43969233,273634,14714,4.7,10927629,5098097
2020-06-01,44478548,302447,16648,6.1,10931475,5097836
2020-06-02,43668711,281913,18625,6.2,10938529,5132557
2020-06-03,44155716,248109,16187,5.7,11046726,5143636
2020-06-04,44774965,244368,14353,5.8,11203225,5195804
2020-06-05,44686990,254365,15129,6.2,11316308,5204555
2020-06-08,45702569,250082,13860,5.4,11377741,5214633
2020-06-09,45506364,212056,13276,5.3,11510879,5274149
2020-06-10,46728524,246987,15156,7.1,11647126,5359046
2020-06-11,45978490,298575,14895,6.0,11790940,5462319
2020-06-12,47900337,282251,18282,6.1,11862769,5488142
2020-06-15,48337551,358837,26269,9.3,12059783,5629068
2020-06-16,48205254,350546,21326,5.9,12026250,5665639
2020-06-17,46361489,451934,18853,5.4,11838634,5621144
2020-06-18,46450403,316492,18941,4.2,11770096,5609864
2020-06-19,46228578,290011,13861,4.4,11966742,5728395
2020-06-22,47398692,261621,14635,5.0,12096181,5792974
2020-06-23,47524811,249411,16368,6.3,12198340,5839087
2020-06-24,46280562,265172,19276,7.7,12329436,5907243
2020-06-25,46476347,426366,15176,5.7,12435670,5973351
2020-06-26,50649471,301494,18778,4.4,12545180,6022139
2020-06-29,46983291,308854,21801,7.2,12662372,6108030
2020-06-30,46323213,263692,18901,6.1,12660430,6076065
2020-07-01,48005841,283080,16154,6.1,12647151,6085328
2020-07-02,47464563,272734,18891,6.7,12670466,6101548
2020-07-03,45723148,284198,14822,5.4,12637552,6075167
2020-07-06,45748772,261005,12548,4.4,12622960,6055296
2020-07-07,46321838,250800,15640,6.0,12703556,6073997
2020-07-08,46764297,267044,11965,4.8,12857427,6145781
2020-07-09,46341452,285444,15400,5.8,12982025,6181832
2020-07-10,46033699,271359,13856,4.9,13092258,6244345
2020-07-13,46601119,247762,13121,4.8,13201365,6316662
2020-07-14,45551517,259343,12913,5.2,13299590,6375530
2020-07-15,45472722,253339,13417,5.2,13416155,6400605
2020-07-16,45397799,255584,15104,6.0,13516970,6454911
2020-07-17,45714868,280048,14701,5.8,13535803,6454866
2020-07-20,45533779,287677,16813,6.0,13568102,6470721
2020-07-21,46156536,248560,12738,4.4,13669002,6529115
2020-07-22,45908131,278763,11814,4.8,13767873,6595837
2020-07-23,46677113,287922,12579,4.5,13862346,6656111
2020-07-24,47106294,307106,14581,5.1,14049616,6742179
2020-07-27,47328460,346966,15528,5.1,14030241,6726623
2020-07-28,46975258,339106,15526,4.5,13953742,6685312
2020-07-29,47448434,317070,17110,5.0,14057681,6697553
2020-07-30,47645769,281634,17452,5.5,14211958,6735070
2020-07-31,47786310,268599,14119,5.0,14325916,6771467
2020-08-03,50354642,253532,15092,5.6,14420830,6789876
2020-08-04,49234645,248703,13580,5.4,14544653,6841859
2020-08-05,48056324,291886,13749,5.5,14667003,6917019
2020-08-06,48874945,325540,12368,4.2,14814683,7010331
2020-08-07,49219608,284211,15597,4.8,15053761,7160223
2020-08-10,51126266,297252,16949,6.0,15172725,7211608
2020-08-11,50726386,292085,16385,5.5,15380515,7339907
2020-08-12,50299596,303979,14188,4.9,15628748,7504874
2020-08-13,51146852,302911,19999,6.6,15794045,7602319
2020-08-14,50792194,368086,23867,7.9,15900133,7674329
2020-08-18,51455651,350389,21695,5.9,16032616,7774092
2020-08-19,51592468,366203,22565,6.4,16032402,7852596
2020-08-20,52639340,432295,25051,6.8,15794864,7685747
2020-08-21,52337259,325052,25059,5.8,15766837,7710580
2020-08-24,51714507,392457,19499,6.0,15726699,7712160
2020-08-25,51737707,280646,17710,4.5,15639371,7641320
2020-08-26,52316788,236367,11868,4.2,15705646,7686737
2020-08-27,53878037,243234,10247,4.3,15878468,7770529
2020-08-28,54756126,276720,12824,5.3,16129883,7886560
2020-08-31,60526989,300440,17468,6.3,16215052,7905165
2020-09-01,59556306,284581,17154,5.7,16272830,7965359
2020-09-02,48625698,324260,13909,4.9,16555494,8196804
2020-09-03,47396397,303907,16455,5.1,16681901,8272257
2020-09-04,63258152,267080,16724,5.5,16807937,8339386
2020-09-07,63100956,280662,17248,6.5,16954815,8441476
2020-09-08,59426245,292891,18463,6.6,16920201,8470106
2020-09-09,57224347,332069,19634,6.7,17064588,8540578
2020-09-10,57402133,384865,24166,7.3,17212114,8618706
2020-09-11,56400312,370233,21983,5.7,17337903,8698199
2020-09-14,56403371,307203,15510,4.2,17447700,8739381
2020-09-15,56692063,296343,14542,4.7,17568429,8765831
2020-09-16,55374237,301362,16197,5.5,17758971,8843568
2020-09-17,55662993,267638,15311,5.1,17902311,8911459
2020-09-18,54875043,258190,17261,6.4,17819113,8864810
2020-09-21,54778045,312341,18921,7.3,17685994,8809995
2020-09-22,55643949,273978,19250,6.2,17656834,8800586
2020-09-23,55951290,361839,30272,11.0,17366059,8635684
2020-09-24,55276948,433806,28226,7.8,17246673,8593285
2020-09-25,55656809,333617,28565,6.6,17062500,8495000
2020-09-28,54818653,357010,20944,6.3,16647762,8278141
2020-09-29,53880132,296077,20024,5.6,16350517,8130867
2020-10-05,58031287,240548,15046,5.1,16393484,8127818
2020-10-06,49194971,215420,15070,6.3,16504366,8173863
2020-10-07,47733013,255070,11001,5.1,16604514,8218684
2020-10-08,54215963,278950,13092,5.1,16695026,8252884
2020-10-12,55753846,258493,15162,5.4,16883772,8345772
2020-10-13,55543161,263752,15088,5.8,17068390,8438455
2020-10-14,54343829,293588,18404,7.0,17210599,8497169
2020-10-15,54710816,307509,18740,6.4,17324552,8524655
2020-10-16,54009503,313316,21811,7.1,17377687,8534413
2020-10-19,52726363,368562,20903,6.7,17242556,8465206
2020-10-20,52808296,352696,24271,6.6,17082727,8384223
2020-10-21,55221603,328511,20210,5.7,16941214,8301852
2020-10-22,55489415,306036,20535,6.3,16827580,8250315
2020-10-23,55143208,270469,18806,6.1,16893825,8290387
2020-10-26,53003578,264379,22395,8.3,16860047,8285910
2020-10-27,52967271,240574,20630,7.8,16802834,8280291
2020-10-28,53140057,347149,18663,7.8,16593264,8213740
2020-10-29,53708695,273918,19051,5.5,16416295,8169019
2020-10-30,55039833,225941,13790,5.0,16429418,8196845
2020-11-02,53345221,224715,15285,6.8,16560446,8304168
2020-11-03,52495970,244549,14908,6.6,16610095,8316579
2020-11-04,51419028,212892,12965,5.3,16528662,8263877
2020-11-05,51144068,176835,10488,4.9,16552389,8261745
2020-11-06,51899035,214014,10700,6.1,16679975,8342160
2020-11-09,54410060,204802,11580,5.4,16679074,8294722
2020-11-10,54696303,233617,14553,7.1,16852798,8331880
2020-11-11,55462204,236114,15344,6.6,16968506,8403434
2020-11-12,56493158,281608,18213,7.7,17197501,8558568
2020-11-13,56678158,323205,25605,9.1,17173259,8520563
2020-11-16,62839775,320588,22254,6.9,17241281,8588365
2020-11-17,63107868,285342,16419,5.1,17244112,8598677
2020-11-18,65135977,327271,16777,5.9,17374217,8716094
2020-11-19,63405067,307482,15232,4.7,17388376,8729590
2020-11-20,62994794,295226,21728,7.1,17382266,8742485
2020-11-23,58447776,272290,16096,5.5,17597514,8840327
2020-11-24,60093080,256329,15426,5.7,17673843,8894901
2020-11-25,61646033,270118,14241,5.6,17799285,8947463
2020-11-26,63234871,405247,16489,6.1,17805936,8961411
2020-11-27,62956712,404357,22930,5.7,17868832,8996285
2020-11-30,61587622,358741,19348,4.8,17940139,9072684
2020-12-01,62519095,264109,16106,4.5,18027477,9144550
2020-12-02,61367013,295224,15615,5.9,18275039,9303999
2020-12-03,59514033,260644,16707,5.7,18382247,9341345
2020-12-04,60805218,264759,14619,5.6,18509988,9384700
2020-12-07,62815222,303717,18524,7.0,18573426,9412038
2020-12-08,62346801,292512,16353,5.4,18530688,9354462
2020-12-09,61034870,312080,17917,6.1,18633020,9425706
2020-12-10,61951461,381294,18922,6.1,18703568,9443662
2020-12-11,61362112,313756,18535,4.9,18848687,9500987
2020-12-14,61280738,276714,19207,6.1,19004198,9614375
2020-12-15,60614157,284491,12773,4.6,19124125,9669194
2020-12-16,60245056,302996,18173,6.4,19246932,9761707
2020-12-17,61471051,300133,16750,5.5,19323325,9779870
2020-12-18,60886405,266502,14205,4.7,19423798,9821231
2020-12-21,61344567,253690,13643,5.1,19392421,9790535
2020-12-22,63194609,284820,17593,6.9,19432606,9819962
2020-12-23,63326662,346860,22336,7.8,19403857,9778989
2020-12-24,62307913,392347,24454,7.1,19453603,9766850
2020-12-28,64040879,430933,25916,6.6,19340097,9718782
2020-12-29,65520242,380554,25841,6.0,19212869,9633490
2020-12-30,65623355,492117,5926,1.6,19229664,9616509
2020-12-31,65522730,485473,11179,2.3,19221357,9612222
2021-01-04,68287310,352279,19612,4.0,19352288,9704993
2021-01-05,69440946,276931,16160,4.6,19624196,9819434
2021-01-06,68031235,365818,16145,5.8,19955656,10038805
2021-01-07,69271894,381522,18997,5.2,20122262,10131926
2021-01-08,67547418,445648,23351,6.1,20322133,10275702
2021-01-11,72321200,392841,22090,5.0,20511099,10370667
2021-01-12,74455938,434822,21049,5.4,20787198,10546554
2021-01-13,70139674,552933,29577,6.8,20980012,10755824
2021-01-14,67823601,560190,38712,7.0,21282624,11009321
2021-01-15,68163871,431396,23142,4.1,21296255,11033406
2021-01-18,68833523,418472,25276,5.9,21346534,11061810
2021-01-19,67152120,446879,32618,7.8,21263717,11039067
2021-01-20,67275673,483564,22213,5.0,21030412,10938733
2021-01-21,67836867,349619,21219,4.4,21079439,10977889
2021-01-22,68308228,333844,15267,4.4,21445981,11271326
2021-01-25,68474407,301654,18714,5.6,21633107,11369969
2021-01-26,69126504,332074,15008,5.0,21574401,11343477
2021-01-27,70220220,339776,25905,7.8,21376968,11205593
2021-01-28,68329025,395791,25248,7.4,21244438,11142352
2021-01-29,68017176,389939,28503,7.2,21013879,10995791
2021-02-01,68291157,401344,32234,8.3,20596405,10769771
2021-02-02,66064954,552803,24622,6.1,19989535,10422508
2021-02-03,65299400,313972,16825,3.0,20152598,10579583
2021-02-04,66007149,265046,15128,4.8,20262871,10636204
2021-02-05,65994281,286259,15256,5.8,20985698,11137555
2021-02-08,65344405,311595,15818,5.5,21583304,11603990
2021-02-09,65248855,298312,17623,5.7,21631413,11598320
2021-02-10,63826217,350979,26445,8.9,21635413,11612796
2021-02-15,64861364,353999,18157,5.2,21662791,11626814
2021-02-16,64788805,306264,15720,4.4,21704333,11657095
2021-02-17,64806559,382642,14537,4.7,21822035,11727185
2021-02-18,66091503,433312,22825,6.0,21902600,11765052
2021-02-19,65013587,445718,28533,6.6,22223258,12017421
2021-02-22,65077124,462641,30193,6.8,22216174,12014999
2021-02-23,64689974,382788,28049,6.1,22152314,11984983
2021-02-24,64363327,435854,25043,6.5,21948783,11873145
2021-02-25,65017145,409386,30076,6.9,21724162,11772797
2021-02-26,63858500,456502,29337,7.2,21179639,11438232
2021-03-02,66901979,311202,24689,5.4,21270051,11501752
2021-03-03,63125559,363525,22537,7.2,21383550,11675755
2021-03-04,62200196,334640,20564,5.7,21302443,11629327
2021-03-05,62440696,275505,21876,6.5,21322788,11621989
2021-03-08,67732469,307917,19909,7.2,21469679,11750194
2021-03-09,68099688,304318,24593,8.0,21444634,11755693
2021-03-10,60402815,403182,29648,9.7,21318531,11691975
2021-03-11,57637180,405597,35130,8.7,21347571,11775990
2021-03-12,64101351,361080,16481,4.1,21229942,11683996
2021-03-15,66273399,267284,14207,3.9,21141826,11619610
2021-03-16,65898996,238393,12987,4.9,21130800,11601101
2021-03-17,63225072,231028,12456,5.2,21242772,11679650
2021-03-18,64171190,224987,11423,4.9,21331119,11725055
2021-03-19,63476696,221784,13436,6.0,21658610,11958213
2021-03-22,63840335,228434,14087,6.4,21793730,12022670
2021-03-23,63223149,249384,17299,7.6,21978891,12183423
2021-03-24,61340819,283978,26502,10.6,22116807,12260283
2021-03-25,62450911,335726,21442,7.6,22093377,12243516
2021-03-26,63500276,315587,20781,6.2,22160828,12295133
2021-03-29,63480904,285071,20043,6.4,22238838,12325627
2021-03-30,63537107,269835,15089,5.3,22222592,12301340
2021-03-31,62622495,326342,15650,5.8,22235476,12309180
2021-04-01,65712645,295514,15998,4.9,22200167,12282020
2021-04-02,65395782,277110,15345,5.2,22259753,12333632
2021-04-05,63793750,298425,16920,6.1,22194386,12285581
2021-04-06,63594324,265433,16680,5.6,22163483,12235520
2021-04-07,63735190,279596,17706,6.7,22206980,12252867
2021-04-08,64149969,307107,16090,5.8,22164531,12200606
2021-04-09,64716571,300365,21146,6.9,22156032,12186582
2021-04-12,63949567,292414,15459,5.1,22235845,12239000
2021-04-13,63601860,302717,21101,7.2,22278534,12252524
2021-04-14,63017243,326011,17301,5.7,22384179,12303063
2021-04-15,65653778,303719,17163,5.3,22421043,12300722
2021-04-16,67001444,281692,21972,7.2,22455611,12308495
2021-04-19,69183003,299567,17800,6.3,22541610,12330652
2021-04-20,65681400,273324,18573,6.2,22904590,12564616
2021-04-21,67125102,282646,13950,5.1,23090501,12669844
2021-04-22,69417226,264819,16237,5.7,23199424,12690322
2021-04-23,67687651,317994,18484,7.0,23376887,12839500
2021-04-26,68602132,318215,19023,6.0,23375883,12839405
2021-04-27,69992209,282069,27911,8.8,23374934,12834898
2021-04-28,73595861,277460,19181,6.8,23450995,12895357
2021-04-29,59484173,326955,19407,7.0,23545395,12968919
2021-04-30,58416679,392750,25543,7.8,23374796,12877528
2021-05-03,77901845,358975,29678,7.6,23207071,12766155
2021-05-04,73923848,372197,26804,7.5,23054668,12681636
2021-05-06,72058521,380959,23756,6.4,22818405,12542924
2021-05-07,67961200,297571,19002,5.0,22611400,12434073
2021-05-10,67766633,277383,16420,5.5,22781825,12549600
2021-05-11,69159957,259946,17131,6.2,22922181,12648770
2021-05-12,71596438,255214,15799,6.1,23071504,12735925
2021-05-13,71060750,371630,30289,11.9,23420100,13005600
2021-05-14,66614908,476790,36020,9.7,23362263,13010439
2021-05-17,65439078,477880,32320,6.8,23261661,12967069
2021-05-18,65976490,354375,26616,5.6,23191411,12926744
2021-05-20,64462516,333942,28360,8.0,23228305,12960927
2021-05-21,64777065,277029,29160,8.7,23152896,12909392
2021-05-24,63876506,270578,20663,7.5,23189845,12946222
2021-05-25,63560483,308157,32426,12.0,23108295,12890759
2021-05-26,62925819,322515,22083,7.2,22921540,12780780
2021-05-27,63264948,264273,27305,8.5,22986929,12817972
2021-05-28,64365811,256345,15262,5.8,23119818,12889597
2021-05-31,64073702,276953,14544,5.7,23174810,12908115
2021-06-01,66614093,222025,16984,6.1,23200434,12900456
2021-06-02,65825427,234940,17844,8.0,23308023,12971625
2021-06-03,64814895,244746,19496,8.3,23281532,12923240
2021-06-04,64169063,267162,13402,5.5,23451900,13050848
2021-06-07,66621793,258304,15947,6.0,23575951,13118422
2021-06-08,67124997,258169,22695,8.8,23665623,13172943
2021-06-09,65057558,271286,16560,6.4,23747298,13220231
2021-06-10,67130524,268250,16797,6.2,23660630,13171082
2021-06-11,66615764,311587,20289,7.6,23563962,13089462
2021-06-14,66887441,291791,16219,5.2,23499310,13060479
2021-06-15,67476318,249816,16409,5.6,23498832,13030765
2021-06-16,67036647,268318,16169,6.5,23494332,13034842
2021-06-17,67069814,266053,17084,6.4,23546482,13038845
2021-06-18,67025724,261577,18492,7.0,23601994,13081850
2021-06-21,67946774,253325,22206,8.5,23644811,13115305
2021-06-22,67413301,259813,22303,8.8,23719033,13181294
2021-06-23,66060146,309929,20327,7.8,23692760,13162460
2021-06-24,66624409,312502,18976,6.1,23733047,13167450
2021-06-25,67049902,351338,20309,6.5,23789142,13188829
2021-06-28,67677829,368250,23184,6.6,23849446,13226876
2021-06-29,67877006,296162,28339,7.7,23777511,13137142
2021-06-30,66132831,285427,22089,7.5,23831339,13168313
2021-07-01,69119118,293096,18278,6.4,24181595,13386091
2021-07-02,66961614,264505,18747,6.4,24302284,13450893
2021-07-05,67876522,282531,14561,5.5,24445239,13538474
2021-07-06,66735911,275327,16101,5.7,24533546,13605224
2021-07-07,67900212,285743,17229,6.3,24584072,13634584
2021-07-08,69441988,308422,18596,6.5,24597762,13605252
2021-07-09,66540506,328736,18226,5.9,24614273,13624727
2021-07-12,65093801,346781,23626,7.2,24536954,13554418
2021-07-13,68415480,379187,22446,6.5,24482559,13549162
2021-07-14,66497430,329017,20368,5.4,24476658,13534076
2021-07-15,69318414,374393,15429,4.7,24535029,13527985
2021-07-16,68902473,392395,19903,5.3,24670163,13618679
2021-07-19,68141977,415013,16875,4.3,24771342,13663649
2021-07-20,67796611,301128,25389,6.1,24730390,13632058
2021-07-21,67942985,335508,18105,6.0,24718434,13640762
2021-07-22,68073388,337834,20045,6.0,24620008,13583437
2021-07-23,67797427,357168,19820,5.9,24648295,13571776
2021-07-26,71664635,298904,18209,5.1,24584625,13525453
2021-07-27,63070898,273490,17335,5.8,24600173,13518061
2021-07-28,66012657,324547,20153,7.4,24596804,13516577
2021-07-29,75167523,307345,21094,6.5,24548178,13469764
2021-07-30,67256135,314949,19309,6.3,24453486,13410691
2021-08-02,69650449,295370,15370,4.9,24446487,13403042
2021-08-03,69879690,296180,19460,6.6,24368595,13370940
2021-08-04,70049861,293602,15123,5.1,24281884,13300789
2021-08-05,69977077,293942,19693,6.7,24215780,13245133
2021-08-06,68807417,270560,18749,6.4,24162399,13170546
2021-08-09,71582436,243445,14850,5.5,24438735,13325915
2021-08-10,66799689,250571,18008,7.4,24659764,13443268
2021-08-11,66687234,346343,22472,9.0,24892165,13562405
2021-08-12,74201625,435043,23844,6.9,24955770,13600731
2021-08-13,71986883,390327,33667,7.7,25095596,13703405
2021-08-17,70123050,398726,31869,8.2,25471210,13936664
2021-08-18,70837833,391386,37007,9.3,25611163,14068634
2021-08-19,69876183,444239,42170,10.8,25365647,13915041
2021-08-20,69649977,359175,28908,6.5,25195666,13822522
2021-08-23,69389482,426467,37688,10.5,25067634,13748793
2021-08-24,68843827,460895,22803,5.3,24578003,13475901
2021-08-25,63585614,377156,17271,3.7,24454159,13414752
2021-08-26,64194961,282301,16166,4.3,24457367,13366287
2021-08-27,71284264,254276,15880,5.6,24676283,13436649
2021-08-30,70726855,281732,15980,6.3,24821640,13516394
2021-08-31,69595257,266651,15313,5.4,24920586,13560413
2021-09-01,67416329,278476,12625,4.7,25035680,13632462
2021-09-02,69637922,263024,11274,4.0,25022853,13578649
2021-09-03,69750220,255272,13499,5.1,25140378,13631146
2021-09-06,69590577,278547,16904,6.6,25310527,13748305
2021-09-07,69387124,245641,17605,6.3,25360955,13746922
2021-09-08,61093215,262510,14292,5.8,25417204,13766007
2021-09-09,61002839,275244,14372,5.5,25575066,13873906
2021-09-10,73341921,307101,22594,8.2,25574883,13868919
2021-09-13,70411447,322052,16432,5.4,25654021,13978781
2021-09-14,68555850,261164,17791,5.5,25590363,13927495
2021-09-15,65623666,281581,16052,6.1,25528134,13882859
2021-09-16,68917431,258844,14347,5.1,25456203,13814222
2021-09-17,69362634,228956,14159,5.5,25385292,13778377
2021-09-23,69488232,235610,14177,6.2,25353582,13773643
2021-09-24,67822818,210827,16224,6.9,25283980,13753441
2021-09-27,68621851,268655,15388,7.3,25148681,13683739
2021-09-28,68444282,329927,20890,7.8,25047389,13621950
2021-09-29,66952779,345242,25587,7.8,24985917,13577708
2021-09-30,68346305,390673,31600,9.2,24839347,13521609
2021-10-01,69774635,390639,24787,6.3,24583790,13414966
2021-10-05,70879365,347582,23317,6.0,24480696,13344231
2021-10-06,70084177,362786,39385,11.3,24104167,13145765
2021-10-07,67660498,425004,34417,9.5,23642581,12915060
2021-10-08,66221653,498593,26321,6.2,23035479,12587651
2021-10-12,67065945,389833,23999,4.8,22806895,12460712
2021-10-13,65138642,320827,22105,5.7,22897012,12488309
2021-10-14,65549774,312641,18377,5.7,23053869,12614451
2021-10-15,67842638,253265,16642,5.3,23068727,12625333
2021-10-18,66981872,215627,11149,4.4,23228797,12718277
2021-10-19,67858711,218393,13644,6.3,23400028,12778896
2021-10-20,65616903,243618,13247,6.1,23586306,12897770
2021-10-21,66553014,236513,15621,6.4,23694826,12923943
2021-10-22,64338972,252236,17344,7.3,23792347,12945036
2021-10-25,63456270,244773,15963,6.3,23814096,12934199
2021-10-26,64992844,199498,14402,5.9,23807091,12923772
2021-10-27,67655407,206108,9794,4.9,23866013,12955707
2021-10-28,67947057,203471,10562,5.1,23901726,12951747
2021-10-29,66730533,231058,13096,6.4,24031375,13039442
2021-11-01,66848167,257339,15244,6.6,24027491,13042899
2021-11-02,63436145,283987,17500,6.8,24017293,13057278
2021-11-03,63940733,271545,12866,4.5,23912168,12962094
2021-11-04,67120363,258593,16086,5.9,23895532,12893610
2021-11-05,65009996,286282,16589,6.4,24029192,12985283
2021-11-08,65833716,308010,19141,6.7,23887522,12916502
2021-11-09,65457841,291423,18707,6.1,23845711,12930255
2021-11-10,64656322,284919,15607,5.4,23857455,12946243
2021-11-11,67075141,291291,20382,7.2,23785205,12885260
2021-11-12,63531281,298718,22304,7.7,23645909,12804123
2021-11-15,64191164,646012,12992,4.3,23520807,12736559
2021-11-16,66381958,644543,16890,2.6,23449150,12651316
2021-11-17,66814292,273509,12817,2.0,23498514,12666175
2021-11-18,66354660,274676,15866,5.8,23593283,12699121
2021-11-19,66080807,315999,16923,6.2,23669913,12724451
2021-11-22,65096425,297067,14229,4.5,23727238,12730088
2021-11-23,65245400,268379,18748,6.3,23697880,12704234
2021-11-24,64669998,321197,19507,7.3,23573751,12623095
2021-11-25,64176531,316163,19515,6.1,23483054,12608148
2021-11-26,64904507,274195,17393,5.5,23587909,12660924
2021-11-29,67010795,274651,16198,5.9,23660985,12687009
2021-11-30,65982417,323269,19560,7.1,23452952,12575931
2021-12-01,67393273,305741,26630,8.2,23123702,12348004
2021-12-02,67279748,339450,21912,7.2,22747343,12117083
2021-12-03,64244429,266181,18944,5.6,22549889,11997217
2021-12-06,64278940,243776,14720,5.5,22494713,11956541
2021-12-07,64455624,194552,17800,7.3,22551210,11991179
2021-12-08,63039270,210591,12029,6.2,22706533,12068215
2021-12-09,63548376,215300,10866,5.2,22802418,12132685
2021-12-10,63528402,218161,11078,5.1,22846417,12118299
2021-12-13,64477308,189921,10539,4.8,22909187,12100935
2021-12-14,64062523,202819,14798,7.8,23085989,12161409
2021-12-15,63562165,228930,18056,8.9,23117514,12144011
2021-12-16,63595935,232620,14270,6.2,23152454,12187843
2021-12-17,62840779,231567,13359,5.7,23218882,12236225
2021-12-20,63518990,235973,13219,5.7,23267297,12238146
2021-12-21,63476579,228448,18248,7.7,23209709,12197981
2021-12-22,62203731,267721,14724,6.4,23235946,12257653
2021-12-23,63346263,248440,18190,6.8,23186091,12219912
2021-12-24,62775831,235587,15326,6.2,23168552,12185136
2021-12-27,64471260,229267,12172,5.2,23132544,12158952
2021-12-28,66201003,217611,15892,6.9,23093351,12111776
2021-12-29,68001509,239217,13772,6.3,23148833,12125530
2021-12-30,69653452,324104,6167,2.6,23097232,12055232
2021-12-31,67530709,321040,7917,2.4,23088636,12050221
2022-01-03,71732752,271705,16868,5.3,23328429,12127414
2022-01-04,66570238,224259,21079,7.8,23419619,12175889
2022-01-05,68986142,258912,17434,7.8,23509968,12194716
2022-01-06,67356392,273149,19603,7.6,23714954,12319329
2022-01-07,65204675,391436,23179,8.5,23810574,12400119
2022-01-10,64432523,435211,24129,6.2,23533304,12281537
2022-01-11,64664255,313173,31371,7.2,23518198,12257587
2022-01-12,64603307,297721,18595,5.9,23650966,12340602
2022-01-13,64095437,283239,14678,4.9,23501679,12267449
2022-01-14,65340148,231440,13292,4.7,23483136,12218831
2022-01-17,74258907,250120,17280,7.5,23563629,12241326
2022-01-18,70386261,273363,22112,8.8,23569248,12303746
2022-01-19,54020017,295783,24320,8.9,23431541,12258738
2022-01-20,53805640,297427,22351,7.6,23171662,12140197
2022-01-21,74041033,274025,18031,6.1,22947376,12020913
2022-01-24,71396332,229248,13209,4.8,22914746,12034229
2022-01-25,69545650,246795,21501,9.4,22798985,11964333
2022-01-26,71467317,273121,28946,11.7,22523668,11806290
2022-01-27,75107298,331873,22497,8.2,22004783,11564647
2022-01-28,70344739,302391,21837,6.6,21672907,11402456
2022-02-03,68709856,357706,20833,6.9,21338454,11264984
2022-02-04,66665833,284716,15555,4.3,21039007,11113785
2022-02-07,66809711,259539,14436,5.1,21043823,11108241
2022-02-08,66630294,234976,21795,8.4,21217966,11200992
2022-02-09,64001500,260074,15240,6.5,21470552,11344767
2022-02-10,63695941,255533,15156,5.8,21502782,11332070
2022-02-11,64101070,230470,14954,5.9,21547518,11342377
2022-02-14,65462338,253443,18332,8.0,21591794,11350318
2022-02-15,64558442,245570,27026,10.7,21434887,11289407
2022-02-16,63485069,242028,18893,7.7,21126391,11154822
2022-02-17,63394807,239787,13597,5.6,20809249,11006546
2022-02-18,62500536,190785,11045,4.6,20741207,10965814
2022-02-21,62473107,190013,12498,6.6,20725079,10903614
2022-02-22,63703239,176562,13516,7.1,20793075,10949855
2022-02-23,63142653,174236,11094,6.3,20893038,11006491
2022-02-24,65273348,201435,9434,5.4,20885110,11031413
2022-02-25,64992976,200702,12177,6.0,20954940,11082929
2022-02-28,63425412,248018,12511,6.2,20896955,11079456
2022-03-02,64362825,219198,13421,5.4,20813376,11032679
2022-03-03,64262947,211702,12367,5.6,20835203,11046603
2022-03-04,63036901,202409,12274,5.8,20990852,11152215
2022-03-07,65862910,198930,12728,6.3,21105441,11184605
2022-03-08,64383198,217043,16821,8.5,21387164,11351841
2022-03-10,63137174,230025,18926,8.7,21454023,11459121
2022-03-11,62500894,243302,12513,5.4,21389889,11427829
2022-03-14,63014012,222224,25595,10.5,21308276,11373904
2022-03-15,62711887,242937,18045,8.1,21427883,11464926
2022-03-16,60971684,286832,17461,7.2,21547021,11519665
2022-03-17,61063867,293621,14698,5.1,21475271,11480182
2022-03-18,61449166,233271,11334,3.9,21479837,11474401
2022-03-21,62786607,216333,11261,4.8,21433493,11404150
2022-03-22,62328631,213715,11604,5.4,21530209,11448115
2022-03-23,61585148,229420,14782,6.9,21656751,11533950
2022-03-24,63342247,206820,9551,4.2,21679863,11533463
2022-03-25,62977170,227615,12106,5.9,21741598,11545062
2022-03-28,63856368,259303,16094,7.1,21880133,11649296
2022-03-29,63191055,271816,17815,6.9,21983613,11719038
2022-03-30,62820718,234092,15454,5.7,22069590,11737201
2022-03-31,63282649,217347,15593,6.7,22042773,11726009
2022-04-01,66805147,220500,16733,7.7,22019164,11684528
2022-04-04,65850301,205983,13722,6.2,22045489,11664937
2022-04-05,62245024,194796,14245,6.9,22158391,11737710
2022-04-06,62482538,190994,12082,6.2,22187053,11742571
2022-04-07,63666807,203008,14234,7.5,22258795,11791381
2022-04-08,61892845,229912,15264,7.5,22329923,11832408
2022-04-11,61636019,266807,16110,7.0,22336306,11850293
2022-04-12,62068182,244874,17939,6.7,22281005,11836172
2022-04-13,61577765,237855,18490,7.6,22299814,11839882
2022-04-14,62714026,218016,15478,6.5,22234523,11833922
2022-04-15,61797281,190364,11902,5.5,22206741,11784786
2022-04-18,62471946,203435,12994,6.8,22289037,11822313
2022-04-19,61068718,201064,15992,7.9,22362495,11883173
2022-04-20,60401148,211416,12636,6.3,22346500,11882687
2022-04-21,61748679,200152,11604,5.5,22330790,11888089
2022-04-22,62860077,211964,13413,6.7,22397774,11921590
2022-04-25,63861427,207675,16174,7.6,22375257,11880530
2022-04-26,65573680,216438,20694,10.0,22460483,11946382
2022-04-27,64856018,277300,20483,9.5,22336199,11899416
2022-04-28,62922937,302831,19542,7.0,22296373,11890269
2022-04-29,61406227,265888,17646,5.8,22261673,11885863
2022-05-02,61799037,298577,16653,6.3,22205399,11861981
2022-05-03,62164776,227362,14100,4.7,22182399,11842385
2022-05-04,63327407,211290,16779,7.4,22262456,11897800
2022-05-06,60390774,204986,14814,7.0,22299126,11922670
2022-05-09,61806326,212152,18188,8.9,22336606,11936163
2022-05-10,61585587,234806,23822,11.2,22267353,11920922
2022-05-11,59903794,263976,23487,10.0,22028053,11826079
2022-05-12,60324784,251846,20764,7.9,21824778,11748172
2022-05-13,59966474,219861,17807,7.1,21841090,11789749
2022-05-16,59088976,260671,19378,8.8,21678767,11691337
2022-05-17,60507692,224554,17439,6.7,21490694,11573312
2022-05-18,59190472,225766,12884,5.7,21516951,11573160
2022-05-19,59763779,197418,13797,6.1,21553691,11589087
2022-05-20,59601606,190410,16969,8.6,21625820,11601277
2022-05-23,58664624,192631,12123,6.4,21645776,11612718
2022-05-24,59360171,175113,14750,7.7,21587710,11540996
2022-05-25,59213827,205686,14587,8.3,21665118,11547537
2022-05-26,58853487,246195,19166,9.3,21665154,11545951
2022-05-27,58483442,229739,14373,5.8,21607210,11508680
2022-05-30,58347956,235311,12208,5.3,21624695,11514613
2022-05-31,57567121,184152,11955,5.1,21564642,11428017
2022-06-02,61632133,184561,12779,6.9,21531304,11372768
2022-06-03,58652561,186087,13496,7.3,21575125,11368465
2022-06-07,57786622,190668,13611,7.3,21711107,11473724
2022-06-08,57517433,201817,16940,8.9,21643371,11407057
2022-06-09,56997080,233544,17198,8.5,21713490,11486635
2022-06-10,57304446,246250,17415,7.5,21639268,11447891
2022-06-13,59081006,255179,16589,6.7,21619749,11443889
2022-06-14,58736577,240164,26034,10.2,21608580,11473743
2022-06-15,57976305,303247,31555,13.1,21144204,11241869
2022-06-16,57020681,287052,30269,10.0,20686265,11025062
2022-06-17,57173578,308510,26402,9.2,20357337,10857224
2022-06-20,57205553,253925,25606,8.3,20030041,10702065
2022-06-21,56962146,228199,26079,10.3,19854560,10607865
2022-06-22,56394590,264900,22875,10.0,19530818,10454875
2022-06-23,56988885,229819,17798,6.7,19216099,10313420
2022-06-24,57545975,253466,28977,12.6,18891898,10140864
2022-06-27,57433704,302108,20534,8.1,18044310,9716626
2022-06-28,58317467,216542,17630,5.8,17715553,9573192
2022-06-29,57357595,195484,20635,9.5,17752911,9573056
2022-06-30,57364879,183527,14893,7.6,17868304,9628880
2022-07-01,58738274,195322,15409,8.4,17989175,9716934
2022-07-04,57669333,229576,18770,9.6,17938978,9705861
2022-07-05,54924420,237143,22184,9.7,17763610,9621088
2022-07-06,55476484,239726,14236,6.0,17585926,9522216
2022-07-07,55008448,202399,13956,5.8,17494596,9472652
2022-07-08,54413712,212624,11596,5.7,17647338,9580983
2022-07-11,55232299,197738,11738,5.5,17650486,9549614
2022-07-12,55201581,189019,11266,5.7,17710299,9567337
2022-07-13,55794401,189461,12867,6.8,17818888,9616086
2022-07-14,55776736,214335,12635,6.7,17864833,9613411
2022-07-15,54478677,203017,14037,6.5,17849439,9586449
2022-07-18,54854275,192766,13707,6.8,17919285,9608793
2022-07-19,53495913,193758,11958,6.2,18005320,9626556
2022-07-20,53492205,183632,9988,5.2,18011795,9593521
2022-07-21,56072433,187034,11230,6.1,18146994,9653611
2022-07-22,55240621,211573,12521,6.7,18242032,9684155
2022-07-25,54732882,198360,12254,5.8,18272101,9665624
2022-07-26,54836689,204903,12924,6.5,18368908,9720848
2022-07-27,54664418,200477,13833,6.8,18381463,9704297
2022-07-28,53878529,196112,12228,6.1,18462659,9747928
2022-07-29,54259039,198850,10941,5.6,18561878,9817129
2022-08-01,55766400,228737,11652,5.9,18629993,9852750
2022-08-02,55109865,205878,12739,5.6,18643116,9844416
2022-08-03,56039313,220523,12980,6.3,18717412,9880985
2022-08-04,55172702,202677,11179,5.1,18839029,9928956
2022-08-05,53762864,177002,10683,5.3,18836376,9907623
2022-08-08,54234364,189077,9625,5.4,18946270,9963151
2022-08-09,54315521,175192,13315,7.0,18967829,9938398
2022-08-10,55493902,202104,11695,6.7,19093064,9985971
2022-08-11,54787341,209920,15340,7.6,19210997,10037079
2022-08-12,55313784,222697,14314,6.8,19326657,10090990
2022-08-16,56949814,201575,12124,5.4,19306626,10079844
2022-08-17,56003623,189261,10836,5.4,19376373,10108248
2022-08-18,55225231,176053,11063,5.8,19415177,10119500
2022-08-19,55227427,194467,11800,6.7,19458848,10128782
2022-08-22,54832341,199111,13951,7.2,19544968,10185282
2022-08-23,54835078,205347,15327,7.7,19531315,10168837
2022-08-24,54681388,217252,12469,6.1,19418527,10119872
2022-08-25,54299419,209451,11558,5.3,19305036,10088105
2022-08-26,54265009,192872,11269,5.4,19300069,10103301
2022-08-29,55170640,166656,10447,5.4,19338100,10146126
2022-08-30,54164214,184955,11429,6.9,19397498,10156323
2022-08-31,53063280,205319,15487,8.4,19346495,10175386
2022-09-01,55502204,194030,10964,5.3,19387812,10229925
2022-09-02,54712641,175330,11810,6.1,19428052,10236617
2022-09-05,52291191,219616,20338,11.6,19504650,10319173
2022-09-06,52042550,225127,18964,8.6,19458229,10314065
2022-09-07,51880259,222452,14909,6.6,19294761,10226910
2022-09-08,51704279,194840,16229,7.3,19262269,10230224
2022-09-13,51343413,207492,16408,8.4,19272864,10259069
2022-09-14,52229315,185642,14333,6.9,19202948,10223910
2022-09-15,52565826,181754,13005,7.0,19077042,10109761
2022-09-16,52096622,185384,14078,7.7,19188604,10163561
2022-09-19,51554544,204378,15381,8.3,19295046,10220472
2022-09-20,50830092,227339,22649,11.1,19258952,10200022
2022-09-21,50779327,243305,20315,8.9,19046770,10099575
2022-09-22,51525970,209469,15255,6.3,18913448,10032824
2022-09-23,51702027,195526,17929,8.6,18892818,10027870
2022-09-26,52043722,190009,18993,9.7,18776731,9988302
2022-09-27,51471212,226783,38274,20.1,18592848,9898062
2022-09-28,52567764,285674,29413,13.0,17909552,9562389
2022-09-29,51853916,380218,29846,10.4,17461184,9364631
2022-09-30,50852276,288657,32434,8.5,17164768,9217312
2022-10-04,51219497,226502,25942,9.0,16848300,9058777
2022-10-05,51191016,191454,20794,9.2,16613701,8931636
2022-10-06,51794190,181983,13982,7.3,16564059,8915468
2022-10-07,49304121,211941,13190,7.2,16690982,8973900
2022-10-11,51253087,174909,17406,8.2,16630623,8927146
2022-10-12,49647117,179190,20149,11.5,16628151,8907220
2022-10-13,50334659,193604,16451,9.2,16437449,8813814
2022-10-14,50388243,184780,17292,8.9,16270374,8728822
2022-10-17,49042314,211714,14987,8.1,16044694,8621074
2022-10-18,49069530,171711,13771,6.5,15962165,8576074
2022-10-19,48740901,160281,10677,6.2,16022454,8606583
2022-10-20,49158836,168215,10232,6.4,16117418,8628378
2022-10-21,48663843,178070,16071,9.6,16171616,8654491
2022-10-24,48291328,184580,15192,8.5,16257659,8706308
2022-10-25,47696674,167697,16413,8.9,16225053,8688015
2022-10-26,48465100,234050,10678,6.4,16142800,8661569
2022-10-27,50941774,184191,12544,5.4,16155635,8657578
2022-10-28,47672694,179344,10392,5.6,16156230,8640754
2022-10-31,48619094,165385,11252,6.3,16075686,8570354
2022-11-01,49846921,167847,11062,6.7,16104147,8585938
2022-11-02,50003562,164261,10948,6.5,16111596,8594966
2022-11-03,48817554,153887,10145,6.2,16115114,8618106
2022-11-04,48322517,164204,11162,7.3,16158220,8622471
2022-11-07,47455996,175680,12152,7.4,16290081,8727634
2022-11-08,46938585,174484,12262,7.0,16334254,8720638
2022-11-09,47535408,170986,9448,5.4,16353345,8728105
2022-11-10,49358915,152416,10492,6.1,16308811,8671595
2022-11-11,49008783,155015,9974,6.5,16341819,8637646
2022-11-14,49926241,173961,8979,5.8,16484209,8696304
2022-11-15,51032223,175675,10803,6.2,16420768,8646214
2022-11-16,50113946,192306,13182,7.5,16577275,8713267
2022-11-17,49751671,168183,10962,5.7,16704597,8838738
2022-11-18,49696439,181342,14824,8.8,16879353,8935195
2022-11-21,48425713,202936,14402,7.9,17011185,9010571
2022-11-22,47862224,186319,15838,7.8,17008772,8995049
2022-11-23,48415402,209686,12535,6.7,17007738,8989091
2022-11-24,47730960,220297,11169,5.3,17024872,9009073
2022-11-25,47826822,180481,10804,4.9,17023766,9030135
2022-11-28,49261218,154947,11112,6.2,17044250,9047163
2022-11-29,48237838,153878,13337,8.6,17085870,9057001
2022-11-30,46674550,174242,10111,6.6,17134051,9093792
2022-12-01,49654675,159257,10676,6.1,17095973,9057199
2022-12-02,48179977,151365,9868,6.2,17114273,9039166
2022-12-05,47353499,169105,10363,6.8,17137011,9062708
2022-12-06,46728307,196727,16637,9.8,17298472,9173793
2022-12-07,46009506,205200,16335,8.3,17346495,9231439
2022-12-08,46678649,194910,18778,9.2,17362742,9244127
2022-12-09,45745200,177527,13521,6.9,17335296,9238147
2022-12-12,46330547,176276,13826,7.8,17313237,9245175
2022-12-13,45963736,172224,14177,8.0,17177454,9140402
2022-12-14,46329601,171016,13265,7.7,17186985,9151121
2022-12-15,45213814,167845,11257,6.6,17190258,9161363
2022-12-16,46118819,156843,10757,6.4,17145631,9131520
2022-12-19,45131663,166676,13398,8.5,17235131,9193897
2022-12-20,45363369,159317,13994,8.4,17200640,9164215
2022-12-21,45318881,157726,13869,8.7,17210218,9169467
2022-12-22,44309165,172365,14302,9.1,17131497,9122316
2022-12-23,43902495,171314,11575,6.7,17075345,9106802
2022-12-26,47542604,154553,12266,7.2,16965981,9026292
2022-12-27,45718241,175308,17678,11.4,16875777,8962157
2022-12-28,46984411,172715,16439,9.4,16707097,8876504
2022-12-29,47046503,176659,10773,6.2,16528598,8763315
2022-12-30,46448436,176193,9650,5.5,16518648,8757709
2023-01-02,50833937,192960,19408,11.0,16531124,8774253
2023-01-03,48481080,212049,25027,13.0,16363193,8703528
2023-01-04,46368152,220991,21033,9.9,16120145,8584731
2023-01-05,44976584,205415,12975,5.9,15930721,8495597
2023-01-06,44147758,161653,19168,9.3,15888251,8445969
2023-01-09,43886394,167278,12400,7.7,15944623,8447158
2023-01-10,43692762,162285,10166,6.1,15911221,8407498
2023-01-11,44352629,144568,9224,5.7,15810249,8273092
2023-01-12,45245665,167184,9284,6.4,15898255,8279231
2023-01-13,45600919,147090,9185,5.5,15892806,8277407
2023-01-16,45611714,155145,9589,6.5,15982012,8317573
2023-01-17,45245575,142633,11015,7.1,15988999,8283035
2023-01-18,45653317,161426,10458,7.3,16018218,8279019
2023-01-19,44566703,178760,11594,7.2,16089327,8304533
2023-01-20,44159948,188344,14012,7.8,16138275,8331672
2023-01-25,45026427,169136,11118,5.9,16135544,8319966
2023-01-26,45767466,154754,9499,5.6,16118704,8279852
2023-01-27,47229225,162035,8137,5.3,16091337,8259842
2023-01-30,47123582,183606,9053,5.6,16099786,8231160
2023-01-31,49274947,183722,11336,6.2,16094408,8176539
2023-02-01,51521791,212258,14141,7.7,16253586,8286862
2023-02-02,46459606,217782,10158,4.8,16348403,8351784
2023-02-03,47746814,210379,11379,5.2,16361368,8369013
2023-02-06,47380232,181450,10565,5.0,16426136,8390875
2023-02-07,48161001,162339,11564,6.4,16452740,8359178
2023-02-08,46727301,185818,9205,5.7,16625379,8472581
2023-02-09,47862313,182768,10917,5.9,16715548,8537952
2023-02-10,47084169,177813,10059,5.5,16792153,8544226
2023-02-13,47625352,185365,12945,7.3,16969041,8615561
2023-02-14,48019527,200063,13615,7.3,17120952,8692633
2023-02-15,47437046,203422,12943,6.5,17189102,8732042
2023-02-16,47733228,170320,11778,5.8,17142333,8689457
2023-02-17,45886568,217424,12147,7.1,17316884,8798839
2023-02-20,46860104,185047,12064,5.5,17222068,8742770
2023-02-21,46199830,182739,12748,6.9,17362177,8800511
2023-02-22,47643368,169024,10779,5.9,17418153,8840472
2023-02-23,46877879,169662,18867,11.2,17540081,8868323
2023-02-24,46665038,190204,10992,6.5,17716154,8972045
2023-02-27,47382594,189750,10746,5.6,17712291,8947940
2023-02-28,47739760,163712,12525,6.6,17761244,8959082
2023-03-02,48526247,169642,22411,13.7,17812457,9002552
2023-03-03,45646459,174014,17533,10.3,17787710,8965707
2023-03-06,48327842,186626,18114,10.4,17862774,8964255
2023-03-07,49588452,182219,26608,14.3,17889930,8981893
2023-03-08,48911904,184743,18929,10.4,17999914,8978232
2023-03-09,49880760,204949,22886,12.4,18126053,9060893
2023-03-10,48325432,240236,23202,11.3,18338677,9207576
2023-03-13,47508462,296630,30121,12.5,18347660,9193778
2023-03-14,48076743,266693,26838,9.0,18263407,9164644
2023-03-15,48735233,208555,25060,9.4,18094700,9092063
2023-03-16,46392372,240334,23883,11.5,17934572,9015526
2023-03-17,46325469,198716,22270,9.3,17823975,8952402
2023-03-20,46252699,194685,19080,9.6,17966348,9006268
2023-03-21,47224473,206490,23730,12.2,17947307,8986430
2023-03-22,46332587,238809,20946,10.1,18069027,9000306
2023-03-23,47430769,194521,21692,9.1,18175106,9050676
2023-03-24,48640046,188776,20777,10.7,18220352,9039890
2023-03-27,50544597,232031,24228,12.8,18274079,9031788
2023-03-28,49230204,208631,25919,11.2,18408545,9065458
2023-03-29,48314836,210992,24164,11.6,18548983,9096747
2023-03-30,48687115,201565,26579,12.6,18583772,9073018
2023-03-31,50601820,185122,30768,15.3,18694062,9074207
2023-04-03,53050470,196014,13318,7.2,18769081,9096849
2023-04-04,50530732,211515,18633,9.5,18775466,9056425
2023-04-05,49118095,205995,13724,6.5,18977994,9184193
2023-04-06,50333107,210207,12751,6.2,19048679,9220316
2023-04-07,51022512,205384,19395,9.2,19219393,9289426
2023-04-10,49681868,243263,12398,6.0,19394554,9418106
2023-04-11,53157855,195791,13986,5.7,19434606,9423459
2023-04-12,52400871,203335,12154,6.2,19595143,9444699
2023-04-13,53610131,219688,16962,8.3,19593348,9451069
2023-04-14,52398732,254331,19089,8.7,19742505,9515459
2023-04-17,52883672,229005,12004,4.7,19794145,9521196
2023-04-18,53630412,192880,11591,5.1,19907010,9572938
2023-04-19,52093290,201216,11590,6.0,20136930,9743372
2023-04-20,52647865,227891,14251,7.1,20286314,9824549
2023-04-21,53200764,227446,15504,6.8,20401766,9863224
2023-04-24,53347497,239840,16064,7.1,20431902,9868829
2023-04-25,53771676,256854,19366,8.1,20240821,9766372
2023-04-26,53487909,271116,35074,13.7,20085663,9698326
2023-04-27,53492834,325682,26282,9.7,19778649,9572931
2023-04-28,53142048,343251,38951,12.0,19457779,9458494
2023-05-02,54242210,433423,56315,16.4,19136392,9212010
2023-05-03,51150174,534843,59719,13.8,18914913,9059730
2023-05-04,51997826,502915,53866,10.1,18794323,9005845
2023-05-08,50166032,510974,48043,9.6,18853337,9044909
2023-05-09,49562998,488446,49208,9.6,18852582,9068691
2023-05-10,50207652,508158,50752,10.4,18727392,8978403
2023-05-11,50152746,512755,50566,10.0,18657429,8949370
2023-05-12,50064301,490567,49587,9.7,18644875,8957925
2023-05-15,52149756,471069,51668,10.5,18564019,8931012
2023-05-16,49942274,468333,50372,10.7,18528968,8925938
2023-05-17,48937766,472744,45183,9.6,18386122,8865172
2023-05-18,49735914,492245,45415,9.6,18438460,8898401
2023-05-19,49756341,450907,44495,9.0,18427169,8893582
2023-05-22,49775301,502628,46312,10.3,18472420,8887717
2023-05-23,50588352,507040,44570,8.9,18429102,8843883
2023-05-24,51424645,552186,43701,8.6,18447742,8828771
2023-05-25,51026572,543650,43601,7.9,18499953,8835678
2023-05-26,51030305,450142,47383,8.7,18592380,8889735
2023-05-30,51658804,486912,50588,11.2,18662327,8948976
2023-05-31,51955273,465049,47574,9.8,18631509,8926546
2023-06-01,52734791,457070,46211,9.9,18596084,8909944
2023-06-02,50380224,454049,44288,9.7,18623839,8940872
2023-06-05,50027274,451141,45126,9.9,18687223,8995558
2023-06-07,50784730,447277,48144,10.7,18685133,8967657
2023-06-08,50923755,439803,43654,9.8,18746827,8985364
2023-06-09,51758161,462197,45564,10.4,18800482,8993373
2023-06-12,51641950,458090,43893,9.5,18910465,9052530
2023-06-13,52505561,445838,44717,9.8,18935574,9048314
2023-06-14,52819484,458532,45529,10.2,19070426,9142445
2023-06-15,54221095,478235,46968,10.2,19136966,9183295
2023-06-16,51905331,528797,48393,10.1,19149533,9187876
2023-06-19,51979275,565915,48229,9.1,19160378,9197013
2023-06-20,51825123,461508,48561,8.6,19190636,9265020
2023-06-21,51007147,486824,45871,9.9,19327416,9375280
2023-06-22,50523625,494599,49806,10.2,19428951,9465881
2023-06-23,50652871,505343,47980,9.7,19484994,9504295
2023-06-26,51123591,493926,51697,10.2,19462914,9500828
2023-06-27,51519172,405476,47248,9.6,19475562,9536266
2023-06-28,50915108,471703,46048,11.4,19436254,9529394
2023-06-29,50755817,473537,46270,9.8,19455179,9526753
2023-06-30,51844173,483839,46823,9.9,19400232,9507951
2023-07-03,55022585,466035,92858,19.2,19335782,9483962
2023-07-04,51316904,438089,97667,21.0,19284002,9464822
2023-07-05,51507237,439204,44068,10.1,19261451,9426130
2023-07-06,51246291,527240,49366,11.2,19333392,9467251
2023-07-07,50477477,524693,68355,13.0,19427985,9524185
2023-07-10,51665533,526321,49923,9.5,19393297,9545991
2023-07-11,50306268,514350,51066,9.7,19387078,9589046
2023-07-12,50470086,564449,48700,9.5,19351337,9600544
2023-07-13,53484752,540415,48984,8.7,19276995,9552958
2023-07-14,51112376,542538,49494,9.2,19360057,9580642
2023-07-17,50891958,505279,49154,9.1,19365741,9559973
2023-07-18,51413305,511215,49239,9.7,19451634,9579024
2023-07-19,50955105,537982,48434,9.5,19621415,9698846
2023-07-20,53287829,555612,50034,9.3,19733250,9794294
2023-07-21,54002394,547862,51358,9.2,19857521,9853081
2023-07-24,54153258,530992,48167,8.8,19940894,9884673
2023-07-25,55411910,524213,49517,9.3,20059696,9919761
2023-07-26,57787784,565566,49627,9.5,20117885,9978581
2023-07-27,58199075,592595,57534,10.2,20170517,10082565
2023-07-28,55729462,773363,68488,11.6,19967344,10117925
2023-07-31,55986565,729056,74298,9.6,19738339,10059280
2023-08-01,57160519,586271,54539,7.5,19786504,10126380
2023-08-02,55277709,540335,49951,8.5,20000061,10249203
2023-08-03,54862772,542788,57983,10.7,20193259,10315893
2023-08-04,54184394,595563,55175,10.2,20318813,10383133
2023-08-07,54351022,580983,54373,9.1,20344813,10464015
2023-08-08,53348991,547889,54015,9.3,20432262,10528278
2023-08-09,52716789,566433,53536,9.8,20373295,10479513
2023-08-10,52886570,554634,51140,9.0,20373838,10506458
2023-08-11,53213414,491393,49587,8.9,20343690,10511246
2023-08-14,53528137,511231,46440,9.5,20469697,10595048
2023-08-16,55680937,515057,54778,10.7,20504084,10607898
2023-08-17,53960447,516163,51781,10.1,20557264,10647240
2023-08-18,52594007,550284,51964,10.1,20438892,10592414
2023-08-21,52809909,581854,57268,10.4,20265086,10514828
2023-08-22,51751200,631683,52151,9.0,20188361,10477857
2023-08-23,51488702,561341,47638,7.5,20124629,10481408
2023-08-24,52067681,511770,48501,8.6,20019711,10431940
2023-08-25,51391325,514162,47212,9.2,20140439,10482502
2023-08-28,52743682,501561,50667,9.9,20123962,10457938
2023-08-29,51589797,508578,48203,9.6,20174253,10496903
2023-08-30,51489906,494968,46397,9.1,20178181,10504636
2023-08-31,51578854,491120,47995,9.7,20226086,10531635
2023-09-01,52846772,513859,47929,9.8,20265424,10546307
2023-09-04,52673236,566403,47486,9.2,20337756,10577140
2023-09-05,51301270,530351,50832,9.0,20388406,10595126
2023-09-06,51306663,516563,49181,9.3,20384683,10545990
2023-09-07,52480975,513051,48101,9.3,20430875,10555263
2023-09-08,51061465,523595,49434,9.6,20491168,10596658
2023-09-11,52005656,535300,54819,10.5,20444508,10569202
2023-09-12,51004963,524917,50948,9.5,20416156,10567249
2023-09-13,52158529,527784,51987,9.9,20459389,10601211
2023-09-14,52192526,567762,50386,9.5,20417607,10595419
2023-09-15,49306665,573613,51403,9.1,20278567,10515873
2023-09-18,50001401,503677,47256,8.2,20181167,10452782
2023-09-19,50681541,486013,51790,10.3,20139073,10383534
2023-09-20,50850027,494495,49747,10.2,20198869,10452108
2023-09-21,50859099,501845,47522,9.6,20230780,10495867
2023-09-22,48030433,500245,50511,10.1,20210011,10503263
2023-09-25,48149465,587510,58191,11.6,20120189,10519976
2023-09-26,52631446,521508,57477,9.8,19913980,10436170
2023-09-27,49989964,577511,54345,10.4,19702877,10322852
2023-10-04,52246749,639898,49939,8.6,19453398,10217396
2023-10-05,50491771,549282,54747,8.6,19322028,10156354
2023-10-06,47445188,569792,56364,10.3,19175026,10092430
2023-10-10,46538919,570490,51581,9.1,18810618,9910343
2023-10-11,46785913,531027,54478,9.5,18716588,9878016
2023-10-12,49099046,541078,51450,9.7,18546147,9759554
2023-10-13,49492020,512845,45671,8.4,18464129,9714863
2023-10-16,47762767,501400,47069,9.2,18508093,9729069
2023-10-17,46595625,517395,51152,10.2,18607893,9795973
2023-10-18,46635303,762278,276755,53.5,18561836,9791627
2023-10-19,47248931,1001378,525720,69.0,18517531,9764796
2023-10-20,47898485,1025863,549737,54.9,18460509,9718004
2023-10-23,48228826,1031970,549586,53.6,18226806,9615347
2023-10-24,47033963,1048618,548729,53.2,17823435,9413233
2023-10-25,46534124,1037631,9622,0.9,17617064,9308824
2023-10-26,48547447,1002768,11334,1.1,17479130,9254713
2023-10-27,48445979,1028367,12700,1.3,17484300,9250731
2023-10-30,47194481,1175310,12215,1.2,17183887,9087995
2023-10-31,46056992,1012517,8387,0.7,16970414,8976975
2023-11-01,46011980,994906,10367,1.0,16877675,8929140
2023-11-02,45021523,983512,21877,2.2,16799902,8888666
2023-11-03,44682019,954603,50624,5.1,16624782,8790986
2023-11-06,47429769,925889,2137,0.2,16576692,8763558
2023-11-07,47810097,906492,4321,0.5,16603948,8750454
2023-11-08,47870312,1028594,1946,0.2,16750663,8806006
2023-11-09,47202390,1049027,5926,0.6,17094532,8998629
2023-11-10,48174449,981045,10490,1.0,17117318,9014289
2023-11-13,47908208,943957,5150,0.5,17106930,9005893
2023-11-14,47007276,936435,7292,0.8,17044270,8978347
2023-11-15,47585414,948375,3464,0.4,16948521,8946334
2023-11-16,46823696,932874,2945,0.3,16867920,8890639
2023-11-17,46961131,931572,2409,0.3,16825264,8806404
2023-11-20,47261055,945058,5200,0.6,16913181,8849621
2023-11-21,47982567,940458,9850,1.0,17015909,8895576
2023-11-22,47828187,943229,2545,0.3,16982502,8874898
2023-11-23,47343873,962345,2865,0.3,17032884,8858682
2023-11-24,47497548,953090,4208,0.4,17085931,8877668
2023-11-27,47988454,967432,3159,0.3,17137230,8899107
2023-11-28,48538664,937685,3897,0.4,17204508,8941956
2023-11-29,47877867,943066,2794,0.3,17217895,8930779
2023-11-30,48480991,940931,5643,0.6,17207523,8911389
2023-12-01,48668108,944238,3569,0.4,17266144,8953049
2023-12-04,48393027,947651,4658,0.5,17273794,8947115
2023-12-05,47545031,973021,5329,0.6,17381164,9013998
2023-12-06,48981127,1000233,7702,0.8,17364222,8976905
2023-12-07,50381532,998211,7289,0.7,17335839,8995017
2023-12-08,48201152,957384,7673,0.8,17378403,9031602
2023-12-11,48608730,946658,3495,0.4,17421574,9049168
2023-12-12,49483076,935232,5598,0.6,17353956,8999820
2023-12-13,50161087,944382,3748,0.4,17438579,9071530
2023-12-14,51332846,929392,6441,0.7,17458224,9065184
2023-12-15,48313021,949567,4111,0.4,17464651,9062811
2023-12-18,49587021,943149,2727,0.3,17331076,8952652
2023-12-19,53132045,927543,4864,0.5,17285259,8888516
2023-12-20,52117243,943889,4041,0.4,17429356,8998888
2023-12-21,51862425,942552,4310,0.5,17521731,9043745
2023-12-22,52612250,956474,2106,0.2,17537875,9002578
2023-12-26,53683433,966187,6756,0.7,17626497,9046744
2023-12-27,56463644,970734,9201,1.0,17626142,9041967
2023-12-28,53815555,972916,5173,0.5,17566961,8969894
2023-12-29,52753715,970249,0,0.0,17558435,9016558
2024-01-02,59494891,971291,5397,0.6,17537053,9020034
2024-01-03,56954475,950647,6542,0.7,17444859,8909730
2024-01-04,54249210,971632,5949,0.6,17563677,9025416
2024-01-05,52011555,1009419,7261,0.7,17810007,9217408
2024-01-08,51397456,1044488,8931,0.9,17934888,9321932
2024-01-09,51732292,1051784,7520,0.7,18004831,9375560
2024-01-10,49959445,1045009,5293,0.5,18091620,9423920
2024-01-11,52793443,967223,6084,0.6,18131910,9445734
2024-01-12,50878837,977191,8494,0.9,18267949,9629335
2024-01-15,51927268,1138704,9724,1.0,18348086,9719650
2024-01-16,50368654,1067714,7674,0.7,18381436,9745068
2024-01-17,49987110,976318,7953,0.7,18312194,9720228
2024-01-18,49059193,988422,10165,1.0,18313827,9761124
2024-01-19,49560124,1019886,9921,1.0,18213057,9723063
2024-01-22,50292259,983998,5936,0.6,18077715,9661683
2024-01-23,50370044,959523,8142,0.8,17960100,9561393
2024-01-24,49780359,970048,6470,0.7,17902835,9503905
2024-01-25,50502975,946058,4379,0.5,17861814,9443374
2024-01-26,49064940,935455,5365,0.6,17938095,9470308
2024-01-29,52204105,941580,3323,0.4,17873778,9565054
2024-01-30,51233378,931146,7255,0.8,17810901,9515642
2024-01-31,50743424,953252,4836,0.5,17809048,9516584
2024-02-01,52047649,956238,7323,0.8,17736319,9490531
2024-02-02,50823998,954912,5953,0.6,17689970,9485200
2024-02-05,50840645,937762,3482,0.4,17617352,9509309
2024-02-06,52894853,927655,3575,0.4,17559426,9451409
2024-02-07,51662116,945701,4809,0.5,17826104,9680465
2024-02-08,50840219,944508,4989,0.5,17815317,9672012
2024-02-13,52975547,943533,3144,0.3,17772175,9632045
2024-02-14,53159500,942556,3476,0.4,17752337,9606068
2024-02-15,53569531,1013257,3173,0.3,17781038,9568702
2024-02-16,53928085,1042286,6409,0.6,17949055,9667839
2024-02-19,54024703,1004175,7761,0.7,18130150,9769668
2024-02-20,53815736,983573,6636,0.7,18194737,9759904
2024-02-21,54156708,972818,5863,0.6,18286013,9805727
2024-02-22,53626422,979052,5677,0.6,18376631,9847676
2024-02-23,53420657,965478,6723,0.7,18433885,9859338
2024-02-26,54623364,968187,6590,0.7,18536989,9911448
2024-02-27,56011484,973873,7431,0.8,18598943,9946358
2024-02-28,54868365,975148,11470,1.2,18612731,9934044
2024-02-29,54335607,988582,7295,0.7,18526205,9880182
2024-03-04,57885224,961844,6055,0.6,18473874,9863323
2024-03-05,55022994,948359,5647,0.6,18545794,9923483
2024-03-06,54890921,961553,4188,0.4,18559406,9918967
2024-03-07,54068253,979884,6613,0.7,18726028,10031302
2024-03-08,52506015,965586,6407,0.7,18845107,10120651
2024-03-11,53343568,968341,4157,0.4,18926750,10154791
2024-03-12,53882230,956346,7669,0.8,18838651,10074296
2024-03-13,52997284,954293,6689,0.7,18936461,10121469
2024-03-14,53482418,943820,3136,0.3,19025319,10171337
2024-03-15,53366214,938817,3410,0.4,19155442,10243711
2024-03-18,53112165,944884,5839,0.6,19214441,10270574
2024-03-19,51751964,961201,4280,0.5,19299581,10379816
2024-03-20,52846081,950288,5379,0.6,19379677,10434940
2024-03-21,52635541,983686,5035,0.5,19516178,10515794
2024-03-22,52006985,1007205,5551,0.6,19483688,10494591
2024-03-25,55261488,1037519,2666,0.3,19348400,10352055
2024-03-26,55190637,1034210,6550,0.6,19378607,10339877
2024-03-27,55322951,1049622,3949,0.4,19458439,10399671
2024-03-28,56043804,1097923,7019,0.7,19479918,10382037
2024-03-29,56522918,958709,6608,0.6,19477200,10366689
2024-04-01,59629885,1043700,7617,0.8,19532217,10432136
2024-04-02,57422689,964164,8359,0.8,19532702,10429393
2024-04-03,57047480,954255,5696,0.6,19531879,10425939
2024-04-04,56490460,967603,7242,0.8,19515242,10439907
2024-04-05,54442955,981119,9373,1.0,19482640,10462241
2024-04-08,55933314,950706,6065,0.6,19463495,10431156
2024-04-09,55023905,954048,8763,0.9,19457129,10452946
2024-04-11,55385481,967521,8808,0.9,19363965,10370917
2024-04-12,54935301,954452,8920,0.9,19317418,10367052
2024-04-15,56668170,937599,5446,0.6,19282630,10358305
2024-04-16,57596878,958279,5954,0.6,19348467,10396984
2024-04-17,55269040,965313,17236,1.8,19410242,10464353
2024-04-18,55060039,993158,10297,1.1,19181558,10350406
2024-04-19,55475402,980618,7222,0.7,19062449,10283943
2024-04-22,56579689,931227,7393,0.8,19032581,10239254
2024-04-23,55865341,945380,5616,0.6,19036068,10267509
2024-04-24,54695993,950326,9784,1.0,18991231,10237663
2024-04-25,55671275,946011,6497,0.7,19065329,10291737
2024-04-26,56510158,922365,4286,0.5,19060984,10277111
2024-04-29,56787159,976980,4922,0.5,19187592,10377359
2024-04-30,57230646,928925,5142,0.5,19173006,10346808
2024-05-02,58790827,950372,3649,0.4,19153451,10305449
2024-05-03,55944962,982789,5379,0.6,19201028,10296308
2024-05-07,55482066,990164,7142,0.7,19271388,10324552
2024-05-08,54108892,977510,5052,0.5,19269959,10301211
2024-05-09,55665133,954213,4138,0.4,19190416,10186599
2024-05-10,55650034,957841,5206,0.5,19268463,10208121
2024-05-13,55347611,961687,5731,0.6,19418258,10297237
2024-05-14,55393897,955580,5526,0.6,19386789,10244983
2024-05-16,56235545,957787,5763,0.6,19406293,10254138
2024-05-17,55656363,935798,5266,0.5,19399888,10253141
2024-05-20,56169428,946481,6141,0.7,19444928,10231286
2024-05-21,55422936,965158,9982,1.1,19478176,10296188
2024-05-22,54881959,965232,5944,0.6,19442795,10286985
2024-05-23,55663637,958243,6997,0.7,19491761,10347705
2024-05-24,55440862,959878,6716,0.7,19530732,10391391
2024-05-27,56848060,965912,5077,0.5,19593535,10445804
2024-05-28,56269836,945880,6729,0.7,19619806,10507427
2024-05-29,55147395,953427,3990,0.4,19633248,10540901
2024-05-30,56410090,901134,6955,0.7,19756774,10608235
2024-05-31,54396417,981503,9084,1.0,19817480,10670227
2024-06-03,54213224,951787,17045,1.7,19746554,10653324
2024-06-04,52968636,905858,5919,0.6,19684773,10633754
2024-06-05,53392409,909279,5885,0.6,19662939,10589749
2024-06-07,52953924,899199,6670,0.7,19728918,10656916
2024-06-10,54128930,884426,5965,0.7,19724265,10668505
2024-06-11,54216870,894261,5794,0.7,19775049,10699329
2024-06-12,54101137,917583,6010,0.7,19990034,10877842
2024-06-13,55593484,945263,4865,0.5,20121669,10939477
2024-06-14,54688258,931225,4942,0.5,20083102,10924036
2024-06-17,55699127,900279,5026,0.5,20171795,10948667
2024-06-18,55780575,890630,10266,1.1,20198364,10986349
2024-06-19,54799966,930875,5853,0.7,20243090,11058552
2024-06-20,54885807,958721,2781,0.3,20209741,11051668
2024-06-21,55238296,933891,4566,0.5,20188101,11046556
2024-06-24,55960781,933874,6820,0.7,20247734,11111781
2024-06-25,55972479,949419,7462,0.8,20231298,11105081
2024-06-26,55095533,962482,7444,0.8,20178992,11101734
2024-06-27,56442242,965685,7863,0.8,20089121,11053685
2024-06-28,56508685,956611,6310,0.7,20107741,11064074
2024-07-01,58310531,934949,5625,0.6,20077586,11046291
2024-07-02,56159072,930378,4709,0.5,20021932,11009493
2024-07-03,54399011,935274,6508,0.7,20025886,11007690
2024-07-04,53044947,966339,7153,0.8,19968252,11003019
2024-07-05,53854897,954011,8451,0.9,19874382,10954159
2024-07-08,55604335,947955,7128,0.7,19889991,10969405
2024-07-09,56602616,1070896,4637,0.5,19885491,10931735
2024-07-10,56168873,1054224,3308,0.3,19935211,10967543
2024-07-11,57231134,909064,3536,0.3,20055688,10994786
2024-07-12,56546536,915397,4717,0.5,20163858,11055121
2024-07-15,57877247,938117,7480,0.8,20200025,11064220
2024-07-16,56907309,960057,9727,1.0,20157093,11069393
2024-07-17,56340885,956121,4811,0.5,20203110,11125226
2024-07-18,57411432,955632,7851,0.8,20163966,11106118
2024-07-19,55860338,1003657,9468,1.0,20098282,11099074
2024-07-22,56104659,1031408,11058,1.1,19958316,11056948
2024-07-23,55531940,987865,14117,1.4,19965332,11091282
2024-07-24,54876227,992924,9374,0.9,19917334,11075626
2024-07-25,56393342,960653,7844,0.8,19804528,11022948
2024-07-26,55464720,956534,8374,0.9,19792960,11030490
2024-07-29,54073111,980095,9695,1.0,19590527,10918837
2024-07-30,55012111,943837,9011,0.9,19457643,10846476
2024-07-31,54299436,921520,4230,0.4,19428713,10826888
2024-08-01,54659226,925026,7229,0.8,19516041,10925073
2024-08-02,53867942,927318,4440,0.5,19422564,10870001
2024-08-05,59487602,946754,7690,0.8,19294137,10812363
2024-08-06,58961752,1008630,43307,4.6,19055440,10745268
2024-08-07,56583802,1197153,21413,2.1,17719139,10116450
2024-08-08,55121747,1101408,13028,1.1,17126813,9813218
2024-08-09,53877956,985762,25137,2.3,17204040,9839165
2024-08-12,53014173,960512,10695,1.1,17366025,9943760
2024-08-13,53815929,914014,4023,0.4,17478790,10012553
2024-08-14,53146381,910814,5629,0.6,17551171,10006838
2024-08-16,53937484,924180,3254,0.4,17613037,10051397
2024-08-19,52588201,917100,4723,0.5,17605085,10030903
2024-08-20,53321016,915717,5660,0.6,17571016,9950018
2024-08-21,53507914,930299,5523,0.6,17654784,10010932
2024-08-22,53505330,928076,5447,0.6,17716526,10045704
2024-08-23,52585918,935127,7791,0.8,17818128,10096515
2024-08-26,53416865,943027,5504,0.6,17804677,10084715
2024-08-27,53729479,951025,6055,0.6,17790650,10068238
2024-08-28,53251356,978831,8183,0.9,17820941,10095306
2024-08-29,53060511,1015023,10736,1.1,17844082,10126243
2024-08-30,52129289,944953,4539,0.4,17855724,10139560
2024-09-02,52050972,969565,5706,0.6,17878472,10166367
2024-09-03,51427194,946628,8670,0.9,17828904,10134935
2024-09-04,53241195,945150,5524,0.6,17891078,10179148
2024-09-05,53381365,955042,7273,0.8,17890520,10178758
2024-09-06,51452574,992217,14760,1.5,17675817,10116071
2024-09-09,51259809,984576,15190,1.5,17357529,9943070
2024-09-10,51494331,970955,12584,1.3,17105992,9801651
2024-09-11,51993266,944289,11551,1.2,17016904,9782112
2024-09-12,51153109,948861,6223,0.7,17034197,9773779
2024-09-13,51400715,935570,6744,0.7,17042079,9808992
2024-09-19,51609427,939242,3042,0.3,16992656,9770667
2024-09-20,50829580,950732,6357,0.7,17103393,9841643
2024-09-23,51679261,937640,6067,0.6,17282466,9979018
2024-09-24,51755962,938369,4507,0.5,17330564,9997053
2024-09-25,52044262,923311,5675,0.6,17439419,10094978
2024-09-26,54047099,913065,5918,0.6,17491414,10133853
2024-09-27,52019025,942354,3050,0.3,17550909,10183873
2024-09-30,56832875,938889,7257,0.8,17464263,10101865
2024-10-02,56331304,935116,15611,1.7,17583190,10169343
2024-10-04,52704265,958722,13308,1.4,17703702,10279610
2024-10-07,51510003,965914,7814,0.8,17765620,10361229
2024-10-08,50695204,967980,4731,0.5,17730717,10339243
2024-10-10,52348904,953501,6575,0.7,17787412,10370181
2024-10-11,52212688,953276,5761,0.6,17950233,10484563
2024-10-14,52578867,953757,5509,0.6,17999735,10479644
2024-10-15,52940651,939619,11757,1.2,18019624,10507832
2024-10-16,53360046,928720,5671,0.6,18017027,10488200
2024-10-17,52367810,933712,9113,1.0,18057297,10491693
2024-10-18,51252472,948238,17724,1.9,18162793,10576830
2024-10-21,54433877,931976,7504,0.8,18215705,10624148
2024-10-22,54710008,930638,7711,0.8,18227524,10642171
2024-10-23,55677139,918256,6375,0.7,18152847,10586623
2024-10-24,54033813,963601,4812,0.5,18093672,10562656
2024-10-25,53594216,918233,4269,0.4,17958135,10490205
2024-10-28,50732485,945175,5236,0.6,18000306,10530566
2024-10-29,50481517,980416,5078,0.5,17886967,10481702
2024-10-30,49597314,920871,5809,0.6,17832614,10449268
2024-10-31,50586581,919508,5003,0.5,17886113,10478109
2024-11-01,51431835,922448,5317,0.6,17935008,10509148
2024-11-04,50432795,921127,8316,0.9,17943777,10546983
2024-11-05,50063881,868143,8689,0.9,17881627,10497396
2024-11-06,49889998,894278,3861,0.4,17840541,10486959
2024-11-07,50084385,893106,2936,0.3,17963496,10568985
2024-11-08,49902287,924139,4885,0.5,17971966,10548028
2024-11-11,51195195,937239,8115,0.9,17935741,10515347
2024-11-12,52733562,931263,5253,0.6,17899937,10499533
2024-11-13,51499492,967097,9647,1.0,17871630,10502856
2024-11-14,52955169,1003936,13071,1.4,17576936,10351813
2024-11-15,50612937,1042779,16489,1.6,17249731,10190440
2024-11-18,50918298,1013305,11653,1.1,16946947,10021349
2024-11-19,49992847,965733,8530,0.8,16712993,9887960
2024-11-20,49812839,976928,10152,1.1,16692178,9845131
2024-11-21,50309567,945480,11169,1.1,16692591,9823928
2024-11-22,49919044,923968,5095,0.5,16678188,9816658
2024-11-25,50424359,916404,3827,0.4,16633643,9805588
2024-11-26,52240821,901260,3235,0.4,16495171,9715400
2024-11-27,50895783,891627,2459,0.3,16500905,9711306
2024-11-28,51600491,917967,4271,0.5,16589271,9764255
2024-11-29,52296893,925700,4811,0.5,16587727,9743782
2024-12-02,52335882,918925,8916,1.0,16581881,9725177
2024-12-03,49898695,928544,10835,1.2,16565842,9738377
2024-12-04,51455169,950979,6418,0.7,16385514,9625400
2024-12-05,52469232,922927,5348,0.6,16313586,9565426
2024-12-06,51740790,926902,6937,0.8,16204590,9506188
2024-12-09,51906416,945304,8401,0.9,16040171,9423523
2024-12-10,52512921,932197,10018,1.1,15746728,9239432
2024-12-11,52922807,944784,7593,0.8,15310680,9000395
2024-12-12,52662183,901383,3600,0.4,15163222,8921701
2024-12-13,53572768,885341,5907,0.7,15249382,8967905
2024-12-16,52707872,884044,2122,0.2,15361608,8983725
2024-12-17,52552215,892528,3321,0.4,15480560,9041286
2024-12-18,51560362,990446,3155,0.4,15690283,9166716
2024-12-19,51351353,901835,5858,0.6,15867032,9291728
2024-12-20,52015852,883328,6156,0.7,15818225,9227051
2024-12-23,52084455,888523,5860,0.7,15926811,9329189
2024-12-24,50626520,911733,6988,0.8,15865397,9325924
2024-12-26,52595975,890477,3912,0.4,15732552,9228137
2024-12-27,54447545,880971,3992,0.4,15819370,9253167
2024-12-30,54555510,910283,8534,1.0,15824314,9238235
2024-12-31,54242674,872829,0,0.0,15817022,9233106
2025-01-02,57058284,892652,5390,0.6,15682329,9157739
2025-01-03,54550814,873049,4339,0.5,15573950,9086402
2025-01-06,53795823,859867,5540,0.6,15702169,9158732
2025-01-07,52336001,839372,2700,0.3,15722877,9127923
2025-01-08,51940012,895825,2025,0.2,15875647,9180615
2025-01-09,52755299,922486,3574,0.4,16023716,9246064
2025-01-10,52279384,906648,4841,0.5,16103352,9283924
2025-01-13,53747926,886970,4634,0.5,16185153,9334350
2025-01-14,53769014,896303,5945,0.7,16319765,9416909
2025-01-15,52787693,912512,5059,0.6,16421466,9512084
2025-01-16,51869021,893917,5548,0.6,16493331,9573337
2025-01-17,51270091,896865,4944,0.6,16505549,9574819
2025-01-20,53225906,886585,3962,0.4,16459176,9535325
2025-01-21,52798131,897010,4649,0.5,16576883,9612611
2025-01-22,52102632,898037,5935,0.7,16680980,9671522
2025-01-23,52112577,892252,4593,0.5,16750402,9692008
2025-01-24,54144254,872474,6008,0.7,16684449,9616470
2025-01-31,55578588,886925,3057,0.4,16839177,9749706
2025-02-03,58231702,869954,7399,0.8,16760700,9698159
2025-02-04,57753199,909385,8488,1.0,16903481,9812658
2025-02-05,53333038,990278,6476,0.7,16805748,9777558
2025-02-06,54673361,945638,4095,0.4,16707656,9698274
2025-02-07,52823988,899558,4472,0.5,16764741,9679071
2025-02-10,53107554,882140,2940,0.3,16840047,9697606
2025-02-11,53364910,891577,4880,0.6,16996929,9787129
2025-02-12,52892908,927852,4560,0.5,17128833,9829573
2025-02-13,53922452,929404,3929,0.4,17213172,9848546
2025-02-14,54510649,932690,3730,0.4,17332547,9917520
2025-02-17,53508575,902172,3557,0.4,17364181,9910257
2025-02-18,53914507,891933,3788,0.4,17503973,9997489
2025-02-19,55117344,891895,2958,0.3,17603974,10047493
2025-02-20,54622415,891045,2270,0.3,17791501,10155673
2025-02-21,54958763,897455,5152,0.6,17811023,10113861
2025-02-24,54029761,936342,6918,0.8,17888934,10165093
2025-02-25,54898670,918860,8550,0.9,17945977,10219147
2025-02-26,54421931,911850,6141,0.7,18083895,10311218
2025-02-27,55218464,912936,6872,0.8,18192707,10385323
2025-02-28,56052943,904949,7762,0.9,18233130,10380302
2025-03-04,57232826,903009,10934,1.2,18304523,10453130
2025-03-05,53548724,936852,10509,1.2,18353700,10563162
2025-03-06,52877238,917440,7176,0.8,18196932,10512408
2025-03-07,51350679,888119,3970,0.4,18206048,10512298
2025-03-10,53770232,895583,8370,0.9,18241209,10504529
2025-03-11,53300356,883956,7103,0.8,18144678,10463440
2025-03-12,52806016,895268,5325,0.6,18172788,10506064
2025-03-13,52246368,908482,4038,0.5,18146713,10506329
2025-03-14,51356628,893860,3550,0.4,18099015,10453373
2025-03-17,51861446,908021,5852,0.7,18160400,10464216
2025-03-18,50956701,891760,3469,0.4,18198104,10509310
2025-03-19,51913402,904443,2990,0.3,18215689,10456380
2025-03-20,52497301,917004,3853,0.4,18284161,10480543
2025-03-21,53615312,918163,4271,0.5,18285672,10451212
2025-03-24,53282249,937964,6551,0.7,18152379,10366091
2025-03-25,55162222,930532,8593,0.9,17962715,10267447
2025-03-26,55671371,903374,5740,0.6,17952563,10278840
2025-03-27,54693639,922528,4071,0.5,17842252,10217637
2025-03-28,56932752,896532,7591,0.8,17695083,10131656
2025-03-31,58474325,893280,11505,1.3,17593874,10082573
2025-04-01,59496706,909352,13936,1.6,17379043,9976634
2025-04-02,54357742,933353,7113,0.8,17110247,9856385
2025-04-03,55320004,901185,6910,0.7,16972050,9785909
2025-04-04,55607731,892982,7991,0.9,17040431,9834305
2025-04-07,57843409,888967,6737,0.8,16957730,9807787
2025-04-08,55909187,913786,8029,0.9,16961627,9841672
2025-04-09,54160437,975964,16620,1.8,16790753,9793716
2025-04-10,54692394,946669,12505,1.3,16546680,9658973
2025-04-11,53618358,937048,5614,0.6,16446368,9625170
2025-04-14,54875870,895889,6017,0.6,16304549,9484851
2025-04-15,54754228,876041,3736,0.4,16576036,9681165
2025-04-16,52977268,885162,1592,0.2,16784156,9802423
2025-04-17,53633088,880177,3941,0.4,16898742,9835763
2025-04-18,53824750,890129,2700,0.3,17019019,9887019
2025-04-21,53836524,898193,4629,0.5,17074966,9930822
2025-04-22,53962600,893124,4033,0.4,17173562,9971957
2025-04-23,54397449,889585,2880,0.3,17274295,10020770
2025-04-24,54307578,886828,6071,0.7,17428186,10128336
2025-04-25,55310304,878814,4560,0.5,17392718,10077141
2025-04-28,55941685,903270,3519,0.4,17511981,10179417
2025-04-29,57561498,891385,5166,0.6,17522377,10154141
2025-04-30,57547610,922902,5782,0.6,17557971,10160895
2025-05-02,56530870,908718,8800,1.0,17532962,10161121
2025-05-07,56449422,906452,4760,0.5,17615566,10226886
2025-05-08,56436361,895259,4049,0.4,17515303,10156702
2025-05-09,54262394,911781,3771,0.4,17527903,10146178
2025-05-12,56162461,920529,4460,0.5,17662560,10247522
2025-05-13,55206493,950465,6450,0.7,17787241,10289814
2025-05-14,57471284,955356,4459,0.5,17729978,10224374
2025-05-15,56518593,918934,3816,0.4,17805327,10275507
2025-05-16,56274366,896802,8221,0.9,17780241,10236751
2025-05-19,56185030,907246,5112,0.6,17921741,10314544
2025-05-20,56545822,903737,7555,0.8,17943890,10320861
2025-05-21,56101266,912250,7933,0.9,17973528,10349223
2025-05-22,56212991,910973,4770,0.5,17976527,10383768
2025-05-23,56750014,886502,9763,1.1,17997714,10393950
2025-05-26,56756516,902323,5258,0.6,18146008,10525098
2025-05-27,57500411,904879,6093,0.7,18175374,10548986
2025-05-28,56402864,910349,4186,0.5,18163966,10538853
2025-05-29,58029086,913941,3369,0.4,18341038,10667364
2025-05-30,57297162,899053,3836,0.4,18273909,10613462
2025-06-02,60188565,887415,4651,0.5,18346307,10657652
2025-06-04,60035306,891923,6645,0.7,18514411,10792422
2025-06-05,58369719,881422,3523,0.4,18553009,10840298
2025-06-09,59660312,882463,1643,0.2,18533053,10820009
2025-06-10,62349794,885352,3218,0.4,18516888,10778179
2025-06-11,61982196,920383,3477,0.4,18724192,10946786
2025-06-12,62944457,956325,4557,0.5,18850001,11003767
2025-06-13,63819596,914363,4007,0.4,18988848,11119042
2025-06-16,64965825,925711,3703,0.4,19211834,11253046
2025-06-17,65020221,960979,5592,0.6,19385645,11371795
2025-06-18,63498938,947381,5167,0.5,19560301,11534234
2025-06-19,63604817,958242,4020,0.4,19608433,11588069
2025-06-20,64214361,942349,11154,1.2,19819766,11801082
2025-06-23,65017255,924607,5223,0.6,20096580,12022555
2025-06-24,66411445,907075,7645,0.8,20139329,12049286
2025-06-25,66676929,974240,4623,0.5,20572623,12420269
2025-06-26,69055963,985518,7166,0.7,20535166,12412998
2025-06-27,67712740,1045755,12872,1.3,20683061,12523813
2025-06-30,68972400,1043687,12807,1.2,20786831,12656094
2025-07-01,70413289,986295,12280,1.2,20879816,12760534
2025-07-02,66053345,981233,10526,1.1,20879543,12779641
2025-07-03,66285116,964050,10905,1.1,20779661,12671212
2025-07-04,65383990,961912,18192,1.9,20807425,12699280
2025-07-07,67337759,947050,7756,0.8,20798770,12679792
2025-07-08,66503811,954659,9106,1.0,20828141,12678451
2025-07-09,65195774,924175,7233,0.8,20860067,12731010
2025-07-10,65937053,873242,3497,0.4,21015000,12871177
2025-07-11,66369233,871767,2280,0.3,21266974,13088846
2025-07-14,68081493,873093,2738,0.3,21335168,13114660
2025-07-15,66852063,890639,2944,0.3,21400892,13171409
2025-07-16,65595894,897135,8890,1.0,21471790,13206751
2025-07-17,66634991,888887,4506,0.5,21588086,13277329
2025-07-18,65364424,926137,3948,0.4,21747933,13372123
2025-07-21,65265402,948105,7422,0.8,21755412,13339937
2025-07-22,65607845,917109,7509,0.8,21727258,13302983
2025-07-23,66402278,908014,4680,0.5,21724910,13274363
2025-07-24,64766556,946207,6822,0.8,21827783,13354413
2025-07-25,65162253,921240,12267,1.3,21830926,13344173
2025-07-28,67724782,926329,4740,0.5,21783598,13292496
2025-07-29,67357704,900574,9161,1.0,21788326,13298339
2025-07-30,68236779,924746,7624,0.8,21858078,13353527
2025-07-31,68685235,923902,5329,0.6,21791845,13292465
2025-08-01,71777723,921454,5707,0.6,21769976,13273097
2025-08-04,70294315,951025,16924,1.8,21780212,13299641
2025-08-05,67008067,1027661,13376,1.4,21651178,13261987
2025-08-06,66281131,934802,8847,0.9,21500301,13139218
2025-08-07,66876509,904008,4307,0.5,21575253,13174212
2025-08-08,67490593,906006,3571,0.4,21787908,13351229
2025-08-11,67961833,931220,5881,0.6,22036242,13528166
2025-08-12,68083551,949027,6604,0.7,22189194,13639210
2025-08-13,67833939,975169,6826,0.7,22203145,13623810
2025-08-14,69397303,1000777,7537,0.8,22211235,13616811
2025-08-18,67601908,926627,11193,1.1,22238800,13599863
2025-08-19,67492992,895564,7043,0.8,22085156,13512563
2025-08-20,68508197,914436,7516,0.8,22287340,13635068
2025-08-21,67463145,929586,12612,1.4,22150954,13552476
2025-08-22,66622228,923158,13060,1.4,21939038,13403698
2025-08-25,66124843,905656,4961,0.5,21940022,13406947
2025-08-26,68274038,880694,3771,0.4,21850072,13318556
2025-08-27,66861747,894507,3852,0.4,21887288,13347855
2025-08-28,67359049,915445,5709,0.6,22071192,13505217
2025-08-29,66299202,911498,7148,0.8,22155070,13570237
2025-09-01,68477259,896411,8723,1.0,22222669,13617025
2025-09-02,66185769,891147,6148,0.7,22260275,13649154
2025-09-03,65459551,914724,4674,0.5,22185984,13609001
2025-09-04,65940333,898114,3853,0.4,22151248,13578947
2025-09-05,64979582,892778,5214,0.6,22220955,13623224
2025-09-08,65800881,883479,4286,0.5,22253675,13619560
2025-09-09,68378500,893993,4306,0.5,22342404,13678072
2025-09-10,70590693,875016,3120,0.3,22380974,13671464
2025-09-11,71011813,883323,6389,0.7,22436243,13678776
2025-09-12,72887328,890190,4591,0.5,22407225,13620011
2025-09-15,74764367,895814,2661,0.3,22501290,13643602
2025-09-16,74928122,897225,3436,0.4,22527934,13648284
2025-09-17,73025829,929567,6024,0.7,22779657,13800184
2025-09-18,73606507,907199,7934,0.9,22881480,13841904
2025-09-19,72551874,928665,7241,0.8,23036952,13959176
2025-09-22,73560788,938260,6103,0.7,23160995,14046911
2025-09-23,74921264,1050048,6543,0.7,23286691,14134036
2025-09-24,75197067,979930,5461,0.5,23364313,14151139
2025-09-25,75995189,1040406,5430,0.6,23519906,14226035
2025-09-26,75617889,943481,11727,1.1,23537790,14223322
2025-09-29,76808482,939970,19739,2.1,23463228,14164543
2025-09-30,76447369,1105883,14465,1.5,23492840,14244693
2025-10-01,76530136,919729,12665,1.1,23345839,14121818
2025-10-02,73135876,910238,4319,0.5,23341255,14078990
2025-10-10,76322460,908101,8056,0.9,23243706,13985986
2025-10-13,80190101,913657,3933,0.4,23267748,14003454
2025-10-14,79974887,957831,5664,0.6,23558561,14243392
2025-10-15,78651417,1032881,9927,1.0,23828839,14483809
2025-10-16,76537436,1091347,9866,1.0,23775822,14415042
2025-10-17,78314510,1077479,10864,1.0,23879969,14479035
2025-10-20,80625741,941807,5508,0.5,24055155,14604406
2025-10-21,80329780,964510,9150,1.0,23926313,14491256
2025-10-22,80480303,909385,5362,0.6,24241954,14766954
2025-10-23,80168381,953550,5154,0.6,24419952,14890560
2025-10-24,79482481,950135,14877,1.6,24651838,15083364
2025-10-27,81091075,974821,3725,0.4,24776660,15186978
2025-10-28,83873131,922451,3952,0.4,24823045,15206652
2025-10-29,85915908,979536,3817,0.4,25096806,15460011
2025-10-30,85713610,1026127,10968,1.1,25272595,15605150
2025-10-31,85456932,1036188,7246,0.7,25526891,15817250
2025-11-03,86770436,1101256,13361,1.3,25461864,15781983
2025-11-04,86832592,996037,16251,1.5,25511751,15797236
2025-11-05,88270869,970501,7954,0.8,25822465,16062683
2025-11-06,86955673,1124772,21865,2.3,25878152,16093351
2025-11-07,85722161,1178765,38023,3.4,26216547,16346519
2025-11-10,83109660,1101541,19029,1.6,26119765,16291077
2025-11-11,83030408,1038302,19554,1.8,25991776,16225900
2025-11-12,82468593,910437,6471,0.6,26009766,16255034
2025-11-13,82584491,918921,5041,0.6,26251500,16481350
2025-11-14,82724559,897817,10340,1.1,26403331,16631690
2025-11-17,85944802,913254,3741,0.4,26602943,16743159
2025-11-18,79661502,1014681,33196,3.6,26796568,16946970
2025-11-19,80027611,1007340,10602,1.0,26835841,17015793
2025-11-20,78212051,1015699,12788,1.3,26847120,17058191
2025-11-21,78826325,1021752,16776,1.7,26761247,17028465
2025-11-24,80195335,982207,11397,1.1,26761702,17034147
2025-11-25,75622307,1029992,37308,3.8,26666986,16989274
2025-11-26,77954553,993749,7020,0.7,26492119,16861010
2025-11-27,77471172,975060,4142,0.4,26444082,16855553
2025-11-28,77911992,909449,4113,0.4,26445065,16853654
2025-12-01,80176651,907016,4396,0.5,26582351,16941967
2025-12-02,77067324,922488,8882,1.0,26799037,17163357
2025-12-03,76964366,944945,3519,0.4,26831012,17114607
2025-12-04,77406998,911162,5952,0.6,26895874,17094623
2025-12-05,78137070,901397,5085,0.6,27076309,17184317
2025-12-08,79385990,934714,7820,0.9,27355467,17432956
2025-12-09,80575403,951435,7300,0.8,27333487,17414901
2025-12-10,80566459,1048181,7669,0.8,27406497,17451839
2025-12-11,81641531,1014633,7869,0.8,27391215,17389363
2025-12-12,83941863,1050980,8402,0.8,27379592,17340889
2025-12-15,82864679,1046621,7252,0.7,27418784,17353166
2025-12-16,84352786,913361,10686,1.0,27337687,17271577
2025-12-17,83526293,940500,7125,0.8,27528779,17389027
2025-12-18,81710726,1010288,15218,1.6,27344532,17264651
2025-12-19,81034422,954324,9283,0.9,27266021,17213669
2025-12-22,81719604,932493,9201,1.0,27243930,17207819
2025-12-23,81076938,939581,5062,0.5,27265131,17231418
2025-12-24,83304002,914994,3956,0.4,27270110,17197544
2025-12-26,85425076,897165,4539,0.5,27247572,17131457
2025-12-29,86475780,914848,7935,0.9,27294510,17167807
2025-12-30,87398579,941320,6834,0.7,27299548,17136086
2025-12-31,87829057,960235,2361,0.3,27286469,17126099
2026-01-02,89521075,927308,8067,0.8,27420700,17235406
2026-01-05,89130391,921033,8223,0.9,27622356,17419695
2026-01-06,88633858,937940,5209,0.6,27796261,17590138
2026-01-07,89765035,990221,7210,0.8,27870759,17593221
2026-01-08,92853739,1039608,7414,0.7,28190294,17864561
2026-01-09,88872017,1091415,11752,1.1,28349745,17941133
2026-01-12,88988049,1109166,13077,1.2,28522408,18116833
2026-01-13,88048929,1030149,12234,1.1,28657441,18266333
2026-01-14,89309938,1015277,11491,1.1,28599293,18198979
2026-01-15,92603047,1018290,9040,0.9,28745580,18290635
2026-01-16,91218177,1026858,14956,1.5,28933786,18447408
2026-01-19,93862316,1051066,8660,0.8,28995014,18472188
2026-01-20,95525974,991800,9360,0.9,29058554,18551999
2026-01-21,96331743,983496,8312,0.8,29082114,18509121
2026-01-22,95727595,1059465,6942,0.7,28925745,18452386
2026-01-23,93809507,1052002,14241,1.3,29055410,18599163
2026-01-26,97540543,1110846,11902,1.1,29346682,18862856
2026-01-27,100282602,1038255,19317,1.7,29244996,18784747
2026-01-28,103362323,1021773,8717,0.8,29596166,19151033
2026-01-29,103707195,973521,8468,0.8,30092487,19592259
2026-01-30,106032452,1020951,9682,1.0,30277851,19854894
2026-02-02,111296538,1029921,11968,1.2,30473064,20098211
2026-02-03,105584468,1077941,15940,1.5,30539766,20268065
2026-02-04,100817155,1259997,13289,1.2,30935180,20623891
2026-02-05,104866667,1009409,12756,1.0,30786792,20466799
2026-02-06,109009927,992213,9326,0.9,31099495,20668013
2026-02-09,98590517,1123841,35997,3.6,31607698,21182942
2026-02-10,95299599,1126016,16870,1.5,31560720,21185393
2026-02-11,98163375,1033084,8035,0.7,31318010,20918416
2026-02-12,103018385,1023759,12026,1.2,31466410,20960376
2026-02-13,99273599,1000082,6257,0.6,31476674,20942212
2026-02-19,106570048,985005,9426,0.9,31593229,20944448
2026-02-20,104129136,986768,8709,0.9,31638448,20977105
2026-02-23,108290073,1013185,7068,0.7,31712325,21121450
2026-02-24,107903182,1043882,9684,1.0,31960208,21279520
2026-02-25,109467654,1148329,29055,2.8,32134040,21399130
2026-02-26,119483202,1096225,15398,1.3,32368488,21496796
2026-02-27,118748760,1052616,7678,0.7,32668983,21672790
2026-03-03,129818794,1060562,9219,0.9,32804073,21778077
2026-03-04,132068238,1204065,22499,2.1,33197791,22231204
2026-03-05,130887316,2148791,77684,6.5,33694521,22815279
2026-03-06,129957423,2098340,82421,3.8,32789896,22348354
2026-03-09,127421841,1330396,35419,1.7,31690508,21562347
2026-03-10,125584440,1177854,44602,3.4,31803317,21631564
2026-03-11,119027974,1245340,22343,1.9,31758385,21609005
2026-03-12,120146171,1066368,19416,1.6,32141942,21821252
2026-03-13,119696048,1111822,13389,1.3,32683362,22185649
2026-03-16,117801150,1027468,31579,2.8,33219147,22620778
2026-03-17,114778257,1023970,9815,1.0,33331617,22706498
2026-03-18,112280744,1006348,13889,1.4,33487589,22846034
2026-03-19,115644268,1048607,6785,0.7,33307626,22691397
2026-03-20,120696831,982440,8143,0.8,33255008,22616375
2026-03-23,121899192,1010663,15321,1.6,33348618,22725036
2026-03-24,119759946,1006094,23462,2.3,33421855,22845615
2026-03-25,108849805,1221838,23618,2.3,33028524,22634659
2026-03-26,111579004,1177409,11820,1.0,32752416,22447926
2026-03-27,112837249,1006932,18933,1.6,32784474,22456119
2026-03-30,111074174,1100437,23722,2.4,32601763,22284736
2026-03-31,110288948,1038993,36751,3.3,32922615,22559682
2026-04-01,111676635,1052999,30575,2.9,32981021,22609406
2026-04-02,108573983,1235646,9088,0.9,32725506,22506384
2026-04-03,109016507,1025110,15874,1.3,32443983,22278863
2026-04-06,107467398,1197565,8099,0.8,32845902,22643583
2026-04-07,108921448,1008474,19621,1.6,32657681,22468639
2026-04-08,109833228,1028443,8321,0.8,32730005,22573506
2026-04-09,112807019,1063945,7382,0.7,32720017,22636117
2026-04-10,115364212,1059787,8058,0.8,32901431,22750606
2026-04-13,116107492,1085600,12048,1.1,33216818,22986628
2026-04-14,117672486,997228,14932,1.4,33282445,23040602
2026-04-15,117165120,1014805,12431,1.2,33356678,23096979
2026-04-16,119074288,998121,8504,0.8,33872266,23425867
2026-04-17,120585455,1040904,8204,0.8,34027932,23509583
2026-04-20,121817265,1020947,8601,0.8,34259238,23625640
2026-04-21,121286062,1032858,16128,1.6,34694635,23994978
2026-04-22,122538133,1027853,9817,1.0,34810689,24058499
2026-04-23,126035131,996685,6868,0.7,35079918,24243090
2026-04-24,125686926,1124908,11616,1.2,35463009,24579345
2026-04-27,125950282,1131491,7827,0.7,35537755,24652710
2026-04-28,127413417,1084889,17570,1.6,35689655,24811639
2026-04-29,129732118,1024159,7895,0.7,36068250,25017693
2026-04-30,124759101,1115157,14698,1.4,35713079,24683557
2026-05-04,124840571,1018343,19836,1.8,35838919,24816912
2026-05-06,130743350,1161129,7164,0.7,35429768,24500853
2026-05-07,136989027,1131427,11379,1.0,35507187,24553059
2026-05-08,135299146,1286911,21011,1.9,35950018,24942683
2026-05-11,134098716,1412388,69402,5.4,35998500,25046079
2026-05-12,137417444,1278589,36936,2.6,36267738,25403831
2026-05-13,137120084,1327067,23565,1.8,36074005,25313547
2026-05-14,133508767,1703517,24482,1.8,36469784,25826781
2026-05-15,132859687,1537438,37486,2.2,36567516,25987572
2026-05-18,132985285,1460586,91706,6.0,36396655,25899488
2026-05-19,126959944,1924089,67654,4.6,35856070,25523374
2026-05-20,125643978,1642125,145842,7.6,36237024,26003624
2026-05-21,122381941,1659828,62456,3.8,36472380,26364442
2026-05-22,121245209,1480489,52399,3.2,36355524,26419905
2026-05-26,124576854,1149173,5170,0.3,36254787,26399276
2026-05-27,128574969,1154116,7984,0.7,36690036,26833716
2026-05-28,131131823,1253420,7812,0.7,37068718,27184083
2026-05-29,131585593,1349236,15414,1.2,38022681,28024472
2026-06-01,132599248,1359703,33171,2.5,37681169,27845647
2026-06-02,136811118,1330488,16845,1.2,37709128,27924185
2026-06-04,139694762,1829259,24311,1.8,37737597,28031687
2026-06-05,134234434,1688524,166192,9.1,37838377,28273482
2026-06-08,136384688,1624597,139134,8.2,37790396,28326450
2026-06-09,130118913,1595371,169796,10.5,37929018,28573169
2026-06-10,127606552,1691776,39661,2.5,36773649,27807841
2026-06-11,127371833,1207168,30620,1.8,36656474,27874378
2026-06-12,121056634,1376408,47685,4.0,36879281,28110836
2026-06-15,120581711,1224541,10081,0.7,37076954,28296079
2026-06-16,124551647,1154463,5095,0.4,37385632,28531116
2026-06-17,124632043,1230322,12035,1.0,37800525,28843289
2026-06-18,128408618,1229356,14187,1.2,37979688,28927467
2026-06-19,129353455,1205775,23479,1.9,38478688,29397728
2026-06-22,132185720,1297609,19891,1.6,38531191,29470718
2026-06-23,136831367,1479239,42427,3.3,38093622,29133243
2026-06-24,136552702,1376883,110793,7.5,38632824,29754263
2026-06-25,126992350,2068789,47653,3.5,38048381,29389386
2026-06-26,126604894,1563233,50977,2.5,37761576,29329632
2026-06-29,132469655,1242256,49442,3.2,37807006,29425399
2026-06-30,121633951,1298261,69406,5.6,37328228,29234568
2026-07-01,120083674,1259120,25727,2.0,37339343,29338829
2026-07-02,119926438,1068500,19635,1.6,37718683,29634401
2026-07-03,118259372,1127816,56360,5.3,37792211,29677370
2026-07-06,112208237,1440024,39698,3.5,37660002,29561210
2026-07-07,112325979,1140929,31741,2.2,37065396,29074973
2026-07-08,110874403,1391052,28846,2.5,37199867,29239165
2026-07-09,107127865,1432231,142197,10.2,36633641,28837405
2026-07-10,105575754,1429389,81613,5.7,35573983,28019642
2026-07-13,109011570,1131667,26240,1.8,34788619,27447168
2026-07-14,111282480,1013673,21563,1.9,34707755,27452720
2026-07-15,109866972,1396799,38467,3.8,34370184,27135448
2026-07-16,108081874,1144638,14824,1.1,33362442,26253368
2026-07-20,112519003,1044672,52843,4.6,33332642,26206459
2026-07-21,106692980,1057875,59596,5.7,33558388,26420477
2026-07-22,103876545,1026340,14923,1.4,33042098,26028687
2026-07-23,104297489,945478,7208,0.7,32749219,25838628
2026-07-24,105637070,1032131,7488,0.8,32671670,25745724
2026-07-27,109167491,1078329,22961,2.2,32741063,25835506
2026-07-28,107199449,1223729,13890,1.3,33194040,26271969
2026-07-29,109592595,1199966,61133,5.0,32995046,26175088
2026-07-30,104658382,1724914,103789,8.6,32153119,25508658
2026-07-31,104135408,1661465,122012,7.1,28934997,22840599
2026-08-03,102825553,1566322,22371,1.3,27443854,21614091
2026-08-04,110407061,1216610,31535,2.0,27403828,21589188
2026-08-05,103212504,1094271,11768,1.0,28417966,22520319
2026-08-06,104071197,1062380,10694,1.0,28794010,22868507
2026-08-07,104206412,1003408,23443,2.2,29230368,23099946
2026-08-10,100718025,1051270,40857,4.1,30023768,23838401
2026-08-11,97928935,949790,18285,1.7,30038722,23770378
2026-08-12,99976460,924444,5733,0.6,30418753,24198821
2026-08-13,100068383,913051,5004,0.5,30926266,24534908
2026-08-14,100710332,867036,3768,0.4,30867510,24327182
2026-08-18,104755058,920208,6445,0.7,31104533,24394711
2026-08-19,106575016,913506,5556,0.6,31312008,24487369
2026-08-20,105354289,1097393,9354,1.0,31893895,24974174
2026-08-21,100745646,1071523,48433,4.4,32416288,25561165
2026-08-24,103013654,991564,5985,0.6,32628246,25753152
2026-08-25,102534150,1002274,9205,0.9,32848307,25902153
2026-08-26,98917653,1149189,12701,1.3,33102367,26246926
2026-08-27,96709071,1023289,24871,2.2,33329014,26478840
2026-08-28,98704872,930301,4797,0.5,33337971,26386089
2026-08-31,99704432,931875,6650,0.7,33252658,26290467
2026-09-01,98169090,924043,8909,1.0,33430161,26429397
2026-09-02,102267236,923527,14976,1.6,33440441,26415996
2026-09-03,97761496,990744,10595,1.1,33542016,26455419
2026-09-04,93549981,1051987,26063,2.6,33595812,26528987
2026-09-07,93925789,1146731,9074,0.9,33190325,26156115
2026-09-08,96986329,881867,3244,0.3,32738698,25743987
2026-09-09,102846170,869794,2264,0.3,32409222,25315145
2026-09-10,107657276,1021436,5836,0.7,32359893,25216162
2026-09-11,107056001,1030195,9940,1.0,32264888,25122672
2026-09-14,106817908,986142,10865,1.1,32623060,25469696
2026-09-15,105327532,939435,18057,1.8,32831961,25620409
2026-09-16,99574864,1042440,17366,1.8,33073525,25909937
2026-09-17,97491073,1013774,24620,2.4,33073017,25950716
2026-09-18,98334648,890406,4637,0.5,32914624,25777008
2026-09-21,98138613,872160,3635,0.4,33055486,25895759
2026-09-22,100982555,853709,3687,0.4,32819168,25609148
2026-09-23,101634868,888130,2378,0.3,32776434,25526956
2026-09-28,104489234,1066267,5041,0.6,32858170,25566251
2026-09-29,107725670,1147997,15227,1.4,32920005,25593489
2026-09-30,104664400,1101967,22696,2.0,33390129,26057234
2026-10-01,104637666,983659,27220,2.5,33480843,26145638
2026-10-02,100842194,988331,8553,0.9,33628238,26274978
2026-10-06,101048627,960129,16258,1.6,33559143,26256444
2026-10-07,100379607,931602,19220,2.0,33516739,26096341
