date,close,volume,value,mcap
2008-01-02,1853.45,247085903,4536509020354,929976274544925
2008-01-03,1852.73,253668393,4534043335302,929548593390150
2008-01-04,1863.9,299084449,5651996984858,934853851304415
2008-01-07,1831.14,268129758,5303419231388,918362009837250
2008-01-08,1826.23,296573522,5356821646904,915751030935930
2008-01-09,1844.47,277671375,5323530674006,924705054162375
2008-01-10,1824.78,315477281,5435824585163,914757528655425
2008-01-11,1782.27,280814964,5183152960220,893723885717765
2008-01-14,1765.88,249323879,4592832347465,885783743837510
2008-01-15,1746.95,295548428,5665290140598,876623377410225
2008-01-16,1704.97,295613958,5614034900628,856018428575045
2008-01-17,1723.55,296032051,6129198984922,865696688832460
2008-01-18,1734.72,287708769,6028941355274,871159576902470
2008-01-21,1683.56,286056134,5698907867067,845748322463540
2008-01-22,1609.02,316867051,6950698307102,809205166959190
2008-01-23,1628.42,272141857,5862541074780,818671941911650
2008-01-24,1663.0,270632894,5395267132142,836009576171005
2008-01-25,1692.41,272610378,5563911259027,850571891784290
2008-01-28,1627.19,259312699,4547423649940,817859881436245
2008-01-29,1637.91,275313453,5216165808495,823507594600480
2008-01-30,1589.06,380515055,6363488051431,799307288098170
2008-01-31,1624.68,334127632,6187301001183,817429349411870
2008-02-01,1634.53,308087281,5139660589893,822252075984840
2008-02-04,1690.13,333083257,6129600972671,850344590372885
2008-02-05,1696.57,253903369,4127329026320,853677303802015
2008-02-11,1640.67,234302246,4218250825879,825505783579010
2008-02-12,1643.29,291250017,4203480701306,826699361531350
2008-02-13,1631.78,318951440,4249391455459,820789903066275
2008-02-14,1697.45,503946327,6002492181486,853234035880160
2008-02-15,1694.77,485515477,5318657774925,851720906516405
2008-02-18,1696.24,374013974,4430314827220,852299331602705
2008-02-19,1720.52,362834443,4738934086894,864578393196405
2008-02-20,1687.91,321609364,4964971570260,848413696002760
2008-02-21,1704.36,241929537,4453871376105,856877924776145
2008-02-22,1686.45,281412433,3852820773065,848202015251260
2008-02-25,1709.13,299191892,4104318011771,859289000413165
2008-02-26,1709.13,283720923,4638113610609,859063155675575
2008-02-27,1720.89,306566614,5031965854415,864795165664550
2008-02-28,1736.17,257437245,4459475463684,872483013705580
2008-02-29,1711.62,315818524,4331078882755,860219016087795
2008-03-03,1671.73,237089922,4210736558015,840446101955100
2008-03-04,1676.18,278567777,3845661417906,842463610063280
2008-03-05,1677.1,263574683,4087172578149,842993587067265
2008-03-06,1697.44,359685616,5151447939567,853162112183660
2008-03-07,1663.97,304211101,4430484365384,836328136354525
2008-03-10,1625.17,318105337,4427381423573,817204155243750
2008-03-11,1641.48,279827064,4753172800540,825482816605240
2008-03-12,1658.83,325278408,5210320087451,834088625567865
2008-03-13,1615.62,309590597,6403081009475,812767605990335
2008-03-14,1600.26,297667680,5436128472333,805448243266840
2008-03-17,1574.44,298745015,5420380037137,792788473887120
2008-03-18,1588.75,243063160,4705742714370,799790555998520
2008-03-19,1622.23,280387835,5227298394668,816791029253890
2008-03-20,1623.39,243414064,4385164145011,817680014918705
2008-03-21,1645.69,283934911,4496026918190,831350054440665
2008-03-24,1655.3,258053230,3882817268050,835741653739770
2008-03-25,1674.93,319949801,5571590025725,845519164407235
2008-03-26,1679.67,280421036,4864354763821,847818824692415
2008-03-27,1676.24,257893801,4411853854234,846330535178040
2008-03-28,1701.83,350467086,5544013620280,860314348691035
2008-03-31,1703.99,291721074,4728877856870,861436159117650
2008-04-01,1702.25,320397563,5813611631356,860679689838735
2008-04-02,1742.19,326486914,7298294500323,881034902214720
2008-04-03,1763.63,253831731,5981318145361,891829236534285
2008-04-04,1766.49,256796593,5450598905908,893297697479500
2008-04-07,1773.56,275341062,5540921390002,896765705376245
2008-04-08,1754.71,267226915,4837868486898,887251362093110
2008-04-10,1764.64,214922198,5276087637807,892667512241965
2008-04-11,1779.71,272362008,5773947267867,900501895026760
2008-04-14,1746.71,223464313,4877784122842,883946117797470
2008-04-15,1742.17,238471147,4876692638045,881370736758240
2008-04-16,1758.56,286331312,5220644542424,889516498164600
2008-04-17,1768.67,265021558,5564280189480,894632414546550
2008-04-18,1771.9,237574099,5537014434842,896224611251670
2008-04-21,1800.48,299016995,5752646905160,913156265094895
2008-04-22,1787.49,346695009,6221896422215,906985379745355
2008-04-23,1800.79,340431761,6642905322783,913385250866685
2008-04-24,1799.34,497246807,6453370499325,912928994512475
2008-04-25,1824.68,328040316,6563577517241,926030578607465
2008-04-28,1823.17,371631596,6361911773174,925583478299390
2008-04-29,1811.51,272357584,5073606270524,919714637229020
2008-04-30,1825.47,244969357,5273226635115,926729918512735
2008-05-02,1848.27,267832530,6050030537325,938343045850130
2008-05-06,1859.06,303686695,5948015171614,943866662698340
2008-05-07,1854.01,384071639,6699853984404,941276768019775
2008-05-08,1848.0,319209096,6151300016175,938122437445890
2008-05-09,1823.7,280073277,5886208077503,925752946669085
2008-05-13,1842.8,265300945,5767478669649,935576536335705
2008-05-14,1843.75,297692503,5828236454333,935951702394260
2008-05-15,1885.71,414795335,7361244510555,957148601323780
2008-05-16,1888.88,301669738,6922363551320,958637665529030
2008-05-19,1885.37,355995714,7004371425135,956491008089175
2008-05-20,1873.15,336306135,6290037575490,950155035522715
2008-05-21,1847.51,315979090,6291082716885,937346379372040
2008-05-22,1835.42,357259204,5682711729663,931402443151820
2008-05-23,1827.94,299062018,4761917238235,927423225501715
2008-05-26,1800.58,281848474,5344160699049,913258661414445
2008-05-27,1825.23,260268048,4700273698143,925831631950025
2008-05-28,1805.64,299607182,5248712985249,915885584989830
2008-05-29,1841.22,298969319,5182247793787,934434305706930
2008-05-30,1852.02,287614450,6235361120098,940202137701285
2008-06-02,1847.53,234490860,4523619038098,937752742045980
2008-06-03,1819.39,258920518,4860514079566,923646821927160
2008-06-04,1833.81,235894427,4254571734718,930882378173005
2008-06-05,1832.31,274963257,4966611149919,930285342470610
2008-06-09,1808.96,249280719,4984031715865,918077865960755
2008-06-10,1774.38,322795061,5387113613436,900231545300560
2008-06-11,1781.67,282784885,5028261478959,904488738003360
2008-06-12,1739.36,379807909,6840657182675,883203043922530
2008-06-13,1747.35,402038340,5522860687991,887347146129905
2008-06-16,1760.82,375411628,4698238050721,894239526925235
2008-06-17,1750.71,334937545,4892638245682,889169877203500
2008-06-18,1774.13,343036104,4364611228538,900921607220440
2008-06-19,1740.72,401514459,4728263967546,883817783536045
2008-06-20,1731.0,331018602,4305860218187,879059014599950
2008-06-23,1715.59,303197662,3768630493909,871064720483565
2008-06-24,1710.84,364190793,3991617618162,868644430157550
2008-06-25,1717.79,345354241,4210481200446,872031354915135
2008-06-26,1717.66,328759943,3978597487488,872212299811895
2008-06-27,1684.45,285310405,4113654762407,855523338076105
2008-06-30,1674.92,261908337,3895067692668,850869790644645
2008-07-01,1666.46,278015912,4318384667013,846782933626790
2008-07-02,1623.6,335993683,5328048624057,824930601064925
2008-07-03,1606.54,352001049,5808379781477,816360745089045
2008-07-04,1577.94,246967337,4117222639730,802124179881930
2008-07-07,1579.72,250026395,4208846799648,803001170263945
2008-07-08,1533.47,332006420,5349507120416,779600270885030
2008-07-09,1519.38,328759028,5263335450039,772642471852950
2008-07-10,1537.43,354189740,6280549432139,781213394855270
2008-07-11,1567.51,326548288,5117490895357,796393760535475
2008-07-14,1558.62,257133782,3834949012855,791823274766700
2008-07-15,1509.33,297854062,4684395316823,766906301302065
2008-07-16,1507.4,296909234,4991654803701,765962455637505
2008-07-17,1525.56,319702712,4589686347530,775482354601595
2008-07-18,1509.99,304142892,4128174663512,767647384013345
2008-07-21,1562.92,296053129,5139684123487,794472317172835
2008-07-22,1561.23,252499278,3453752525064,793477378226995
2008-07-23,1591.76,351644578,5508271163094,808760512275115
2008-07-24,1626.14,347691884,5926642646192,826738890278175
2008-07-25,1597.93,266623647,4371262880414,811865458403345
2008-07-28,1598.29,252277533,3987681626719,811751990321960
2008-07-29,1567.2,261582742,4183630343516,795832554463305
2008-07-30,1577.7,265697984,4752420305706,801083992497380
2008-07-31,1594.67,233013213,4212756638467,809816923866135
2008-08-01,1573.77,231176174,3325914975421,799270323683070
2008-08-04,1543.05,246520467,4214140204955,783995138988210
2008-08-05,1535.54,244785246,5226107613721,780386410352890
2008-08-06,1578.71,276646219,4666220434755,802342383541850
2008-08-07,1564.0,219017122,4045087091131,794876682279000
2008-08-08,1568.72,221286128,3784312144064,797522970339440
2008-08-11,1581.09,254544577,4356404470290,803931168228215
2008-08-12,1577.12,251631882,4331102865336,802218808605885
2008-08-13,1562.72,231583765,3360028156663,794925095910390
2008-08-14,1572.19,247613012,3722498423845,799621224627735
2008-08-18,1567.71,260761390,3451217067540,797393306555190
2008-08-19,1541.41,261100782,3396235708274,784007020202205
2008-08-20,1540.71,243670511,3709528044740,783464868808925
2008-08-21,1512.59,259520587,3847210192700,769165880331375
2008-08-22,1496.91,226289246,3728778974019,761543262363565
2008-08-25,1502.11,198258911,2910298188837,764174866630775
2008-08-26,1490.25,213143625,3213613957559,758015799384170
2008-08-27,1493.92,241558881,3858482279277,759732746183165
2008-08-28,1474.15,216132665,3312919869481,749839990882135
2008-08-29,1474.24,242100630,4211237694862,749708047400470
2008-09-01,1414.43,316592590,5106949241867,719463209309875
2008-09-02,1407.14,373370674,5532256328606,715856579982800
2008-09-03,1426.89,367103091,5216023469010,725934029557000
2008-09-04,1426.43,372856023,4833338414073,725693109465100
2008-09-05,1404.38,298481482,4260937705101,714818421335615
2008-09-08,1476.65,399130211,6313141172078,751477026028460
2008-09-09,1454.5,443711973,4771899146603,740155186142110
2008-09-10,1464.98,421192962,5556283926035,745305074114925
2008-09-11,1443.24,362999816,6218478883031,734653780351260
2008-09-12,1477.92,311745300,4858826362877,752029470825570
2008-09-16,1387.75,392767415,6479889620781,706231239300950
2008-09-17,1425.26,398283484,5957720823333,725240457425155
2008-09-18,1392.42,413388505,5847238055445,708515614154595
2008-09-19,1455.78,468688431,7957748994242,740851960805465
2008-09-22,1460.34,354332547,6229579776736,743004947210310
2008-09-23,1481.37,470349526,5194236987095,753691667791705
2008-09-24,1495.98,498528591,5850678766867,760831553356440
2008-09-25,1501.63,419072680,4864240726796,763600120168935
2008-09-26,1476.33,405920415,4552645794214,750852869347110
2008-09-29,1456.36,365882985,5387459930731,740932826213255
2008-09-30,1448.06,412809457,5688304470856,736656677137600
2008-10-01,1439.67,314216252,4179223523530,732343387651075
2008-10-02,1419.65,317945394,4317459303515,721994010876380
2008-10-06,1358.75,312408601,4955438771652,690790212550860
2008-10-07,1366.1,349569421,4760384639004,694872179220200
2008-10-08,1286.69,431464066,5094486325332,654743365948785
2008-10-09,1294.89,451806102,5633516618040,658747132644605
2008-10-10,1241.47,461327628,6401421259739,630980393169475
2008-10-13,1288.53,384723033,5584517417581,654419621575695
2008-10-14,1367.69,460906499,7010091099634,694481312228850
2008-10-15,1340.28,347683152,4925895353497,680544220542490
2008-10-16,1213.78,409090864,6167399276289,616479619439840
2008-10-17,1180.67,420174991,6546068056321,599693165804310
2008-10-20,1207.63,373014879,5674673375236,613068935918635
2008-10-21,1196.1,389189917,4763302701265,607423139635110
2008-10-22,1134.59,374865709,5250109787045,576364086977200
2008-10-23,1049.71,401511754,5361377706853,533588133968250
2008-10-24,938.75,443157025,5459813851436,477323771657525
2008-10-27,946.45,540707848,5871935500279,481183230810045
2008-10-28,999.16,649428807,6296118991758,507841855733355
2008-10-29,968.97,763398333,8290018019138,492925487791565
2008-10-30,1084.72,621627912,7404484242302,551937615919930
2008-10-31,1113.06,864749622,9147276769855,566438073901115
2008-11-03,1129.08,568246624,7181993618677,574510849263295
2008-11-04,1153.35,603572854,6798275336601,586688634705970
2008-11-05,1181.5,790190946,7965854261085,600742673943470
2008-11-06,1092.22,657625600,5363600768802,555819652193315
2008-11-07,1134.49,846308352,6929645288304,577271037942475
2008-11-10,1152.46,717483787,7372464496921,585579197622170
2008-11-11,1128.73,600725792,5831799862136,573530672946505
2008-11-12,1123.86,605657193,5051820811967,571044100184075
2008-11-13,1088.44,566758585,5351351697715,553416773642545
2008-11-14,1088.26,440485584,5068481326198,552945921096230
2008-11-17,1078.32,413383428,4846330664305,547801136139795
2008-11-18,1036.16,377419732,4134786454282,526682685312890
2008-11-19,1016.82,404606587,4218377679590,516910707396985
2008-11-20,948.69,424069906,3956358364530,482685317934390
2008-11-21,1003.73,602106230,5092689164238,510550163085295
2008-11-24,970.14,464190804,4778958809705,493488334074115
2008-11-25,983.32,486153503,5425508269619,500054958254510
2008-11-26,1029.78,515466992,5155321567770,523345453142140
2008-11-27,1063.48,563629560,5976241430566,541176042668605
2008-11-28,1076.07,555246755,5186234134447,554122785674585
2008-12-01,1058.62,627338210,4672823753460,544318157241575
2008-12-02,1023.2,421112282,4093919627248,526172571200795
2008-12-03,1022.67,478714655,5310409985924,525758965654450
2008-12-04,1006.54,402237815,4449876955799,517646154143415
2008-12-05,1028.13,401605023,3668500879041,528405266174135
2008-12-08,1105.05,541792605,6520366148950,567560092730625
2008-12-09,1105.84,486456034,6063057644435,568129053407400
2008-12-10,1145.87,562091557,7535486275423,588603905585630
2008-12-11,1154.43,576699619,8145575749147,592682316466410
2008-12-12,1103.82,622304130,6749653376041,567048013828905
2008-12-15,1158.19,485361894,5850072540744,594662635717365
2008-12-16,1161.56,626697437,6818527182968,596015611662440
2008-12-17,1169.75,647792597,6577860255083,600304131795965
2008-12-18,1175.91,557762099,5904836363385,603339608363380
2008-12-19,1180.97,685025348,5401355011900,606239201303170
2008-12-22,1179.61,450639152,5341408661656,605689080252470
2008-12-23,1144.31,436408415,4108318055362,587671844246935
2008-12-24,1128.51,407844810,3508787545355,579635401114695
2008-12-26,1117.86,345548585,3078267414086,574506025775515
2008-12-29,1117.59,312516295,2615494872220,573728866152390
2008-12-30,1124.47,357926169,3269662330820,576927703499465
2009-01-02,1157.4,340781003,4043267677630,593882523336685
2009-01-05,1173.57,414759850,5288645206475,602269376091140
2009-01-06,1194.28,444194903,5608839499720,613219053718325
2009-01-07,1228.17,568555551,7650756906906,630963325378875
2009-01-08,1205.7,472344049,5826334742365,619192680637035
2009-01-09,1180.96,443544213,5328416603270,607077647299620
2009-01-12,1156.75,352671105,3896401211050,594756224383895
2009-01-13,1167.71,381507213,4102261304330,600286827271350
2009-01-14,1182.68,358877338,3963837007452,607773013373905
2009-01-15,1111.34,366484852,4568785176117,571130854533900
2009-01-16,1135.2,335687738,4084345644318,583504824542105
2009-01-19,1150.65,370319103,4507860813221,591248957283285
2009-01-20,1126.81,319532612,3804185348480,579115459899650
2009-01-21,1103.61,334555572,4144996976561,567301601222785
2009-01-22,1116.23,346827405,4281503963400,573621673861385
2009-01-23,1093.4,268188810,3558498653213,561837803096930
2009-01-28,1157.98,345266264,4604520088627,595224021100070
2009-01-29,1166.56,384745289,4871008924722,599683085918775
2009-01-30,1162.11,377035032,3974971830159,598142080059980
2009-02-02,1146.95,374571191,4478153243799,590116782343340
2009-02-03,1163.2,347702521,4408618103940,598590879366190
2009-02-04,1195.37,450221418,5760535892381,615203194625010
2009-02-05,1177.88,463562137,5337966376450,606291154374990
2009-02-06,1210.26,570791465,5772617907902,623072452203885
2009-02-09,1202.69,475949978,4954661122470,619062965125130
2009-02-10,1198.87,468812229,4152908339699,617118861583395
2009-02-11,1190.18,469845650,4308985515921,612739950183000
2009-02-12,1179.84,488111338,4855673912488,607616857505975
2009-02-13,1192.44,574846421,4228207538106,613900971355720
2009-02-16,1175.47,509491553,4165139806970,605336624386085
2009-02-17,1127.19,546440268,4734824826065,580213796372355
2009-02-18,1113.19,598230390,4681168541360,573150765092585
2009-02-19,1107.1,641510918,4667948519307,570020767593205
2009-02-20,1065.95,587441110,4146131408137,548645214946260
2009-02-23,1099.55,396061697,3870962160854,565954477790740
2009-02-24,1063.88,576296442,3891796705715,547671701829890
2009-02-25,1067.08,735367970,4146944911370,549273990417280
2009-02-26,1054.79,575092777,4141636259413,543090954422115
2009-02-27,1063.03,498308887,3595998550268,547085652272160
2009-03-02,1018.81,413948907,3359586070329,524500873388790
2009-03-03,1025.57,543381803,3647543274714,528117151033060
2009-03-04,1059.26,490793960,4215485457890,545366081029095
2009-03-05,1058.18,509907384,4497847372393,544991651704520
2009-03-06,1055.03,465730699,3507220446665,543579925864340
2009-03-09,1071.73,457910874,3449749284945,552232690326180
2009-03-10,1092.2,614109095,4886460316585,562577075452815
2009-03-11,1127.51,574391023,5655537474305,580653557740105
2009-03-12,1128.39,536880520,7180128762264,581016566295305
2009-03-13,1126.03,506177084,5465240463570,580074111245910
2009-03-16,1125.46,436008795,4429944410000,579734299327430
2009-03-17,1163.88,726952935,5807735987096,599156031439125
2009-03-18,1169.95,520429465,5049229224353,602282676438170
2009-03-19,1161.81,532575707,5122645308175,598135589650715
2009-03-20,1170.94,374670523,4228854577584,603001747367595
2009-03-23,1199.5,461575648,4749377009574,617589969731525
2009-03-24,1221.7,512523940,5895005092469,629021225585440
2009-03-25,1229.02,495050890,5114727660614,632819889753895
2009-03-26,1243.8,588056328,5897684396387,640525330308375
2009-03-27,1237.51,702348126,7025605483930,637876221480695
2009-03-30,1197.46,527829644,4901678651115,619273159430120
2009-03-31,1206.26,503563491,5211783606496,623523107746925
2009-04-01,1233.36,586123772,6460702298515,637377933577035
2009-04-02,1276.97,732210776,7980881253397,659821160890485
2009-04-03,1283.75,618670739,7761773076760,663177176517305
2009-04-06,1297.85,726430805,7850148840897,670385285379385
2009-04-07,1300.1,686776114,6607436521465,671446590648075
2009-04-08,1262.07,751439799,6719458763190,651852846041730
2009-04-09,1316.35,933678336,9150021986263,679860868897445
2009-04-10,1336.04,920396539,9064786109765,690036978950915
2009-04-13,1338.26,815421736,8236609137130,690984339303460
2009-04-14,1342.63,933384214,8325877453525,693265286034235
2009-04-15,1333.09,815701843,8221371250399,688611544101535
2009-04-16,1336.72,746708864,8912085595576,690554426216265
2009-04-17,1329.0,794015798,8205060456134,686964028561785
2009-04-20,1336.39,566858143,5944083990770,693640412125185
2009-04-21,1336.81,639590853,6520602653698,693998572251025
2009-04-22,1356.02,730162773,8595045538250,704177932126210
2009-04-23,1368.8,747016836,8867659869491,710880981698295
2009-04-24,1354.1,683433498,8143319668930,702971681535885
2009-04-27,1339.83,547298266,6993373248160,695410916736925
2009-04-28,1300.24,759036321,7666212101068,675156998672605
2009-04-29,1338.42,599342809,5664584924611,694655751983280
2009-04-30,1369.36,811763972,8582747114135,710678763724090
2009-05-04,1397.92,749111171,9028020189660,725516599908275
2009-05-06,1393.45,738945886,9876754973992,722530391979725
2009-05-07,1401.08,770554067,9553835023025,726494462157445
2009-05-08,1412.13,732205812,8199849712340,732299464731255
2009-05-11,1415.16,681599352,7002840385894,733724151535845
2009-05-12,1403.51,770682193,6639587360274,727844413997435
2009-05-13,1414.52,713985209,7052485159710,733586686622690
2009-05-14,1380.95,700942423,7580623528900,716485052387070
2009-05-15,1391.73,702846864,6841540427303,720879443164660
2009-05-18,1386.68,552497159,6063755681109,718538116177170
2009-05-19,1428.21,767835352,7668651660012,739991676990915
2009-05-20,1435.7,698912066,6738849546625,744210003520985
2009-05-21,1421.65,867643972,7893553788670,737226097014955
2009-05-22,1403.75,676836678,7863532581250,728868124381125
2009-05-25,1400.9,825371056,8630338810840,727369068667060
2009-05-26,1372.04,684648840,8215082164031,712335498455040
2009-05-27,1362.02,786694172,8209177781381,707443343110660
2009-05-28,1392.17,657878169,7347898916663,723169710537625
2009-05-29,1395.89,549745849,7057542258563,725874519843190
2009-06-01,1415.1,558960157,6350364436605,735825826787235
2009-06-02,1412.85,705294452,8291984476925,734560796561615
2009-06-03,1414.89,731509170,7355228907937,735515316153930
2009-06-04,1378.14,583311054,6956173012930,716470836179420
2009-06-05,1394.71,511501264,5974011683802,724919032900310
2009-06-08,1393.3,516708199,5442691173710,724245718357505
2009-06-09,1371.84,485670605,5916610296538,713263637979190
2009-06-10,1414.88,501867204,6067326901798,735426730396680
2009-06-11,1419.39,490783811,7040361452022,737859353971065
2009-06-12,1428.59,508570947,5358263320313,742977642713095
2009-06-15,1412.42,434553658,4985137331228,734782672904650
2009-06-16,1399.15,473881403,4608363230145,727851534514920
2009-06-17,1391.17,456091122,4639365890619,723974974550755
2009-06-18,1375.76,502154131,4539042825591,715959792087820
2009-06-19,1383.34,471006406,4333949516889,720042605450665
2009-06-22,1399.71,410177524,4314990474642,728572219569805
2009-06-23,1360.54,509170128,5025013760948,704612047577730
2009-06-24,1363.79,436479369,4581788063327,706270276353320
2009-06-25,1392.73,449173813,5231753653320,721449314265690
2009-06-26,1394.53,425874377,4823897835070,722525577928605
2009-06-29,1388.45,426317516,4040765019915,719297664559275
2009-06-30,1390.07,473132140,4815561731004,720211903210490
2009-07-01,1411.66,505528204,5214688865632,731195051560830
2009-07-02,1411.48,464119291,4756159428298,731194913302695
2009-07-03,1420.04,398642577,4131633159510,735554726363875
2009-07-06,1428.94,384595425,4578325271367,740571307176180
2009-07-07,1434.2,456757675,5047763744560,743436837305265
2009-07-08,1431.02,435416867,5082494846624,741691724986715
2009-07-09,1430.89,437278240,5712932777140,741765276492755
2009-07-10,1428.62,456473123,4729725397702,741012304651815
2009-07-13,1378.12,446682250,5016392178935,715037363003200
2009-07-14,1385.56,426814414,5021897605024,719067308921655
2009-07-15,1420.86,398394985,5279847824496,737504160054080
2009-07-16,1432.22,423962074,5538955647937,743794300600920
2009-07-17,1440.1,403676531,4528026284918,747892684360805
2009-07-20,1478.51,505042538,6270004690000,767775464877030
2009-07-21,1488.99,514660084,6722693203682,773562938756330
2009-07-22,1494.04,506893724,6074653625890,776463648505685
2009-07-23,1496.49,642853322,6694779406741,777804720382505
2009-07-24,1502.59,533011939,6451428629386,780411111058650
2009-07-27,1524.05,504075200,6896269470606,791525728658605
2009-07-28,1526.03,431427212,5593914664913,792323225389615
2009-07-29,1524.32,486409718,6196530609330,791495163264740
2009-07-30,1534.74,431268645,5567755687200,796778812820110
2009-07-31,1557.29,466525906,7345684524811,808503556086295
2009-08-03,1564.98,490193845,6909524639662,813421016126175
2009-08-04,1566.37,589855016,8236678426473,814246662510650
2009-08-05,1559.47,494912992,6058886096462,810488508664205
2009-08-06,1565.04,492249879,6133405057950,813531016846490
2009-08-07,1576.0,477559443,5720994966438,819038421965820
2009-08-10,1576.11,490582922,5693517523380,818995290215355
2009-08-11,1579.21,573986725,6346613667195,820633118776750
2009-08-12,1565.35,510512424,6693354309114,813453335151355
2009-08-13,1564.64,562763781,7669336123880,813247978476330
2009-08-14,1591.41,606500452,6834913182104,827235321276710
2009-08-17,1547.06,594931028,6825536190330,804400895844465
2009-08-18,1550.24,598313654,6510241772429,806791156747555
2009-08-19,1545.96,521615373,6782982349847,804881045384035
2009-08-20,1576.39,454917942,6225800615350,820406269462460
2009-08-21,1580.98,514683208,8161032081857,823088891546250
2009-08-24,1612.22,541262639,8857554605468,839793076044940
2009-08-25,1601.38,461069173,7656154765669,834486663720035
2009-08-26,1614.12,451615784,6422886606180,840583640779330
2009-08-27,1599.33,426333985,6231234962634,832751185603675
2009-08-28,1607.94,455462279,7461053109130,837518164095005
2009-08-31,1591.85,443613120,6520150409919,829731246261425
2009-09-01,1623.06,444448815,7107529699062,845971669202290
2009-09-02,1613.16,561693060,8032313988490,840637545673240
2009-09-03,1613.53,493292164,7119959317046,840272799901910
2009-09-04,1608.9,594778775,7132793302172,839362061769290
2009-09-07,1608.57,411219179,5819831722418,839426572868560
2009-09-08,1619.69,523925716,7474012128461,844986397202640
2009-09-09,1607.77,518366903,7543712209340,838676321422450
2009-09-10,1644.68,581051083,9086360603382,857668564814270
2009-09-11,1651.7,514657325,7613934715461,861574408922435
2009-09-14,1634.91,432398242,6792353920429,852938696551760
2009-09-15,1653.4,550449607,7568674854644,862535102266755
2009-09-16,1683.33,568410219,8873741278122,878034760556095
2009-09-17,1695.47,527873720,9147537334523,884328256112190
2009-09-18,1699.71,500095413,8763489327709,886270123178245
2009-09-21,1695.5,517256720,5523352246030,884010598099630
2009-09-22,1718.88,448385657,6995190002501,896217325422455
2009-09-23,1711.47,503233359,7678959009147,892532909138290
2009-09-24,1693.88,421172282,7594658126195,883511171984325
2009-09-25,1691.48,391939717,7551953245799,882271378823955
2009-09-28,1675.55,351375969,6553290275260,874000530481860
2009-09-29,1690.05,343691877,6766271598315,881689901677660
2009-09-30,1673.14,369850238,7960459888915,872915510392335
2009-10-01,1644.63,337358350,7024530973859,857703556325580
2009-10-05,1606.9,318999741,7103118102281,838510714619000
2009-10-06,1598.44,390392550,6227937341099,833958915867920
2009-10-07,1598.0,411268651,6718950457359,833264891997880
2009-10-08,1615.46,377006514,6693931409014,843929706851010
2009-10-09,1646.79,440504920,6005992820266,860204989785075
2009-10-12,1639.81,413658491,4841306353205,856712646795000
2009-10-13,1628.93,420335159,5414108294749,851266008875395
2009-10-14,1649.09,412055730,5113996651641,861950840116940
2009-10-15,1658.99,374175114,5950118710450,866994744199010
2009-10-16,1640.36,372952071,5838359140540,857098689884050
2009-10-19,1649.07,279879555,4902443188324,863367076122255
2009-10-20,1659.15,402306493,4837859714822,868604922101080
2009-10-21,1653.86,366290079,5295318933976,866031050545485
2009-10-22,1630.33,386905011,4931053619414,853850082622395
2009-10-23,1640.17,331326509,4950872512370,859238865507465
2009-10-26,1657.11,314207735,4769976701355,867998317243735
2009-10-27,1649.53,334695680,5147974153895,864152941854490
2009-10-28,1609.71,370004164,5465163147654,843528621275310
2009-10-29,1585.85,372461088,5708790469208,831325134614870
2009-10-30,1580.69,272706161,4830826499560,828748895040715
2009-11-02,1559.09,289875370,4408359909875,817190240902445
2009-11-03,1549.92,274472764,3638963156798,812299901324875
2009-11-04,1579.93,267395827,3782343429043,827883940910920
2009-11-05,1552.24,204375269,3368233158735,813533311296120
2009-11-06,1572.46,254308226,3701173349505,823974026785920
2009-11-09,1576.79,246232995,3502744589725,826398697858920
2009-11-10,1582.3,276940086,3893466405735,829247730506555
2009-11-11,1594.82,263272865,3251698590546,837877479973675
2009-11-12,1572.73,282770926,4843811450801,826249190001565
2009-11-13,1571.99,260027770,4194425107491,825815430012810
2009-11-16,1592.47,246309561,4018462494683,836495190430710
2009-11-17,1585.98,295962772,4919238390012,833215207950130
2009-11-18,1603.97,279956131,5197111640071,842799236366205
2009-11-19,1620.54,281502573,4792546326046,852497366950455
2009-11-20,1620.6,262293308,3697537284597,852594088119460
2009-11-23,1619.05,256974460,3459036585728,851829793917675
2009-11-24,1606.42,397849523,4899767820290,845192219368995
2009-11-25,1611.88,287006751,3494400214671,848151929631890
2009-11-26,1599.52,282560061,4141725881827,841866403167545
2009-11-27,1524.5,389951336,5495562398698,802431710890215
2009-11-30,1555.6,311492286,4583796537678,819088120800330
2009-12-01,1569.72,304882011,4579360675678,826340531419325
2009-12-02,1591.63,329365627,4827790602474,837775151781230
2009-12-03,1615.0,282331297,4435786489618,850095313400995
2009-12-04,1624.76,281880486,4532395805679,855067928165850
2009-12-07,1632.65,267038099,3938682196413,859379777893695
2009-12-08,1627.78,355531784,3597213926845,857126981585500
2009-12-09,1634.17,354625507,4601875844885,860780315667920
2009-12-10,1652.73,470001409,7737584573764,870445385478525
2009-12-11,1656.9,438802454,5455222425296,872743210322075
2009-12-14,1664.77,411974500,5092967923519,877928753470840
2009-12-15,1665.85,366145292,5061338221248,878657211023880
2009-12-16,1664.24,370484112,4662827016096,877792287259375
2009-12-17,1647.84,376796958,4327520352172,869476821616505
2009-12-18,1647.04,264013568,4016692824904,868722876333605
2009-12-21,1644.23,288556830,3881212223821,867360305862780
2009-12-22,1655.54,472133820,3788238574725,873423123148135
2009-12-23,1661.35,371780804,4028242799723,876520679924125
2009-12-24,1682.34,330904949,4867741197180,887590805483425
2009-12-28,1685.59,389501383,5826460338705,889255165423230
2009-12-29,1672.48,318034825,4228352119745,882372886832830
2009-12-30,1682.77,326529565,4285641781625,887935182728775
2010-01-04,1696.14,296547959,4364595613797,894731590862430
2010-01-05,1690.62,408854057,6830723338336,891901043372630
2010-01-06,1705.32,426040121,6391016648164,899645119495585
2010-01-07,1683.45,462402742,7498405146704,888111373913575
2010-01-08,1695.26,379952313,6965072761490,894080129850645
2010-01-11,1694.12,407679788,6952668904693,893092753411900
2010-01-12,1698.64,383755339,5330058963940,895743625395625
2010-01-13,1671.41,361932578,5286074355123,881413531578735
2010-01-14,1685.77,433752962,6219871212252,889078614324645
2010-01-15,1701.8,415903873,6485923305209,897220215566915
2010-01-18,1711.78,420751546,6335015101551,902436363611760
2010-01-19,1710.22,384378749,5700481869166,901867203462795
2010-01-20,1714.38,695737348,7290025113782,904201206279080
2010-01-21,1722.01,543454354,5803562919133,908475207162410
2010-01-22,1684.35,615072835,6695896776345,888759752103875
2010-01-25,1670.2,585001076,5838456647313,881526817712370
2010-01-26,1637.34,576948651,6114372716785,864178394648435
2010-01-27,1625.48,446537804,5760748918851,857724537638840
2010-01-28,1642.43,479611798,5472747492239,867754348847000
2010-01-29,1602.43,473945246,5729024628563,848135731614190
2010-02-01,1606.44,382241240,5109265157224,849915099147460
2010-02-02,1595.81,434956281,5008804043940,844598368223690
2010-02-03,1615.02,438151639,4459113496818,854639238312685
2010-02-04,1616.42,396780458,4093281370822,855340684064365
2010-02-05,1567.12,460773752,4940523688585,829280667777350
2010-02-08,1552.79,445719661,4182125534894,821989534936570
2010-02-09,1570.49,433885424,4308484186098,831079859283935
2010-02-10,1570.12,436122641,4184074640077,830862387701630
2010-02-11,1597.81,393755848,4404075952107,845555099266050
2010-02-12,1593.66,292260871,4240413318460,843764303118920
2010-02-16,1601.05,275272185,2731491412185,847620423142710
2010-02-17,1627.43,383622645,4105200699265,861416894981665
2010-02-18,1621.19,313983157,3281797223311,858098194379300
2010-02-19,1593.9,345772736,3775987753696,843829205875850
2010-02-22,1627.1,307159935,3453092611931,861245976680315
2010-02-23,1628.9,352019297,3519764072011,861915057580355
2010-02-24,1612.83,390678983,3892377216210,853431583129230
2010-02-25,1587.51,403209536,4004938277204,840016820944860
2010-02-26,1594.58,331755395,3201772371277,844069183739085
2010-03-02,1615.12,415100944,4193883633315,855012036989045
2010-03-03,1622.44,403469343,3292849981222,858805024970895
2010-03-04,1618.2,383043598,3308670648427,856481257118785
2010-03-05,1634.57,344079203,3452620659702,865070687935150
2010-03-08,1660.04,367810525,4866114481618,878360420496575
2010-03-09,1660.83,634705767,4558556478772,878668348485910
2010-03-10,1662.24,500080850,3945319815313,879444363919735
2010-03-11,1656.62,529002149,4806845535866,876471639089575
2010-03-12,1662.74,369512420,3777675266734,879619925582060
2010-03-15,1649.5,343806094,3425406124419,872861194074000
2010-03-16,1648.01,512563689,5005136867015,872207404314155
2010-03-17,1682.86,606000979,5772908969470,898281849563910
2010-03-18,1675.17,434503286,4798832251140,894337232249575
2010-03-19,1686.11,441810292,4287876380785,900179889192665
2010-03-22,1672.67,347596344,3838604624970,892991672430640
2010-03-23,1681.82,414286546,4773021965051,897943271361455
2010-03-24,1681.01,371518390,4536118675980,897679346779625
2010-03-25,1688.39,389685603,4558932283374,901685866017510
2010-03-26,1697.72,397619664,4166333772265,906670913184620
2010-03-29,1691.99,339607123,4205866417065,903702256309440
2010-03-30,1700.19,321044138,4820640732008,908044975447670
2010-03-31,1692.85,328321170,4847301335978,903948739605745
2010-04-01,1719.17,296992303,6003364656959,918784010137155
2010-04-02,1723.49,355087518,6354411756790,921271107686840
2010-04-05,1724.99,426893895,5685853990050,922456411751340
2010-04-06,1726.09,420897418,4875478711923,923124072805790
2010-04-07,1726.6,399748434,5655321434014,923283939092220
2010-04-08,1733.78,362550353,4745541891019,927000980759150
2010-04-09,1724.47,452531003,6130542473035,921897109196515
2010-04-12,1710.3,416640430,5918394964296,913783751603420
2010-04-13,1710.59,369616413,4454842474918,914020431033375
2010-04-14,1735.33,431590703,5802523660680,926166823525120
2010-04-15,1743.91,464868414,6933972196105,930696160613265
2010-04-16,1734.49,381109407,5092817258127,925804923014090
2010-04-19,1705.3,367559562,4389100765394,910310631852355
2010-04-20,1718.03,522272589,4990814462385,917129863679525
2010-04-21,1747.58,535040300,6077582688822,932906415880015
2010-04-22,1739.52,528081391,5823183539263,928433331233835
2010-04-23,1737.03,463206972,5536084638285,927159785999820
2010-04-26,1752.2,420565721,5250248716845,935243353166630
2010-04-27,1749.55,432377982,5538537965277,933803017886220
2010-04-28,1733.91,399809681,6540807964635,925675326792945
2010-04-29,1728.42,446709996,6562015720963,924728421295580
2010-04-30,1741.56,412070465,6702966155481,931743290900590
2010-05-03,1721.21,414096471,5509841648430,921180465891600
2010-05-04,1718.75,380986230,5364320436602,920037895618725
2010-05-06,1684.71,448574028,6360483588225,901900762010725
2010-05-07,1647.5,456385372,7459774548407,882208816413735
2010-05-10,1677.63,383503712,5562983517817,898049178334615
2010-05-11,1670.24,457058953,6506292806956,893959781180665
2010-05-12,1663.03,453193198,7312863868169,913276735558550
2010-05-13,1694.58,400382757,6029729268772,930615535675275
2010-05-14,1695.63,432900330,6908005111990,931471637089240
2010-05-17,1651.51,402483477,7136385516218,907791479129775
2010-05-18,1643.24,493334961,6827671638396,902965958829770
2010-05-19,1630.08,417502509,6758713962438,897971916566045
2010-05-20,1600.18,358175577,6560696683526,881621563954585
2010-05-24,1604.93,270820356,4799503590064,884367221754565
2010-05-25,1560.83,475232232,6847295333983,859934328361540
2010-05-26,1582.12,358160299,6577114176138,871410440153025
2010-05-27,1607.5,357562028,6215660319619,885508789749880
2010-05-28,1622.78,315905074,5978491855314,894077350744900
2010-05-31,1641.25,299378869,4431497270473,904296218993080
2010-06-01,1630.4,314094804,4900310586572,898272667120685
2010-06-03,1661.84,308759704,5180056863403,915532558347080
2010-06-04,1664.13,286092937,5138448453916,917028169407885
2010-06-07,1637.97,300882140,4872722835783,902839216937915
2010-06-08,1651.48,280287783,4997057755917,910046700953705
2010-06-09,1647.22,315107227,5476070638309,907467495395000
2010-06-10,1651.7,307926772,5423394722520,910215283853440
2010-06-11,1675.34,369418199,5402053468513,923611651513630
2010-06-14,1690.6,373940505,4737543851369,932189643178770
2010-06-15,1690.03,347778069,4713054636719,931915271157735
2010-06-16,1705.33,379960117,5512488207337,940338971556660
2010-06-17,1707.92,369769461,5598359542231,941741376263485
2010-06-18,1711.95,293741842,4554903615120,943747028535435
2010-06-21,1739.68,391909009,5991423186539,958803394209115
2010-06-22,1731.48,404657473,5313986084290,953963694330265
2010-06-23,1725.82,371812105,5010100120565,950774180539875
2010-06-24,1739.87,313774771,4445509004286,958495179426360
2010-06-25,1729.84,303711639,4700316917234,953099775705010
2010-06-28,1732.03,346985042,4035146717055,954273682721335
2010-06-29,1707.76,381278215,4962840862162,940920503224820
2010-06-30,1698.29,341734771,5402906889164,936499676035085
2010-07-01,1686.24,327661746,5830574353511,929552733459530
2010-07-02,1671.82,344944795,5546653250216,921964283141695
2010-07-05,1675.37,356620061,4188328995119,924209361846395
2010-07-06,1684.94,337490156,4913934683348,929643092938225
2010-07-07,1675.65,345701720,4631632536500,923980915960400
2010-07-08,1698.64,330725142,5115964578891,936618008139260
2010-07-09,1723.01,471781301,5582672905432,950204459897690
2010-07-12,1734.05,345884324,4677173441926,956636107340795
2010-07-13,1735.08,412054363,5669972266579,957189623202715
2010-07-14,1758.01,534459395,8079352456488,970078652890080
2010-07-15,1751.29,392852739,5571613078380,966531098223460
2010-07-16,1738.45,376492772,6033762296424,959402230093075
2010-07-19,1731.95,282114048,4550743795132,955706635034485
2010-07-20,1736.77,308028485,4875405642490,958707034167690
2010-07-21,1748.78,375929209,5856047546358,965400613336735
2010-07-22,1735.53,405179332,7179373869814,957878764499530
2010-07-23,1758.06,372763658,7037710943139,970315129376065
2010-07-26,1769.07,320598967,5166244672409,976682973083905
2010-07-27,1768.31,361543307,5845756883640,976606891524770
2010-07-28,1773.47,325704388,5262637871293,979522596657180
2010-07-29,1770.88,348621599,5440526781635,978094023364960
2010-07-30,1759.33,370940133,5341376979600,972819698832020
2010-08-02,1782.27,332860045,5819379938291,985548361231785
2010-08-03,1790.6,349327719,5613674932817,990211754735435
2010-08-04,1789.26,335352730,5785527615696,989622736172450
2010-08-05,1783.86,338134588,6250711382940,986327790862450
2010-08-06,1783.83,336263842,5690650857592,985995899443475
2010-08-09,1790.17,290699276,4133761092298,989373642741850
2010-08-10,1781.13,301058779,4965797009827,984549718333595
2010-08-11,1758.19,380356000,5459257823915,972024640575660
2010-08-12,1721.75,359758532,5414133879652,952197657355575
2010-08-13,1746.24,278599861,4474349951250,965901859692770
2010-08-16,1743.31,314462426,4185652434855,964390895573710
2010-08-17,1755.03,426996811,4547668077913,970695391872875
2010-08-18,1761.99,371484634,5021971483492,974584811099845
2010-08-19,1779.64,344946462,5249782823853,984223077291255
2010-08-20,1775.54,362003802,5128306963204,981855145527580
2010-08-23,1767.71,330334820,5313810698046,977559262202920
2010-08-24,1760.53,401705248,5154349491151,973681851943475
2010-08-25,1734.79,346277912,4777175160756,959346030929675
2010-08-26,1729.76,303049046,4639292088401,956639478742515
2010-08-27,1729.56,245580623,4090190276488,956732481765520
2010-08-30,1760.13,247357868,3958869986108,973315157165330
2010-08-31,1742.75,289492169,5079126242121,963954317354060
2010-09-01,1764.69,305272514,5867851352095,976057545210075
2010-09-02,1775.73,292783614,5685857099576,982044933176965
2010-09-03,1780.02,312016279,6057612210167,984214266958870
2010-09-06,1792.42,328107204,5458249498199,990985526853410
2010-09-07,1787.74,316855694,4837177751277,988452926340805
2010-09-08,1779.22,322530855,5004816944965,983842645267130
2010-09-09,1784.36,367865036,6096389192395,986752395889425
2010-09-10,1802.58,340652066,5591152005289,996742658713485
2010-09-13,1818.86,386840183,6867751021955,1007184437577785
2010-09-14,1815.25,387030239,6878189429411,1005131073696770
2010-09-15,1823.88,338940273,6657851241264,1009852827024990
2010-09-16,1811.85,336254446,5965157339056,1003367460751445
2010-09-17,1827.35,317383590,6832277218485,1011958351474380
2010-09-20,1832.63,242696235,4218240739911,1015036288065655
2010-09-24,1846.6,274232964,5673685539730,1022718442613595
2010-09-27,1860.83,383633959,7005345922569,1030492517375975
2010-09-28,1855.97,357137614,6445291752636,1028220092724825
2010-09-29,1866.45,359927800,7338217644474,1034041886985810
2010-09-30,1872.81,353547050,6297979750597,1037666711602035
2010-10-01,1876.73,366196792,6920429590116,1040141241812720
2010-10-04,1879.29,392496866,7256261175233,1041862612777670
2010-10-05,1878.94,342730367,6442689860535,1041756503455558
2010-10-06,1903.95,392055123,7703165571560,1055780889094350
2010-10-07,1900.85,398964671,7624706337072,1053858433787452
2010-10-08,1897.07,374067734,7124178610341,1051643396474733
2010-10-11,1889.91,341187727,6186663071560,1047546036824988
2010-10-12,1868.04,315469750,5929049864563,1035226800912230
2010-10-13,1876.15,318752020,6036498854101,1039771675845692
2010-10-14,1899.76,375103516,7577575886184,1053019792486238
2010-10-15,1902.29,369334365,6382288237542,1054615809032665
2010-10-18,1875.42,372185689,5673424760797,1040034795352317
2010-10-19,1857.32,426766263,5789406054386,1030249138620658
2010-10-20,1870.44,367889900,5941454525526,1037656258889199
2010-10-21,1874.69,414874068,7202136735360,1040401038819318
2010-10-22,1897.31,348415590,5958618182018,1052924511471198
2010-10-25,1915.71,408170416,6625330899557,1063076227109990
2010-10-26,1919.41,351859288,6579873297805,1065165723029437
2010-10-27,1909.54,392948622,6836414642967,1059605447338065
2010-10-28,1907.87,348382742,5599971026477,1058786941091185
2010-10-29,1882.95,375835458,6067064205266,1045085746530815
2010-11-01,1914.74,343303111,6074095051582,1062600382513561
2010-11-02,1918.04,340827279,6498417960834,1064288619188093
2010-11-03,1935.97,358979608,6831167879081,1074183559052419
2010-11-04,1942.5,324776072,6432445647227,1078243936525118
2010-11-05,1938.96,401398343,7966854623862,1076478509584579
2010-11-08,1942.41,312653947,5493255631334,1078390142723760
2010-11-09,1947.46,298818756,6179717587229,1080933516705213
2010-11-10,1967.85,366012615,6620584448297,1092411837308986
2010-11-11,1914.73,373175277,9622796237938,1063573101935427
2010-11-12,1913.12,465469038,9459309041697,1062551917974921
2010-11-15,1913.81,303804846,6156938832782,1063057803090312
2010-11-16,1899.13,336328434,7041555839717,1055199127650707
2010-11-17,1897.11,293291774,5852087681823,1054090202362425
2010-11-18,1927.86,271424997,5730262792039,1071012988002362
2010-11-19,1940.96,292690696,6090463729813,1078548325016203
2010-11-22,1944.34,330549816,7475440992912,1080704923470999
2010-11-23,1928.94,377789625,7441081992382,1072265418097602
2010-11-24,1925.98,451503241,8125499160897,1070708265051656
2010-11-25,1927.68,323352076,5732687427793,1071596122638633
2010-11-26,1901.8,459214431,5826764318203,1057348298956918
2010-11-29,1895.54,299800697,4611453779650,1053688674850882
2010-11-30,1904.63,443687752,6207086027041,1058643583386989
2010-12-01,1929.32,339156507,5030412136750,1072337265949593
2010-12-02,1950.26,439005086,5924099335391,1084473620951882
2010-12-03,1957.26,438585272,6911005883042,1088422225743203
2010-12-06,1953.64,460284269,5519110674115,1086365253714830
2010-12-07,1962.52,639161684,6303216074518,1091261786556741
2010-12-08,1955.72,496386266,5509380800350,1087565739444559
2010-12-09,1988.96,448348637,7015508030632,1105948366667527
2010-12-10,1986.14,373855266,5592144059825,1104289538522691
2010-12-13,1996.59,385628333,5176667191943,1110057744045395
2010-12-14,2009.05,396589084,6484482093007,1118279305862557
2010-12-15,2017.48,490269376,6691417529412,1122919614596043
2010-12-16,2009.24,362506181,5473248393361,1118212719352138
2010-12-17,2026.3,503495285,6909514892842,1127884813948290
2010-12-20,2020.28,409153345,7207170855386,1124644909586189
2010-12-21,2037.09,370450378,7396369383599,1133777120818432
2010-12-22,2038.11,335352144,6204325635568,1134396979037145
2010-12-23,2037.53,341067289,5238856902962,1134508352896164
2010-12-24,2029.6,317437765,5437040903341,1130297620844751
2010-12-27,2022.19,282871570,5396242073130,1126534940519812
2010-12-28,2033.32,360188111,6051666129019,1132715013402465
2010-12-29,2043.49,282562466,5054604618700,1137698520361004
2010-12-30,2051.0,305880938,5396896958899,1141885458029375
2011-01-03,2070.08,354083359,5941470649203,1153204185044950
2011-01-04,2085.14,415906517,7799740341295,1163384106084700
2011-01-05,2082.55,386064920,8609366845145,1162008605708700
2011-01-06,2077.61,407829146,8804441828186,1159300878918060
2011-01-07,2086.2,335558949,7675864506306,1164242711087020
2011-01-10,2080.81,342636730,7324759075642,1161296287103510
2011-01-11,2088.32,410949115,7021419291059,1165326145673470
2011-01-12,2094.95,433264325,8017806336737,1169057028554930
2011-01-13,2089.48,424205341,9204261674098,1165839513647740
2011-01-14,2108.17,424721361,8901923387554,1176340368148360
2011-01-17,2099.85,428363819,8159168682627,1171862510468320
2011-01-18,2096.48,454894670,8055006610186,1171595151170530
2011-01-19,2115.69,425470233,8741413030069,1182475352032180
2011-01-20,2106.66,335461500,6610410338656,1177156834386110
2011-01-21,2069.92,395396338,7528692558799,1156643407305200
2011-01-24,2082.16,340241136,6098845003456,1163233466088570
2011-01-25,2086.67,420955877,7467408570893,1165945805046980
2011-01-26,2110.46,369360500,6249681808724,1179218740591880
2011-01-27,2115.01,358857411,7461007568036,1181918234096350
2011-01-28,2107.87,412955284,8003551664179,1178152241590800
2011-01-31,2069.73,320903189,7409381884860,1156745579600460
2011-02-01,2072.03,290810506,6225210246838,1152624034831706
2011-02-07,2081.74,285935758,6636789612285,1157785017307742
2011-02-08,2069.7,300331513,7344362189603,1150674401774423
2011-02-09,2045.58,333190970,6834292735959,1137476440323461
2011-02-10,2008.5,309759833,7207060948143,1116828227389281
2011-02-11,1977.19,317288605,7451990673430,1099355688799043
2011-02-14,2014.59,279514549,5784284896769,1120230499488285
2011-02-15,2010.52,275028744,5868813703427,1118317846708841
2011-02-16,1989.11,297634262,5750878708468,1105981409692864
2011-02-17,1977.22,340275633,6907020646770,1099612909565558
2011-02-18,2013.14,493969210,5918960335145,1119122424723797
2011-02-21,2005.3,324237456,5968226739222,1116595539004952
2011-02-22,1969.92,346086684,6230605947112,1096886911391683
2011-02-23,1961.63,308585629,5744760025029,1093424913075635
2011-02-24,1949.88,281574218,5442691028384,1087166638314321
2011-02-25,1963.43,306887822,5029012287331,1099478603466967
2011-02-28,1939.3,263868970,4698460194292,1086352089658488
2011-03-02,1928.24,207670238,4680862924634,1080377958638238
2011-03-03,1970.66,284828553,5205677589562,1103718169828210
2011-03-04,2004.68,334578692,6175498675528,1123185173490898
2011-03-07,1980.27,255919266,4802369447943,1109581295178042
2011-03-08,1996.32,304750381,5480525795392,1118716610436400
2011-03-09,2001.47,315357483,6574752525889,1121674598487809
2011-03-10,1981.58,288387248,7294854182601,1111915095434651
2011-03-11,1955.54,267174351,5541132389286,1097437200500932
2011-03-14,1971.23,388621991,9563434349446,1106686377431555
2011-03-15,1923.92,403890293,9848213396862,1080148446784371
2011-03-16,1957.97,284415574,7178788211467,1098861235080915
2011-03-17,1959.03,305714378,6935374222643,1099182499120955
2011-03-18,1981.13,291299024,6933050079221,1111377332292916
2011-03-21,2003.42,292259519,5710478572589,1123639049950360
2011-03-22,2013.66,304108090,7497669785430,1128759615470493
2011-03-23,2012.18,312568440,7605201877104,1128064985989899
2011-03-24,2036.78,295491619,6731747842415,1141778491853049
2011-03-25,2054.04,311218339,7256498164888,1151947697114137
2011-03-28,2056.39,285363422,6485061661600,1153225476155007
2011-03-29,2072.13,250466644,6321740030504,1161873628392353
2011-03-30,2091.38,316864234,8369190139012,1172989071179682
2011-03-31,2106.7,317892019,8406347806873,1181416523318769
2011-04-01,2121.01,337942479,7653432405441,1189473238012491
2011-04-04,2115.87,301800518,8092514486566,1186494799835221
2011-04-05,2130.43,327664565,6720871155581,1194593647672182
2011-04-06,2126.71,423048359,8937472024144,1192523857920761
2011-04-07,2122.14,382813871,7428608930251,1189993377008057
2011-04-08,2127.97,392841610,8880396686231,1193116558276694
2011-04-11,2122.39,316066170,7414401186027,1189910908251776
2011-04-12,2089.4,311138249,7024010898132,1171491051892546
2011-04-13,2121.92,348085478,6918449642445,1189878061404890
2011-04-14,2141.06,371732239,9509774493737,1200584798476134
2011-04-15,2140.5,356652326,8317168611952,1200271487951047
2011-04-18,2137.72,358280779,9577165997701,1198613310723948
2011-04-19,2122.68,375025104,9042177409361,1190379048777949
2011-04-20,2169.91,374320251,10274199876710,1216638170687666
2011-04-21,2198.54,415979760,12719485542632,1232457692735746
2011-04-22,2197.82,390812270,9881427063558,1231675174173182
2011-04-25,2216.0,354021652,8152120111653,1241826577234470
2011-04-26,2206.3,439336213,11481567895052,1236738520732199
2011-04-27,2206.7,423197938,13259093979979,1237255133783771
2011-04-28,2208.35,354849825,10524803249874,1238492930317931
2011-04-29,2192.36,364121398,11369961841835,1229813409026243
2011-05-02,2228.96,302491024,8417233037808,1250288118037500
2011-05-03,2200.73,375102707,8557282296590,1234459629818547
2011-05-04,2180.64,393735501,8461870392047,1223067126574309
2011-05-06,2147.45,344194154,8601909156291,1204677944814911
2011-05-09,2139.17,253934201,5874812724034,1200153447630850
2011-05-11,2166.63,378035866,7145271045668,1215421664163919
2011-05-12,2122.65,382253698,7606626432678,1190966104219887
2011-05-13,2120.08,397072831,8668256768847,1189746838896478
2011-05-16,2104.18,273618992,6244500517685,1180704015798828
2011-05-17,2102.41,300785192,5816924738808,1179634987114304
2011-05-18,2135.78,259990880,7215357283514,1198282118075693
2011-05-19,2095.51,283358417,7961200144849,1175716166126388
2011-05-20,2111.5,282777378,6182380791725,1184395237014228
2011-05-23,2055.71,292953077,6350014042966,1153458199906931
2011-05-24,2061.76,268517223,6095591819889,1156564018050413
2011-05-25,2035.87,344973399,6924688838104,1142389972733782
2011-05-26,2091.91,296695423,7279454304393,1173540159204139
2011-05-27,2100.24,272782096,7237258525670,1178266981014517
2011-05-30,2093.79,213193488,5747086204651,1174515169389527
2011-05-31,2142.47,303263915,9496715895846,1201535707564010
2011-06-01,2141.34,294707686,8124099930457,1201658964678441
2011-06-02,2114.2,248778937,7307482014248,1186603079437709
2011-06-03,2113.47,264107631,6858156865704,1186958412303082
2011-06-07,2099.71,246620565,6213589397260,1179333159725161
2011-06-08,2083.35,281368489,6665898192628,1170446284553967
2011-06-09,2071.42,283662207,7393645567249,1163744258108779
2011-06-10,2046.67,265874341,7181166205563,1150248424529757
2011-06-13,2048.74,218484593,5608763807365,1151153827126546
2011-06-14,2076.83,209519285,6201674191494,1167172552701325
2011-06-15,2086.53,229155901,6080611629799,1172762618958906
2011-06-16,2046.63,234157683,5887030474545,1150630651763711
2011-06-17,2031.93,282482803,8101624085374,1142098433790282
2011-06-20,2019.65,229183504,6377177851854,1134887988315787
2011-06-21,2048.17,278609741,6813489766279,1150933541836688
2011-06-22,2063.9,263839466,6353156646387,1159768464918357
2011-06-23,2055.86,259637826,5407198331785,1155197052907321
2011-06-24,2090.81,294101798,8104801122631,1174795233482679
2011-06-27,2070.29,246532348,4958946636132,1163016185758264
2011-06-28,2062.91,328640129,5870037068596,1158896707248238
2011-06-29,2094.42,256146492,5915863624618,1177629254675950
2011-06-30,2100.69,257291262,6428419014153,1183469295893691
2011-07-01,2125.74,273414039,6811813231432,1197691903643283
2011-07-04,2145.3,290459175,6760170053036,1208899353940828
2011-07-05,2161.75,284884946,6460079083868,1218330864780678
2011-07-06,2171.19,275939932,7277886440017,1223542027965437
2011-07-07,2180.59,355587125,8239764632058,1228757573190349
2011-07-08,2180.35,323023979,9318017159144,1228916647016839
2011-07-11,2157.16,240690784,5615932684386,1216062170471530
2011-07-12,2109.73,286417049,6246442849069,1189654997812964
2011-07-13,2129.64,306086930,6569547446259,1200628389436737
2011-07-14,2130.07,307417670,8198559373034,1201192340088550
2011-07-15,2145.2,272102766,6111820412498,1209584112418141
2011-07-18,2130.48,329000909,6095541735952,1201282996684769
2011-07-19,2130.21,303460196,6156963766220,1201201489624139
2011-07-20,2154.95,373913978,8387523514284,1215223404597364
2011-07-21,2145.04,362339742,7342151626460,1209551459969947
2011-07-22,2171.23,412963836,7351117741692,1224620561559704
2011-07-25,2150.48,341968694,5931765000322,1213021926235632
2011-07-26,2168.7,330150625,6704314342792,1223228482734158
2011-07-27,2174.31,297092353,6319514517661,1226284498006964
2011-07-28,2155.85,299515067,5882751122340,1215976556017183
2011-07-29,2133.21,328774066,6020141404731,1203578276898215
2011-08-01,2172.31,262845767,6427038552772,1225742989791520
2011-08-02,2121.27,350312362,7695653310799,1197148100928368
2011-08-03,2066.26,434482272,8044964001674,1166087622940750
2011-08-04,2018.47,356390878,7657733958548,1139294680406260
2011-08-05,1943.75,480967626,10397344165276,1097159529805766
2011-08-08,1869.45,571105348,10810134766739,1055252387213728
2011-08-09,1801.35,684990603,13504985141188,1016755821909229
2011-08-10,1806.24,486308040,11197248208414,1019901953281582
2011-08-11,1817.44,438895433,8888935987548,1026226215331487
2011-08-12,1793.31,468854186,8993164927069,1012639817530761
2011-08-16,1879.87,423449896,7092012523416,1061488080950874
2011-08-17,1892.67,430980283,6368750951279,1068514034597497
2011-08-18,1860.58,503353781,8460598629562,1050327509750049
2011-08-19,1744.88,503835272,9509813414455,985507692032299
2011-08-22,1710.7,420268275,7281790024174,966478199489590
2011-08-23,1776.68,428457192,8096575728393,1003576643095715
2011-08-24,1754.78,412561072,7759920367039,991373084483244
2011-08-25,1764.58,398182040,6039178238511,997486129549175
2011-08-26,1778.95,310994052,4950928450980,1005706803957461
2011-08-29,1829.5,339096361,6499781569306,1033964422053781
2011-08-30,1843.82,493170541,6518538369478,1042182129010056
2011-08-31,1880.11,410349532,6548722882127,1062663270972427
2011-09-01,1880.7,500399622,8722077469917,1063398228923206
2011-09-02,1867.75,442558479,5529121334832,1056107321961064
2011-09-05,1785.83,414041378,5902507115616,1009866663213398
2011-09-06,1766.71,505301379,6592714635008,999276615659000
2011-09-07,1833.46,417888917,6157973882347,1037168512645889
2011-09-08,1846.64,416660822,7019833772505,1044647818973116
2011-09-09,1812.93,331918835,5523272680646,1026016145353746
2011-09-14,1749.16,339699395,5872974377240,989823118738316
2011-09-15,1774.08,392100715,6322419245898,1004011695490498
2011-09-16,1840.1,430066036,7639828910157,1040674112235834
2011-09-19,1820.94,335584630,4986032137521,1029879833637382
2011-09-20,1837.97,321238043,5538383501382,1039651561297621
2011-09-21,1854.28,297584499,5971825693521,1048762887853514
2011-09-22,1800.55,295389632,5783801743831,1018418633385548
2011-09-23,1697.44,411836636,7565050818838,960324772600373
2011-09-26,1652.71,424262231,7371959260090,935382490894693
2011-09-27,1735.71,339821723,6226370633927,982219222074078
2011-09-28,1723.09,344432038,6360415932878,975890588993288
2011-09-29,1769.29,373918641,6682576302785,1001668484093722
2011-09-30,1769.65,354163452,6551421029062,1001920299978880
2011-10-04,1706.19,301541477,6753150063977,966819366075596
2011-10-05,1666.52,336295857,7676992618202,944762964745885
2011-10-06,1710.32,352625110,7868460787752,969364909587466
2011-10-07,1759.77,334731652,7563470779830,996728119920300
2011-10-10,1766.44,274638663,5033065604134,1000538722509703
2011-10-11,1795.02,399985220,7153221985161,1016518313445757
2011-10-12,1809.5,355346989,5831021927803,1024751944647043
2011-10-13,1823.1,431553421,6649712486716,1032594260810942
2011-10-14,1835.4,349010040,5079714709448,1039982588157610
2011-10-17,1865.18,367734832,5922686452442,1056485745555266
2011-10-18,1838.9,323455009,6386362111116,1041799232263127
2011-10-19,1855.92,340011296,5768906239844,1051276589258972
2011-10-20,1805.09,349122537,6797451251600,1022960860736345
2011-10-21,1838.38,355182318,6463620031512,1041700141361942
2011-10-24,1898.32,373903331,6775212993226,1075216922470850
2011-10-25,1888.65,354772220,6098845400585,1069855936042957
2011-10-26,1894.31,384785645,5622895439939,1072704627386664
2011-10-27,1922.04,418276326,8066122488440,1088058941825149
2011-10-28,1929.48,508760185,10124481085664,1092618579156761
2011-10-31,1909.03,393703046,6433179058288,1081785631921803
2011-11-01,1909.63,353625836,6285356659876,1082696792194846
2011-11-02,1898.01,389593984,6758007480716,1076004508168446
2011-11-03,1869.96,436424805,6300666484764,1060087085932921
2011-11-04,1928.41,466597389,7161492832883,1093102063932490
2011-11-07,1919.1,349698581,5278007917739,1087907918560160
2011-11-08,1903.14,403211381,5230860784610,1078796430136210
2011-11-09,1907.53,434624081,6195596205672,1081658625226246
2011-11-10,1813.25,401929668,7902941827618,1028617420978115
2011-11-11,1863.45,296906851,5279685414204,1057051588281179
2011-11-14,1902.81,327268913,5267981920484,1078853547713351
2011-11-15,1886.12,361433939,4846932875279,1069085555629859
2011-11-16,1856.07,407755245,5676397493024,1054071562376146
2011-11-17,1876.67,353143779,4760666130638,1065288045044315
2011-11-18,1839.17,337050144,4814558030854,1043648092913782
2011-11-21,1820.03,299736839,4018003820066,1032780883164864
2011-11-22,1826.28,271102386,3945923524593,1036523833760590
2011-11-23,1783.1,411238999,4665456206177,1011727032249636
2011-11-24,1795.06,280369677,4194978749214,1019300746190554
2011-11-25,1776.4,306413796,4311347530544,1008677118721996
2011-11-28,1815.28,277682389,4304403679806,1030593863719237
2011-11-29,1856.52,329521714,6336966864056,1054313764749358
2011-11-30,1847.51,334553392,6502651806105,1049141144633821
2011-12-01,1916.18,500455139,9338548747946,1087816203124608
2011-12-02,1916.04,389329773,5824235236162,1087837646225237
2011-12-05,1922.9,330235874,4166260608713,1091784693359908
2011-12-06,1902.82,383429610,4644042421593,1080409632006138
2011-12-07,1919.42,402803940,5806816768250,1090515429794664
2011-12-08,1912.39,426921700,6004378366748,1087887776122860
2011-12-09,1874.75,372813847,5132355324756,1066565197678106
2011-12-12,1899.76,409625246,5365877803394,1080713925275917
2011-12-13,1864.06,450082931,5271931131496,1060252724306544
2011-12-14,1857.75,401927273,4410181662488,1056355324509564
2011-12-15,1819.11,409620317,5391436141770,1034636031440201
2011-12-16,1839.96,489950264,4377713723319,1046533510779901
2011-12-19,1776.93,684313951,6683263685797,1010870032939829
2011-12-20,1793.06,389772202,3992722766353,1019982858928115
2011-12-21,1848.41,516912954,5239156060852,1051439058739845
2011-12-22,1847.49,406414744,3136029053087,1051156173054037
2011-12-23,1867.22,466331866,4322574247043,1064015237393786
2011-12-26,1856.7,434745413,3038601664459,1059014215094432
2011-12-27,1842.02,529919327,4359041247192,1050888614000329
2011-12-28,1825.12,378657305,3305494285440,1041003535927568
2011-12-29,1825.74,344645680,3632134443337,1041999162203131
2012-01-02,1826.37,323358862,3304263991445,1042325072732398
2012-01-03,1875.41,443474014,4831853886344,1070059481359981
2012-01-04,1866.22,494500192,4714359793533,1064738869593287
2012-01-05,1863.74,533768493,4856718032241,1063280532248660
2012-01-06,1843.14,472680598,4424490809986,1051727698040334
2012-01-09,1826.49,395512282,4237521719393,1043623187797251
2012-01-10,1853.22,388644120,4927969128655,1058727535210669
2012-01-11,1845.55,447955745,4862020937134,1054656344338475
2012-01-12,1864.57,476341384,5407363395969,1065104857494128
2012-01-13,1875.68,475032662,5955531020334,1071501487578073
2012-01-16,1859.27,391915651,3938144875535,1062045079248997
2012-01-17,1892.74,431987863,6003928472226,1081010124358653
2012-01-18,1892.39,428002921,6069244238729,1081149677941217
2012-01-19,1914.97,374371629,6480555067620,1094332649646834
2012-01-20,1949.89,404776858,7359091638101,1114258767858933
2012-01-25,1952.23,375932864,6168945961496,1115552157679880
2012-01-26,1957.18,408022065,5549397988804,1117841826881208
2012-01-27,1964.83,448919444,6147985673484,1122208776886486
2012-01-30,1940.55,411695539,6395979769472,1108364922218669
2012-01-31,1955.79,469194168,6707348017250,1117151541594537
2012-02-01,1959.24,501061577,7156314771112,1119009871218933
2012-02-02,1984.3,641047333,8775974509872,1133236175635900
2012-02-03,1972.34,535879153,7522073532863,1126229234592018
2012-02-06,1973.13,523216889,7292492482212,1126834106186190
2012-02-07,1981.59,539408065,6581705059981,1131812829761802
2012-02-08,2003.73,587908583,7495413978141,1144240174195926
2012-02-09,2014.62,557635611,7982308456606,1150304988135925
2012-02-10,1993.71,696742092,7615142182230,1138181427705578
2012-02-13,2005.74,452786924,5757136998713,1145155871503084
2012-02-14,2002.64,515881090,6677663857959,1143629953353304
2012-02-15,2025.32,681465235,7694193349397,1156737378371983
2012-02-16,1997.45,696685731,6857741074458,1141138846429244
2012-02-17,2023.47,731089986,7480494113438,1156075606110076
2012-02-20,2024.9,733914792,6249373170519,1156912787099364
2012-02-21,2024.24,709018462,5622724877379,1156557672111893
2012-02-22,2028.65,883739009,6211737112479,1158991311274658
2012-02-23,2007.8,690116342,6379230677407,1150128510548740
2012-02-24,2019.89,717913924,5712026222608,1157117869751858
2012-02-27,1991.16,636009937,5581133454895,1140967727087272
2012-02-28,2003.69,607928437,6354432841593,1148095229333462
2012-02-29,2030.25,562639821,6814214117925,1163380789794068
2012-03-02,2034.63,483187228,5842717278009,1165946320304441
2012-03-05,2016.06,548008548,5127361304373,1155198110419268
2012-03-06,2000.36,554732679,5298150324083,1146426068298684
2012-03-07,1982.15,511287973,4976380716440,1136045079156638
2012-03-08,2000.76,456093150,6381063703287,1147029155292843
2012-03-09,2018.3,416398440,5404975189373,1157242883298216
2012-03-12,2002.5,375479762,4812518310929,1148208381361887
2012-03-13,2025.04,448922050,5657247428153,1161650377796280
2012-03-14,2045.08,541113477,6427318476006,1173323539067463
2012-03-15,2043.76,476105235,6006291941028,1172998457235553
2012-03-16,2034.44,464242236,5913260004996,1168105340742937
2012-03-19,2047.0,555800882,4976575819394,1175510788503343
2012-03-20,2042.15,540336755,5404193295230,1172815782807363
2012-03-21,2027.23,517066631,5174203740424,1164159170380588
2012-03-22,2026.12,541726289,5301426308079,1164051273279990
2012-03-23,2026.83,506769557,4829002666112,1164693248587201
2012-03-26,2019.19,436975340,4591120220409,1160220832490791
2012-03-27,2039.76,606412544,5147275265701,1172477800482213
2012-03-28,2031.74,533800552,5117814431117,1168088126099835
2012-03-29,2014.41,470321339,5007461888477,1157849111781199
2012-03-30,2014.04,449871176,5332964829822,1157582327102799
2012-04-02,2029.29,409917352,4339315184125,1166447108837144
2012-04-03,2049.28,593278454,6089846351885,1178138419762984
2012-04-04,2018.61,621544483,6426545211645,1160637903287442
2012-04-05,2028.77,549308179,5773455604396,1166855952453616
2012-04-06,2029.03,536307250,4563183708021,1166979557923600
2012-04-09,1997.08,466746347,4320749119000,1148860808233973
2012-04-10,1994.41,543735959,4966683350540,1147902758170205
2012-04-12,1986.63,391510551,5013903884598,1143425421724482
2012-04-13,2008.91,495288157,5489205614055,1156388307390437
2012-04-16,1992.63,452523107,3936659370370,1146989839954613
2012-04-17,1985.3,445682278,3989376326645,1141883973966618
2012-04-18,2004.53,382937753,4644963337975,1153190210230104
2012-04-19,1999.86,412119216,4130929177776,1150475580865342
2012-04-20,1974.65,518733340,4841200998730,1135852717961112
2012-04-23,1972.63,585159519,3579012214475,1134461838431800
2012-04-24,1963.42,630804214,5046901122426,1129400078401243
2012-04-25,1961.98,681754199,5090880754766,1129236339997283
2012-04-26,1964.04,607424001,5348149522692,1131131024729576
2012-04-27,1975.35,484704843,5349491550941,1137649563272461
2012-04-30,1981.99,837865177,6360433932291,1141667286545180
2012-05-02,1999.07,653036921,6688235780284,1151291102727207
2012-05-03,1995.11,685809248,4661424609622,1148799330650293
2012-05-04,1989.15,608821357,4948438455101,1144803203917684
2012-05-07,1956.44,533662637,4781276980834,1125871514893870
2012-05-08,1967.01,492688305,4225837895744,1131748885444288
2012-05-09,1950.29,468022966,4964576925839,1122527694495780
2012-05-10,1944.93,425055980,4465626386433,1119563512583991
2012-05-11,1917.13,535932298,4444514673967,1103853397810569
2012-05-14,1913.73,399003170,4080376462061,1102333436226356
2012-05-15,1898.96,524594606,5241112509682,1092989231135369
2012-05-16,1840.53,426185120,5565575662746,1059206810388321
2012-05-17,1845.24,444286446,5683443889483,1062131979585744
2012-05-18,1782.46,547767590,5754318548834,1026148098609055
2012-05-21,1799.13,414130493,4277566749167,1035910281369060
2012-05-22,1828.69,428370726,4943176405995,1053281065326452
2012-05-23,1808.62,447564413,4206101451978,1041766825920682
2012-05-24,1814.47,407901041,3601427646191,1044704232712114
2012-05-25,1824.17,386489512,3585646222203,1050270743249370
2012-05-29,1849.91,327998465,3816907846604,1065015034324795
2012-05-30,1844.86,417042453,3917782447089,1062117051231180
2012-05-31,1843.47,447945657,4660584891385,1061319738972785
2012-06-01,1834.51,334418999,3587177741524,1056367509089360
2012-06-04,1783.13,395063563,4941461714154,1026592896715224
2012-06-05,1801.85,338828669,3546019700721,1036839482429115
2012-06-07,1847.95,403444274,4677425117856,1064083501069082
2012-06-08,1835.64,379828867,3465341689933,1057085864626231
2012-06-11,1867.04,382218339,4408893695989,1075207659956859
2012-06-12,1854.74,421369409,3632153713535,1068263520267448
2012-06-13,1859.32,558261821,3805454494656,1070840843124495
2012-06-14,1871.48,426635263,4896636527068,1077791320209558
2012-06-15,1858.16,452511821,4777990886069,1070011532652437
2012-06-18,1891.71,376281627,4440194295530,1088974318035965
2012-06-19,1891.77,380909243,3535400851322,1089324563957585
2012-06-20,1904.12,367741653,3705294065071,1096458949885196
2012-06-21,1889.15,390169709,3948385398253,1087804494197358
2012-06-22,1847.39,300707886,4348370698659,1063610778008734
2012-06-25,1825.38,291234666,4152682100874,1050785207575944
2012-06-26,1817.81,313272205,3648160759564,1046665325905054
2012-06-27,1817.65,319484003,4308728746259,1046790699097917
2012-06-28,1819.18,309660966,3195505176758,1047795578324644
2012-06-29,1854.01,320633980,4391617149272,1068289005762745
2012-07-02,1851.65,273628561,3608516583744,1066660642015384
2012-07-03,1867.82,348202219,4876713598324,1075734341964680
2012-07-04,1874.45,336135591,4585139712859,1079555523888523
2012-07-05,1875.49,324184734,3654491665943,1080125975758681
2012-07-06,1858.2,340653992,3635830367244,1070261267355066
2012-07-09,1836.13,282036718,3317177853465,1057173473398233
2012-07-10,1829.45,368859226,3372766650297,1053408426857167
2012-07-11,1826.39,336687881,3358554118591,1051690095215706
2012-07-12,1785.39,320828844,4358847716057,1028668795877775
2012-07-13,1812.89,348543384,4718750421129,1044743880448082
2012-07-16,1817.79,268353662,3255304939614,1047725143203328
2012-07-17,1821.96,412609825,4832966550050,1050199042831829
2012-07-18,1794.91,454661602,4457597427779,1034867687631030
2012-07-19,1822.96,488683488,4724744888912,1050949411952534
2012-07-20,1822.93,412102415,3646405586804,1050970343091203
2012-07-23,1789.44,502128134,3651275988812,1031954035654672
2012-07-24,1793.93,490621417,4172879111446,1034810655929717
2012-07-25,1769.31,468021661,3842057755406,1020501864517704
2012-07-26,1782.47,409561523,3863427636917,1028107064164226
2012-07-27,1829.16,397606994,4602745933702,1054977770011744
2012-07-30,1843.79,337204164,3875817137496,1063861034004743
2012-07-31,1881.99,359152907,5633706435089,1086394780732923
2012-08-01,1879.93,291295424,3816142358534,1084790566256000
2012-08-02,1869.4,270464157,3390041932614,1078498131046682
2012-08-03,1848.68,257938833,3673627606353,1066405975461724
2012-08-06,1885.88,245574046,4182701187428,1087882764648697
2012-08-07,1886.8,325270260,3525353612497,1088393623422106
2012-08-08,1903.23,485570366,5626297455606,1097977281002047
2012-08-09,1940.59,495272653,6518438325535,1119109791019298
2012-08-10,1946.4,326529681,4049621257865,1122381481408176
2012-08-13,1932.44,352650001,3152879538958,1114255129226457
2012-08-14,1956.96,341112707,4089112905854,1128271456536674
2012-08-16,1957.91,430510986,4055062461816,1128752856665241
2012-08-17,1946.54,372453592,4697053737240,1121728936445039
2012-08-20,1946.31,357941516,3826161705459,1121324924823975
2012-08-21,1943.22,407533499,3828105659664,1120075754181809
2012-08-22,1935.19,422801666,4094897937694,1115623945956454
2012-08-23,1942.54,604385982,4245147457597,1119830449204313
2012-08-24,1919.81,631348293,4419263233325,1106840712326272
2012-08-27,1917.87,572932182,6022605052635,1104541985671457
2012-08-28,1916.33,611920053,4481779330761,1103880063820790
2012-08-29,1928.54,592385346,4877705989695,1111060817694061
2012-08-30,1906.38,747759249,5013685165136,1098305125387126
2012-08-31,1905.12,659107846,4471842610789,1098073004644240
2012-09-03,1912.71,597138168,4250214274790,1102301322461843
2012-09-04,1907.13,881536977,4690465640665,1099297640435628
2012-09-05,1874.03,624137356,4689668926841,1080506783229009
2012-09-06,1881.24,752888724,4251231607235,1084687321275987
2012-09-07,1929.58,597675132,5882174199979,1112760759410359
2012-09-10,1924.7,620841352,4325768732659,1110189442202183
2012-09-11,1920.0,718729096,4342536324499,1107381958409967
2012-09-12,1950.03,708399698,5253226995517,1124103484162884
2012-09-13,1950.69,983078168,6096823210372,1124489630085703
2012-09-14,2007.58,1023863443,9187631705797,1156966116297241
2012-09-17,2002.35,881693970,6581189523842,1153893803308788
2012-09-18,2004.96,855269788,5112223078792,1155105879994055
2012-09-19,2007.88,959922998,5811357629485,1156471187086195
2012-09-20,1990.33,618389523,5363195540993,1146250923375841
2012-09-21,2002.37,649195199,4964441601242,1153267051116828
2012-09-24,2003.44,482969081,4272565600458,1154292327902307
2012-09-25,1991.41,528994395,4596751481022,1147413338160718
2012-09-26,1980.44,1209791190,4851962337946,1141196555404664
2012-09-27,1988.7,693724965,4727367807362,1145989479176142
2012-09-28,1996.21,678168283,5087596661287,1150626142541792
2012-10-02,1996.03,496277967,3678874321869,1150652663574585
2012-10-04,1992.68,596926497,4951129431188,1148638345821918
2012-10-05,1995.17,681223512,4480730733556,1150075378786786
2012-10-08,1981.89,508308948,4565278183527,1142562179758477
2012-10-09,1979.04,516873352,3793008845335,1140839281944181
2012-10-10,1948.22,449389659,4725647040976,1123202852219293
2012-10-11,1933.09,464109385,4678413527439,1114374056060964
2012-10-12,1933.26,398787902,3785418657290,1114540758892303
2012-10-15,1925.59,567910890,4591523097527,1110236892627640
2012-10-16,1941.54,538401190,3850081982028,1119646426473539
2012-10-17,1955.15,499782279,4259890547742,1127621146622302
2012-10-18,1959.12,494959980,4290434321458,1129958652661667
2012-10-19,1943.84,383230869,4151882070274,1121129093760916
2012-10-22,1941.59,458102982,3819123991940,1120038800722354
2012-10-23,1926.81,538988877,4208759206305,1111855283103113
2012-10-24,1913.96,564642547,5648214485244,1104237922550230
2012-10-25,1924.5,438066130,4873525009941,1110711562710128
2012-10-26,1891.43,437521922,4605466043172,1091761764451180
2012-10-29,1891.52,371725408,4174207133321,1091751632626510
2012-10-30,1899.58,334133183,3451550099621,1096593773899894
2012-10-31,1912.06,397245666,3834393250234,1103576637300938
2012-11-01,1898.44,402382019,5289640919695,1095728661519779
2012-11-02,1918.72,441214046,5579977514119,1107339107437137
2012-11-05,1908.22,343425571,4609925613274,1101072181219362
2012-11-06,1928.17,545831183,4572507307686,1112593988269011
2012-11-07,1937.55,556714716,4679606436488,1118043980120725
2012-11-08,1914.41,659652080,5391309646286,1104987667020324
2012-11-09,1904.41,636225883,4801896713861,1100225444866786
2012-11-12,1900.87,473260984,3779624061829,1098188004164857
2012-11-13,1889.7,494879967,3925921452728,1091947200947330
2012-11-14,1894.04,533942017,4761322542635,1094739527644818
2012-11-15,1870.72,450852781,4184445428901,1081106218300368
2012-11-16,1860.83,465049034,4059170672532,1075506875318949
2012-11-19,1878.1,349357160,3257143261057,1085323854891203
2012-11-20,1890.18,372345547,3720393183014,1092541549245781
2012-11-21,1884.04,380800278,4006651759821,1089264065976873
2012-11-22,1899.5,412816994,3761086539699,1098233011624187
2012-11-23,1911.33,329950950,3590898535255,1105199098415441
2012-11-26,1908.51,276751559,3232183910836,1103415433439755
2012-11-27,1925.2,588281908,4818489014545,1112984465194830
2012-11-28,1912.78,408907561,3910523757789,1105847799393985
2012-11-29,1934.85,388790808,4855979512471,1118739859410136
2012-11-30,1932.9,337273430,4537196182587,1117290216079938
2012-12-03,1940.02,314887840,3391220162673,1121725229228074
2012-12-04,1935.18,294802345,2930091588191,1119033436560794
2012-12-05,1947.04,492575738,4149399757321,1126088697970582
2012-12-06,1949.62,345316898,4687785384594,1127456895295802
2012-12-07,1957.45,413445620,4411712907045,1131804752107366
2012-12-10,1957.42,367565990,3692642926381,1132069723582019
2012-12-11,1964.62,404827646,4558815676064,1136101079218724
2012-12-12,1975.44,459714903,4705026137017,1142000638401318
2012-12-13,2002.77,421459609,6047124835560,1157693817573047
2012-12-14,1995.04,350496670,4319651938367,1153466791710159
2012-12-17,1983.07,366677964,4300934281502,1145967169852745
2012-12-18,1993.09,454272405,4642139893869,1151887180592362
2012-12-20,1999.5,421933933,5537023103491,1155383532001527
2012-12-21,1980.42,553671000,5362182160304,1144544274748341
2012-12-24,1981.82,348173088,3245615492085,1145532207166610
2012-12-26,1982.25,457994284,3618713881454,1145745523441636
2012-12-27,1987.35,376071410,3065825746214,1148494546386928
2012-12-28,1997.05,302926694,3299123410977,1154294166644442
2013-01-02,2031.1,364079632,4458541536162,1173709279076266
2013-01-03,2019.41,491014395,6093649886252,1166944775481878
2013-01-04,2011.94,378862125,4790453272771,1162497621340715
2013-01-07,2011.25,536219513,4009481876340,1162757557037475
2013-01-08,1997.94,493727780,3991998626840,1155472782963524
2013-01-09,1991.81,607580599,4026867318591,1151782174620271
2013-01-10,2006.8,500778426,4556500561697,1161043325954274
2013-01-11,1996.67,472562527,4428254184583,1155151735966823
2013-01-14,2007.04,454751042,4337574739788,1160778195244229
2013-01-15,1983.74,546219733,4426687468921,1146848276762532
2013-01-16,1977.45,457617730,4284521282809,1143419498277911
2013-01-17,1974.27,828725723,4101672410319,1141624355521720
2013-01-18,1987.85,583334985,3913549151752,1149473577211615
2013-01-21,1986.86,446596920,3818732554989,1149008975838014
2013-01-22,1996.52,553441612,4258823161060,1154805976380840
2013-01-23,1980.41,491355638,4203441013925,1145572581859149
2013-01-24,1964.48,558392476,4556604675078,1136333925509827
2013-01-25,1946.69,401830536,5049356685197,1125963519399544
2013-01-28,1939.71,349465884,4656237781315,1121569268705258
2013-01-29,1955.96,465008308,4713383582132,1131071470737471
2013-01-30,1964.43,523257921,4363294772324,1136353143272087
2013-01-31,1961.94,399576329,4516145990079,1135191271305582
2013-02-01,1957.79,385886282,4095797542885,1132757351512554
2013-02-04,1953.21,345360521,3592132405929,1130501072724647
2013-02-05,1938.18,366687184,3775456268444,1122006446281285
2013-02-06,1936.19,349220979,3677504261476,1120874224005722
2013-02-07,1931.77,412163177,3572998492805,1118160940394264
2013-02-08,1950.9,291212136,3960733739155,1129687561921180
2013-02-12,1945.79,307482789,2861517022921,1126961884560334
2013-02-13,1976.07,331012953,3703287776084,1144284844800339
2013-02-14,1979.61,336033361,3426842696071,1146555705054890
2013-02-15,1981.18,598838053,3999456137521,1147857117408387
2013-02-18,1981.91,420692573,2874478387800,1147919470400129
2013-02-19,1985.83,344264401,2815269605669,1150149017230902
2013-02-20,2024.64,407731118,4902333141261,1172627728094608
2013-02-21,2015.22,391185503,4021613760579,1166923925245755
2013-02-22,2018.89,409122425,4050817430300,1169218443521801
2013-02-25,2009.52,338228868,3171218170060,1163524091050170
2013-02-26,2000.01,433409581,3594863909317,1157937941041143
2013-02-27,2004.04,417073887,3529938241963,1160169475280231
2013-02-28,2026.49,421957672,4196152845832,1173192547096430
2013-03-04,2013.15,357436047,4381358251379,1165805726455493
2013-03-05,2016.61,491944570,3819824163207,1167859318941069
2013-03-06,2020.74,395368725,4112573375753,1170295115017114
2013-03-07,2004.4,386477170,3723376807519,1160519860365087
2013-03-08,2006.01,312058280,3614260572304,1161386961783116
2013-03-11,2003.35,398284061,3840013904902,1160013381295668
2013-03-12,1993.34,390221764,3353388124185,1154250682830142
2013-03-13,1999.73,353043107,3496865520925,1158212808850401
2013-03-14,2002.13,330920842,4164053437505,1159494856150337
2013-03-15,1986.5,307400160,5289391731484,1150618650468699
2013-03-18,1968.18,304266420,3962518429964,1139864464223924
2013-03-19,1978.56,326790099,3719502065528,1146187755244358
2013-03-20,1959.41,332896095,3827537785725,1135121323750062
2013-03-21,1950.82,262864640,3592257952307,1130245564620047
2013-03-22,1948.71,259616566,3380255261300,1129142026256390
2013-03-25,1977.67,276299599,3464866888841,1145937243362611
2013-03-26,1983.7,298848875,4009408341508,1149442316907702
2013-03-27,1993.44,362611609,3904750718815,1154906915827468
2013-03-28,1993.52,367681222,3474996587986,1154966955255420
2013-03-29,2004.89,341599857,3482484571313,1161664022238129
2013-04-01,1995.99,269152126,2623898964924,1156365856321002
2013-04-02,1986.15,496114689,4489984434052,1150919003725691
2013-04-03,1983.22,396383221,4345089343926,1149188578800979
2013-04-04,1959.45,415397309,4710365816340,1135677590550308
2013-04-05,1927.23,372650281,4924576079880,1117250180556064
2013-04-08,1918.69,313345656,3996922401619,1112641816161526
2013-04-09,1920.74,356632952,3887651875337,1114217951846120
2013-04-10,1935.58,320151236,4234862616894,1122790870764414
2013-04-11,1949.8,386577538,4794565631520,1131170161782017
2013-04-12,1924.23,407383749,5009018850719,1116543051348716
2013-04-15,1920.45,332949001,4295489337532,1114218879428668
2013-04-16,1922.21,393055400,5468460499665,1115146719350112
2013-04-17,1923.84,415255360,5357146796938,1116209168195111
2013-04-18,1900.06,343475472,4283587674640,1102587293240273
2013-04-19,1906.75,331260593,4506379412291,1106458899592899
2013-04-22,1926.31,258759696,3708313723798,1117660685853153
2013-04-23,1918.63,260475234,3530274623485,1113588806615843
2013-04-24,1935.31,341103024,4432548134895,1123145299118663
2013-04-25,1951.6,334963550,4598110843911,1132526985856650
2013-04-26,1944.56,280158551,4068278692909,1125822987140492
2013-04-29,1940.7,266047288,3648041496403,1123442141474737
2013-04-30,1963.95,403075898,4974715289945,1137603875108118
2013-05-02,1957.21,349693591,4181072888251,1133905237177492
2013-05-03,1965.71,312534359,4226194008423,1138986144027811
2013-05-06,1961.48,294945631,3940973361899,1136983151513389
2013-05-07,1954.35,299864702,3652250215042,1132276840908012
2013-05-08,1956.45,337936018,4150809830686,1133671415977166
2013-05-09,1979.45,332552295,5053127673618,1147349138673451
2013-05-10,1944.75,283839372,4269864288202,1127552244461250
2013-05-13,1948.7,251571558,3123214426411,1130139083904248
2013-05-14,1968.83,328475546,4142332552273,1142328050941808
2013-05-15,1971.26,246959424,3802989653763,1143926904892098
2013-05-16,1986.81,322202408,4877407027460,1153610815758627
2013-05-20,1982.43,274386923,4416784253176,1152804334233283
2013-05-21,1981.09,245783312,3788271127439,1152767118892544
2013-05-22,1993.83,326447062,4533885527602,1159571377263989
2013-05-23,1969.19,342935710,4646225101692,1145194693754106
2013-05-24,1973.45,273551602,3715203584910,1147532278186354
2013-05-27,1979.97,256075795,2983327643546,1151412148261147
2013-05-28,1986.22,311410164,3904893979880,1155012830771044
2013-05-29,2001.2,362632813,4753537274730,1163572273395252
2013-05-30,2000.1,435686651,5113489759821,1163762658869298
2013-05-31,2001.05,397505555,5363926505697,1164218037391333
2013-06-03,1989.57,333503743,3677703525654,1156984539655492
2013-06-04,1989.51,334899850,3984004280590,1156404299331589
2013-06-05,1959.19,340500729,4541746548525,1139394674909401
2013-06-07,1923.85,341120290,5503416258276,1117571378932394
2013-06-10,1932.7,271732368,3767751321811,1122836444701452
2013-06-11,1920.68,288159936,4438074338931,1115447451749545
2013-06-12,1909.91,253381805,3435834310633,1109673608245722
2013-06-13,1882.73,306431019,5090298818250,1094042720921580
2013-06-14,1889.24,279281146,3531110840725,1097671144886595
2013-06-17,1883.1,264448906,3269888836083,1094084168645102
2013-06-18,1900.62,278589805,3431625362210,1104303670628456
2013-06-19,1888.31,279751397,3320371346847,1097284518031023
2013-06-20,1850.49,355761887,4403154396584,1075097287788260
2013-06-21,1822.83,290458810,5016380112447,1059243089085521
2013-06-24,1799.01,220936553,3170128173382,1045767755666494
2013-06-25,1780.63,332240493,4462928457339,1034842515509577
2013-06-26,1783.45,296935613,4291538116347,1037012894804903
2013-06-27,1834.7,286261013,4189195177448,1067530898508570
2013-06-28,1863.32,251085885,4464976158936,1084216313952650
2013-07-01,1855.73,220875238,3037858859660,1079755040564986
2013-07-02,1855.02,483156579,3895814973787,1078800375417849
2013-07-03,1824.66,405796810,3773791592954,1061220052570324
2013-07-04,1839.14,313015704,3157936368340,1069330148996682
2013-07-05,1833.31,285635848,3778604945326,1065611604956520
2013-07-08,1816.85,303581072,3586497527604,1055955741573381
2013-07-09,1830.35,257900549,3169262774852,1063799728796227
2013-07-10,1824.16,267902030,3284076936192,1060272376114668
2013-07-11,1877.6,331465653,3999956785779,1091690783641991
2013-07-12,1869.98,265985874,3490851690221,1087516259162307
2013-07-15,1875.16,330028261,3187405696362,1090687660740527
2013-07-16,1866.36,303329917,2998515882752,1085812119346729
2013-07-17,1887.49,382916871,4022466590461,1097943787746665
2013-07-18,1875.48,380291942,3520562576507,1092229857894073
2013-07-19,1871.41,319619615,3633387269031,1089440290474003
2013-07-22,1880.35,356943880,3651967836027,1094411489627678
2013-07-23,1904.15,352401556,4347626279609,1108262924110259
2013-07-24,1912.08,322150447,3546451783755,1113033436103294
2013-07-25,1909.61,311996708,3901940224942,1111781427036084
2013-07-26,1910.81,320157685,3865049938564,1112185944267582
2013-07-29,1899.89,337585600,4251052206010,1105825306205328
2013-07-30,1917.05,366881089,3597795034468,1115962493651036
2013-07-31,1914.03,384141750,4082140222475,1114570889462746
2013-08-01,1920.74,336061288,3637309263111,1118344705582448
2013-08-02,1923.38,298151554,4040964118935,1120302447306099
2013-08-05,1916.22,233985184,2761888017773,1116329228642348
2013-08-06,1906.62,294648748,3495317582736,1110767727338174
2013-08-07,1878.33,312431286,3564849071565,1094186637095299
2013-08-08,1883.97,338167846,3685849153450,1097598669782276
2013-08-09,1880.71,283474904,3540885078783,1095958728781516
2013-08-12,1884.83,297512263,3100504536869,1098124276585236
2013-08-13,1913.03,362604234,4108405156945,1115161523880674
2013-08-14,1923.91,363325489,4112711208837,1122009055051165
2013-08-16,1920.11,348501616,3772940520597,1120558041835780
2013-08-19,1917.64,302122744,3345600134924,1118784576839751
2013-08-20,1887.85,350350963,4262100647658,1101748111778318
2013-08-21,1867.46,411235619,4311940940392,1089791972805244
2013-08-22,1849.12,425947427,4284093684116,1079283752297005
2013-08-23,1870.16,374962908,3901636250876,1091377242103283
2013-08-26,1887.86,316295390,3304216362947,1101705255047350
2013-08-27,1885.84,409263338,3771554291255,1100572386688850
2013-08-28,1884.52,378293660,3441945634876,1099618237066519
2013-08-29,1907.54,301695909,4794557177809,1116639955782054
2013-08-30,1926.36,300930850,5106302069378,1128186067840318
2013-09-02,1924.81,243988982,3476992608298,1126896998686554
2013-09-03,1933.74,300059863,4078554070861,1131601422511704
2013-09-04,1933.03,284190513,4100970343667,1131372891353926
2013-09-05,1951.65,286744011,4491992606177,1142101029214017
2013-09-06,1955.31,324987090,4313480710016,1144367010679934
2013-09-09,1974.67,270736820,4513740057531,1155210813207355
2013-09-10,1994.06,264327661,5438042455667,1166207818723880
2013-09-11,2003.85,299411913,4630469009054,1172067140836449
2013-09-12,2004.06,359255904,6694452658887,1172233802945209
2013-09-13,1994.32,253919857,4018597237446,1166419018596421
2013-09-16,2013.37,248501151,4123681056473,1178297790093042
2013-09-17,2005.58,264661841,4325668482382,1173129129465162
2013-09-23,2009.41,249539640,5091612096724,1175205663190711
2013-09-24,2007.1,309360034,4253699187972,1173541498390135
2013-09-25,1998.06,294752894,4393043252890,1168835688096703
2013-09-26,2007.32,255553116,3998832450929,1174108692179833
2013-09-27,2011.8,282342117,4167115889550,1176651142081094
2013-09-30,1996.96,292784273,4187245564246,1167983077478787
2013-10-01,1998.87,281272578,3901939299291,1169026732785882
2013-10-02,1999.47,238251847,4378234472041,1170019740418366
2013-10-04,1996.98,241066370,4325025351019,1168813449451608
2013-10-07,1994.42,249767121,3435894344113,1167479562273565
2013-10-08,2002.76,329570132,4244447020136,1172608965075064
2013-10-10,2001.4,222678277,3994656736609,1172144212407652
2013-10-11,2024.9,254286421,4723740097665,1185550555462903
2013-10-14,2020.27,220739409,3629371401245,1182866224981973
2013-10-15,2040.96,233624697,4089308503970,1195360367056595
2013-10-16,2034.61,267494247,4500342943459,1191320796514339
2013-10-17,2040.61,306925043,4897613572967,1195012615887333
2013-10-18,2052.4,257591826,4489538041411,1201648690521109
2013-10-21,2053.01,281927615,4150875539289,1202158774826750
2013-10-22,2056.12,378783496,4804580650302,1204010753598723
2013-10-23,2035.75,367990539,5363362582151,1192377256981317
2013-10-24,2046.69,254851466,3815455588838,1198492788710891
2013-10-25,2034.39,234838299,4032298092909,1191286126788339
2013-10-28,2048.14,257528423,3938574145373,1199879847434518
2013-10-29,2051.76,307654245,3634698083773,1202192037989570
2013-10-30,2059.58,263429142,4219984756338,1210746392029504
2013-10-31,2030.09,254503973,4547711702456,1193781141951359
2013-11-01,2039.42,294189788,3657014809900,1199505100925606
2013-11-04,2025.17,235243002,3529047676608,1191456177342427
2013-11-05,2013.93,257823959,3560407488659,1184949400940123
2013-11-06,2013.67,273687362,3985662232325,1185252602454670
2013-11-07,2004.04,310946716,3714065972099,1179655618304232
2013-11-08,1984.87,287308563,4559407857200,1168529970230516
2013-11-11,1977.3,286216656,3410525636970,1164304747981323
2013-11-12,1995.48,247354966,3247240822460,1175662115944229
2013-11-13,1963.56,251537396,3512885220869,1156389158734375
2013-11-14,1967.56,323106636,3810479712982,1159172087318325
2013-11-15,2005.64,264691054,3714811477645,1181428719805265
2013-11-18,2010.81,313966797,3090011851919,1185243685765096
2013-11-19,2031.64,402796301,4303734709715,1197407145212446
2013-11-20,2017.24,334802783,4465359912200,1188364622705546
2013-11-21,1993.78,292665722,3323343307784,1174753346509752
2013-11-22,2006.23,350984974,3543775961098,1181439809129188
2013-11-25,2015.98,295511839,3117500707236,1187432873300502
2013-11-26,2022.64,275309065,3474546498400,1190624549126886
2013-11-27,2028.81,284075050,4006049355832,1194332356988200
2013-11-28,2045.77,276271084,4118738587216,1204595427347548
2013-11-29,2044.87,245371231,3429544345715,1204177350862376
2013-12-02,2030.78,229691844,3273687315007,1196240276041244
2013-12-03,2009.36,294947361,3753759698791,1184027196549240
2013-12-04,1986.8,230327039,3645117507630,1171088722300618
2013-12-05,1984.77,217668252,3420745661246,1169904929225494
2013-12-06,1980.41,201896804,3329452615284,1166680545004817
2013-12-09,2000.38,230268926,3066472613855,1178210602489275
2013-12-10,1993.45,200955312,3073436727741,1174575974791809
2013-12-11,1977.97,231373820,3519642898305,1166361599920971
2013-12-12,1967.93,255083551,4082827616524,1161407641000975
2013-12-13,1962.91,234102264,3788318522795,1158225846877439
2013-12-16,1961.15,213506291,2987690054632,1157484195423160
2013-12-17,1965.74,253888059,3811258444423,1160168227589708
2013-12-18,1974.63,258663702,3877243739878,1165258056211245
2013-12-19,1975.65,255817009,3869647976476,1166222897769320
2013-12-20,1983.35,247064587,3266872211946,1171122108013572
2013-12-23,1996.89,222998038,3233607385491,1178966725372675
2013-12-24,2001.59,214693967,3263759268840,1181164012709951
2013-12-26,1999.3,230531170,3269851464962,1179612714018815
2013-12-27,2002.28,207767057,2953686092066,1181350647431474
2013-12-30,2011.34,172231154,3261548101137,1185973723790511
2014-01-02,1967.19,207769815,4309772406557,1159892813752166
2014-01-03,1946.14,188529402,3997968057703,1147185472603763
2014-01-06,1953.28,193630493,3647066123891,1151821444321770
2014-01-07,1959.44,193026899,3686915636933,1155148368398739
2014-01-08,1958.96,217070410,4362641115572,1155336478303790
2014-01-09,1946.11,276402210,4700223279295,1147927559250180
2014-01-10,1938.54,262992551,4501003049286,1143204026271886
2014-01-13,1948.92,267941941,3356427556998,1148897376233211
2014-01-14,1946.07,244063216,3521774042637,1147401414391738
2014-01-15,1953.28,250867193,3831057130607,1150706046881217
2014-01-16,1957.32,379566979,3481407057723,1152865766372367
2014-01-17,1944.48,260911125,3334538204776,1145571788453197
2014-01-20,1953.78,279526953,2870463242858,1150713347726852
2014-01-21,1963.89,289327346,3344664398848,1156970056444666
2014-01-22,1970.42,243856768,3534708435431,1160859115058007
2014-01-23,1947.59,229385348,3510340546863,1147763644918741
2014-01-24,1940.56,279236727,4517694978277,1145070242199547
2014-01-27,1910.34,340433398,4415731147586,1126909521510893
2014-01-28,1916.93,270494957,4203369442214,1131142938801454
2014-01-29,1941.15,219931029,4474472844128,1145521359203615
2014-02-03,1919.96,229649075,3978604514044,1133350197856408
2014-02-04,1886.85,250975580,4537323666299,1113660660879131
2014-02-05,1891.32,244028734,3962750308701,1116573655225047
2014-02-06,1907.89,259440604,4100991093109,1126361442587165
2014-02-07,1922.5,272962006,4472645057487,1134992271089784
2014-02-10,1923.3,207959262,3246751073051,1135246422754757
2014-02-11,1932.06,226381214,3421272526257,1140585898578902
2014-02-12,1935.84,225374457,3648992867198,1143419058444174
2014-02-13,1926.96,187857214,2968183015643,1138106027388242
2014-02-14,1940.28,216590520,3270026450666,1147041419311967
2014-02-17,1946.36,215467675,3439628515550,1150542879270447
2014-02-18,1946.91,200447310,2773013228002,1151092002936175
2014-02-19,1942.93,213564069,3119310927130,1149193005285320
2014-02-20,1930.57,232323298,3904854821990,1141966182241167
2014-02-21,1957.83,216316061,3600764763736,1159141463943441
2014-02-24,1949.05,193814001,2944616753320,1153967951766104
2014-02-25,1964.86,226038995,3975946464948,1162958605432529
2014-02-26,1970.77,209147810,3986950411537,1166730715605131
2014-02-27,1978.43,201055960,3877559785167,1171847900538892
2014-02-28,1979.99,252826255,4878448110290,1173450010713640
2014-03-03,1964.69,222621540,3469132019733,1164446936140859
2014-03-04,1954.11,200370101,3113421692193,1158112096809428
2014-03-05,1971.24,197699285,3626530731969,1168716655056401
2014-03-06,1975.62,193740176,3410648785640,1171515309004654
2014-03-07,1974.68,231557237,3515860114450,1171060533144157
2014-03-10,1954.42,214944284,3440603562094,1159472445620989
2014-03-11,1963.87,247468004,3473789108833,1164815467875309
2014-03-12,1932.54,329923547,4312314678677,1146460580210853
2014-03-13,1934.38,259619849,4479877147924,1147366863530616
2014-03-14,1919.9,254025556,4059805454578,1138300480270649
2014-03-17,1927.53,214929875,3314519606861,1142264281060870
2014-03-18,1940.21,274288464,3630379583947,1149414871208749
2014-03-19,1937.68,249083311,3439444560366,1147631632288220
2014-03-20,1919.52,220600639,3338318695099,1136823563351811
2014-03-21,1934.94,252871476,3505572715649,1149659069880221
2014-03-24,1945.55,228280678,3312590767373,1155825062582281
2014-03-25,1941.25,225160524,3784242748643,1152682777599881
2014-03-26,1964.31,248945609,4037196111872,1166858036591345
2014-03-27,1977.97,218060994,3995923749784,1177397398246652
2014-03-28,1981.0,244600277,3446078839989,1179689111441770
2014-03-31,1985.61,241040678,4468746178897,1182487723289199
2014-04-01,1991.98,214641821,3928821531496,1185785442868286
2014-04-02,1997.25,220913202,3990737053146,1188798732659985
2014-04-03,1993.7,225726317,4246353284459,1187580409009048
2014-04-04,1988.09,225635831,4084987381198,1184376735282591
2014-04-07,1989.7,186350290,3728396817468,1185203842091377
2014-04-08,1993.03,218149230,3764183839029,1187174800444758
2014-04-09,1998.95,233698729,4788021725225,1190172635018611
2014-04-10,2008.61,232446685,4238893658698,1196039754595178
2014-04-11,1997.44,218126131,3558321781878,1189691461984908
2014-04-14,1997.02,205712486,2950553424130,1189276141484713
2014-04-15,1992.27,194527489,3499220456894,1186722341382576
2014-04-16,1992.21,230740936,3310621022263,1186827071062824
2014-04-17,1992.05,200186433,2909693479359,1186479050368213
2014-04-18,2004.28,206506648,2819027067985,1193488634637714
2014-04-21,1999.22,205579265,2224803422001,1190468906421312
2014-04-22,2004.22,212020111,3146989006128,1193370730821497
2014-04-23,2000.37,241734556,4199638082593,1191105813947332
2014-04-24,1998.34,235074620,3606129036069,1190474482096835
2014-04-25,1971.66,208364426,3799283212291,1174879181440595
2014-04-28,1969.26,168833145,2847285463170,1173235833405298
2014-04-29,1964.77,177609409,3042953443270,1170173958701053
2014-04-30,1961.79,227317715,3929404605394,1168022515488834
2014-05-02,1959.44,179541230,3311795815967,1166905543213238
2014-05-07,1939.88,193040873,3640809997302,1155215338154802
2014-05-08,1950.6,222431388,3990941238532,1162106101868180
2014-05-09,1956.55,205209835,3484373960814,1165867751250775
2014-05-12,1964.94,201643955,3790540822432,1171779409455531
2014-05-13,1982.93,242163325,3754720081717,1182730515422440
2014-05-14,2010.83,233871508,3783902901174,1199185952201075
2014-05-15,2010.2,259392477,3463925439523,1198705189464596
2014-05-16,2013.44,232529933,4068564134599,1200657574890067
2014-05-19,2015.14,265596364,4486142201303,1203926336106607
2014-05-20,2011.26,248337103,3912589926942,1201975283868820
2014-05-21,2008.33,224090648,3402511592060,1200117082114749
2014-05-22,2015.59,231079285,3663770089441,1205229331723434
2014-05-23,2017.17,241806251,3171820328817,1205425594672320
2014-05-26,2010.35,196575982,2724854916201,1200835264642875
2014-05-27,1997.63,221791601,2756315964731,1193473387135508
2014-05-28,2017.06,210650597,3321718692843,1204945765159241
2014-05-29,2012.26,228538866,3689729836001,1203222657456320
2014-05-30,1994.96,247324968,5225527777531,1192616534971872
2014-06-02,2002.0,265590671,3161273473574,1196965464535177
2014-06-03,2008.56,266745143,4885634253340,1200537778523506
2014-06-05,1995.48,222091667,5144477703626,1193090537622290
2014-06-09,1990.04,209610185,4571158353350,1188827320130208
2014-06-10,2011.8,234933013,3923313162276,1201875159616461
2014-06-11,2014.67,238048745,3885296142083,1203071979113335
2014-06-12,2011.65,251876212,4272657166882,1200875451807072
2014-06-13,1990.85,223112847,3563015638345,1187881504565854
2014-06-16,1993.59,233603847,4477999456235,1189532354812274
2014-06-17,2001.55,236597367,3624571774460,1194598364880696
2014-06-18,1989.49,216850148,3461771365310,1187513868856626
2014-06-19,1992.03,257886385,4106727427257,1188805113420795
2014-06-20,1968.07,232659006,4818547264782,1175231501061978
2014-06-23,1974.92,231738346,3413606290601,1179863856082371
2014-06-24,1994.35,250605365,3664549106067,1191474709916327
2014-06-25,1981.77,336654076,3377438830397,1185269807775142
2014-06-26,1995.05,273508305,3888526438942,1193162600936402
2014-06-27,1988.51,218844990,3395118807857,1189211533488406
2014-06-30,2002.21,201128111,2989877070056,1197216679558033
2014-07-01,1999.0,238870813,3004954923884,1195109536122207
2014-07-02,2015.28,318423490,3854654534211,1204968688099929
2014-07-03,2010.97,259913596,3515649244769,1202025895962280
2014-07-04,2009.66,241513918,3091701487876,1201174664409789
2014-07-07,2005.12,228338960,3060456528991,1197431476331524
2014-07-08,2006.66,259356934,3463333353774,1198251711619107
2014-07-09,2000.5,272746347,3767880041823,1194372169774117
2014-07-10,2002.84,327639009,3719176735089,1196159283445932
2014-07-11,1988.74,277018069,3625599919786,1188243361619707
2014-07-14,1993.88,270389140,3138079560486,1191685329639496
2014-07-15,2012.72,361201933,4151004849726,1203933125178096
2014-07-16,2013.48,315167170,3996302755313,1204405022400577
2014-07-17,2020.9,322694667,3930847094847,1209321504473397
2014-07-18,2019.42,304521173,3675087897832,1208349635653147
2014-07-21,2018.5,274627300,3283643565099,1207696010789003
2014-07-22,2028.93,265888145,3216326859406,1213663849169165
2014-07-23,2028.32,353510938,4257988934717,1213088909921066
2014-07-24,2026.62,323590933,4637130620408,1212260707652001
2014-07-25,2033.85,282769836,4013165699937,1216907376591762
2014-07-28,2048.81,349018882,4671197515735,1225549865911281
2014-07-29,2061.97,408767388,6010164685474,1234218217789626
2014-07-30,2082.61,343285897,6554444635328,1247342842059086
2014-07-31,2076.12,383726949,6152483684900,1242416180845884
2014-08-01,2073.1,271966148,5045081175390,1239637682526107
2014-08-04,2080.42,253201815,3928489780867,1244311925097378
2014-08-05,2066.26,346821156,4091101309752,1235463036140588
2014-08-06,2060.73,377266784,5166630722050,1234435500226871
2014-08-07,2054.51,292935822,3839026389327,1230673158560353
2014-08-08,2031.1,354820760,4575173548708,1216269889239445
2014-08-11,2039.37,285842598,3639332236502,1221590076218753
2014-08-12,2041.47,312799620,3787467674537,1222390790798757
2014-08-13,2062.36,280663821,4259535265170,1235137814611817
2014-08-14,2063.22,270849498,3896829006586,1235480942258675
2014-08-18,2053.13,300419358,3681608079434,1229293818556293
2014-08-19,2071.14,327122880,4354975578447,1239831248485871
2014-08-20,2072.78,315354650,4570238435681,1240739512895930
2014-08-21,2044.21,307794670,4543754699044,1223731384634088
2014-08-22,2056.7,277858430,3518018945315,1231530547538430
2014-08-25,2060.89,272044599,3509580221100,1232838851066021
2014-08-26,2068.05,288908111,3681605155146,1237096619684161
2014-08-27,2074.93,337612360,4377075844531,1241311660767195
2014-08-28,2075.76,305877362,3856655748779,1242448674553828
2014-08-29,2068.54,301374469,4170410214916,1238885905689913
2014-09-01,2067.86,272468974,3227361064444,1238177303486619
2014-09-02,2051.58,323115479,4036802001622,1228125551547534
2014-09-03,2051.2,337971233,4788979584982,1227489871528359
2014-09-04,2056.26,376387528,4565257680941,1230671342449450
2014-09-05,2049.41,343350375,4008852518626,1226434933497349
2014-09-11,2034.16,333410186,5085206668367,1218106323856972
2014-09-12,2041.86,362672088,3902826340303,1222399165710822
2014-09-15,2035.82,297605822,3193376921840,1218520931746203
2014-09-16,2042.92,365691223,3124074131165,1222848572682726
2014-09-17,2062.61,351668838,3547677308715,1234808846296320
2014-09-18,2047.74,394273446,5301545502981,1224740977872931
2014-09-19,2053.82,397737130,5082728622921,1226930256280189
2014-09-22,2039.27,323890990,3546257625198,1217580201902608
2014-09-23,2028.91,427813878,4684341623316,1211414915509442
2014-09-24,2035.64,332585994,4454288614269,1214686508001096
2014-09-25,2034.11,325374966,4767144916464,1213621148466998
2014-09-26,2031.64,313524205,3923739287444,1212299060428014
2014-09-29,2026.6,339587673,4482153858899,1210002566139145
2014-09-30,2020.09,322812282,4735619762359,1205667458184770
2014-10-01,1991.54,351581009,4441210149965,1188892215100055
2014-10-02,1976.16,322656224,4729990010963,1179088114794560
2014-10-06,1968.39,325078170,4815761018940,1174935314020135
2014-10-07,1972.91,328234022,3867833431409,1177791138042581
2014-10-08,1965.25,266180138,3830164369948,1172092213166920
2014-10-10,1940.92,342823125,4426277716926,1157291258802231
2014-10-13,1927.21,308917784,4026420730193,1149472750515868
2014-10-14,1929.25,335506285,4173406993147,1151248476814179
2014-10-15,1925.91,310341997,4086447364757,1149637323405039
2014-10-16,1918.83,313610708,4714661510826,1144980112386120
2014-10-17,1900.66,362077834,4649540287696,1134184890396720
2014-10-20,1930.06,344669220,3613516820095,1152487600389438
2014-10-21,1915.28,405921237,4370561394629,1143668373645642
2014-10-22,1936.97,399095330,4413393329178,1156193304106481
2014-10-23,1931.65,372833457,4410224231618,1153611568566526
2014-10-24,1925.69,419427835,5303285491870,1150626215847924
2014-10-27,1931.97,408839943,4067186093848,1154738006725049
2014-10-28,1925.68,414616262,3836237560635,1150732699669097
2014-10-29,1961.17,396614590,5453658357441,1172687222050276
2014-10-30,1958.93,311048892,5001948665490,1171918048914652
2014-10-31,1964.43,349405278,5484310321407,1176141815454354
2014-11-03,1952.97,344497483,4531277717828,1169555834287982
2014-11-04,1935.19,391712915,4971536663296,1158786116823184
2014-11-05,1931.43,332276875,4070610493994,1155979437181594
2014-11-06,1936.48,360571066,4810114605519,1159251242296401
2014-11-07,1939.87,255424246,3698464451673,1160795852591181
2014-11-10,1958.23,313262034,4569691588532,1172205578782128
2014-11-11,1963.0,311396278,4487341777871,1175336192942676
2014-11-12,1967.27,348499140,4453554296662,1177450841150604
2014-11-13,1960.51,332594894,3955187897172,1173224353879559
2014-11-14,1945.14,314797082,5229761168045,1189568574233562
2014-11-17,1943.63,277521316,4295322224331,1188565643580100
2014-11-18,1967.01,251273316,4162331480296,1203501311223120
2014-11-19,1966.87,279559177,4862233656541,1204123337240937
2014-11-20,1958.04,339217136,4897218474131,1199473654399491
2014-11-21,1964.84,345924148,4312377589109,1203532465674332
2014-11-24,1978.54,325447925,5522179938960,1212361923628899
2014-11-25,1980.21,283188309,6179890978353,1212030107967963
2014-11-26,1980.84,253287671,4149141486272,1213171828637612
2014-11-27,1982.09,295509407,5571154966713,1216647111702209
2014-11-28,1980.78,340696185,4301527186330,1216291668331915
2014-12-01,1965.22,333977289,4702647501338,1206702110406329
2014-12-02,1965.83,317911943,3878547211466,1206539932162724
2014-12-03,1969.91,271111655,3300716101550,1209520922558830
2014-12-04,1986.61,244390417,3548271125599,1219207715453845
2014-12-05,1986.62,305547752,3434291330777,1219300664930807
2014-12-08,1978.95,295138750,3174101687739,1214710819850063
2014-12-09,1970.95,541161994,3920050268146,1210256688552325
2014-12-10,1945.56,367889865,3921968994183,1194648225569426
2014-12-11,1916.59,343634572,4483230413809,1176794065316162
2014-12-12,1921.71,363470141,3800864149090,1179768454614572
2014-12-15,1920.36,294421231,3750325416142,1179328567794337
2014-12-16,1904.13,369417088,4372157637462,1169418312695853
2014-12-17,1900.16,307268961,4126755321677,1166393653769302
2014-12-18,1897.5,337298337,5321982398831,1180060070433141
2014-12-19,1929.98,291791889,4492734113730,1200654703950776
2014-12-22,1943.12,324534536,4210382544374,1209233264657290
2014-12-23,1939.02,300797271,3699646407764,1206722355229188
2014-12-24,1946.61,283866002,3040951801735,1211672361411538
2014-12-26,1948.16,297006157,3406229663906,1212496532273760
2014-12-29,1927.86,265809223,3436899277735,1199530879524223
2014-12-30,1915.59,256436661,3695016109806,1192252867277006
2015-01-02,1926.44,258775885,3696028799879,1198010247681352
2015-01-05,1915.75,313442610,4700135929435,1191526455202872
2015-01-06,1882.45,303687925,4755440391286,1171167156909625
2015-01-07,1883.83,280509954,3762677011518,1171990821193613
2015-01-08,1904.65,262207104,4395567023635,1185170312393668
2015-01-09,1924.7,308780510,4406668500725,1197321953848482
2015-01-12,1920.95,311915082,3581795659019,1195196342333487
2015-01-13,1917.14,338989454,4873083685257,1193106587319141
2015-01-14,1913.66,297516791,4526792916681,1190978917344393
2015-01-15,1914.14,266544133,3892782100182,1191087314660732
2015-01-16,1888.13,298732512,4008277004745,1174782571533797
2015-01-19,1902.62,281120191,3583090624600,1183896613276131
2015-01-20,1918.31,280894727,3636919325032,1193690149088690
2015-01-21,1921.23,300843462,4401215658750,1196688635118483
2015-01-22,1920.82,343131882,4597898277192,1196156121301283
2015-01-23,1936.09,367702095,4644549119677,1205486405795509
2015-01-26,1935.68,330607269,3969674031378,1204518130966001
2015-01-27,1952.4,466961646,4619118032365,1214526539655912
2015-01-28,1961.58,400930138,5333256703971,1220210451968232
2015-01-29,1951.02,391034336,5334660272414,1214462589846659
2015-01-30,1949.26,441477396,5889622668584,1213492316281283
2015-02-02,1952.68,364831076,4375859596630,1215563731284373
2015-02-03,1951.96,369978001,4659075633441,1214680336875978
2015-02-04,1962.79,348031690,5028816194545,1221801023139966
2015-02-05,1952.84,395652632,4334613060841,1215349284250174
2015-02-06,1955.52,309817780,5949733325016,1217108795928624
2015-02-09,1947.0,310181541,4326855268532,1212134056071635
2015-02-10,1935.86,329202601,4136831543303,1205357396769453
2015-02-11,1945.7,307454280,4227731098690,1210590444634250
2015-02-12,1941.63,334824978,4319339734614,1208275843551766
2015-02-13,1957.5,351080458,4073754350247,1218291649203103
2015-02-16,1958.23,350943514,3690780457026,1218670142296262
2015-02-17,1961.45,304531469,3510746797368,1220463774867892
2015-02-23,1968.39,347580512,4142517606506,1224574990423675
2015-02-24,1976.12,309543651,4262649267884,1229471282774744
2015-02-25,1990.47,369497728,5017453483805,1238838904090343
2015-02-26,1993.08,385656454,5153504228177,1240227986585269
2015-02-27,1985.8,424547615,5675034364880,1235242828772077
2015-03-02,1996.81,373365592,5785659545623,1242157728037106
2015-03-03,2001.38,444865080,5438365066463,1245663369063635
2015-03-04,1998.29,374540393,4724947210425,1244053792986527
2015-03-05,1998.38,373682547,4055523358433,1243683404222743
2015-03-06,2012.94,393346578,4809474638374,1253062505844326
2015-03-09,1992.82,296746564,4048388004853,1240328477834522
2015-03-10,1984.77,433405347,4786369071275,1235314120732139
2015-03-11,1980.83,399532371,5887013742983,1233596861155212
2015-03-12,1970.59,384041348,6400259901581,1227699040347255
2015-03-13,1985.79,326706990,4350272946969,1237140385447508
2015-03-16,1987.33,319163451,4646945862542,1237802459194681
2015-03-17,2029.91,356554081,5386342846572,1263927338498204
2015-03-18,2028.45,362009191,5388525500302,1263191047716336
2015-03-19,2037.89,468284483,5799016805094,1269130013899241
2015-03-20,2037.24,351731963,5195223309507,1268219950391119
2015-03-23,2036.59,314897430,4686339811831,1267982784206149
2015-03-24,2041.37,328833645,4664615992026,1270912536653584
2015-03-25,2042.81,423409005,5109071344966,1272663589873599
2015-03-26,2022.56,342260695,5154957074274,1260042046128836
2015-03-27,2019.8,448964151,5110738872310,1258779522028088
2015-03-30,2030.04,439556013,4465390088653,1264850793280540
2015-03-31,2041.03,555933160,5367292429963,1272317323155594
2015-04-01,2028.45,542801259,5386245334740,1265134362720911
2015-04-02,2029.07,655863559,6006832327505,1265451082241678
2015-04-03,2045.42,498635770,4527545857289,1275569667993307
2015-04-06,2046.43,460493037,4769017585579,1276962028548385
2015-04-07,2047.03,436232501,4861154190654,1278076420299136
2015-04-08,2059.26,552684442,6518067861794,1286164640086366
2015-04-09,2058.87,529861613,6045590807251,1285499571160411
2015-04-10,2087.76,658383030,6414643138667,1303644134911788
2015-04-13,2098.92,561806435,7020312581359,1310679791597642
2015-04-14,2111.72,648846288,8051715360762,1318448528043136
2015-04-15,2119.96,451397408,7378687166477,1322955333118001
2015-04-16,2139.9,476419677,7320104352655,1335363965731449
2015-04-17,2143.5,464626759,6344547293364,1338322786246389
2015-04-20,2146.71,509037063,7095217095092,1340100490139476
2015-04-21,2144.79,561780929,6925598637662,1338614031095834
2015-04-22,2143.89,769386774,8537488466314,1338086371854575
2015-04-23,2173.41,521587377,8225130770155,1356487315471592
2015-04-24,2159.8,508419959,8265327220271,1346807972667732
2015-04-27,2157.54,392339325,6196420098747,1345398326567569
2015-04-28,2147.67,415054692,6144217092309,1339024328339628
2015-04-29,2142.63,458065357,6700508056435,1336120380800887
2015-04-30,2127.17,509129560,6171206998953,1327284545074234
2015-05-04,2132.23,355620462,4729117153568,1330971659921738
2015-05-06,2104.58,428091856,5673932964745,1313221989006331
2015-05-07,2091.0,423246477,5464314434888,1304188946650612
2015-05-08,2085.52,309504509,4760652211331,1300179697943373
2015-05-11,2097.38,329704163,5040356069785,1307246123781395
2015-05-12,2096.77,391923923,5016008823700,1305255568426483
2015-05-13,2114.16,377032411,5001953673601,1315899886908711
2015-05-14,2120.33,430832521,5117207576431,1320368108013751
2015-05-15,2106.5,491705783,6152414263960,1311860888019422
2015-05-18,2113.72,445154782,5853343045851,1316383345807749
2015-05-19,2120.85,418479823,5758116845888,1320658615325082
2015-05-20,2139.54,452114015,6080979345666,1332753717958273
2015-05-21,2122.81,398146371,5683597036021,1322590770839568
2015-05-22,2146.1,444585044,6084899443714,1336758600341419
2015-05-26,2143.5,381383127,6664711359293,1335922314173477
2015-05-27,2107.5,439029110,8038776317202,1313307991429535
2015-05-28,2110.89,416116281,6847486051556,1315524158363564
2015-05-29,2114.8,456143022,7898247505102,1318606946667136
2015-06-01,2102.37,426927886,5897427920597,1310109641343931
2015-06-02,2078.64,520056417,7029219836441,1294288903892061
2015-06-03,2063.16,541167130,6612353530743,1285026880613146
2015-06-04,2072.86,400364059,7425341525158,1291801429516197
2015-06-05,2068.1,394291177,6196818875189,1288676221844483
2015-06-08,2065.19,393563525,5600602301830,1285935551229127
2015-06-09,2064.03,421880883,5606086223287,1284380957209831
2015-06-10,2051.32,427360832,6260203458082,1276549989479107
2015-06-11,2056.61,457020464,7628902975206,1279618526440088
2015-06-12,2052.17,388258314,6152211188736,1277287527559828
2015-06-15,2042.32,313945971,4968901572722,1271122016035518
2015-06-16,2028.72,381408240,6360420404603,1262980144964734
2015-06-17,2034.86,354723042,5112641599118,1267459896462489
2015-06-18,2041.88,390973079,5324238545137,1271691513256519
2015-06-19,2046.96,400329169,5649938776092,1274578489407864
2015-06-22,2055.16,266962408,4320380617291,1279769868193575
2015-06-23,2081.2,329799360,5293353590326,1296185989432855
2015-06-24,2085.53,400753883,5340099376618,1299458967101405
2015-06-25,2085.06,575912162,5935775249866,1298501593739517
2015-06-26,2090.26,492773950,6345469260892,1301822077413128
2015-06-29,2060.49,503807191,6207217715949,1284489135781569
2015-06-30,2074.2,392413434,5653578122024,1293129966850163
2015-07-01,2097.89,471565645,5887524160763,1307385643027333
2015-07-02,2107.33,565339252,7123089916865,1313180646062577
2015-07-03,2104.41,419549382,5993989350906,1310771038998091
2015-07-06,2053.93,474042585,6359279925737,1279274182914977
2015-07-07,2040.29,502809432,8282446305802,1270619128599974
2015-07-08,2016.21,453118140,7561889921719,1256567111353536
2015-07-09,2027.81,408457741,7076332081004,1263596381373872
2015-07-10,2031.17,381307042,6694045432071,1266003543459040
2015-07-13,2061.52,426286840,6234781842386,1284730942483842
2015-07-14,2059.23,503078408,6807343177148,1282991293845199
2015-07-15,2072.91,619128845,7571105742971,1291539233043799
2015-07-16,2087.89,697930275,7511196817249,1300883329868413
2015-07-17,2076.79,819227101,8471374396024,1295334484962435
2015-07-20,2073.31,870679775,6032626720561,1293193522914076
2015-07-21,2083.62,727407158,6566886836313,1299896412019696
2015-07-22,2064.73,1160824439,6842551830871,1288606919243958
2015-07-23,2065.07,739793406,6236606047210,1289026391753157
2015-07-24,2045.96,611868674,6152505149489,1277379658224696
2015-07-27,2038.81,543243315,6377311249084,1273665527206012
2015-07-28,2039.1,498527059,6616941918038,1273289346176526
2015-07-29,2037.62,520572631,6702194163514,1272961245942549
2015-07-30,2019.03,509318328,6809942047637,1262118198553229
2015-07-31,2030.16,448192358,6285953247689,1268862612347019
2015-08-03,2008.49,358746099,5118527666738,1255710752152150
2015-08-04,2027.99,388790230,5020051216274,1267664208231721
2015-08-05,2029.76,319211701,5064870699619,1268581538686746
2015-08-06,2013.29,340506915,5884336758138,1257563011329394
2015-08-07,2010.23,334578022,4744990401183,1256006486190118
2015-08-10,2003.17,308327430,4491920660106,1252313277017340
2015-08-11,1986.65,366407563,5080634835921,1242034736434902
2015-08-12,1975.47,524252158,6860221501616,1235286893362072
2015-08-13,1983.46,376591142,5178550670942,1239674653530378
2015-08-17,1968.52,561574333,4622504448873,1228555722087299
2015-08-18,1956.26,472766450,5607258273766,1221559995771221
2015-08-19,1939.38,506786390,7253388447413,1211657714456537
2015-08-20,1914.55,397527184,5157649044381,1196321598620969
2015-08-21,1876.07,512313935,6834430323792,1172659637854897
2015-08-24,1829.81,415178028,6235256290221,1143177407063863
2015-08-25,1846.63,451586809,6679761286279,1153956825119095
2015-08-26,1894.09,453386671,6849270653942,1182380355517503
2015-08-27,1908.0,482660722,6719363060846,1191319288986123
2015-08-28,1937.67,446751490,6519469135162,1209654493951690
2015-08-31,1941.49,350942748,6024472441695,1212680898198117
2015-09-01,1914.23,324479175,4831116174697,1196137314528818
2015-09-02,1915.22,342022073,5014263927355,1196968638242768
2015-09-03,1915.53,297283001,4624097354978,1198605654464064
2015-09-04,1886.04,361089908,4688499063888,1180704915661438
2015-09-07,1883.22,288156910,3785321542274,1179516488099812
2015-09-08,1878.68,391891121,4759166289015,1176912599662295
2015-09-09,1934.2,516171300,5303536241560,1210916527690024
2015-09-10,1962.11,460344735,5498232155919,1227341573244193
2015-09-11,1941.37,503010437,4679790476918,1215172341668870
2015-09-14,1931.46,362914688,4136992048231,1209580982152140
2015-09-15,1937.56,390824275,4067672524483,1214290195711762
2015-09-16,1975.45,584757709,5959319446529,1238163362826584
2015-09-17,1976.49,510173389,5676960364646,1238718462467968
2015-09-18,1995.95,523798281,6807801237254,1250560937014734
2015-09-21,1964.68,376423194,3858231759393,1230985523619923
2015-09-22,1982.06,696371718,4534814882106,1242197296504072
2015-09-23,1944.64,856989393,5433915651019,1218891581268566
2015-09-24,1947.1,921264926,5080728317365,1220294716902764
2015-09-25,1942.85,796574378,4311736827847,1217368815290916
2015-09-30,1962.81,546992431,5655560201052,1230579424326713
2015-10-01,1979.32,678977861,5229855834979,1240669927979100
2015-10-02,1969.68,1030976530,5277113039363,1236240729175135
2015-10-05,1978.25,545633860,4651117839013,1241237367010530
2015-10-06,1990.65,661635578,5633449531357,1249178502262606
2015-10-07,2005.84,761719786,6195452768936,1259986162584652
2015-10-08,2019.53,700992876,6259807949382,1268109506486537
2015-10-12,2021.63,635085232,6219312327429,1269227362705120
2015-10-13,2019.05,604995750,5193984856704,1267759091752846
2015-10-14,2009.55,644802674,5031596974671,1262498317169538
2015-10-15,2033.27,498901048,4655277804270,1277356777651112
2015-10-16,2030.26,550798453,5350547857339,1275140481435951
2015-10-19,2030.27,726843318,4283441300644,1275173624103791
2015-10-20,2039.36,958059647,4787760271485,1280746438937496
2015-10-21,2042.98,668945026,5438630631436,1287677503243152
2015-10-22,2023.0,695813816,5951986057578,1275462393230551
2015-10-23,2040.4,648998708,5384800639162,1286286063749395
2015-10-26,2048.08,459949575,4343327574909,1291107717976989
2015-10-27,2044.65,449155494,4095908956983,1288864110268077
2015-10-28,2042.51,402200914,5094460044093,1288005913691451
2015-10-29,2034.16,481349243,6261445043644,1284194609062529
2015-10-30,2029.47,380671266,6187956332870,1284928131690294
2015-11-02,2035.24,366381617,4771552982997,1288909458446622
2015-11-03,2048.4,591736827,5797181612223,1296486161377362
2015-11-04,2052.77,545085667,4953164247290,1299093722169976
2015-11-05,2049.41,349079062,4024587825022,1296940923055059
2015-11-06,2041.07,465030345,4590162265442,1293197658959004
2015-11-09,2025.7,435389315,6058317575442,1283538895223514
2015-11-10,1996.59,417457999,5734869668851,1265046203032787
2015-11-11,1997.27,286567438,3874411759413,1266240860287968
2015-11-12,1993.36,389444874,3492604151269,1263875640146870
2015-11-13,1973.29,342313279,4261918022931,1251364867132573
2015-11-16,1943.02,433426963,5358919017447,1232730117581303
2015-11-17,1963.58,417559031,4510065530020,1245962998448357
2015-11-18,1962.88,541860392,4611918225179,1245925942874602
2015-11-19,1988.91,422517109,5130496905830,1263302131398129
2015-11-20,1989.86,413655534,4032700517501,1263182529794386
2015-11-23,2003.7,383231287,4481648875024,1271487515525194
2015-11-24,2016.29,417004991,4362320576801,1279475820345382
2015-11-25,2009.42,391646844,4256142034047,1274840957402755
2015-11-26,2030.68,454457028,4428687351720,1288215418435076
2015-11-27,2028.99,481950731,4005775957648,1286995052434746
2015-11-30,1991.97,452865672,6538489565126,1263656186094137
2015-12-01,2023.93,573342047,4902801521694,1284539542015163
2015-12-02,2009.29,631315438,4415989870337,1275060981895569
2015-12-03,1994.07,365870193,3515393235771,1265264412281523
2015-12-04,1974.4,379466160,3297514568212,1253193061881364
2015-12-07,1963.67,382132568,3396772891190,1245865766388498
2015-12-08,1949.04,406175712,3632715184747,1234740685883409
2015-12-09,1948.24,378094860,3690506105777,1234234603685559
2015-12-10,1952.07,377848904,4699412561568,1236360403734402
2015-12-11,1948.62,380713338,4126570068525,1234143721580729
2015-12-14,1927.82,439741137,4272255295893,1221052367813966
2015-12-15,1932.97,434738143,3643731877305,1224352613534090
2015-12-16,1969.4,475097799,4306030745676,1247470363814194
2015-12-17,1977.96,379574441,3923863924918,1253042882401679
2015-12-18,1975.32,677729276,4218016353588,1251129345899042
2015-12-21,1981.19,539596342,3594694758029,1254807195393039
2015-12-22,1992.56,577235960,4181139694830,1261894715588796
2015-12-23,1999.22,502366908,4345762972372,1266100582803227
2015-12-24,1990.65,504620251,3617394939248,1260855413891813
2015-12-28,1964.06,396643345,3840599935273,1245487965808364
2015-12-29,1966.31,401427811,3798204040372,1245674313177993
2015-12-30,1961.31,304462557,3706627074039,1242832089300653
2016-01-04,1918.76,359018283,3966273691160,1215384387196179
2016-01-05,1930.53,446548849,4197593667227,1222621740423229
2016-01-06,1925.43,594612859,6274716917514,1219296930268774
2016-01-07,1904.33,393042046,5003024735272,1205546061634302
2016-01-08,1917.62,430204496,5205453870899,1213738732721558
2016-01-11,1894.84,328768349,4509489882320,1199940483365569
2016-01-12,1890.86,295135807,3917468573787,1196604296583535
2016-01-13,1916.28,265221422,3943112134592,1212573969381428
2016-01-14,1900.01,310978896,4387096198195,1202051363306798
2016-01-15,1878.87,312359728,4578794363927,1188669434610932
2016-01-18,1878.45,276937471,4119703541387,1188342442684103
2016-01-19,1889.64,335321475,4536458921789,1196846006146812
2016-01-20,1845.45,407298719,5339553350444,1168847405867186
2016-01-21,1840.53,433741872,4792984268207,1165653993911390
2016-01-22,1879.43,408460020,4399145940090,1190177921491724
2016-01-25,1893.43,315303630,4049947776030,1199185332545262
2016-01-26,1871.69,298824655,4470665969957,1185447563318354
2016-01-27,1897.87,348905009,5065420879244,1202100437084618
2016-01-28,1906.94,354305767,6242581212949,1207459165268457
2016-01-29,1912.06,386555496,6483654110790,1207457689753750
2016-02-01,1924.82,440317315,5160758129650,1215560971272562
2016-02-02,1906.6,412273173,4639398928084,1203571835980834
2016-02-03,1890.67,408594722,4815439476275,1193846682021936
2016-02-04,1916.26,365805340,5253765582379,1210371423515637
2016-02-05,1917.79,305766656,4791924023715,1212176289047185
2016-02-11,1861.54,386428227,4770142277441,1176622962163570
2016-02-12,1835.28,470499779,6338971133638,1160328509968555
2016-02-15,1862.2,284595241,4500530263693,1177463738372515
2016-02-16,1888.3,388318400,4267907515685,1193523037366343
2016-02-17,1883.94,344628508,5188345549018,1191552736823583
2016-02-18,1908.84,332576155,4785964701036,1206990296243163
2016-02-19,1916.24,312197914,3880809514070,1211528782209107
2016-02-22,1916.36,267858923,3486295374765,1211715539485177
2016-02-23,1914.22,326810628,3982343862075,1210413879558984
2016-02-24,1912.53,281600576,3556541803150,1209058667997935
2016-02-25,1918.57,305789943,4179857320436,1213111446375711
2016-02-26,1920.16,280216845,4644805620298,1215116614083594
2016-02-29,1916.66,275051533,4615416715916,1213244564068747
2016-03-02,1947.42,323352320,5178066903913,1232705586664682
2016-03-03,1958.17,420984393,4981597118371,1240008234449428
2016-03-04,1955.63,316418039,4605781173898,1238204596472047
2016-03-07,1957.87,344612762,4687644257136,1239615543905190
2016-03-08,1946.12,358684963,4893203334525,1232017082506752
2016-03-09,1952.95,355392204,4280888933323,1235545055622161
2016-03-10,1969.33,352325469,5162483354552,1246487835429229
2016-03-11,1971.41,303418591,4207111050708,1248055841751370
2016-03-14,1972.27,357078270,4218503169441,1248793362900332
2016-03-15,1969.97,264582971,3813225230042,1247136108143015
2016-03-16,1974.9,294460752,4124127207411,1250641744232004
2016-03-17,1987.99,291577599,5094460796795,1258766312638569
2016-03-18,1992.12,385847500,4776064316873,1261477235485594
2016-03-21,1989.76,323260286,4043689835810,1260543528694120
2016-03-22,1996.81,383752375,4492776419597,1265131035351657
2016-03-23,1995.12,367551361,4019678270669,1264002062320783
2016-03-24,1985.97,341173016,3822814311028,1258472321790682
2016-03-25,1983.81,463422004,3806595556221,1256783616932081
2016-03-28,1982.54,410468325,3406776599651,1256238511918536
2016-03-29,1994.91,385453520,4044429879039,1264203667676715
2016-03-30,2002.14,368305172,4619553987153,1269244086103975
2016-03-31,1995.85,335073993,5203138611917,1265001895756285
2016-04-01,1973.57,392258170,5156264827479,1250637257564372
2016-04-04,1978.97,363317226,4262832525606,1254254153498881
2016-04-05,1962.74,368164819,4026409908084,1243245433524959
2016-04-06,1971.32,358031971,4569306591677,1248789220917916
2016-04-07,1973.89,434061858,4631482323466,1249999632983805
2016-04-08,1972.05,400616266,4388854028109,1249066943075189
2016-04-11,1970.37,379537341,3863260531390,1248256433593948
2016-04-12,1981.32,387318715,3944190157129,1255329128694698
2016-04-14,2015.93,473519531,6406407579800,1276575529784625
2016-04-15,2014.71,317709671,4523020125867,1276212676495883
2016-04-18,2009.1,339248261,4304947269928,1273435355454824
2016-04-19,2011.36,401236483,4465586077190,1274155090710912
2016-04-20,2005.83,423964187,4653338544592,1270781209736183
2016-04-21,2022.1,392096133,4783030271309,1280902761136806
2016-04-22,2015.49,480470623,4215697452686,1276836007598250
2016-04-25,2014.55,397674805,4423939876083,1276352743526255
2016-04-26,2019.63,509281529,5281100935205,1278883150341555
2016-04-27,2015.4,412802942,5398188945130,1276057089060295
2016-04-28,2000.93,341142741,5460706639665,1266323306660220
2016-04-29,1994.15,401063099,5334757783008,1261953135802951
2016-05-02,1978.15,328194622,3879203851954,1248655660097396
2016-05-03,1986.41,310492461,3813503132328,1253911676338246
2016-05-04,1976.71,352695753,5056070457734,1248353738248806
2016-05-09,1967.81,342189305,5303038110246,1243495066506640
2016-05-10,1982.5,369085333,4857462732357,1252479086613549
2016-05-11,1980.1,398532080,4451794657743,1251635368795648
2016-05-12,1977.49,462882302,4144195715973,1249546728588837
2016-05-13,1966.99,509123382,4545160416777,1242517729680468
2016-05-16,1967.91,526717562,4872477750640,1242835129201749
2016-05-17,1968.06,597582740,5521943998291,1243839735742740
2016-05-18,1956.73,696273023,6697755329393,1236578880078571
2016-05-19,1946.78,505920463,5307636163925,1230162313882655
2016-05-20,1947.67,388051509,4455609096833,1230691699936373
2016-05-23,1955.25,399513569,4062458893161,1235645260397495
2016-05-24,1937.68,517076048,5005498884571,1224978780143328
2016-05-25,1960.51,656874388,5456224466344,1240305865251554
2016-05-26,1957.06,558263788,5103802593884,1238082335533148
2016-05-27,1969.17,523531306,4911231808142,1246219400437271
2016-05-30,1967.13,550502964,4664445073988,1244653363307536
2016-05-31,1983.4,657045149,8612420660594,1255356335024149
2016-06-01,1982.72,502290353,5383974511224,1255999301581078
2016-06-02,1985.11,474228118,5400504687342,1257911512069683
2016-06-03,1985.84,540858684,5497341357317,1258220250300847
2016-06-07,2011.63,481348413,5541394777207,1274446268204230
2016-06-08,2027.08,497934899,5845815406532,1283948012910549
2016-06-09,2024.17,599680949,7955010799684,1282125841820936
2016-06-10,2017.63,404303014,4777125445819,1278075773664021
2016-06-13,1979.06,443001846,4679938063559,1253317433719157
2016-06-14,1972.03,439936556,5009885082598,1249481895255852
2016-06-15,1968.83,376769046,4694853745540,1247663847952065
2016-06-16,1951.99,438794483,4452385690780,1237245629956857
2016-06-17,1953.4,485269121,4488888055101,1238327356370601
2016-06-20,1981.12,391345388,4045044257527,1255559309195996
2016-06-21,1982.7,557437223,4514571223638,1256919868733404
2016-06-22,1992.58,407434879,4136231784197,1263208699984906
2016-06-23,1986.71,455389704,4220797540743,1259087310303523
2016-06-24,1925.24,750546035,8724510462271,1221280861915368
2016-06-27,1926.85,394266221,5175625706035,1222271045645702
2016-06-28,1936.22,373459498,4452632371103,1227810137092931
2016-06-29,1956.36,451186065,4865379934699,1240335078955904
2016-06-30,1970.35,349862539,5326567212348,1250198141816260
2016-07-01,1987.32,448128426,4325444164154,1261236963863310
2016-07-04,1995.3,468611377,4150962808551,1266629650904530
2016-07-05,1989.85,405487044,3951492434584,1263270454206767
2016-07-06,1953.12,457438790,4764743807356,1239376225063882
2016-07-07,1974.08,378755142,3936372445940,1252748245214441
2016-07-08,1963.1,356526592,4315295452195,1245831577055614
2016-07-11,1988.54,337763696,4384854023254,1262792040320358
2016-07-12,1991.23,432650368,4485332767600,1263991200000173
2016-07-13,2005.55,357643072,4743547543296,1273883223302966
2016-07-14,2008.77,340227271,4318864088671,1276284573087017
2016-07-15,2017.26,477808132,4640271877303,1285347839174708
2016-07-18,2021.11,380091529,3569171374172,1287818134648376
2016-07-19,2016.89,380797883,3766201195280,1285044647659450
2016-07-20,2015.46,316335589,3541334296307,1284410623826391
2016-07-21,2012.22,391049117,3921399661415,1282299381908063
2016-07-22,2010.34,320954045,3866947697533,1280788528877836
2016-07-25,2012.32,350230724,4053086564278,1281905615556579
2016-07-26,2027.34,338607160,4072566218005,1291738100791866
2016-07-27,2025.05,411661058,4493918022445,1289921314039684
2016-07-28,2021.1,350881461,4343065144400,1287721676586123
2016-07-29,2016.19,366385252,5028662210135,1283158113811986
2016-08-01,2029.61,369588196,4822082371267,1291814814294956
2016-08-02,2019.03,409940345,4314085815513,1284954078694719
2016-08-03,1994.79,485853020,4387076567210,1269643958453579
2016-08-04,2000.03,326514048,3648387644828,1273523592214019
2016-08-05,2017.94,289293255,4168007760811,1285888530139679
2016-08-08,2031.12,270484643,4169817146363,1293946097728349
2016-08-09,2043.78,436716865,4172627716184,1301778453666222
2016-08-10,2044.64,331091949,4638219743902,1302129885276921
2016-08-11,2048.8,346081981,4490356205016,1304638116644244
2016-08-12,2050.47,376489324,4667631549057,1305975256940125
2016-08-16,2047.76,374872934,4503851152910,1304494575968067
2016-08-17,2043.75,391714664,4406925034824,1301963104960498
2016-08-18,2055.47,353080513,4764864417776,1310197227124320
2016-08-19,2056.24,392318827,5005350422546,1311350304855587
2016-08-22,2042.16,343502610,4101258441801,1302637823032528
2016-08-23,2049.93,360414309,4470552649701,1307730330947052
2016-08-24,2043.76,285183141,4144213440289,1303342576504596
2016-08-25,2042.92,277432061,4198774379843,1302439448382656
2016-08-26,2037.5,288184504,4011867429189,1298673905235490
2016-08-29,2032.35,316969469,3843485706601,1295847422741292
2016-08-30,2039.74,378563676,3817975140261,1300619796979674
2016-08-31,2034.65,400952866,5485909182279,1296942351420588
2016-09-01,2032.72,300506201,4373706285911,1294938067501490
2016-09-02,2038.31,342631217,3937152194068,1298805435403183
2016-09-05,2060.08,572966888,4127936026210,1312321591477520
2016-09-06,2066.53,462549650,4096682366599,1317208171653176
2016-09-07,2061.88,687157464,5053397177080,1313591171073267
2016-09-08,2063.73,656653295,5643674679101,1315372675780331
2016-09-09,2037.87,392682811,4373805765313,1298073356671366
2016-09-12,1991.48,422882284,4815792027203,1267336204181235
2016-09-13,1999.36,437424783,5146692596505,1273899302334215
2016-09-19,2015.78,434438089,4961594731263,1284707656655351
2016-09-20,2025.71,362345199,4186376609890,1291619684661584
2016-09-21,2035.99,525096670,4132886816962,1298121408632373
2016-09-22,2049.7,447589318,4259943037222,1307437444492960
2016-09-23,2054.07,494112627,4536562655525,1308797963159832
2016-09-26,2047.11,359615723,3691390234782,1304055998374814
2016-09-27,2062.82,664040876,4712693412396,1313691310546471
2016-09-28,2053.06,546450267,4045607123172,1307468512836509
2016-09-29,2068.72,416168745,4543938995464,1318000053239014
2016-09-30,2043.63,326386670,5739237973641,1301803836991218
2016-10-04,2054.86,318854293,5019206208039,1309647620162197
2016-10-05,2053.0,292345153,4329764065434,1308641459480053
2016-10-06,2065.3,337709490,5358434663351,1317306737695415
2016-10-07,2053.8,422446765,5403372850156,1309944963478097
2016-10-10,2056.82,314895972,4666619143706,1309006187247656
2016-10-11,2031.93,343215988,5340941471093,1291827779971093
2016-10-12,2033.73,297373137,4832127236066,1293160803641247
2016-10-13,2015.44,440255958,4507630449134,1281839996639888
2016-10-14,2022.66,458904162,4189365561074,1286279150905462
2016-10-17,2027.61,333402399,3750746186620,1289531338120003
2016-10-18,2040.43,305931454,3906403897120,1297652128141729
2016-10-19,2040.94,321940533,4097667100978,1298795666277696
2016-10-20,2040.6,276001083,3954964278326,1299023980161766
2016-10-21,2033.0,260354659,3489846278457,1294145302917819
2016-10-24,2047.74,252041161,3588032600592,1303635038709919
2016-10-25,2037.17,299101627,4966044656193,1296930773317920
2016-10-26,2013.89,392402408,4750668678009,1282232415290066
2016-10-27,2024.12,298690815,4901198724278,1288971635220029
2016-10-28,2019.42,270531449,4245553583026,1286551478543043
2016-10-31,2008.19,400664891,4365768629685,1279754772934807
2016-11-01,2007.39,321774656,4462621756795,1278978192597210
2016-11-02,1978.94,333529567,4404094007629,1260996820910166
2016-11-03,1983.8,272728479,3780779236254,1263454854565548
2016-11-04,1982.02,227776380,3112409193762,1262607501641418
2016-11-07,1997.58,210333532,3131548319118,1272373470431619
2016-11-08,2003.38,239579235,3238824114374,1276013949795538
2016-11-09,1958.38,709043324,7431309809072,1247481566460502
2016-11-10,2002.6,433884828,7012811348271,1284724724165557
2016-11-11,1984.43,386856326,6718928137921,1272531403108191
2016-11-14,1974.4,352116839,5099798436703,1265674765055294
2016-11-15,1967.53,375663410,5095586489659,1261206252214031
2016-11-16,1979.65,306499957,4655273918274,1269224972450912
2016-11-17,1980.55,272172464,3539361536443,1270111146117996
2016-11-18,1974.58,306956555,4742246911662,1269989910390091
2016-11-21,1966.05,223512969,3501442573888,1264620460183923
2016-11-22,1983.47,231368221,3941979812836,1276043793299511
2016-11-23,1987.95,308200114,4690250049466,1277393596733722
2016-11-24,1971.26,235443508,3547734245993,1267210569322040
2016-11-25,1974.46,201938438,2914479033319,1268948459955797
2016-11-28,1978.13,213578991,3085101889132,1273002694335900
2016-11-29,1978.39,214565725,4413543952409,1272851861658909
2016-11-30,1983.48,233085815,5558990040335,1277304960713608
2016-12-01,1983.75,217875980,4061246653709,1277144302390734
2016-12-02,1970.61,243181425,3727862575237,1269074668671890
2016-12-05,1963.36,237190407,3071609683373,1264882579159031
2016-12-06,1989.86,214649268,3794720643806,1282306754765236
2016-12-07,1991.89,204410324,3659555787763,1283622932070196
2016-12-08,2031.07,239428963,4956345636248,1307883233413825
2016-12-09,2024.69,225657112,3813856266845,1304217186574015
2016-12-12,2027.24,289804177,3691816658919,1305031707285811
2016-12-13,2035.98,383364096,4220712033868,1310751170725661
2016-12-14,2036.87,384033170,3392827719393,1313641229802418
2016-12-15,2036.65,300190154,3290968961174,1313287750924789
2016-12-16,2042.24,289708329,3944176594796,1317717852191839
2016-12-19,2038.39,249870290,2976699355008,1315584419601714
2016-12-20,2041.94,314221236,3174668585378,1317982198591817
2016-12-21,2037.96,284570194,3384379626481,1315475440334162
2016-12-22,2035.73,275096355,3256420999416,1313850177792463
2016-12-23,2035.9,310882167,3200601162840,1313648968487047
2016-12-26,2037.75,366636257,3036259196358,1315023860876242
2016-12-27,2042.17,384033101,3095681626919,1318586363958682
2016-12-28,2024.49,356590055,3051025514156,1306848287954348
2016-12-29,2026.46,264521833,3009199072166,1308440373892236
2017-01-02,2026.16,229874996,2616791314513,1308042051339912
2017-01-03,2043.97,268127309,3725113184536,1319218838777034
2017-01-04,2045.64,371488189,4098879501997,1320293636045898
2017-01-05,2041.95,541343551,4479782006027,1317577589321794
2017-01-06,2049.12,455350704,3511655038362,1322374577851837
2017-01-09,2048.78,398291164,3878372766848,1322945086625522
2017-01-10,2045.12,512663445,3869789673144,1320784087468393
2017-01-11,2075.17,335531782,4534399203436,1340531932529349
2017-01-12,2087.14,555841928,4727251484660,1347878920724751
2017-01-13,2076.79,518284304,4727082615161,1340353348332899
2017-01-16,2064.17,683931707,4769155406938,1331939879035718
2017-01-17,2071.87,601435035,4215228599369,1336913330089661
2017-01-18,2070.54,530133477,4054751042486,1338084297380493
2017-01-19,2072.79,415668980,4136854006996,1339900119470779
2017-01-20,2065.61,392647176,4082436058378,1335497553025401
2017-01-23,2065.99,444862533,3774412875082,1336676441393868
2017-01-24,2065.76,312411107,3789739890884,1336601475604751
2017-01-25,2066.94,310238861,4220571053240,1338421914916464
2017-01-26,2083.59,257921529,4425645331275,1349672534695962
2017-01-31,2067.57,288275478,4596318068161,1338409356638313
2017-02-01,2080.48,452528495,4532425198444,1346350614179972
2017-02-02,2071.01,825477498,5707493707155,1340777644632212
2017-02-03,2073.16,392584058,4913325358388,1341966582067738
2017-02-06,2077.66,315315420,3900502160950,1345054595412590
2017-02-07,2075.21,271809004,4170985157212,1343105536230549
2017-02-08,2065.08,266722401,4467660045067,1336445528286683
2017-02-09,2065.88,236008942,4269100036123,1337008144116849
2017-02-10,2075.08,314676351,4885928707081,1342535858009822
2017-02-13,2078.65,289684955,3988194973944,1344539475293499
2017-02-14,2074.57,332365951,4462092206349,1341796936960535
2017-02-15,2083.86,338044733,4735314304291,1347225063392895
2017-02-16,2081.84,330466977,4331134652093,1346223990453142
2017-02-17,2080.58,301517454,4782724389657,1345089249084270
2017-02-20,2084.39,297203342,3320494203076,1348154670446477
2017-02-21,2102.93,292539412,3976164727515,1359938501619361
2017-02-22,2106.61,312219249,4246790340343,1362373770119206
2017-02-23,2107.63,430850935,4592956089053,1362846569623688
2017-02-24,2094.12,385394942,5176797761084,1353364623048572
2017-02-27,2085.52,343702229,4170046722188,1347849637785430
2017-02-28,2091.64,399821824,5051497437424,1351894956402847
2017-03-02,2102.65,434713223,6172419891054,1360136703511363
2017-03-03,2078.75,425935787,5129277965746,1344318883062552
2017-03-06,2081.36,431445283,4655902350739,1346355445399492
2017-03-07,2094.05,277830454,3962686939049,1354747806427413
2017-03-08,2095.41,381441625,4517061478653,1355519187936462
2017-03-09,2091.06,408229058,5110475045702,1352384164061581
2017-03-10,2097.35,500860898,5570688057830,1356493259384904
2017-03-13,2117.59,382129482,4657806679469,1369779491468945
2017-03-14,2133.78,365074867,5287891748761,1380724236117801
2017-03-15,2133.0,374699799,4974871313885,1380664798188064
2017-03-16,2150.08,402424433,5163958046376,1391689013049744
2017-03-17,2164.58,302788162,4979594807193,1401543224817967
2017-03-20,2157.01,264946670,4117273090647,1396118874221824
2017-03-21,2178.38,303940558,5620094548237,1410500369215527
2017-03-22,2168.3,394425757,5586037725266,1404264980510428
2017-03-23,2172.72,358607995,5152408812062,1406409944091800
2017-03-24,2168.95,358673446,5127078116814,1403733237719955
2017-03-27,2155.66,395862524,5291302074322,1395348805841748
2017-03-28,2163.31,393970360,5076567672192,1401036285563490
2017-03-29,2166.98,626792915,5356115503506,1403913276637067
2017-03-30,2164.64,643563712,4574158342814,1403835584768718
2017-03-31,2160.23,441640301,4479971031988,1400961584517266
2017-04-03,2167.51,398513840,4066025368922,1405883015489295
2017-04-04,2161.1,522093217,4619289219773,1402046554042085
2017-04-05,2160.85,571691330,4910757856742,1402168629703462
2017-04-06,2152.75,510164336,4204110688320,1396629199960366
2017-04-07,2151.73,408456799,4143350549330,1395556937389044
2017-04-10,2133.32,512916758,4050058958939,1384038381100518
2017-04-11,2123.85,489309138,4209403948336,1378255108132514
2017-04-12,2128.91,427358370,3970631328818,1381534907748902
2017-04-13,2148.61,357582980,4396072485003,1394108754396628
2017-04-14,2134.88,383688378,3408417168722,1385279447051229
2017-04-17,2145.76,259303733,3750130120322,1392064303193273
2017-04-18,2148.46,291399453,3971074854621,1393614544415610
2017-04-19,2138.4,344221051,4892976316610,1386926682878041
2017-04-20,2149.15,268315945,5132501780310,1393644196040354
2017-04-21,2165.04,281540383,4837703370559,1401852010106952
2017-04-24,2173.74,374713903,4402840748953,1407333068508617
2017-04-25,2196.85,275897148,5106631717259,1422832246546590
2017-04-26,2207.84,397525804,5509194885512,1430107692689295
2017-04-27,2209.46,386106987,6551273939757,1432679121251502
2017-04-28,2205.44,268642437,5842675935179,1430873637911240
2017-05-02,2219.67,295139655,4826500221380,1441151795938380
2017-05-04,2241.24,261918663,4790759344972,1454577898931354
2017-05-08,2292.76,281761321,6795938018612,1487320270906404
2017-05-10,2270.12,422888280,9383778750703,1476220933350962
2017-05-11,2296.37,463460094,7895478520495,1495130967203083
2017-05-12,2286.02,335337878,6493662077252,1503064884660116
2017-05-15,2290.65,251594196,4648512417008,1506318519958738
2017-05-16,2295.33,368138020,6542753309936,1509851050918462
2017-05-17,2293.08,394821402,5709041743458,1508979342144561
2017-05-18,2286.82,378315003,5914401333043,1504833395841748
2017-05-19,2288.48,421133911,5928741601995,1505298599846953
2017-05-22,2304.03,340061176,5827433468575,1515797522576171
2017-05-23,2311.74,341085104,5626903789752,1497923583069927
2017-05-24,2317.34,409559680,5671778750457,1501367988895909
2017-05-25,2342.93,369280480,6263938027268,1516672031532862
2017-05-26,2355.3,312875202,6152425387590,1524825781888040
2017-05-29,2352.97,316177808,5628670901344,1523018713425981
2017-05-30,2343.68,508844006,5623193249286,1516704036339791
2017-05-31,2347.38,555939224,8244271511924,1519224318667747
2017-06-01,2344.61,336690601,5389573512914,1517531128290644
2017-06-02,2371.72,399499240,6157841505610,1535433298027342
2017-06-05,2368.62,326411771,5196274352105,1533778730345503
2017-06-07,2360.14,376207632,6272489514868,1528313191717927
2017-06-08,2363.57,417080087,8406803460863,1530882223694253
2017-06-09,2381.69,520558467,7227366441198,1542997367884130
2017-06-12,2357.87,327233698,5782163961238,1527605655532142
2017-06-13,2374.7,322081808,5665179059115,1538262977855969
2017-06-14,2372.64,392997946,6795164772931,1537387889945621
2017-06-15,2361.65,334886219,5882836429604,1530333176863619
2017-06-16,2361.83,329179407,5965449677300,1530672371039296
2017-06-19,2370.9,290944781,5421942334517,1536693703623719
2017-06-20,2369.23,360733867,7143556168687,1536241744989962
2017-06-21,2357.53,360344862,6466059804119,1528474846712338
2017-06-22,2370.37,299232084,6829006992193,1536651532087464
2017-06-23,2378.6,256259171,5863390115241,1541919022497927
2017-06-26,2388.66,325674236,5213753592353,1548384048586657
2017-06-27,2391.95,358034224,6473501689058,1550600183612503
2017-06-28,2382.56,361176788,6018052880850,1543678168909658
2017-06-29,2395.66,445131674,5519870970857,1552287489954075
2017-06-30,2391.79,343529731,5100038352486,1549261008077597
2017-07-03,2394.48,310991726,4782703475729,1551236136745451
2017-07-04,2380.52,411776273,4899735482366,1541800095577205
2017-07-05,2388.35,333721038,4786069949818,1546865701089642
2017-07-06,2387.81,301472843,4804355891279,1546895514039244
2017-07-07,2379.87,314370029,5489141075603,1540538452549232
2017-07-10,2382.1,296262393,4924609019673,1549196906338759
2017-07-11,2396.0,284462133,4942133572928,1558253116396199
2017-07-12,2391.77,268926342,5352346799389,1555980341774805
2017-07-13,2409.49,289260886,6169865471597,1568027438017772
2017-07-14,2414.63,258765999,5288841331492,1571230353535404
2017-07-17,2425.1,254205370,4928676466083,1578499325495962
2017-07-18,2426.04,260661665,4801381442998,1578631567516503
2017-07-19,2429.94,270965208,5100348975286,1581150485500041
2017-07-20,2441.84,251916590,5452698608551,1589860931433220
2017-07-21,2450.06,250131929,5207298429849,1592877223539003
2017-07-24,2451.53,233407929,4637011284286,1593346328685730
2017-07-25,2439.9,275199900,5406742553225,1585492893014261
2017-07-26,2434.51,336108902,6474044526595,1581850204100346
2017-07-27,2443.24,426497580,5397118572659,1587487990380028
2017-07-28,2400.99,318651968,7019671628638,1559499858093074
2017-07-31,2402.71,277570265,5646474950362,1560654851501471
2017-08-01,2422.96,264036240,5605202154076,1573327444827824
2017-08-02,2427.63,261569782,5346438914312,1574478571669610
2017-08-03,2386.85,303575472,6500832212714,1547313042422460
2017-08-04,2395.45,273565681,5084021843724,1552978143451478
2017-08-07,2398.75,244123984,4428447375230,1555176613447722
2017-08-08,2394.73,252853865,4623603980175,1553061230125079
2017-08-09,2368.39,234073383,4693572440448,1535593315073020
2017-08-10,2359.47,283873110,6293548649493,1529764542792173
2017-08-11,2319.71,318581048,6322990067341,1503626800529810
2017-08-14,2334.22,214025309,4657450814757,1515575560586890
2017-08-16,2348.26,270520918,6169012023271,1525670168054872
2017-08-17,2361.67,255766149,4696031049294,1534652870267855
2017-08-18,2358.37,201479336,4395553912176,1532778210379250
2017-08-21,2355.0,207225401,3860617002559,1530386008261105
2017-08-22,2365.33,251864061,4036930941614,1536995835890243
2017-08-23,2366.4,228615855,4072478284825,1538226996885969
2017-08-24,2375.84,295530841,4743851002104,1543913763642497
2017-08-25,2378.51,341960532,4664554607460,1544754034423200
2017-08-28,2370.3,226868646,4035800576453,1538875604956711
2017-08-29,2364.74,223089508,4427621818941,1535858092880226
2017-08-30,2372.29,305636578,4652673488246,1540964341858703
2017-08-31,2363.19,265050263,5351567639723,1535629495111100
2017-09-01,2357.69,280059667,4811929417544,1532592218349696
2017-09-04,2329.65,248494846,4422729089883,1514396696041722
2017-09-05,2326.62,320428048,4951325494672,1512278525412776
2017-09-06,2319.82,252681759,5336840330743,1508357063660098
2017-09-07,2346.19,277036412,4697149068884,1525680811343964
2017-09-08,2343.72,214592711,4588619584901,1524638754908464
2017-09-11,2359.08,243612777,4928978233698,1535384685243852
2017-09-12,2365.47,333573634,5000743137266,1539474471819833
2017-09-13,2360.18,318871909,6032999060479,1536059857357334
2017-09-14,2377.66,314262595,6750768481098,1546781590187769
2017-09-15,2386.07,298738808,6430144681482,1552342856847460
2017-09-18,2418.21,273477988,5218019946283,1573692545495324
2017-09-19,2416.05,254585829,5357247595080,1572876462192018
2017-09-20,2412.2,303285695,5630703817910,1570621055795349
2017-09-21,2406.5,335339397,5730119293374,1567070759645542
2017-09-22,2388.71,333616875,6124475818338,1555336611718071
2017-09-25,2380.4,339345624,4855652545008,1550628202365961
2017-09-26,2374.32,319124829,5853154110552,1545785411006070
2017-09-27,2372.57,202618978,4598482943102,1544304910056582
2017-09-28,2373.14,194772385,4712785972369,1544474428637920
2017-09-29,2394.47,184191469,4667349608627,1558243982037365
2017-10-10,2433.81,221744907,7507847583064,1583765606245860
2017-10-11,2458.16,201771350,6086393607361,1600875567366644
2017-10-12,2474.76,256211091,6281852495969,1610914160398811
2017-10-13,2473.62,234800679,6823930497750,1610209162365154
2017-10-16,2480.05,224414601,6175084495255,1613827897181040
2017-10-17,2484.37,199049340,5322692469609,1616936985620854
2017-10-18,2482.91,244245315,5826518400297,1616101958610598
2017-10-19,2473.06,236625102,6891246462861,1608466683663875
2017-10-20,2489.54,313210981,5648569217412,1619603666778770
2017-10-23,2490.05,274201074,4759871896709,1620087218757678
2017-10-24,2490.49,232007087,4624483372022,1620755283071592
2017-10-25,2492.5,599434815,5088790876720,1621564444486332
2017-10-26,2480.63,646882936,7143282820911,1613241151480574
2017-10-27,2496.63,511225841,6342961623830,1624402401259813
2017-10-30,2501.93,342006044,7020594596280,1626538441749277
2017-10-31,2523.43,313787839,7694499061209,1642285252211340
2017-11-01,2556.47,361796494,7567835319827,1664901460966523
2017-11-02,2546.36,527727558,6255076761706,1658388200588871
2017-11-03,2557.97,292766734,5515019279641,1663024031632955
2017-11-06,2549.41,221187322,5433361687974,1657218530164353
2017-11-07,2545.44,253921533,5665741936347,1654339822911220
2017-11-08,2552.4,277039214,5716549898159,1658856803193087
2017-11-09,2550.57,293539510,6931784295564,1657645910813359
2017-11-10,2542.95,291525443,5517622126016,1652577269634808
2017-11-13,2530.35,266530871,6175703615155,1644648379198724
2017-11-14,2526.64,287771653,5999101866118,1640671062074470
2017-11-15,2518.25,398215052,7283457455182,1634963776457914
2017-11-16,2534.79,302931313,5633181615375,1645491389347119
2017-11-17,2533.99,362192360,6649668643775,1644529848984065
2017-11-20,2527.67,404259934,5868465645743,1640426168590907
2017-11-21,2530.7,484887336,7019796676060,1642523340347930
2017-11-22,2540.51,485670685,7600111570093,1649978495894348
2017-11-23,2537.15,391292206,5174188966228,1647721422135036
2017-11-24,2544.33,297938436,4477300958730,1652408594423036
2017-11-27,2507.81,284887372,6257121135157,1627300680864277
2017-11-28,2514.19,348243160,6518925879236,1631775247531632
2017-11-29,2512.9,301208934,5277563304654,1630844154260128
2017-11-30,2476.37,339022475,9397571888246,1607169300611141
2017-12-01,2475.41,288567773,5740174453415,1606563650638214
2017-12-04,2501.67,323846695,6056436249774,1622966082149765
2017-12-05,2510.12,395429917,5926806208558,1627839539747175
2017-12-06,2474.37,507624093,6651308074342,1605164241913800
2017-12-07,2461.98,404853502,6307570109010,1598885756291950
2017-12-08,2464.0,406381502,5484859462873,1602767069220294
2017-12-11,2471.49,240137827,4613094251741,1607943364503335
2017-12-12,2461.0,281191226,5292539448215,1601445481742917
2017-12-13,2480.55,254953381,5121323451164,1613324380847097
2017-12-14,2469.48,317786649,8276523381672,1606804196280957
2017-12-15,2482.07,340758800,6047301989889,1614080828688818
2017-12-18,2481.88,324358231,4477139154956,1614248576301355
2017-12-19,2478.53,308390513,5239923476499,1612412730581815
2017-12-20,2472.37,236176160,4748794271453,1607733541577158
2017-12-21,2429.83,247330424,5351502434046,1579690638576792
2017-12-22,2440.54,230412744,4801820423885,1587459773317036
2017-12-26,2427.34,224640628,5641602541910,1578386110073661
2017-12-27,2436.67,194850122,4845393986872,1584816760856774
2017-12-28,2467.49,220336303,4274352132703,1605820911910270
2018-01-02,2479.65,262205431,4786386686165,1613508196692261
2018-01-03,2486.35,331094681,6019622040484,1617634317727445
2018-01-04,2466.46,333836328,6896287056563,1604916139690676
2018-01-05,2497.52,308769669,6317518427311,1624970533116195
2018-01-08,2513.28,311429324,6404885697956,1634777680824259
2018-01-09,2510.23,374322741,7345518522444,1632067011137727
2018-01-10,2499.75,444022038,8577963205899,1624057751825978
2018-01-11,2487.91,444340157,7789310921248,1616665407672775
2018-01-12,2496.42,438775501,8772175387868,1621717048649402
2018-01-15,2503.73,404550878,6118634777651,1626574287749373
2018-01-16,2521.74,341606608,6913692888279,1639188169775360
2018-01-17,2515.43,336712525,6325747268741,1634771858627720
2018-01-18,2515.81,333112031,6447655644566,1635724489304135
2018-01-19,2520.26,351845047,6263000889905,1637786602548241
2018-01-22,2502.11,342994024,6385331485527,1626287540675022
2018-01-23,2536.6,370007847,6838404249758,1648667380287201
2018-01-24,2538.0,371087271,6764738182069,1649315305139719
2018-01-25,2562.23,514605010,7867501171189,1665284071087011
2018-01-26,2574.76,400648704,7673559139308,1673359183533335
2018-01-29,2598.19,437474733,7908139065694,1688814425714740
2018-01-30,2567.74,397038667,7877966009199,1668674846117706
2018-01-31,2566.46,403051379,10842647300529,1668579804446713
2018-02-01,2568.54,595147219,8053098628981,1670143714819334
2018-02-02,2525.39,481817771,8260733147352,1641386345850764
2018-02-05,2491.75,442349802,8096051108853,1620158999308614
2018-02-06,2453.31,582836967,9566550780902,1595275241964516
2018-02-07,2396.56,460075034,8369362461175,1558072990513737
2018-02-08,2407.62,362415715,7275110328522,1563754336073031
2018-02-09,2363.77,489112012,8524086490331,1567308138862405
2018-02-12,2385.38,352288396,6631083611178,1581810883666255
2018-02-13,2395.19,423415702,7333093361490,1589989717563195
2018-02-14,2421.83,305739307,5970263260786,1607999332677788
2018-02-19,2442.82,322137444,5843436838599,1621617423724698
2018-02-20,2415.12,421485575,5146648554123,1603559124107592
2018-02-21,2429.65,432275482,6074260982996,1612751528318363
2018-02-22,2414.28,349492766,4982023714638,1602148941100045
2018-02-23,2451.52,300578392,5387096363913,1626053757217473
2018-02-26,2457.65,321259942,5606026686918,1630210235664343
2018-02-27,2456.14,271231732,5674164168373,1629406359657681
2018-02-28,2427.36,367556992,7168378397321,1611555217440049
2018-03-02,2402.16,320397214,6077888427411,1593948106214368
2018-03-05,2375.06,312254166,5785012821697,1575913633409285
2018-03-06,2411.41,400110606,6598571319382,1600329702863531
2018-03-07,2401.82,412971976,8956678689024,1594937953645217
2018-03-08,2433.08,394848837,9053040319812,1614933613693764
2018-03-09,2459.45,437265049,8573691173426,1633438701140137
2018-03-12,2484.12,391303828,6570618360609,1649789282909638
2018-03-13,2494.49,350203303,7828709039614,1657712132525991
2018-03-14,2486.08,360865629,6379749607517,1652629050198838
2018-03-15,2492.38,344009541,6065884278852,1656176341047252
2018-03-16,2493.97,377766164,6566428705337,1656858023362981
2018-03-19,2475.03,477219243,5994568990918,1644237392926035
2018-03-20,2485.52,291495677,5384113953235,1650420083849268
2018-03-21,2484.97,399073627,5925541828231,1650337890011040
2018-03-22,2496.02,482138402,7178799207568,1658523131745911
2018-03-23,2416.76,457952885,7931474005661,1606035961362604
2018-03-26,2437.08,306904047,5928635174731,1620507612243551
2018-03-27,2452.06,332128629,6305554223861,1631743152187368
2018-03-28,2419.29,501307087,7761054046551,1610067602397524
2018-03-29,2436.37,333359418,7256777131644,1621052949774626
2018-03-30,2445.85,395329333,6434444751664,1627646951097347
2018-04-02,2444.16,390319364,6841687754496,1626392939769494
2018-04-03,2442.43,497140700,7950088373987,1625310856362044
2018-04-04,2408.06,551703792,8092053728669,1602618531596691
2018-04-05,2437.52,591042776,7566951644330,1622983873221529
2018-04-06,2429.58,454309390,7301080603762,1617425107083266
2018-04-09,2444.08,334424856,6607392483482,1626997763123581
2018-04-10,2450.74,356390247,7520110243184,1631061461581974
2018-04-11,2444.22,355187841,7468123411686,1626689363107901
2018-04-12,2442.71,441568798,8152884929722,1626103066814739
2018-04-13,2455.07,395886275,6923900430202,1636609095887849
2018-04-16,2457.49,347173891,6220737037163,1638625626150778
2018-04-17,2453.77,394700566,6360648307538,1636624620529463
2018-04-18,2479.98,647285560,8204323390107,1655299463820137
2018-04-19,2486.1,727030551,10118365584098,1660195914143812
2018-04-20,2476.33,531718615,7841558042438,1653175538872689
2018-04-23,2474.11,701423406,9372647655556,1651720966246060
2018-04-24,2464.14,524280424,8300865934566,1644743510628773
2018-04-25,2448.81,466095694,7527931028887,1634741766182717
2018-04-26,2475.64,520917204,7921705274576,1653073966859293
2018-04-27,2492.4,464957970,8299222866503,1664373650696992
2018-04-30,2515.38,746291866,9460289371735,1680104341308118
2018-05-02,2505.61,807588696,11712287148051,1673457322099731
2018-05-03,2487.25,614102408,7866074431575,1661556510448960
2018-05-04,2461.38,612024164,10816535475626,1645196661327540
2018-05-08,2449.81,714734325,9630702860810,1638340178049862
2018-05-09,2443.98,593365934,9069419048307,1633304235911807
2018-05-10,2464.16,490004983,8870446383563,1646413172538834
2018-05-11,2477.71,599900764,7588728929001,1655512770777994
2018-05-14,2476.11,650707583,9563127368510,1654107231070333
2018-05-15,2458.54,712619903,9446302233976,1641597148622869
2018-05-16,2459.82,691813391,9817111137756,1642766226475866
2018-05-17,2448.45,596771754,8190532097732,1634548231145054
2018-05-18,2460.65,431376689,6463038548404,1643541494279841
2018-05-21,2465.57,588088192,6298421053170,1646798798616211
2018-05-23,2471.91,752675599,9262008770745,1651604786247934
2018-05-24,2466.01,638125950,6766220453952,1647251127098773
2018-05-25,2460.8,653592136,9078584311826,1645067821831900
2018-05-28,2478.96,708362383,9841222237932,1656584844176667
2018-05-29,2457.25,571836895,8532893830676,1641963442318272
2018-05-30,2409.03,575922403,8999465924926,1609052659039962
2018-05-31,2423.01,816930187,13252142027981,1619387832448622
2018-06-01,2438.96,603023355,8767489007152,1630337822509993
2018-06-04,2447.76,438929359,7770704632833,1636442670028652
2018-06-05,2453.76,501363826,7344810795781,1640471133370132
2018-06-07,2470.58,474146882,8060721107129,1650987317033513
2018-06-08,2451.58,530159889,7672721697043,1638226630715350
2018-06-11,2470.15,427946746,7025547266507,1649425579196393
2018-06-12,2468.83,613166240,9615203781779,1648939547812385
2018-06-14,2423.48,533448320,9754343520888,1619121449513249
2018-06-15,2404.04,502361838,9089895205666,1605379381109644
2018-06-18,2376.24,564818841,8593501001267,1586801749119891
2018-06-19,2340.11,606304628,7994621350176,1562923311433431
2018-06-20,2363.91,456004074,6986902497157,1578520493724815
2018-06-21,2337.83,438264363,6784646709490,1561394173099944
2018-06-22,2357.22,537263746,6604291499715,1574319860953845
2018-06-25,2357.88,415079870,5683866549181,1574954887819521
2018-06-26,2350.92,470914793,6536279135044,1570771913189247
2018-06-27,2342.03,526625486,7007325574263,1565467894651365
2018-06-28,2314.24,414370866,5775389710209,1546538948168522
2018-06-29,2326.13,396663082,6309713787707,1554717340201656
2018-07-02,2271.54,393265550,5990017994764,1518812068344080
2018-07-03,2272.76,366027823,6002085994344,1519169824625884
2018-07-04,2265.46,315103306,4880994735621,1514392988362243
2018-07-05,2257.55,346883778,5166569348330,1509639741725747
2018-07-06,2272.87,344433123,6358357730172,1519066699871086
2018-07-09,2285.8,352638929,5796356280980,1527555839535755
2018-07-10,2294.16,339918901,5038809435862,1533821000789050
2018-07-11,2280.62,422988851,5700944882684,1524675252177269
2018-07-12,2285.06,364407858,6157666591795,1527075839846068
2018-07-13,2310.9,291562667,6500717751063,1543892667554058
2018-07-16,2301.99,297122349,4968950237698,1538124413558617
2018-07-17,2297.92,379033611,4897898599332,1535441962423983
2018-07-18,2290.11,402771770,5032249001766,1531112599552728
2018-07-19,2282.29,464516252,5431161926643,1526048346516196
2018-07-20,2289.19,353236050,4910685111632,1531651201045245
2018-07-23,2269.31,334290969,5549481739595,1517777198303028
2018-07-24,2280.2,436133079,5831914348041,1525094802386671
2018-07-25,2273.03,309319890,6142619801742,1520152854352159
2018-07-26,2289.06,303334181,6357106063496,1530914783783147
2018-07-27,2294.99,262143886,5091586506669,1535382663209649
2018-07-30,2293.51,206497608,4552317501764,1534963942393224
2018-07-31,2295.26,223927490,4878429087333,1536034531292007
2018-08-01,2307.07,219034945,4832858786781,1544459954630534
2018-08-02,2270.2,352056565,5042803042239,1519901925772783
2018-08-03,2287.68,270494062,4312568032947,1531545566171179
2018-08-06,2286.5,244548774,4607350821441,1529611886744554
2018-08-07,2300.16,230339675,4748559015112,1538743025266743
2018-08-08,2301.45,299691489,5518133744814,1540110623764887
2018-08-09,2303.71,244882986,5985859284788,1541180722770705
2018-08-10,2282.79,286161078,6186206254325,1526683423245996
2018-08-13,2248.45,335380511,5950055509959,1503939154352444
2018-08-14,2258.91,255216014,4872038898111,1510814983062929
2018-08-16,2240.8,312519375,6021648650166,1497924103769965
2018-08-17,2247.05,238377527,4645284152168,1502273893640325
2018-08-20,2247.88,271600351,4418976884905,1502923724234727
2018-08-21,2270.06,294337213,5182953755161,1518199753227447
2018-08-22,2273.33,269270912,5425019391021,1521284193501082
2018-08-23,2282.6,338386224,5238289843965,1527487740875470
2018-08-24,2293.21,347291597,5136917947450,1534269101931912
2018-08-27,2299.3,307044931,5766323251561,1538348009819780
2018-08-28,2303.12,276889044,5503107308117,1540990367787281
2018-08-29,2309.03,268214663,4807772689423,1545071113164630
2018-08-30,2307.35,286926328,5252383391374,1544327569839559
2018-08-31,2322.88,255908832,5525835420504,1554873150915856
2018-09-03,2307.03,230513226,4096555310237,1543779721299269
2018-09-04,2315.72,277014039,4551220959913,1549614964045074
2018-09-05,2291.77,358187171,5390488672546,1533312914002780
2018-09-06,2287.61,387510638,5679574007389,1529906806560863
2018-09-07,2281.58,357560508,6263720900565,1525066818464548
2018-09-10,2288.66,312612746,5599499357387,1529962355040679
2018-09-11,2283.2,368210972,6188337337979,1525866107953332
2018-09-12,2282.92,336830263,6445490499188,1525237664943277
2018-09-13,2286.23,301308674,6598920994447,1526997038011347
2018-09-14,2318.25,292236044,5839237669833,1549484910540028
2018-09-17,2303.01,343167026,5079753892653,1538974309539551
2018-09-18,2308.98,309235497,5794170442618,1544113849239324
2018-09-19,2308.46,350949190,6382677284847,1544270948811315
2018-09-20,2323.45,289085599,6468799318884,1554805558664798
2018-09-21,2339.17,321703947,8286570453356,1565411083749636
2018-09-27,2355.43,279230447,7299705654606,1576072562770882
2018-09-28,2343.07,317870220,7215237062038,1567600410138137
2018-10-01,2338.88,278310244,5541730106068,1565088147353786
2018-10-02,2309.57,287868231,6394764332660,1545687250472083
2018-10-04,2274.49,309502297,7606334609281,1522077631611312
2018-10-05,2267.52,282139132,6398398547215,1516687626221016
2018-10-08,2253.83,214644406,4478791949552,1507728175260388
2018-10-10,2228.61,365683910,8836407999393,1491298711172330
2018-10-11,2129.67,411919150,8335698664127,1425862543562146
2018-10-12,2161.85,292573680,6085083782185,1447954874236682
2018-10-15,2145.12,259176039,4708940231111,1436393187257125
2018-10-16,2145.12,222512420,3936707732065,1436739589906666
2018-10-17,2167.51,275159713,5284969143372,1451605025541725
2018-10-18,2148.31,321762515,4229126676336,1438938480767734
2018-10-19,2156.26,351771056,4875051374475,1444034122500876
2018-10-22,2161.71,308740360,3910411312536,1447338908438749
2018-10-23,2106.1,373468365,6995701616997,1410671809809999
2018-10-24,2097.58,399734277,6490106611511,1404498958966607
2018-10-25,2063.3,376014931,7607756030640,1381218885031170
2018-10-26,2027.15,449197781,6688109371676,1357749078363398
2018-10-29,1996.05,427304809,6359734182920,1337548193254955
2018-10-30,2014.69,441585024,7022060477564,1350728242365493
2018-10-31,2029.69,373027917,6347335573367,1361478009940289
2018-11-01,2024.46,343813982,5965853225311,1357721489101201
2018-11-02,2096.0,371978982,6798069287128,1405334524247641
2018-11-05,2076.92,361302495,4917286105689,1392607295640860
2018-11-06,2089.62,315816036,5143563252043,1400793160025069
2018-11-07,2078.69,485225008,6452003891470,1394112654139746
2018-11-08,2092.63,328034643,5987514683033,1403264488522132
2018-11-09,2086.09,298072439,5260639742532,1399495753141431
2018-11-12,2080.44,295528834,5542962416785,1396015015368220
2018-11-13,2071.23,383421096,5865351205238,1389821571154802
2018-11-14,2068.05,339046421,5561968951963,1387531772647114
2018-11-15,2088.06,351042679,4828619809984,1400644704481109
2018-11-16,2092.4,301604800,4837651605403,1403214070108003
2018-11-19,2100.56,273198192,4703756708323,1407580890523356
2018-11-20,2082.58,281685483,5043725349437,1394320913235383
2018-11-21,2076.55,267903665,5151648692417,1389907927315249
2018-11-22,2069.95,242498695,4152745756544,1385804543649564
2018-11-23,2057.48,227202249,3774227154814,1377477156503286
2018-11-26,2083.02,237710998,4482314159182,1394139023522661
2018-11-27,2099.42,239211333,4554649438449,1405263073694450
2018-11-28,2108.22,300075899,4793983447025,1410935094058994
2018-11-29,2114.1,307230147,5304158577124,1414953063757803
2018-11-30,2096.86,427354687,7316750950445,1403482457591888
2018-12-03,2131.93,436588354,5571246218013,1427528842890565
2018-12-04,2114.35,507517915,5539552759800,1414637237271263
2018-12-05,2101.31,492716302,4802792506076,1405505401513177
2018-12-06,2068.69,537409666,5606457270821,1383505179302256
2018-12-07,2075.76,371590518,4318800488614,1389034610099779
2018-12-10,2053.79,344164081,4697529196041,1373936929456377
2018-12-11,2052.97,273932724,5020321840385,1373342570134826
2018-12-12,2082.57,457126806,5613049104300,1371559153619690
2018-12-13,2095.55,379818934,7941965801885,1379759767753823
2018-12-14,2069.38,448237566,5784241998914,1362231208465947
2018-12-17,2071.09,444522436,4764477303856,1363331838169250
2018-12-18,2062.11,429530034,5241610268028,1358110562555382
2018-12-19,2078.84,418796781,5124894547204,1368928570752260
2018-12-20,2060.12,421064811,5483090122031,1356169265732605
2018-12-21,2061.49,311388830,5492537998707,1357352795408644
2018-12-24,2055.01,285275041,3843849185884,1352900455817700
2018-12-26,2028.01,321499356,5424078195801,1336757289211058
2018-12-27,2028.44,398021312,5351003742272,1335555861715532
2018-12-28,2041.04,352677713,4120695824217,1343971857985694
2019-01-02,2010.0,326367773,4295871822881,1323645396533233
2019-01-03,1993.7,427976017,5358519356361,1312758913016841
2019-01-04,2010.25,408990897,5490147620731,1323719372668579
2019-01-07,2037.1,440191435,5301385184683,1342381870636242
2019-01-08,2025.27,397831202,4826641977635,1333996220969886
2019-01-09,2064.71,386247767,5532688944833,1360852002032056
2019-01-10,2063.28,382877104,5434257496719,1359857820274138
2019-01-11,2075.57,380061043,4592460536252,1368311381419713
2019-01-14,2064.52,432890569,4941021266486,1360565230505129
2019-01-15,2097.18,439488652,5236963734010,1382450777672374
2019-01-16,2106.1,500078131,5352467226713,1388695520077813
2019-01-17,2107.06,475884760,5857766808901,1389975886942780
2019-01-18,2124.28,456737721,5356125356124,1401233933236199
2019-01-21,2124.61,398034986,5320635085503,1401780023623738
2019-01-22,2117.77,419441359,4897406432421,1397318461758313
2019-01-23,2127.78,408600062,5170561792658,1403936953766212
2019-01-24,2145.03,413652271,6035836296861,1415738357524606
2019-01-25,2177.73,410001961,7065652406289,1437842917491483
2019-01-28,2177.3,371618518,6060559291829,1437491622562736
2019-01-29,2183.36,552586618,6504582924510,1441345148964529
2019-01-30,2206.2,480390487,6875692507420,1456059990001788
2019-01-31,2204.85,545247910,7762306856437,1455505296056499
2019-02-01,2203.46,479378556,6873999624152,1454699810793706
2019-02-07,2203.42,427842793,6339360759652,1454323219046604
2019-02-08,2177.05,391029097,5728529606483,1436388008944814
2019-02-11,2180.73,406059815,5327610302057,1438816002281247
2019-02-12,2190.47,429940461,5929463237358,1446167642881578
2019-02-13,2201.48,421989698,5585494555665,1453501270517371
2019-02-14,2225.85,573362007,6426022765504,1469357630739561
2019-02-15,2196.09,400591521,5097630832616,1449296807078938
2019-02-18,2210.89,314370950,4668186939202,1458936951056956
2019-02-19,2205.63,389093896,4534559338232,1455230606553823
2019-02-20,2229.76,374342331,5948416944791,1471936799830701
2019-02-21,2228.66,382510920,5480909639767,1471404502700458
2019-02-22,2230.5,409310838,4645184004326,1472581253373874
2019-02-25,2232.56,339233786,4689860737887,1473911027224693
2019-02-26,2226.6,331962323,5024237669533,1469933629795979
2019-02-27,2234.79,301513165,4914612941695,1475176574151260
2019-02-28,2195.44,510022158,8307295774617,1448767023638722
2019-03-04,2190.66,373166073,6405237020767,1445642000022302
2019-03-05,2179.23,313145801,4980940796207,1437785625516105
2019-03-06,2175.6,328943179,4828088089894,1435423976972670
2019-03-07,2165.79,292578442,4858918520562,1429496101537032
2019-03-08,2137.44,313314909,4497331235658,1410568349920833
2019-03-11,2138.1,272103487,4077476409974,1410561695000350
2019-03-12,2157.18,355282965,4222805054027,1424679600994820
2019-03-13,2148.41,285600820,4088450721573,1419083069943012
2019-03-14,2155.68,341009699,5882524412188,1423787458371483
2019-03-15,2176.11,387135808,6821323565354,1437037920963024
2019-03-18,2179.49,257951275,4093226224639,1439426927693641
2019-03-19,2177.62,319702553,3867859299559,1438506503408298
2019-03-20,2177.1,317606686,4175741034585,1438253702940605
2019-03-21,2184.88,342747152,6229925336110,1445055041479256
2019-03-22,2186.95,333617567,6881722527179,1446842699649707
2019-03-25,2144.86,307071247,4136472112423,1418438626634458
2019-03-26,2148.8,301253574,4248900137963,1421123429431263
2019-03-27,2145.62,363169415,4490155588700,1419130931621688
2019-03-28,2128.1,288036217,4403905967205,1409454255770860
2019-03-29,2140.67,364618638,5248941127868,1417246090700786
2019-04-01,2168.28,263312768,4365111400005,1435481137484246
2019-04-02,2177.18,257453028,4247457375716,1441635794811690
2019-04-03,2203.27,358644921,5466968835112,1458945250841842
2019-04-04,2206.53,431013240,4857554113287,1461266733697704
2019-04-05,2209.61,517153053,4215786976690,1463238721453826
2019-04-08,2210.6,347910204,4660047203880,1464185952042604
2019-04-09,2213.56,414809277,4904129876338,1466472414510091
2019-04-10,2224.39,399694690,5135093645085,1473098586564393
2019-04-11,2224.44,402016393,6022086522472,1473103445557845
2019-04-12,2233.45,449634273,6098417861762,1479300934871201
2019-04-15,2242.88,404160070,6668128939191,1485758717089295
2019-04-16,2248.63,569056241,7083490839974,1489660939148968
2019-04-17,2245.89,452474829,5586183776794,1488430885486793
2019-04-18,2213.77,573343371,6501103720627,1467185238379835
2019-04-19,2216.15,525263603,4965672211178,1468420930045869
2019-04-22,2216.65,493984426,4639971396933,1468803476988435
2019-04-23,2220.51,481177693,4922937803418,1471093767629332
2019-04-24,2201.03,575099947,6342430060053,1459265698733680
2019-04-25,2190.5,441137220,5610697148270,1452279955041841
2019-04-26,2179.31,570172114,5346145628898,1445304534300290
2019-04-29,2216.43,380823202,4985905996916,1469579228609255
2019-04-30,2203.59,381413638,5697107343143,1461526970030485
2019-05-02,2212.75,369059331,5026634171010,1467462906862524
2019-05-03,2196.32,617877728,5297907288528,1456663139182857
2019-05-07,2176.99,484097411,5467056820124,1443681620648764
2019-05-08,2168.01,456333730,5170590567606,1437428069486080
2019-05-09,2102.01,743506582,8236437835734,1393596819333551
2019-05-10,2108.04,714766047,6407849437506,1397898972342239
2019-05-13,2079.01,505750965,4601110960483,1378695078971849
2019-05-14,2081.84,696195115,5865911939540,1379906842807898
2019-05-15,2092.78,577794538,5052873495733,1386708606204295
2019-05-16,2067.69,745164325,6042439759139,1369732050106538
2019-05-17,2055.8,537380478,5378895113211,1361632447436614
2019-05-20,2055.71,640195314,4889671212570,1361781952181663
2019-05-21,2061.25,526858525,5272368951235,1366112085429248
2019-05-22,2064.86,509974355,4637965353551,1368593282436184
2019-05-23,2059.59,509268840,4819255464431,1365939860322670
2019-05-24,2045.31,480647785,4581385647751,1356099663065172
2019-05-27,2044.21,351616397,3506626756142,1355615535137494
2019-05-28,2048.83,494478506,8080272646290,1358437863665667
2019-05-29,2023.32,380893908,4686652421993,1345376066236881
2019-05-30,2038.8,461850038,4978843426528,1356387791900666
2019-05-31,2041.74,439181700,5039081178642,1358693515769970
2019-06-03,2067.85,387145916,4640456999164,1376865465427038
2019-06-04,2066.97,435991771,4841760568903,1376101514669566
2019-06-05,2069.11,380156934,4506227704256,1377885042288038
2019-06-07,2072.33,368392099,4347351437913,1380064127113859
2019-06-10,2099.49,457640868,4214043636528,1398084995736478
2019-06-11,2111.81,550740467,4276695054674,1406104185676976
2019-06-12,2108.75,693507706,4661009625755,1404084076348163
2019-06-13,2103.15,553393426,5998223016935,1400059107793614
2019-06-14,2095.41,473370326,4716415804710,1395025949435908
2019-06-17,2090.73,561550094,4255706319709,1391569061376270
2019-06-18,2098.71,600964477,4579592121214,1397358727371354
2019-06-19,2124.78,862980408,4984533534690,1414680218091750
2019-06-20,2131.29,1007158995,3994784100460,1419450952962012
2019-06-21,2125.62,692027953,5226303238863,1415602954777338
2019-06-24,2126.33,669639947,4054920629380,1416221253476645
2019-06-25,2121.64,642999230,4249731983881,1413099198036989
2019-06-26,2121.85,736851548,4455865231022,1413592489240463
2019-06-27,2134.32,644900239,5122462360257,1421656474616490
2019-06-28,2130.62,537274612,4282404579120,1419520754393242
2019-07-01,2129.74,412291132,4730192766096,1419133353748724
2019-07-02,2122.02,460830079,4107541802523,1413906577386491
2019-07-03,2096.02,522709122,4615984289060,1396737258553866
2019-07-04,2108.73,446932809,4542737856067,1405237689270569
2019-07-05,2110.59,459391351,4025814142961,1405984668360227
2019-07-08,2064.17,515950186,4349730300900,1375390948206713
2019-07-09,2052.03,440122152,4439841139763,1367889452286573
2019-07-10,2058.78,355677692,3938556515348,1372819300454448
2019-07-11,2080.58,376675258,5057466110194,1387530387969924
2019-07-12,2086.66,403935256,3775268693354,1391297124253375
2019-07-15,2082.48,463519822,3740179786626,1388670529494367
2019-07-16,2091.87,682802883,5284192503571,1394462438582037
2019-07-17,2072.92,761626214,4643511817295,1381856023931305
2019-07-18,2066.55,446644261,3939883928809,1377591720176989
2019-07-19,2094.36,394904496,4198431742061,1396345455409810
2019-07-22,2093.34,332629659,3206206972692,1395686187722320
2019-07-23,2101.45,648123964,4601029966914,1401179455863691
2019-07-24,2082.3,851392616,4233306335221,1387937020110742
2019-07-25,2074.48,598634494,5207429586665,1383500621064489
2019-07-26,2066.26,589074008,5138752090160,1378062580766348
2019-07-29,2029.48,608670823,4681216489006,1353730489286975
2019-07-30,2038.68,547029568,3877489154438,1359687443391970
2019-07-31,2024.55,589386215,5532912844793,1349751511726427
2019-08-01,2017.34,461743301,4443149841476,1344605608058001
2019-08-02,1998.13,438538034,5338221152118,1331726020788260
2019-08-05,1946.98,639603860,6599770833210,1298224308531082
2019-08-06,1917.5,739588000,7179083067752,1278708145720892
2019-08-07,1909.71,760777428,5373398012266,1273695153746569
2019-08-08,1920.61,777165791,6769546464363,1280853901512378
2019-08-09,1937.75,654344213,5051265070927,1292314441538221
2019-08-12,1942.29,427140753,3997754683679,1295503767211319
2019-08-13,1925.83,660040626,4340208917859,1284457198078696
2019-08-14,1938.37,699585019,5076486427994,1293001856990476
2019-08-16,1927.17,421682099,4274269397700,1286042560145130
2019-08-19,1939.9,481022288,3771542443910,1294140224486057
2019-08-20,1960.25,463604646,4130252993012,1308076037423150
2019-08-21,1964.65,391567810,3821800903409,1310906717019207
2019-08-22,1951.01,435564555,4095130339760,1301909073653730
2019-08-23,1948.3,381086832,3498464866062,1299891726431822
2019-08-26,1916.31,324853162,3751275939269,1278910758650452
2019-08-27,1924.6,427042158,5037419815890,1284739456203263
2019-08-28,1941.09,284344281,3288745364966,1295572074441471
2019-08-29,1933.41,285103063,3709595768204,1290373159181341
2019-08-30,1967.79,317733276,4371488503868,1313598665258278
2019-09-02,1969.19,262154290,2924232192062,1314134426075348
2019-09-03,1965.69,342077082,3916057996542,1311680052177079
2019-09-04,1988.53,348722016,4133684498548,1326785677999283
2019-09-05,2004.75,488067460,5556532181275,1338476907583737
2019-09-06,2009.13,384440919,3667155354748,1341565099600064
2019-09-09,2019.55,511821080,4401821569599,1348800307788299
2019-09-10,2032.08,504390675,4458784974942,1356956832532173
2019-09-11,2049.2,429075391,5997521226847,1368161366688447
2019-09-16,2062.22,493516015,5676634123849,1376560744085651
2019-09-17,2062.33,507995193,4572240815084,1376689373343846
2019-09-18,2070.73,613147930,4849403756630,1382698755389613
2019-09-19,2080.35,493037906,4796838356382,1390937570288631
2019-09-20,2091.52,589919812,5401656950633,1398474981721940
2019-09-23,2091.7,420948452,4095773985804,1398458459189431
2019-09-24,2101.04,535771028,4406729259064,1404448758965775
2019-09-25,2073.39,651551743,5181991511224,1386072581864125
2019-09-26,2074.52,430577353,4656831355926,1387334938947795
2019-09-27,2049.93,285943315,3489260824871,1370704841116332
2019-09-30,2063.05,327625088,3709169292668,1379383990482194
2019-10-01,2072.42,389336196,3869998424287,1385453397293141
2019-10-02,2031.91,414460340,3933921932793,1358586984595908
2019-10-04,2020.69,402940876,3963264425877,1351390760877189
2019-10-07,2021.73,322184598,3412076289043,1351980508689979
2019-10-08,2046.25,437517313,4256283543301,1368408579392448
2019-10-10,2028.15,445846412,5612446184283,1356703391347914
2019-10-11,2044.61,381147036,3790613421857,1367727113719942
2019-10-14,2067.4,511215908,4579415090999,1382961056983902
2019-10-15,2068.17,464533785,4138985920292,1383418736834437
2019-10-16,2082.83,524545161,4463659000161,1393413064808508
2019-10-17,2077.94,314177112,3484053994750,1390071921609544
2019-10-18,2060.69,516687848,5429306546798,1378751961323373
2019-10-21,2064.84,606108725,3598365529933,1381669311538777
2019-10-22,2088.86,504063331,4811062528761,1398014600027705
2019-10-23,2080.62,429453295,5110883572829,1392517281127201
2019-10-24,2085.66,367717362,5208814264302,1396059213375811
2019-10-25,2087.89,348686136,4429328925874,1397792837886505
2019-10-28,2093.6,269233762,3853804704594,1401486782733967
2019-10-29,2092.69,357662332,4067889827188,1400636741907645
2019-10-30,2080.27,415551707,5051507872111,1395052464655768
2019-10-31,2083.48,461322641,5777340831340,1397134899920708
2019-11-01,2100.2,418314118,4599472628630,1408824195271186
2019-11-04,2130.24,476256619,5636693373532,1429190862087146
2019-11-05,2142.64,400643651,5181344024819,1437952192468307
2019-11-06,2144.15,410084729,5680104712316,1439014571334566
2019-11-07,2144.29,425662849,5134908306978,1439008868618916
2019-11-08,2137.23,574127089,5969290119249,1433704068497244
2019-11-11,2124.09,617265604,5346845749690,1425038219436537
2019-11-12,2140.92,610428626,5743924329266,1436296710316202
2019-11-13,2122.45,664365647,5376790550529,1425460703380136
2019-11-14,2139.23,521109826,6080226339496,1435960435240916
2019-11-15,2162.18,556246041,5694837187629,1451470351501471
2019-11-18,2160.69,489233053,4450920014374,1450349808632151
2019-11-19,2153.24,826885342,5605578491223,1446140184452898
2019-11-20,2125.32,581056092,5583376749873,1427359928536582
2019-11-21,2096.6,579554927,5437430115891,1407600550876970
2019-11-22,2101.96,519852004,4310267738915,1411508256467062
2019-11-25,2123.5,397676380,4288509009551,1426007086550473
2019-11-26,2121.35,532600500,7636050752641,1424956839467106
2019-11-27,2127.85,367796130,4318299988619,1429134190596897
2019-11-28,2118.6,335227079,4483257318044,1422661068375641
2019-11-29,2087.96,433260994,5100926942073,1401938201845642
2019-12-02,2091.92,385343942,4515836173554,1404938498708406
2019-12-03,2084.07,450039650,4709539668026,1399615357936707
2019-12-04,2068.89,347002806,5085778612114,1389618755691825
2019-12-05,2060.74,472188080,4625010545391,1384402799834103
2019-12-06,2081.85,440188497,4215044189346,1398777599963871
2019-12-09,2088.65,393126953,3982512343332,1403184168535184
2019-12-10,2098.0,500064261,4172974520829,1409366036607606
2019-12-11,2105.62,668731150,4837220508223,1414435813888684
2019-12-12,2137.35,584636816,8339490220448,1436302523894557
2019-12-13,2170.25,540027181,6253215577014,1458776009201296
2019-12-16,2168.15,377053514,4561208146256,1457529847044934
2019-12-17,2195.68,599534417,6380891091394,1476694264006596
2019-12-18,2194.76,591106012,5519070176261,1476402879307537
2019-12-19,2196.56,643143837,5262211883061,1476809948465847
2019-12-20,2204.18,646682877,5020842974443,1481266967974889
2019-12-23,2203.71,502034303,4734276390048,1480981911312646
2019-12-24,2190.08,569967811,4756454527367,1472110435243032
2019-12-26,2197.93,571309392,4795109701596,1477949500778766
2019-12-27,2204.21,490167721,5429665474516,1480287930817891
2019-12-30,2197.67,416403484,4113597620249,1475909365805673
2020-01-02,2175.17,494677752,4638167309579,1461424793589993
2020-01-03,2176.46,631562785,5763662746548,1462298971774498
2020-01-06,2155.07,592670719,5156540935534,1448385085188395
2020-01-07,2175.54,568235609,5143511908278,1462298814406954
2020-01-08,2151.31,913830628,8750722208310,1446631314388659
2020-01-09,2186.45,592603655,7261591245997,1470805018622162
2020-01-10,2206.39,594536948,6459299778577,1484063380523097
2020-01-13,2229.26,488288759,6214780461727,1499967180669582
2020-01-14,2238.88,835899254,7294227861325,1506534496285997
2020-01-15,2230.98,746156323,5946351320652,1501047629018491
2020-01-16,2248.05,808331797,6204474418701,1513149909207655
2020-01-17,2250.57,580816395,5444383530119,1515299753695611
2020-01-20,2262.64,545491231,5950403033200,1524384083509849
2020-01-21,2239.69,770319899,5569550564922,1508408627687428
2020-01-22,2267.25,608509908,6365617281303,1526798959055386
2020-01-23,2246.13,509608911,6790103967147,1512629061905415
2020-01-28,2176.72,808878835,8818232390840,1466083102897148
2020-01-29,2185.28,692300723,6589949501296,1472171521931855
2020-01-30,2148.0,602838388,7105203082012,1446505817054810
2020-01-31,2119.01,710507814,7226687169037,1427047754939819
2020-02-03,2118.88,836699550,8068704032225,1427133301985757
2020-02-04,2157.9,624641660,7791178403016,1454235584223968
2020-02-05,2165.63,574395954,7736275092053,1460243894885127
2020-02-06,2227.94,695216238,8334737832306,1501460505978003
2020-02-07,2211.95,800342334,8813174418003,1491013321310687
2020-02-10,2201.07,609566457,5471061224066,1483846707096682
2020-02-11,2223.12,526211397,6611195318466,1498338521859173
2020-02-12,2238.38,632462739,6892197809938,1508346241846750
2020-02-13,2232.96,638666394,8121197408774,1505295816622192
2020-02-14,2243.59,597224094,6379565384141,1511254622615908
2020-02-17,2242.17,458247876,5639200666983,1510109679102093
2020-02-18,2208.88,470424959,6411451075683,1487436220977309
2020-02-19,2210.34,591155345,7107033607258,1488454958761049
2020-02-20,2195.5,709563653,7677672112579,1478574047802416
2020-02-21,2162.84,635474020,7105856138500,1456692607497773
2020-02-24,2079.04,948620568,9315474824162,1400516367868853
2020-02-25,2103.61,1565588378,8952278187621,1417275415217287
2020-02-26,2076.77,810937954,8060327456461,1398569205665041
2020-02-27,2054.89,562775389,7241174418670,1383776360997792
2020-02-28,1987.01,671551554,9927960489404,1337716963290314
2020-03-02,2002.51,528103441,7811002803335,1348109552183221
2020-03-03,2014.15,615692688,8687846563942,1356176459905865
2020-03-04,2059.33,606287025,7829192743679,1386938608490669
2020-03-05,2085.26,675205309,7954349129052,1404684361584030
2020-03-06,2040.22,865588195,7233537918936,1373917955358746
2020-03-09,1954.77,666868332,8796943870443,1316427699384929
2020-03-10,1962.93,638564334,9133693232419,1321480461086756
2020-03-11,1908.27,679716263,8598096539563,1284895600563685
2020-03-12,1834.33,850344629,11309953238897,1235351151777928
2020-03-13,1771.44,1035277623,13376937880276,1193686836834111
2020-03-16,1714.86,682003596,8593833318802,1155216110560059
2020-03-17,1672.44,649779162,9709076676434,1126202983998029
2020-03-18,1591.2,728007845,9576387436387,1071788837300586
2020-03-19,1457.64,977674546,11932492035885,982169749104868
2020-03-20,1566.15,817021497,10632970114698,1054892888467243
2020-03-23,1482.46,647528307,9645271634190,998450497948322
2020-03-24,1609.97,679288486,10481447737237,1083695461251076
2020-03-25,1704.76,872808831,12612287867284,1147712134896263
2020-03-26,1686.24,992473707,12374197616604,1135741554179897
2020-03-27,1717.73,1077526545,12851932962119,1156581472275771
2020-03-30,1717.12,767776797,9081049803032,1155630476602887
2020-03-31,1754.64,1037488156,13905369066747,1179728722560726
2020-04-01,1685.46,1243590730,12110507381678,1133944054487121
2020-04-02,1724.86,766313445,10152244718742,1159987256045893
2020-04-03,1725.44,1000086507,10153714406089,1160743273084198
2020-04-06,1791.88,1219388574,10957483192535,1205000551883535
2020-04-07,1823.6,951738564,11628935543509,1226518732401875
2020-04-08,1807.14,907493916,11126542159615,1215858624385370
2020-04-09,1836.21,920570686,10517358549787,1235327684208445
2020-04-10,1860.7,992548388,12009988837226,1251445975432980
2020-04-13,1825.76,1017751537,9516704096110,1228226157795454
2020-04-14,1857.08,886766248,9995854086344,1248940314010211
2020-04-16,1857.07,878338050,10710793199999,1248881506244681
2020-04-17,1914.53,1667459582,14127722405516,1287911930998779
2020-04-20,1898.36,1087463349,11915932209602,1276932686171999
2020-04-21,1879.38,1174293762,13863164450974,1263694525894965
2020-04-22,1896.15,820359973,9428672633853,1274786181055578
2020-04-23,1914.73,683719714,9124271815911,1287024851033628
2020-04-24,1889.01,933917234,9647344478840,1271159366876740
2020-04-27,1922.77,735662975,8171668846877,1293318256998546
2020-04-28,1934.09,1173476059,10375078302989,1300504429056374
2020-04-29,1947.56,1984181619,10525128532479,1309179248330950
2020-05-04,1895.37,1146855467,10261902202857,1274213042153076
2020-05-06,1928.76,1082526836,8550700968723,1296556106111278
2020-05-07,1928.61,775657990,7383335083519,1296095632739743
2020-05-08,1945.82,784772658,7941567564414,1307404235915187
2020-05-11,1935.4,591282994,7752760806973,1300769233598186
2020-05-12,1922.17,799930033,9681896635050,1291568129833589
2020-05-13,1940.42,618783618,9012307818081,1303464008136505
2020-05-14,1924.96,760646303,9469021404658,1292884145462489
2020-05-15,1927.28,866357217,9723312708078,1294619578424819
2020-05-18,1937.11,761695993,9394306873102,1301926005473237
2020-05-19,1980.61,773414630,11918300290192,1331835811527638
2020-05-20,1989.64,699446970,8248632036086,1337699454438994
2020-05-21,1998.31,601199346,8636997699884,1343561077622969
2020-05-22,1970.13,847467288,9509771760326,1324302793166826
2020-05-25,1994.6,641458990,7960324756104,1340826177203951
2020-05-26,2029.78,1017804023,12545313579781,1363735033916035
2020-05-27,2031.2,1178847686,12635098387337,1364678862910216
2020-05-28,2028.54,1172134329,14479213391390,1363293486469432
2020-05-29,2029.6,1086214531,14084590166800,1363450451367235
2020-06-01,2065.08,997348462,9839657383038,1387477878880702
2020-06-02,2087.19,1000332119,10232916613603,1402057228354535
2020-06-03,2147.0,1152001392,16998832251499,1442871666450862
2020-06-04,2151.18,1393307839,16034002142290,1446260119584246
2020-06-05,2181.87,854591430,12778905806695,1466769477352700
2020-06-08,2184.29,854035253,13145519107463,1468714983884430
2020-06-09,2188.92,817085488,14689860828352,1472051666137017
2020-06-10,2195.69,706294077,12888183095069,1476712867540628
2020-06-11,2176.78,827381476,16987057620203,1464392589642064
2020-06-12,2132.3,689896760,14960780838903,1434087757539005
2020-06-15,2030.82,1072277727,18242464517682,1366175254025951
2020-06-16,2138.05,973638914,13837056898298,1437701364296343
2020-06-17,2141.05,927515701,15458440200634,1440025501583959
2020-06-18,2133.48,767184256,11089871020141,1435518023343328
2020-06-19,2141.32,1079452697,12300498419524,1441080602939928
2020-06-22,2126.73,789371970,10098315248975,1430718937268391
2020-06-23,2131.24,917567444,13496081372787,1433435233461333
2020-06-24,2161.51,913896139,13324797690536,1453951200553877
2020-06-25,2112.37,1017720601,10692627098579,1420866478316469
2020-06-26,2134.65,761043656,9821159648182,1436168481341002
2020-06-29,2093.48,643155859,9025867722947,1408463551776580
2020-06-30,2108.33,708604874,11699082707241,1418860741475329
2020-07-01,2106.7,1116220850,10232631942700,1417280238019280
2020-07-02,2135.37,1091965156,10745168204526,1445664482444930
2020-07-03,2152.41,770054734,8649543800140,1456812255014887
2020-07-06,2187.93,666902024,11656294735939,1480948171498278
2020-07-07,2164.17,847434362,14858393386688,1465179698333403
2020-07-08,2158.88,677810176,11567569371753,1460994855195639
2020-07-09,2167.9,619368220,12029949538080,1467208749209185
2020-07-10,2150.25,886987422,12048058313719,1455781560911370
2020-07-13,2186.06,650230828,10462265621930,1479593285922319
2020-07-14,2183.61,810952190,11633360175479,1477856002350806
2020-07-15,2201.88,830266170,13641396398926,1490240355001560
2020-07-16,2183.76,784637064,11304254033107,1478307592869367
2020-07-17,2201.19,569297015,10191102923037,1490180654286876
2020-07-20,2198.2,686819331,12025004388559,1488358383872006
2020-07-21,2228.83,918483110,15759332636629,1509515194204624
2020-07-22,2228.66,856218145,15651892519811,1509717832642203
2020-07-23,2216.19,934542334,16328982791157,1501425781726753
2020-07-24,2200.44,1001024922,17156946661845,1490986231772619
2020-07-27,2217.86,928624589,14256877111350,1502710705541910
2020-07-28,2256.99,866725741,17516981979726,1530086533583406
2020-07-29,2263.16,899494183,15500571709743,1536196696120976
2020-07-30,2267.01,713039430,13550209339034,1539287192950517
2020-07-31,2249.37,739688794,13002293229614,1526798727989548
2020-08-03,2251.04,648462478,13612906120002,1528025690762966
2020-08-04,2279.97,722906377,15287235291908,1548269501517691
2020-08-05,2311.86,841298584,17883091283569,1569777969023678
2020-08-06,2342.61,797147074,17831685624449,1590672220686184
2020-08-07,2351.67,812594607,17585764473385,1598022872221562
2020-08-10,2386.38,784617498,19511321883161,1621675150702310
2020-08-11,2418.67,843437905,19680402218094,1643244636026510
2020-08-12,2432.35,763734794,16680055518488,1652303924857376
2020-08-13,2437.53,907218783,18250022567058,1656293275231288
2020-08-14,2407.49,968124509,16595686362692,1636857790126833
2020-08-18,2348.24,909750109,17572479450022,1596724896699329
2020-08-19,2360.54,637965095,12367503045993,1604983684782229
2020-08-20,2274.22,903743682,17101785025778,1546235567296680
2020-08-21,2304.59,865735547,14111672142563,1566780398603402
2020-08-24,2329.83,649276997,11654192722499,1583436465121661
2020-08-25,2366.73,771584899,13567979759561,1608120252926561
2020-08-26,2369.32,956477600,14435847151150,1610120509376745
2020-08-27,2344.45,913917009,15184934096620,1593246017303196
2020-08-28,2353.8,1297312453,15539938168140,1599550088938588
2020-08-31,2326.17,1647817574,19494383573469,1581099787409825
2020-09-01,2349.55,1085245170,16664315188856,1596297722994903
2020-09-02,2364.37,1429273398,15793103441693,1605940739103531
2020-09-03,2395.9,981546067,17420976999156,1627702404391316
2020-09-04,2368.25,1351039363,19692978202805,1609097990279875
2020-09-07,2384.22,1197385474,17183375926104,1620531147584954
2020-09-08,2401.91,979357221,17297863872467,1633223139885418
2020-09-09,2375.81,946247432,15502530521592,1615470588593288
2020-09-10,2396.48,1064574011,15782939154843,1630210829012952
2020-09-11,2396.69,882880372,12068892326762,1630532301019895
2020-09-14,2427.91,963082613,12021767344457,1652166907017391
2020-09-15,2443.58,849968969,11840594190854,1662644696534407
2020-09-16,2435.92,772938451,11855356972071,1657263234612989
2020-09-17,2406.17,853740333,14235035868846,1636916706307134
2020-09-18,2412.4,756516872,13965196874371,1640898100271018
2020-09-21,2389.39,1041993131,14215076014331,1625769302772281
2020-09-22,2332.59,1051028207,17896725781419,1587733595560952
2020-09-23,2333.24,735041523,13562935251189,1587924102514894
2020-09-24,2272.7,714881419,12469005382919,1547321102894255
2020-09-25,2278.79,697961594,10181604242046,1551915293505294
2020-09-28,2308.08,605977250,8971171704466,1571128314429551
2020-09-29,2327.89,646218105,9487146664002,1584465079441896
2020-10-05,2358.0,763618171,10682774304838,1604627371598546
2020-10-06,2365.9,861754649,11131424105719,1609944298087034
2020-10-07,2386.94,737994343,8971100519076,1624292281536511
2020-10-08,2391.96,961726151,12530442220994,1628133500468590
2020-10-12,2403.73,843574320,10693282773334,1636302268568863
2020-10-13,2403.15,724920330,10203177944787,1636705769564671
2020-10-14,2380.48,901176740,11018495309857,1621936204288970
2020-10-15,2361.21,1165501314,13029475151158,1617478082483597
2020-10-16,2341.53,920205454,11141460474055,1604041752351323
2020-10-19,2346.74,931645042,10490729774189,1607299315745084
2020-10-20,2358.41,874293348,11833547961055,1616230745099862
2020-10-21,2370.86,812837069,9864097899775,1624489276959617
2020-10-22,2355.05,815612184,9774988622255,1614311508932465
2020-10-23,2360.81,890384626,10724121608942,1618108162219142
2020-10-26,2343.91,822267739,11654273569215,1607185398283116
2020-10-27,2330.84,666941810,11269186068061,1598388909961950
2020-10-28,2345.26,705770290,8941027932538,1607471156017429
2020-10-29,2326.67,509768187,10357788036488,1594058108729745
2020-10-30,2267.15,795585220,11782117594513,1553004436321479
2020-11-02,2300.16,678501162,8514452400699,1575793149855746
2020-11-03,2343.31,887445456,10874229018838,1605475497111717
2020-11-04,2357.32,986786300,14835038714079,1614836760091792
2020-11-05,2413.79,702037484,12578752394172,1653392888446002
2020-11-06,2416.5,825568502,12579332613740,1655495906955745
2020-11-09,2447.2,1354862753,14847225309910,1676944568916187
2020-11-10,2452.83,1464168039,17981336024179,1681030953363295
2020-11-11,2485.87,1272038626,18307325541732,1703946066895422
2020-11-12,2475.62,1278691998,16420009591949,1698329618456244
2020-11-13,2493.87,1072383498,17043855124582,1710439788437341
2020-11-16,2543.03,1239135119,19088399737620,1744282188041007
2020-11-17,2539.15,1267494728,17795513090344,1742186196159940
2020-11-18,2545.64,923504383,13554047699644,1746416815167178
2020-11-19,2547.42,976483462,12515007352046,1747598155153766
2020-11-20,2553.5,1129500879,12266185661760,1752065079766571
2020-11-23,2602.59,1649443107,15763526188303,1786992047787319
2020-11-24,2617.76,1364506405,16886574054872,1797825354983515
2020-11-25,2601.54,1410104868,21795847753690,1786075295495671
2020-11-26,2625.91,1387435238,12714565083678,1803103424613782
2020-11-27,2633.45,1196041606,12641691352531,1808171429285453
2020-11-30,2591.34,1311831336,21231831917326,1779635399547144
2020-12-01,2634.25,1151129297,15947293131345,1809494578238153
2020-12-02,2675.9,1076203655,17506705123429,1838364843453852
2020-12-03,2696.22,817065939,15605053580066,1852628727864506
2020-12-04,2731.45,1778896587,19875836212787,1877444703497805
2020-12-07,2745.44,1499265153,17933011742727,1888221381669925
2020-12-08,2700.93,1415239942,17157198863683,1857599327331940
2020-12-09,2755.47,1252304581,17007606430269,1894556865472972
2020-12-10,2746.46,1227651010,20630646948075,1889374447167521
2020-12-11,2770.06,1215239032,18329100479780,1906299604955606
2020-12-14,2762.2,1113630947,17012253010491,1901627365336434
2020-12-15,2756.82,1093522786,15537969160194,1897677116864841
2020-12-16,2771.79,1166637812,13649676610565,1907811219051220
2020-12-17,2770.43,1015484002,16275328677791,1906419279762760
2020-12-18,2772.18,1059143711,19166224753391,1907350242179315
2020-12-21,2778.65,1139513643,18972230585146,1911737300659013
2020-12-22,2733.68,1260761729,19881377633257,1881809988083713
2020-12-23,2759.82,1121346859,20281217886958,1901461519264269
2020-12-24,2806.86,1030890446,19984695285723,1936826862099535
2020-12-28,2808.6,1006249698,24197780569919,1938374378317299
2020-12-29,2820.51,1046839004,19299049133439,1944111085790440
2020-12-30,2873.47,1074033495,17928854517044,1980543161609061
2021-01-04,2944.45,1026510465,25011393960858,2028846031822322
2021-01-05,2990.57,1519911750,26548380179493,2059743507955076
2021-01-06,2968.21,1793418534,29909396443430,2044102754101965
2021-01-07,3031.68,1524654500,27182807334912,2086578562420457
2021-01-08,3152.18,1297903388,40909490005818,2170537648432200
2021-01-11,3148.45,1712525848,44433772380482,2171629411681152
2021-01-12,3125.95,1390617827,31407397048772,2155702540092842
2021-01-13,3148.29,1578042145,24725590186104,2169378970346017
2021-01-14,3149.93,1233182934,24122956590728,2170678334111478
2021-01-15,3085.9,1331079325,23162291827562,2127886649457744
2021-01-18,3013.93,1472048573,23186884334111,2077227073333738
2021-01-19,3092.66,1353312434,24190452978625,2131564250218193
2021-01-20,3114.55,1192695289,24628056858907,2146526770490918
2021-01-21,3160.84,1360065480,25279964649736,2179020942615826
2021-01-22,3140.63,1111222984,24305355507985,2165993242815529
2021-01-25,3208.99,1093652714,21172002638237,2212081518869122
2021-01-26,3140.31,873023735,21874953662673,2165657736775637
2021-01-27,3122.56,924582382,20147107383927,2152860459848356
2021-01-28,3069.05,1310454719,23007882780390,2115667110355292
2021-01-29,2976.21,995071252,24350307102379,2051302353271175
2021-02-01,3056.53,969262037,20724667392069,2104888954816738
2021-02-02,3096.81,887313600,19143871439066,2134009403459454
2021-02-03,3129.68,901788773,22427782221837,2158359679083774
2021-02-04,3087.55,1460945710,20648472981338,2130412928710911
2021-02-05,3120.63,1193486714,19789811124576,2154425469151225
2021-02-08,3091.24,1277207106,19312219733538,2132984548746042
2021-02-09,3084.67,2145388417,18389342394195,2129174907762155
2021-02-10,3100.58,2152916523,18333691832606,2140181514038553
2021-02-15,3147.0,1604653438,16944151211135,2172563782469365
2021-02-16,3163.25,1944395602,17171320534735,2184114152468825
2021-02-17,3133.73,1784126573,16846120997322,2162973198427129
2021-02-18,3086.66,1860566763,18141179541559,2130240935938041
2021-02-19,3107.62,3455504510,19720469896420,2145756604250517
2021-02-22,3079.75,1831955903,18224657363683,2126152211329052
2021-02-23,3070.09,2357758937,17661157780811,2118916098492828
2021-02-24,2994.98,1560930531,21519850514936,2067821071640025
2021-02-25,3099.69,1280086204,17213950572579,2139066412507337
2021-02-26,3012.95,1361310125,21504876380743,2079822287070835
2021-03-02,3043.87,1749871004,18852145433691,2100892199621893
2021-03-03,3082.99,2236687870,14714276467293,2127504522315287
2021-03-04,3043.49,1278951816,17149583437712,2100388462377853
2021-03-05,3026.26,1187225784,16767185165723,2089548989257272
2021-03-08,2996.11,1928301671,15786853367707,2069285179140615
2021-03-09,2976.12,1534217947,18419498625731,2056078962922379
2021-03-10,2958.12,905646664,13586638415968,2043540145851599
2021-03-11,3013.7,1349204346,16024119785739,2081131559971260
2021-03-12,3054.39,1669085134,13112978852891,2108739011909017
2021-03-15,3045.71,1161784415,12580943761174,2103490189792941
2021-03-16,3067.17,1123921806,12930136216106,2118221347601128
2021-03-17,3047.5,814990951,13933301393395,2104611972192955
2021-03-18,3066.01,1232596191,15133171560954,2131746121858928
2021-03-19,3039.53,1068468282,16337600202826,2113198643275980
2021-03-22,3035.46,915739433,13348889480085,2111019308765515
2021-03-23,3004.74,1331209584,16167128433823,2090378385217372
2021-03-24,2996.35,978431301,13400024889568,2088782704503124
2021-03-25,3008.33,940353597,13434687983902,2097224018661288
2021-03-26,3041.01,1036383014,15837825243148,2119963830368040
2021-03-29,3036.04,1288846446,16736098172838,2116791654414625
2021-03-30,3070.0,1023074579,14149217413321,2139668811269600
2021-03-31,3061.42,1146989209,14537437651883,2133373184071420
2021-04-01,3087.4,922680368,14035773701355,2151569268949113
2021-04-02,3112.8,792704597,13442350502786,2169819699262115
2021-04-05,3120.83,1084791620,13010540308532,2175988044851232
2021-04-06,3127.08,1279017405,13676601737626,2180839058094977
2021-04-07,3137.41,1984773884,14490176790450,2187857005749113
2021-04-08,3143.26,1357293283,17080031242959,2190897559366098
2021-04-09,3131.88,1823162245,15093694721352,2183407707650182
2021-04-12,3135.59,1048782935,13288261318780,2186336551999583
2021-04-13,3169.08,1741348018,16363773274030,2209344454288867
2021-04-14,3182.38,1776265333,15552014115192,2219837253267234
2021-04-15,3194.33,1312991973,17671286861080,2227893248796766
2021-04-16,3198.62,985278196,15542110564312,2230863450838991
2021-04-19,3198.84,1060619231,15378168999665,2231246757792884
2021-04-20,3220.7,1296160097,14508206276523,2246496867121595
2021-04-21,3171.66,1767090522,16916024229372,2212715485501855
2021-04-22,3177.52,1752691683,14862861768154,2217699634428376
2021-04-23,3186.1,2253793002,15653205960793,2223584747475283
2021-04-26,3217.53,1298330413,15753767940288,2244296747569999
2021-04-27,3215.42,1534230437,17177221132485,2242791905590759
2021-04-28,3181.47,1412620981,18379828680878,2219525997361583
2021-04-29,3174.07,1222430217,19126666675110,2214470771412017
2021-04-30,3147.86,1359455178,19207526228810,2196644814285860
2021-05-03,3127.2,1041199113,16975830860649,2183279571124176
2021-05-04,3147.37,1283829879,15962437460373,2197169421502548
2021-05-06,3178.74,1239403331,16626445399689,2218596988562242
2021-05-07,3197.2,989680146,15206303479328,2231754453117400
2021-05-10,3249.3,1011267140,17187181714045,2267392610116002
2021-05-11,3209.43,1096717744,21883489899031,2250813285698177
2021-05-12,3161.66,1424059107,22458066045899,2217704460453976
2021-05-13,3122.11,1095948091,21059803806076,2187284901026347
2021-05-14,3153.32,836404050,14493543694716,2209898269932238
2021-05-17,3134.52,771305645,14552523724082,2197146070810277
2021-05-18,3173.05,786143415,13898610218787,2223050433761389
2021-05-20,3162.28,774252245,13719656585417,2215262488943068
2021-05-21,3156.42,797262205,14789457191323,2211878673922714
2021-05-24,3144.3,587968268,11604047358277,2203296528265226
2021-05-25,3171.32,612976970,11728027229513,2222161157628694
2021-05-26,3168.43,1269999045,13173015885449,2220195701874650
2021-05-27,3165.51,1082006090,20682335393904,2213264037358093
2021-05-28,3188.73,966367978,13533299075577,2229262136164057
2021-05-31,3203.92,1123524809,14017446050339,2240204442357739
2021-06-01,3221.87,1472570767,15270803742087,2252414411981180
2021-06-02,3224.23,1495671343,17740841975268,2253801396792756
2021-06-03,3247.43,1584799068,16890461822422,2271047146370102
2021-06-04,3240.08,1392319539,16051031275689,2266301575442776
2021-06-07,3252.12,1733348139,19023221710305,2274803755886820
2021-06-08,3247.83,1951319356,19352173579005,2271737873708297
2021-06-09,3216.18,1964923269,17164709655058,2250239307892509
2021-06-10,3224.64,1896766322,19170539861596,2255706784028795
2021-06-11,3249.32,1645508762,17956256842935,2272865086057899
2021-06-14,3252.13,1664527170,15262485462973,2274655820005211
2021-06-15,3258.63,1734497293,14838275276764,2279093890070678
2021-06-16,3278.68,2345810978,16297981235711,2293095236719969
2021-06-17,3264.96,1848671013,14672132506589,2283628537465567
2021-06-18,3267.93,1627658120,17492731865668,2285587401970588
2021-06-21,3240.79,1508634470,17291259635405,2266650210510417
2021-06-22,3263.88,1666696733,15512033241198,2283310826631788
2021-06-23,3276.19,1069174741,17865268589384,2292900832121707
2021-06-24,3286.1,1301271218,21426510325089,2300141383127961
2021-06-25,3302.84,1198187970,18618608315198,2312030311092176
2021-06-28,3301.89,1428764468,13796055583387,2311642030646070
2021-06-29,3286.68,1213046625,15509502688918,2300482290686251
2021-06-30,3296.68,1610375510,15646662100364,2307579219297640
2021-07-01,3282.06,1159231481,16075974682786,2297428890483759
2021-07-02,3281.78,1019998165,15437887450990,2296886523040171
2021-07-05,3293.21,850406170,14529926270282,2305240405381368
2021-07-06,3305.21,1029465279,14686383269810,2314417369845986
2021-07-07,3285.34,1147641017,14507060037927,2300642185602643
2021-07-08,3252.68,1516034403,16870624131454,2277841603600861
2021-07-09,3217.95,1308364633,16473105860696,2253697507876528
2021-07-12,3246.47,1135042856,11280079226180,2273494421274092
2021-07-13,3271.38,1150101046,13494445819170,2290584923288806
2021-07-14,3264.81,908953938,12993100764877,2286388813170516
2021-07-15,3286.22,1172430582,13683900975965,2301050677859845
2021-07-16,3276.91,1066507087,14781318750668,2304505794912590
2021-07-19,3244.04,1095559262,12855281198924,2281788152500030
2021-07-20,3232.7,979670175,15292372447870,2273800449712422
2021-07-21,3215.91,990326915,14864747567296,2262423629944087
2021-07-22,3250.21,712983404,13039249952509,2286455396722820
2021-07-23,3254.42,805048259,13209383405119,2288976880025907
2021-07-26,3224.95,826066626,12212490543815,2268644077336709
2021-07-27,3232.53,991938990,12348469240739,2273599243456935
2021-07-28,3236.86,868602620,11979296757213,2276373997484781
2021-07-29,3242.65,694823189,10491306617501,2280494338742598
2021-07-30,3202.32,687861015,12808243381658,2252545492371046
2021-08-02,3223.04,561003439,10237986168170,2267461202539862
2021-08-03,3237.14,653512911,12491381488029,2278025799127965
2021-08-04,3280.38,632241743,12357119579176,2308134804816621
2021-08-05,3276.13,680941049,11877709071888,2305637212303987
2021-08-06,3270.36,941361338,15455403584955,2334628994435797
2021-08-09,3260.42,707654201,15732538324746,2329309985095962
2021-08-10,3243.19,730349269,21657925207047,2339206516232064
2021-08-11,3220.62,618092869,19193401379930,2322607459499686
2021-08-12,3208.38,643282554,20403905566084,2313093348371439
2021-08-13,3171.29,696468122,20201969432850,2285376012401448
2021-08-17,3143.09,690842314,22241588390442,2265401557347119
2021-08-18,3158.93,622791632,16752626526034,2276820395047858
2021-08-19,3097.83,655629079,17170843636716,2235216707932198
2021-08-20,3060.51,672088491,16450579796320,2209662899424604
2021-08-23,3090.21,570979933,13424032926826,2230738568501349
2021-08-24,3138.3,586535144,14946073572844,2266706991674068
2021-08-25,3146.81,624688408,13365595656643,2272311234888854
2021-08-26,3128.53,727719083,13335287860349,2259280093653567
2021-08-27,3133.9,520668771,11039934421080,2262422711844216
2021-08-30,3144.19,602858388,11758710379309,2269580865742036
2021-08-31,3199.27,661221167,15863630339895,2309062612929983
2021-09-01,3207.02,746705227,13537907689214,2317655771978632
2021-09-02,3175.85,757859615,15378375212484,2297103341723483
2021-09-03,3201.06,641510055,13110992029700,2315800431016042
2021-09-06,3203.33,726190124,12313477364484,2318348873606184
2021-09-07,3187.42,760159709,11943337187144,2306637033277544
2021-09-08,3162.99,859889326,17302711069208,2290248707246099
2021-09-09,3114.7,927368577,17787104851733,2256111111642365
2021-09-10,3125.76,723085303,13566490029242,2262866816661640
2021-09-13,3127.86,732269520,13505433023679,2264159333328919
2021-09-14,3148.83,713227276,15787292366491,2280258288758879
2021-09-15,3153.4,616557070,12162693523272,2284157740769828
2021-09-16,3130.09,612873472,12259518128260,2267220040394942
2021-09-17,3140.51,589244026,14937657948864,2284484860912835
2021-09-23,3127.58,623841308,14009138133250,2275325269712385
2021-09-24,3125.24,753222478,12558236431734,2273591460336983
2021-09-27,3133.64,883229339,12266966973757,2279894817910380
2021-09-28,3097.92,894913170,14658731286208,2254315886464543
2021-09-29,3060.27,821557926,15137007962920,2226722696682185
2021-09-30,3068.82,885818713,14942853884792,2231957338378780
2021-10-01,3019.18,855481955,12944006323787,2195489101771914
2021-10-05,2962.17,840557005,15315537326790,2153672546490338
2021-10-06,2908.31,901721943,15668592169787,2114932681003113
2021-10-07,2959.46,595381702,11906736775955,2151410767360809
2021-10-08,2956.3,668946781,12634091306885,2150115811292973
2021-10-12,2916.38,660180934,12767649889473,2120560982087749
2021-10-13,2944.41,752132429,12294514171307,2141374217004803
2021-10-14,2988.64,617170079,12064564380622,2172764571489626
2021-10-15,3015.06,857797842,12540973320207,2192125724879263
2021-10-18,3006.68,926369474,10649948958411,2186010001816397
2021-10-19,3029.04,845703531,10112026428717,2202301797123014
2021-10-20,3013.13,680326898,11178213476930,2191094043358948
2021-10-21,3007.33,887369794,10572398217802,2185679891266018
2021-10-22,3006.16,695272936,9047262545950,2184542201010108
2021-10-25,3020.54,791795966,10489293804156,2194484567353427
2021-10-26,3049.08,564559805,9512681741122,2215757779840433
2021-10-27,3025.49,607875370,10220672977011,2198753266106801
2021-10-28,3009.55,617256798,12367618427652,2188063339084740
2021-10-29,2970.68,545833755,11035682384856,2159375927406380
2021-11-01,2978.94,475382111,9410799387549,2166070209519305
2021-11-02,3013.49,525853038,9662968105172,2191376531144535
2021-11-03,2975.71,658648364,12438267928860,2189540503438221
2021-11-04,2983.22,772023904,14658519584987,2195428830265029
2021-11-05,2969.27,688027918,12669722983462,2185189385744004
2021-11-08,2960.2,560205356,10388089493103,2178020380431059
2021-11-09,2962.46,708773471,9684977252764,2180787959345307
2021-11-10,2930.17,570931752,9663221463613,2157022729552783
2021-11-11,2924.92,572859058,13468395643103,2153082343088190
2021-11-12,2968.8,665733196,12472956374638,2185439467790075
2021-11-15,2999.52,639395683,11402053251342,2207950545172823
2021-11-16,2997.21,579646335,11101212743890,2208638226067564
2021-11-17,2962.42,541489534,10661680483275,2183852304105739
2021-11-18,2947.38,541652823,10119317376788,2173103104811822
2021-11-19,2971.02,657093788,11002168877105,2192237374729624
2021-11-22,3013.25,530959176,12945532600397,2225325424858351
2021-11-23,2997.33,524233416,10830503621150,2213806547623649
2021-11-24,2994.29,556640473,10963458592619,2210804289074574
2021-11-25,2980.27,595969686,9401090529106,2199950623164321
2021-11-26,2936.44,595597647,11901297731572,2167444597231403
2021-11-29,2909.32,844400434,13092783140665,2148359052554220
2021-11-30,2839.01,983556318,19852270868593,2095821072303233
2021-12-01,2899.72,563927192,12534484740158,2143338151523723
2021-12-02,2945.27,534461669,11918441491698,2176914270109684
2021-12-03,2968.33,486749001,10344372944198,2192835466339470
2021-12-06,2973.25,479907913,9657402253160,2197379063665010
2021-12-07,2991.72,541370062,10215647036599,2211216990567170
2021-12-08,3001.8,488246121,11115220654811,2218153437117398
2021-12-09,3029.57,513445799,12614031150535,2238777012136812
2021-12-10,3010.23,451599491,8434890985993,2225643249770856
2021-12-13,3001.66,375828375,8629448910198,2219441356915143
2021-12-14,2987.95,581569904,9856789517126,2209778033875157
2021-12-15,2989.39,432874423,8253059437129,2210896374852491
2021-12-16,3006.41,402825154,8524314062950,2223256395913792
2021-12-17,3017.73,451824159,11650002805031,2231055479151033
2021-12-20,2963.0,377584565,8621305733909,2191456183748063
2021-12-21,2975.03,410979633,9108501429680,2200896109564335
2021-12-22,2984.48,461755372,8835649524455,2208300470743887
2021-12-23,2998.17,483838948,9319626829913,2218653456865532
2021-12-24,3012.43,537548258,8583472759012,2230019405753961
2021-12-27,2999.55,475363053,8280394735651,2221527069263787
2021-12-28,3020.24,607046190,12096893607293,2237623537207572
2021-12-29,2993.29,545831859,10908667230981,2215462631908994
2021-12-30,2977.65,461038202,8727458062998,2203366545861792
2022-01-03,2988.77,435825854,8193887264228,2211373367405162
2022-01-04,2989.24,621549385,9991473942836,2212087919930193
2022-01-05,2953.97,787346121,15428422516445,2186715367040906
2022-01-06,2920.53,786045066,13297135242112,2162437324139180
2022-01-07,2954.89,546172478,10582421237357,2187560533655431
2022-01-10,2926.72,477399917,10397827640756,2166763874659561
2022-01-11,2927.38,566171897,10646541507362,2168032047197388
2022-01-12,2972.48,519500914,10895354474281,2200967250234565
2022-01-13,2962.09,604870641,11458978734387,2193799600084399
2022-01-14,2921.92,532668250,10799738387436,2164996762680052
2022-01-17,2890.1,593260741,10396512579668,2141590250888778
2022-01-18,2864.24,554040958,10040965253936,2121897005983565
2022-01-19,2842.28,463829499,9649066534496,2105223650395609
2022-01-20,2862.68,395669124,8872018415152,2119405877913356
2022-01-21,2834.29,532753367,10718107702468,2098926813130747
2022-01-24,2792.0,473993186,9304491107906,2068283398049318
2022-01-25,2720.39,639958796,11700945453437,2016270363983017
2022-01-26,2709.24,472650641,8978726558031,2007683221764373
2022-01-27,2614.49,487726708,20548835072170,2056788548809842
2022-01-28,2663.34,434186972,13753057379762,2094859102056597
2022-02-03,2707.82,435709933,12472536011223,2129673299167339
2022-02-04,2750.26,536148768,11393256143290,2162189762255563
2022-02-07,2745.06,417838468,11291947751742,2157575112311001
2022-02-08,2746.47,560534109,11785877200608,2158494533769066
2022-02-09,2768.85,539123929,10337571131580,2176095837885618
2022-02-10,2771.93,509611246,12776154092019,2179937246898060
2022-02-11,2747.71,480520356,10992603318314,2161381267104131
2022-02-14,2704.48,616343422,11579386551903,2126853150258932
2022-02-15,2676.54,589039193,9435833780019,2104887624455163
2022-02-16,2729.68,422366402,8389883428213,2146197286328093
2022-02-17,2744.09,611421577,11812904600162,2157575548333267
2022-02-18,2744.52,513521173,8508342024254,2157425759339174
2022-02-21,2743.8,495301161,7896733628442,2156626849427472
2022-02-22,2706.79,648400532,10590490331638,2127945075614037
2022-02-23,2719.53,537841009,9138533730564,2137367310079115
2022-02-24,2648.8,926399613,13586138013425,2082126695008451
2022-02-25,2676.76,664347310,12221012186710,2103963329468181
2022-02-28,2699.18,613470298,12894247765178,2120187753790735
2022-03-02,2703.52,527950387,10996672546245,2123032519762488
2022-03-03,2747.08,614514855,10592861510194,2156827001822798
2022-03-04,2713.43,765675798,12427423966429,2132467179182464
2022-03-07,2651.31,571562292,12089299502161,2083197353454298
2022-03-08,2622.4,540370226,11679452446651,2060695939934308
2022-03-10,2680.32,613810463,13694703490818,2105097713891886
2022-03-11,2661.28,797034211,12363206013444,2090547969326350
2022-03-14,2645.65,636324491,12037826871926,2078071440843771
2022-03-15,2621.53,604181621,9583002317208,2059389989838311
2022-03-16,2659.23,736353564,9310850792342,2088519367582145
2022-03-17,2694.51,546079006,11900904843703,2116541926948248
2022-03-18,2707.02,644017432,11442603703912,2125657537077496
2022-03-21,2686.05,502401733,8693849794167,2109394247134395
2022-03-22,2710.0,489441786,9367506018394,2127002889531033
2022-03-23,2735.05,883375917,11838671696715,2146408436495134
2022-03-24,2729.66,960897734,13177858819418,2142618010591245
2022-03-25,2729.98,602771056,10824995141702,2143377809045015
2022-03-28,2729.56,768042550,9801744222798,2143333163570399
2022-03-29,2741.07,732159279,10020299985146,2152615774344990
2022-03-30,2746.74,840134353,11099514114188,2156901356214342
2022-03-31,2757.65,1030288741,9729367389375,2164962823835125
2022-04-01,2739.85,1305564027,10689584093613,2151279537772233
2022-04-04,2757.9,1022970584,9744917655977,2164964281624620
2022-04-05,2759.2,1605993694,9933180821147,2165864596150541
2022-04-06,2735.03,1321644983,11014544531112,2147029118770552
2022-04-07,2695.86,999275955,12291042906435,2116922778652258
2022-04-08,2700.39,948355122,10296234348228,2119201356321410
2022-04-11,2693.1,742601512,8831630373027,2113756558191032
2022-04-12,2666.76,870969540,9853720362264,2092582276727403
2022-04-13,2716.49,733240925,9645445517007,2131314721277679
2022-04-14,2716.71,665351048,11419812319490,2130735885151352
2022-04-15,2696.06,693717683,9570267540535,2114429291228787
2022-04-18,2693.21,1024914928,9050332417145,2112795552269402
2022-04-19,2718.89,1257385350,9779975371254,2133070295974238
2022-04-20,2718.69,1736282680,12283912938601,2132905874908170
2022-04-21,2728.21,1002973383,11482591241019,2140416800601661
2022-04-22,2704.71,1239909929,12120588065484,2122781766112951
2022-04-25,2657.13,1018005341,11698115888010,2085607418867234
2022-04-26,2668.31,889941868,10807853191333,2093885341172675
2022-04-27,2639.06,1072367495,12558710512739,2070445707797211
2022-04-28,2667.49,899168711,12463396003912,2097782079596385
2022-04-29,2695.05,975253172,12664752150376,2119864985287662
2022-05-02,2687.45,873722720,9075648672047,2114441739696343
2022-05-03,2680.46,883402977,9199338259039,2109346130641559
2022-05-04,2677.57,1181019910,9903933505101,2107550082906536
2022-05-06,2644.51,1333935834,10595418478532,2081320428498685
2022-05-09,2610.81,892652722,9289660879298,2055162928601455
2022-05-10,2596.56,841463317,10842463041698,2043673172912281
2022-05-11,2592.27,679509759,8608259453968,2040258394405099
2022-05-12,2550.08,900330795,12167915258889,2007195727129313
2022-05-13,2604.24,788539195,10342060894273,2049292684237125
2022-05-16,2596.58,780198956,8528536948653,2043528753449264
2022-05-17,2620.44,873519449,9658877230199,2062679874226357
2022-05-18,2625.98,870268210,10047167987534,2067575121982239
2022-05-19,2592.34,677595162,9883989670611,2041376481460926
2022-05-20,2639.29,755652901,9634339029530,2077558135734500
2022-05-23,2647.38,644204838,7815203608813,2083210177353741
2022-05-24,2605.87,851235794,8703525826182,2050778684655991
2022-05-25,2617.22,712611488,8353418910949,2059889815729458
2022-05-26,2612.45,595849280,8613523897667,2056303508275262
2022-05-27,2638.05,590813776,8028158869516,2076115880771690
2022-05-30,2669.66,469797632,7473951584916,2101290667111063
2022-05-31,2685.9,671679086,13970895517957,2113784328537123
2022-06-02,2658.99,525259148,7860485371460,2092789270563649
2022-06-03,2670.65,562469813,7566757988438,2101703361724826
2022-06-07,2626.34,524710380,8948923639761,2067165430942135
2022-06-08,2626.15,576389702,7964335124403,2066742737105469
2022-06-09,2625.44,814882844,10857975089630,2066451297057888
2022-06-10,2595.87,724089803,8285964062392,2043213222024130
2022-06-13,2504.51,660309279,10335873891430,1972203677735303
2022-06-14,2492.97,671756827,9992819780261,1962993357171067
2022-06-15,2447.38,714143493,9936928113647,1926857817400711
2022-06-16,2451.41,584041265,9588186586438,1931070977616452
2022-06-17,2440.93,634896746,11201571607435,1921148559919856
2022-06-20,2391.03,592701890,9092289259636,1881482847958622
2022-06-21,2408.93,479678348,7440755424721,1894965517033471
2022-06-22,2342.81,532138957,8690134078974,1843888861974790
2022-06-23,2314.32,749660688,10212365984694,1821183820152396
2022-06-24,2366.6,654445552,8469155606714,1862320799525167
2022-06-27,2401.92,510587331,7656358037502,1890525944714878
2022-06-28,2422.09,564985557,7193433718663,1906214561249121
2022-06-29,2377.99,422127378,7965810495235,1871275785944460
2022-06-30,2332.64,515396401,8923480624878,1835493487294140
2022-07-01,2305.42,530345985,8687669165705,1814290027911482
2022-07-04,2300.34,467959552,7339364788057,1810669975467947
2022-07-05,2341.78,323904543,6890579318763,1842519184614780
2022-07-06,2292.01,410732087,8919471617948,1804225454331245
2022-07-07,2334.27,340172962,7652635944561,1837885177758676
2022-07-08,2350.61,411424871,7008117581875,1850893574322830
2022-07-11,2340.27,377108087,6301233630004,1843259953057437
2022-07-12,2317.76,379308230,6369257946374,1824994120120650
2022-07-13,2328.61,308806098,5998501221291,1832979141831765
2022-07-14,2322.32,349137973,6539856912394,1829593431864512
2022-07-15,2330.98,319675148,7383211368831,1837255296447759
2022-07-18,2375.25,324357054,7104661030882,1873107660090225
2022-07-19,2370.97,339377650,6556190576633,1869397059664922
2022-07-20,2386.85,333329038,7434803856736,1881643042748411
2022-07-21,2409.16,295624147,6309070850975,1899062118323927
2022-07-22,2393.14,381596729,6973850591019,1886496918197095
2022-07-25,2403.69,323090645,5959859115833,1894263511279219
2022-07-26,2412.96,415671406,6240741372242,1901214430487026
2022-07-27,2415.53,333587637,7049802775578,1903522364034007
2022-07-28,2435.27,491073262,9196434759360,1919419876553481
2022-07-29,2451.5,499369222,10256338412084,1931903737357025
2022-08-01,2452.25,487160292,7509597616018,1932452046409936
2022-08-02,2439.62,549923571,7266264362087,1922819213953983
2022-08-03,2461.45,475302377,6751538574171,1939571960420947
2022-08-04,2473.11,399964621,7506315190255,1948549233283342
2022-08-05,2490.8,409776228,7561092338383,1962992757832162
2022-08-08,2493.1,418234294,7613758407732,1964010918476120
2022-08-09,2503.46,454363895,8940803191412,1971839855165800
2022-08-10,2480.88,479467472,9029482446522,1953610456318536
2022-08-11,2523.78,505245846,9710839930543,1986815488633416
2022-08-12,2527.94,445546613,8028576836861,1990518587977843
2022-08-16,2533.52,398335301,8064107136952,1995548135068567
2022-08-17,2516.47,418052960,7153680341416,1982238266258542
2022-08-18,2508.05,381627621,7105984862757,1976095948344075
2022-08-19,2492.69,459834963,7138647913895,1963842895285751
2022-08-22,2462.5,422552201,6108018866782,1940547399248450
2022-08-23,2435.34,471166457,7560708244033,1919622194463391
2022-08-24,2447.45,423502192,8119783719901,1928432688428128
2022-08-25,2477.26,426229583,7286329326891,1951737898290961
2022-08-26,2481.03,520091055,8628665213503,1955296364048495
2022-08-29,2426.89,448746272,7891467341171,1913225190390959
2022-08-30,2450.93,336555412,6826615309757,1932045596372975
2022-08-31,2472.05,436246626,9562592358058,1948130001179758
2022-09-01,2415.61,580021246,8452317734460,1904334718445549
2022-09-02,2409.41,391598680,7214619685036,1899054382872987
2022-09-05,2403.68,354737977,6277833943090,1893408647987571
2022-09-06,2410.02,294224141,5476236129935,1898174385827713
2022-09-07,2376.46,378200299,7530889694741,1872365971054935
2022-09-08,2384.28,423620804,9208735425055,1879133852167728
2022-09-13,2449.54,367102506,9165153475933,1930515174838395
2022-09-14,2411.42,461507522,7625505300244,1900212542914100
2022-09-15,2401.83,424110958,7432763619455,1892386624724827
2022-09-16,2382.78,440798650,8690463859936,1877514132114876
2022-09-19,2355.66,403937473,6885918719312,1856704765996991
2022-09-20,2367.85,419340243,7013236217546,1865526657055415
2022-09-21,2347.21,378165438,6269073304236,1849097413146355
2022-09-22,2332.31,446820270,7413267166090,1837164889827236
2022-09-23,2290.0,446460548,7416795759616,1804499959619003
2022-09-26,2220.94,621995319,9461817890486,1750077523563214
2022-09-27,2223.86,487939509,8005556968882,1752262100804213
2022-09-28,2169.29,596136346,9208349862260,1709335980404834
2022-09-29,2170.93,508500874,7240707424286,1710780971078342
2022-09-30,2155.49,950269674,7923750847279,1698450563093902
2022-10-04,2209.38,421003102,7500281281993,1741825454562391
2022-10-05,2215.22,855790158,9509079504051,1747613733710207
2022-10-06,2237.86,643015745,6850065019707,1765200352212336
2022-10-07,2232.84,428682906,7831443986822,1761987170795059
2022-10-11,2192.07,859508909,7867859123713,1729423094606371
2022-10-12,2202.47,658347571,7409130718339,1737572148230686
2022-10-13,2162.87,792452498,7169779036476,1707061504353616
2022-10-14,2212.55,513523921,7161818150242,1745972217446313
2022-10-17,2219.71,498780636,6526810304619,1752293076152610
2022-10-18,2249.95,580891633,7249919118989,1775708705627780
2022-10-19,2237.44,895161384,7738879084055,1765921332647701
2022-10-20,2218.09,1108102611,8325030384709,1751305187782541
2022-10-21,2213.12,637486476,6228174452296,1747594294440067
2022-10-24,2236.16,444820460,6846985381405,1765515578068974
2022-10-25,2235.07,456770059,7030016883895,1765049717542871
2022-10-26,2249.56,563441589,7492742941480,1776494530682277
2022-10-27,2288.78,587872005,8435336656071,1806510988109388
2022-10-28,2268.4,427245332,8289370725957,1789451213963740
2022-10-31,2293.61,401399527,8679296295233,1810255609225880
2022-11-01,2335.22,597205901,9476615249499,1842767622771327
2022-11-02,2336.87,450634597,9568100644617,1844237342130277
2022-11-03,2329.17,550428338,9273251406933,1838688384000327
2022-11-04,2348.43,436430311,7927339089118,1853798828434407
2022-11-07,2371.79,392508611,8059881002353,1872576585237971
2022-11-08,2399.04,500087936,8601453057670,1894800321379919
2022-11-09,2424.41,680722009,9342671819052,1915468946843985
2022-11-10,2402.23,899127446,9344425168815,1897654097331497
2022-11-11,2483.16,758247863,13917647603448,1960950352852828
2022-11-14,2474.65,731166034,11216385156415,1954401824877020
2022-11-15,2480.33,617401010,9308852326801,1959323044758419
2022-11-16,2477.45,657833955,9880428494318,1959009890979869
2022-11-17,2442.9,914519167,8556988540142,1931710185304086
2022-11-18,2444.48,589585960,7444437086996,1932865880577499
2022-11-21,2419.5,544528841,7049427243317,1912994304976186
2022-11-22,2405.27,539169320,7253675569216,1901129947451713
2022-11-23,2418.01,474789345,7477108020662,1911397948867669
2022-11-24,2441.33,481184882,6849558626177,1929930652968710
2022-11-25,2437.86,438394239,6347578947005,1926846986556735
2022-11-28,2408.27,350496873,6462501436307,1903723176182007
2022-11-29,2433.39,550174638,6533346119404,1923006247934229
2022-11-30,2472.53,594127344,12469429031424,1953840810263050
2022-12-01,2479.84,491383400,8850099247038,1959622742842373
2022-12-02,2434.33,468847334,7328393301881,1924204751365239
2022-12-05,2419.32,385586134,7717406208213,1911915922637855
2022-12-06,2393.16,368635781,6477022385590,1891336961499674
2022-12-07,2382.81,332586789,6080662497686,1882795765140146
2022-12-08,2371.08,351939439,7552996919747,1873438918318869
2022-12-09,2389.04,315674287,7220197808267,1888379555760614
2022-12-12,2373.02,499224684,5822259612423,1875700660827307
2022-12-13,2372.4,447565388,6659361034224,1874838727660788
2022-12-14,2399.25,409799402,5724107192073,1895655040773681
2022-12-15,2360.97,375386441,6134217159398,1865842784271843
2022-12-16,2360.02,414172006,7206180401653,1865107455187511
2022-12-19,2352.17,323987461,5018051573386,1859031540760755
2022-12-20,2333.29,358771039,5335838130528,1844296008436715
2022-12-21,2328.95,329724466,5102489702486,1840550908652687
2022-12-22,2356.73,553052921,9460858960619,1863411614401840
2022-12-23,2313.69,366988585,5935798139102,1829395536163727
2022-12-26,2317.14,427844636,5205750204132,1831727639591539
2022-12-27,2332.79,448498792,7126994120167,1844141209320557
2022-12-28,2280.45,405893520,7566892910919,1801877942940295
2022-12-29,2236.4,361194425,6036542050335,1767235220931085
2023-01-02,2225.67,346344799,5200137586818,1759241799519040
2023-01-03,2218.68,410245325,6149082624890,1753771077018843
2023-01-04,2255.98,412841149,6487597995523,1783808765569816
2023-01-05,2264.65,430977022,7521178466245,1791816776272757
2023-01-06,2289.97,398606581,6764112169245,1811418923114710
2023-01-09,2350.19,342095527,7028980630776,1858632832938702
2023-01-10,2351.31,359914195,6702908456279,1859599298527137
2023-01-11,2359.53,369010952,6297145034283,1865737441088174
2023-01-12,2365.1,580433350,7837776879492,1870238983001541
2023-01-13,2386.09,862230157,6976741116461,1886570606528872
2023-01-16,2399.86,517762227,6532806968677,1897375181962087
2023-01-17,2379.39,536811108,6314017773643,1881433258560147
2023-01-18,2368.32,537392995,5498577136647,1872694001860234
2023-01-19,2380.34,370098909,5448179058653,1882551676807929
2023-01-20,2395.26,302506895,5025541430084,1895790658564122
2023-01-25,2428.57,550087246,6665406114846,1922275331006549
2023-01-26,2468.65,486831888,8206398683439,1953918425527295
2023-01-27,2484.02,509288123,9092446576759,1966558578500389
2023-01-30,2450.47,475410252,9220413382464,1940151030295828
2023-01-31,2425.08,617195639,10394784014909,1918934214743307
2023-02-01,2449.8,666296326,8596020942471,1938780673481178
2023-02-02,2468.88,693116445,9121677725259,1953996214062839
2023-02-03,2480.4,496860518,8027060871807,1963172031301669
2023-02-06,2438.19,566819415,7671311282395,1929318577658651
2023-02-07,2451.71,451159027,7594010675216,1939610902822855
2023-02-08,2483.64,415677405,8001678048694,1965482079981468
2023-02-09,2481.52,610694361,8986377129166,1963858470722852
2023-02-10,2469.73,662365593,8402618515942,1954699936947872
2023-02-13,2452.7,486398581,7371040643718,1942812751685929
2023-02-14,2465.64,349432106,6738873534337,1953249936043947
2023-02-15,2427.9,387066656,8758717823542,1923761984206842
2023-02-16,2475.48,388027117,9170362763358,1961021978369659
2023-02-17,2451.21,514047410,8364504360476,1941744158386502
2023-02-20,2455.12,390012511,7535474328847,1944743466978690
2023-02-21,2458.96,494660925,7333623297130,1943888913979410
2023-02-22,2417.68,427481883,8386250227119,1911701229124747
2023-02-23,2439.09,400991556,7451976722535,1928501536241600
2023-02-24,2423.61,369900381,6991100390024,1915633306309893
2023-02-27,2402.64,357218105,6598229950675,1898711780871791
2023-02-28,2412.85,529789810,9274200246571,1906496015272827
2023-03-02,2427.85,428342155,9660273967406,1918505110373529
2023-03-03,2432.07,371881849,7845380172919,1921472037049278
2023-03-06,2462.62,418813757,9781226495947,1945884266663628
2023-03-07,2463.35,450481378,10732465515437,1945941991553062
2023-03-08,2431.91,438358914,9967055495184,1922025068502531
2023-03-09,2419.09,476374647,10357638632974,1911583468201648
2023-03-10,2394.59,413411029,7875520120082,1892450859293944
2023-03-13,2410.6,380739619,7702302033185,1904640758031550
2023-03-14,2348.97,485075534,7794604350782,1856250945275278
2023-03-15,2379.72,443751262,7591756283752,1880140744498524
2023-03-16,2377.91,320194084,7865786658708,1878507613036092
2023-03-17,2395.69,364175642,8617060403941,1893380948607249
2023-03-20,2379.2,346033948,6072911062048,1879711532221878
2023-03-21,2388.35,355194640,7269040131335,1886502691939232
2023-03-22,2416.96,501412159,7890323068701,1908726634719028
2023-03-23,2424.48,567703733,10367436910717,1914529715835900
2023-03-24,2414.96,470659232,9248183928115,1907314609899919
2023-03-27,2409.22,472847242,8534649614320,1902810299354672
2023-03-28,2434.94,524016141,8812617627205,1923151536114985
2023-03-29,2443.92,497218499,8829888945168,1930378482206591
2023-03-30,2453.16,629052032,10846639791891,1937575538312041
2023-03-31,2476.86,722612208,12903370005323,1957926358388616
2023-04-03,2472.34,811723687,11300345587698,1954443677108913
2023-04-04,2480.51,832555311,13496867045151,1960644519068079
2023-04-05,2495.21,632719928,9811876730903,1972182473615841
2023-04-06,2459.23,751378076,11332652707404,1943849428822129
2023-04-07,2490.41,586992797,11250171223896,1969009466863069
2023-04-10,2512.08,717648069,13539855326610,1986876446769953
2023-04-11,2547.86,768175552,14050594716001,2014288065974223
2023-04-12,2550.64,900749506,14426258754523,2016495718468033
2023-04-13,2561.66,841719152,11996436001118,2024512511224487
2023-04-14,2571.49,892445555,13088200741018,2032335488318426
2023-04-17,2575.91,775752420,12793677906915,2036226925706043
2023-04-18,2571.09,896932434,14106396003998,2032968741986688
2023-04-19,2575.08,956994366,12750865238015,2036483235961877
2023-04-20,2563.11,951423099,12415524184621,2026470351235575
2023-04-21,2544.4,970397971,12614672834698,2012374091597670
2023-04-24,2523.5,927191299,11589467033126,1996621732458125
2023-04-25,2489.02,886421798,13681150419767,1967147727128900
2023-04-26,2484.83,1089215527,12397513675358,1964553908314712
2023-04-27,2495.81,733499935,11142114587400,1974101089770741
2023-04-28,2501.53,777535095,14024831081451,1979839469128982
2023-05-02,2524.39,701398536,9942386589950,1997496492608915
2023-05-03,2501.4,889609358,9865860702590,1979410344840207
2023-05-04,2500.94,810178245,10020006022499,1978572080421787
2023-05-08,2513.21,655536077,9213044478015,1989045053273087
2023-05-09,2510.06,751646926,9351366513394,1986578323550486
2023-05-10,2496.51,635635038,8906696780352,1976264332781152
2023-05-11,2491.0,648134386,9002406636659,1971727644861109
2023-05-12,2475.42,798229990,8589238141803,1959471273376324
2023-05-15,2479.35,484564791,6920284584591,1962067053701407
2023-05-16,2480.24,628743773,8086955877418,1963631010474389
2023-05-17,2494.66,564411579,7218305741975,1975030171147455
2023-05-18,2515.4,572764581,7782864340886,1992171060284570
2023-05-19,2537.79,570097445,9199949186896,2010735982943882
2023-05-22,2557.08,593619969,8214575194453,2025540376904414
2023-05-23,2567.55,576045359,7443352810396,2033435645642930
2023-05-24,2567.45,1072440018,7900596208889,2032739545215493
2023-05-25,2554.69,917553486,9416538885100,2022841850227514
2023-05-26,2558.81,634759104,9401899255628,2027393063603788
2023-05-30,2585.52,641646565,11066254182072,2048101558653343
2023-05-31,2577.12,686186797,15135110642978,2039961429934852
2023-06-01,2569.17,675233437,9168501896122,2034185276404731
2023-06-02,2601.36,569619542,9383534584159,2059938045733047
2023-06-05,2615.41,545879707,8566306664573,2070761231989574
2023-06-07,2615.6,537616723,10152915448875,2070757365300596
2023-06-08,2610.85,581325177,11473710023538,2067265951520122
2023-06-09,2641.16,583219035,11128065460568,2091571202657558
2023-06-12,2629.35,557056391,9365137234910,2082259638214132
2023-06-13,2637.95,694320536,11153307465910,2092104300796508
2023-06-14,2619.08,654404452,13100475117196,2077106421774783
2023-06-15,2608.54,582437342,11513806869991,2068930296159040
2023-06-16,2625.79,673673049,12620601901546,2083070962834297
2023-06-19,2609.5,719549044,11096633448246,2069459013219873
2023-06-20,2604.91,722540797,10880371631739,2066709392982495
2023-06-21,2582.63,659798470,10654263369764,2049490170676983
2023-06-22,2593.7,613221379,8937920367446,2058310973700555
2023-06-23,2570.1,528307350,8548516965675,2039950788327825
2023-06-26,2582.2,481750510,8437663307773,2050227831614436
2023-06-27,2581.39,538509244,8592191725938,2049390122781709
2023-06-28,2564.19,488767961,8814328693756,2036006512301901
2023-06-29,2550.02,604508630,8824942470147,2024884368206493
2023-06-30,2564.28,510933786,8209120592849,2035090950255639
2023-07-03,2602.47,618006181,8973590145582,2065043586311662
2023-07-04,2593.31,674410584,9160795651560,2057900764652467
2023-07-05,2579.0,601088685,10257664064971,2046820450881865
2023-07-06,2556.29,531900313,10291029204298,2028715707609857
2023-07-07,2526.71,613265045,10367353235625,2005107083038451
2023-07-10,2520.7,561821159,9698695577307,2000075614664244
2023-07-11,2562.49,594134894,10596470857533,2033589693802315
2023-07-12,2574.72,696924185,13229937627765,2043134138621225
2023-07-13,2591.23,585660777,13258009580486,2056144809692997
2023-07-14,2628.3,569815109,14285300247019,2085155474574010
2023-07-17,2619.0,550569962,11732182232324,2077680979796137
2023-07-18,2607.62,493202186,12003817042366,2068793755872193
2023-07-19,2608.24,440073850,11231685664367,2069336033687290
2023-07-20,2600.23,372364710,9473223686191,2063004507308507
2023-07-21,2609.76,501871967,12258800016184,2069758933412275
2023-07-24,2628.53,529363268,19050421144820,2083819624716787
2023-07-25,2636.46,723471549,19204604621912,2090016052441822
2023-07-26,2592.36,834106504,36348205551673,2054936941256622
2023-07-27,2603.81,594162667,24076448886729,2064695783012002
2023-07-28,2608.32,503267298,16807323601605,2068133763181406
2023-07-31,2632.58,454242638,15688014180464,2085912205406965
2023-08-01,2667.07,493643248,15851940748272,2113135323242811
2023-08-02,2616.47,704673842,16001903871479,2073668620072458
2023-08-03,2605.39,789416273,14921529311997,2064281827431858
2023-08-04,2602.8,645750159,10971353099785,2061747668228013
2023-08-07,2580.71,504070760,11894470648556,2044894112432768
2023-08-08,2573.98,638418712,12435381687044,2039632194238017
2023-08-09,2605.12,467526732,10326262318499,2064557282952060
2023-08-10,2601.56,568155109,11349005297143,2061336432491364
2023-08-11,2591.26,675389953,10513465946903,2053371190885501
2023-08-14,2570.87,624377647,9995329422745,2037188539913534
2023-08-16,2525.64,685135617,12025529175862,2001820771407344
2023-08-17,2519.85,735132744,10727642034665,1997270646126948
2023-08-18,2504.5,557784633,10776836338403,1985148457311986
2023-08-21,2508.8,399458711,8524817791134,1988814382258267
2023-08-22,2515.74,471808571,9270272191698,1994100740867846
2023-08-23,2505.5,547169704,8577994375668,1986575329001002
2023-08-24,2537.68,441140168,10099466159245,2012082432960052
2023-08-25,2519.14,577383852,8302851242350,1997701491140052
2023-08-28,2543.41,483587568,8221905557756,2015825900484564
2023-08-29,2552.16,441365852,8275017288825,2022518944004773
2023-08-30,2561.22,364003001,7765444580940,2029672344990078
2023-08-31,2556.27,473168805,11334960549622,2025220695461871
2023-09-01,2563.71,493367317,10029746225521,2033321986422776
2023-09-04,2584.55,342072516,8699609485382,2050034095713728
2023-09-05,2582.18,384579023,7590068827455,2048141824784019
2023-09-06,2563.34,422126144,7626693242222,2033216059472071
2023-09-07,2548.26,377270533,8325826544902,2021630331132979
2023-09-08,2547.68,396289098,7718992573949,2020844443791382
2023-09-11,2556.88,411070381,8340732785019,2027845902421820
2023-09-12,2536.58,359409844,8927207173581,2012514265092078
2023-09-13,2534.7,417576035,9270998787030,2011458185180640
2023-09-14,2572.89,412509123,9577502570729,2041171663656079
2023-09-15,2601.28,441729809,11995227354645,2063455243040381
2023-09-18,2574.72,416289507,8772091336958,2042003996189398
2023-09-19,2559.21,462342076,7827324888504,2030125918133751
2023-09-20,2559.74,414667757,7571716473907,2030281560024885
2023-09-21,2514.97,394676191,7803096968952,1995558490661582
2023-09-22,2508.13,433184441,7063027557662,1988872132588095
2023-09-25,2495.76,438614599,7459544543909,1979048154958762
2023-09-26,2462.97,427476174,7060836784874,1953462572892867
2023-09-27,2465.07,366240767,6761281210971,1955817974945697
2023-10-04,2405.69,424858687,10244656479390,1909055583650353
2023-10-05,2403.6,451722351,9141360528268,1912222092363540
2023-10-06,2408.73,289391533,6522751201215,1916147548142909
2023-10-10,2402.58,416004097,9505946256101,1912039050695451
2023-10-11,2450.08,446948721,9140842858822,1949663797057905
2023-10-12,2479.82,515451710,8929118335738,1973336798717055
2023-10-13,2456.15,582883748,7164460134351,1955250761144788
2023-10-16,2436.24,788356048,8393099868062,1939007776711860
2023-10-17,2460.17,509375162,7711249611593,1958109580200441
2023-10-18,2462.6,911545886,8897570511380,1960050710811028
2023-10-19,2415.8,756946720,9054474474683,1923750595952743
2023-10-20,2375.0,521208061,9295958394523,1892280648037690
2023-10-23,2357.02,395930159,7117567308934,1877779359812775
2023-10-24,2383.51,444165247,7949284788809,1898106189983309
2023-10-25,2363.17,440806736,7832203371912,1882419020271508
2023-10-26,2299.08,531072827,9251519468286,1832032727433878
2023-10-27,2302.81,514875992,8009947757095,1834541640781010
2023-10-30,2310.55,444842306,6954632697493,1840684678719156
2023-10-31,2277.99,394982283,8233073267951,1815424104493218
2023-11-01,2301.56,358157301,6739277694118,1835317635644088
2023-11-02,2343.12,377461502,7679304707201,1868116867300456
2023-11-03,2368.34,578661884,8040958355185,1887967827119667
2023-11-06,2502.37,528584832,15225479879466,1991919718242366
2023-11-07,2443.96,457675546,12086569930572,1947075246916667
2023-11-08,2421.62,467217484,7667332335588,1929362639610315
2023-11-09,2427.08,395030998,7288448335831,1933622735939370
2023-11-10,2409.66,312467956,5825602011829,1923177297058820
2023-11-13,2403.76,307123090,5934172518663,1918619318859373
2023-11-14,2433.25,306963703,6382101015771,1942197247569901
2023-11-15,2486.67,419843260,9328219011281,1984033040962156
2023-11-16,2488.18,407440839,6806413707780,1985488314205202
2023-11-17,2469.85,388973752,8129523115949,1974347791077874
2023-11-20,2491.2,323806345,6586444840432,1990537959330634
2023-11-21,2510.42,345054695,7713376763040,2005723541732152
2023-11-22,2511.7,439485471,7755315532472,2006109849579441
2023-11-23,2514.96,360873812,6577868002160,2009135899576999
2023-11-24,2496.63,359382702,6537960544304,1995161445843404
2023-11-27,2495.66,364743731,8376475664368,1994294784796634
2023-11-28,2521.76,443089715,8753423571555,2017729235777969
2023-11-29,2519.81,579271100,9428200342491,2015729696100694
2023-11-30,2535.29,664284035,11992488473054,2027777361360739
2023-12-01,2505.01,516596238,8837749634076,2004297452965198
2023-12-04,2514.95,498860818,8772366761173,2012605764241432
2023-12-05,2494.28,427066848,8300521654842,1995841254871312
2023-12-06,2495.38,390989432,7685319935995,1996748972275817
2023-12-07,2492.07,446877270,8127635646232,1993881026629665
2023-12-08,2517.85,431796634,7916793470777,2014785074596234
2023-12-11,2525.36,435003610,8260507908287,2021014751891689
2023-12-12,2535.27,378033628,7732529685587,2029469553428360
2023-12-13,2510.66,377934427,7513616958089,2010099879260123
2023-12-14,2544.18,530123485,12960670969677,2036471107001660
2023-12-15,2563.56,465313553,12873295143562,2052134143905219
2023-12-18,2566.86,384828383,10181567999906,2053934297383476
2023-12-19,2568.55,392497373,8418110713633,2054764998811186
2023-12-20,2614.3,570423377,11202542825393,2091168204270216
2023-12-21,2600.02,578334789,9467808991589,2080482827882262
2023-12-22,2599.51,465967201,8848287882829,2082855844704432
2023-12-26,2602.59,440428129,9582765574870,2085608165140366
2023-12-27,2613.5,349733378,10359763878782,2093997127111758
2023-12-28,2655.28,460086621,9418929602384,2126372515851046
2024-01-02,2669.81,409871688,9628190129018,2147223894556881
2024-01-03,2607.31,463131608,10121578328315,2096573473823721
2024-01-04,2587.02,770176172,8992273956601,2081862659594752
2024-01-05,2578.08,522289892,8384472928787,2075148802709824
2024-01-08,2567.82,320143990,6763632029996,2067290656237408
2024-01-09,2561.24,791214273,8896714487368,2061575745648289
2024-01-10,2541.98,570021066,8795834820834,2045533566125824
2024-01-11,2540.27,788422596,13669889824902,2043896294511727
2024-01-12,2525.05,790177187,8368765827550,2047248114238733
2024-01-15,2525.99,802102006,8182706743844,2047779701417268
2024-01-16,2497.59,659578602,8828509480164,2024555060865416
2024-01-17,2435.9,965595357,11281597951689,1975074608228092
2024-01-18,2440.04,571507487,8300177532644,1978349880698514
2024-01-19,2472.74,518806918,9174537029762,2005853267137231
2024-01-22,2464.35,388045571,8419915774574,1999139797919650
2024-01-23,2478.61,472284165,8029400288499,2010744285970351
2024-01-24,2469.69,395463694,7446526589060,2003932327419686
2024-01-25,2470.34,357233504,8124338284896,2003599594512515
2024-01-26,2478.56,292662412,7144493302087,2009937343154269
2024-01-29,2500.65,427439639,8958520572993,2034462573480314
2024-01-30,2498.81,481808939,8734431084623,2032788176215422
2024-01-31,2497.09,454574443,9000429911787,2030032668710527
2024-02-01,2542.46,751074606,13462481624148,2067112301934090
2024-02-02,2615.31,596121129,14368149719486,2126219526202082
2024-02-05,2591.31,511677820,12476233311073,2107741572677307
2024-02-06,2576.2,411617635,10386506269960,2095645930554876
2024-02-07,2609.58,518182343,11491680255121,2123763208093908
2024-02-08,2620.32,430009355,12493447627224,2132384707693318
2024-02-13,2649.64,559385295,13294428567621,2157419255239933
2024-02-14,2620.42,543525036,10107666432067,2134335214502237
2024-02-15,2613.8,621363093,10691023734593,2128007409746468
2024-02-16,2648.76,593841761,10221803977167,2156678843913596
2024-02-19,2680.26,422699048,9820891305363,2182000859841736
2024-02-20,2657.79,612668186,9999238286778,2164246683674156
2024-02-21,2653.31,562144348,9150151196628,2160613141082502
2024-02-22,2664.27,456396847,10278918996172,2169296821127555
2024-02-23,2667.7,415376166,10282074497042,2172012827862754
2024-02-26,2647.08,531661427,10950640820454,2154285533222444
2024-02-27,2625.05,574301706,12634501574691,2138605308580859
2024-02-28,2652.29,421552569,10266442750037,2160300898648426
2024-02-29,2642.36,496064469,12975398337140,2154501763495998
2024-03-04,2674.27,404014324,12680157695305,2180068721681928
2024-03-05,2649.4,457237152,12207053152140,2159737907605954
2024-03-06,2641.49,378993989,10533005950271,2152385363230447
2024-03-07,2647.62,462910823,10871921043030,2157093122013549
2024-03-08,2680.35,454259855,11479440624975,2183434413990576
2024-03-11,2659.84,391384816,8856058910332,2165991239911813
2024-03-12,2681.81,403969278,9731030845026,2183694627398137
2024-03-13,2693.57,498759769,10957571435594,2193638398555053
2024-03-14,2718.76,609288045,14142602900461,2214176883564676
2024-03-15,2666.84,584947718,13235768120641,2171246910784166
2024-03-18,2685.84,408182483,9523805666900,2186414425213829
2024-03-19,2656.17,695865617,10702804612977,2162284635365968
2024-03-20,2690.14,720451805,12739395278981,2190991693310006
2024-03-21,2754.86,825226939,14013557214292,2244169943853590
2024-03-22,2748.56,509545275,11532687277699,2240018470676891
2024-03-25,2737.57,489620187,9979717463873,2230450709812806
2024-03-26,2757.09,448300913,12188273305400,2248074960180936
2024-03-27,2755.11,510644016,12461944297042,2246759368908432
2024-03-28,2745.82,419277948,11925008942773,2239561710047378
2024-03-29,2746.63,495495575,11190102648960,2240537707931380
2024-04-01,2747.86,397600506,10066834746484,2241082877779755
2024-04-02,2753.16,630392908,13116888253006,2247045532300401
2024-04-03,2706.97,640806255,13257039663440,2209038426589524
2024-04-04,2742.0,477952756,11978193544511,2238039850882680
2024-04-05,2714.21,621030559,11293864180906,2215451533029409
2024-04-08,2717.65,620652526,10560913230739,2218358194498119
2024-04-09,2705.16,470183666,10037704753832,2207593683288588
2024-04-11,2706.96,561333352,12789892903761,2209845127261173
2024-04-12,2681.82,514575252,11903471260891,2189191729846839
2024-04-15,2670.43,561950019,10506647345531,2179146668534823
2024-04-16,2609.63,570212078,12257738700180,2129095533863437
2024-04-17,2584.18,414348111,9779317782734,2108636206256260
2024-04-18,2634.7,478786204,10571079673653,2148591606593171
2024-04-19,2591.86,809473426,14044807236711,2113960517731474
2024-04-22,2629.44,401892185,11021071197748,2143157215871340
2024-04-23,2623.02,430275765,9948338030037,2137640962658347
2024-04-24,2675.75,325739636,10227694656817,2180629130374121
2024-04-25,2628.62,334062359,8987958983331,2142440794883830
2024-04-26,2656.33,450520678,10148866094724,2164477450575646
2024-04-29,2687.44,470546033,10491387518238,2189691725743463
2024-04-30,2692.06,460083516,11347130197832,2193843858061216
2024-05-02,2683.65,351087270,9059052787751,2186876849586271
2024-05-03,2676.63,338612027,7850446650277,2180854242187852
2024-05-07,2734.36,532203424,11153672379482,2228259503005163
2024-05-08,2745.05,436315210,10293632989622,2243933670998562
2024-05-09,2712.14,423810541,11102793125978,2216794075957826
2024-05-10,2727.63,586133434,11566879277171,2226624818720776
2024-05-13,2727.21,625277713,13054660270065,2226373173373837
2024-05-14,2730.34,443295551,9491099959143,2228236340852444
2024-05-16,2753.0,521841311,13253185991139,2246492512784154
2024-05-17,2724.62,575936318,11008339216044,2223763413963692
2024-05-20,2742.14,582071105,12502253995995,2237911831916097
2024-05-21,2724.18,560818982,10490361130914,2223367539795622
2024-05-22,2723.46,484723878,12378510253371,2223391187575664
2024-05-23,2721.81,428079461,11449262184318,2222186906186078
2024-05-24,2687.6,501638731,12363444691766,2193712334095006
2024-05-27,2722.99,556709910,15847767781392,2222058046281292
2024-05-28,2722.85,440956718,11586995502162,2221981776231337
2024-05-29,2677.3,438980914,13076460910800,2184383957054233
2024-05-30,2635.44,372741998,11132062547655,2150594911810807
2024-05-31,2636.52,613717789,16353906904146,2151017465412147
2024-06-03,2682.52,782329142,13995552060921,2188764087625754
2024-06-04,2662.1,773459815,12649033157359,2171834477055724
2024-06-05,2689.5,881481171,13624987518166,2194822320470817
2024-06-07,2722.67,783870642,12465269602613,2221091055961770
2024-06-10,2701.17,506891681,11327687402104,2203848894691709
2024-06-11,2705.32,558892980,11776520079436,2206744123013164
2024-06-12,2728.17,511008858,11839575564352,2224929133048683
2024-06-13,2754.89,700027275,19135858383663,2247116756582045
2024-06-14,2758.42,644979251,16187046354733,2250826809499794
2024-06-17,2744.1,593985068,12457645927392,2237952930934221
2024-06-18,2763.92,561975111,13269477858739,2254082532058439
2024-06-19,2797.33,646706151,14069563614982,2280984107505914
2024-06-20,2807.63,758165860,13576969980405,2289946832082912
2024-06-21,2784.26,631143373,14492984699807,2270593310209150
2024-06-24,2764.73,594166310,11082706901587,2257243669014962
2024-06-25,2774.39,714242157,11767747562752,2265008233505110
2024-06-26,2792.05,535034373,11325142857725,2279120474336608
2024-06-27,2784.06,397169222,10271109212108,2273422810716470
2024-06-28,2797.82,610550442,11020137988129,2283888693661471
2024-07-01,2804.31,459218341,9945336827186,2289631234045977
2024-07-02,2780.86,538842197,11648477198292,2270445338129264
2024-07-03,2794.01,340337982,10243957490730,2281636129094657
2024-07-04,2824.94,393738620,13067110367346,2307278993396211
2024-07-05,2862.23,378159145,13142275173526,2338315470421830
2024-07-08,2857.76,425055594,9938577085762,2335361801343077
2024-07-09,2867.38,456429222,11241863704494,2339688644048581
2024-07-10,2867.99,472472909,11841458957088,2340811915381735
2024-07-11,2891.35,462216873,14649701388722,2363627178724968
2024-07-12,2857.0,408178316,14085702513511,2329431205423023
2024-07-15,2860.92,424457898,12165673099287,2334446313431494
2024-07-16,2866.09,677904823,12660325755248,2338465518826864
2024-07-17,2843.29,549094120,13923509175223,2320318934867633
2024-07-18,2824.35,658374570,15548196201712,2304940336748129
2024-07-19,2795.46,426207952,9585234666046,2280949590315269
2024-07-22,2763.51,463878258,10499644345892,2255636583508568
2024-07-23,2774.29,423403234,11526841676052,2265131154015696
2024-07-24,2758.71,469221275,11053910300885,2251624859143664
2024-07-25,2710.65,440318335,13673708697212,2212260228637285
2024-07-26,2731.9,516467609,12971731709664,2228963595217386
2024-07-29,2765.53,456515695,10963602971959,2257406067431641
2024-07-30,2738.19,392868090,10199651173207,2235428827339088
2024-07-31,2770.69,557090057,12197991898146,2262832341048634
2024-08-01,2777.68,480833975,10904975425060,2268412040496396
2024-08-02,2676.19,531785136,13102123147549,2189768948287380
2024-08-05,2441.55,763777757,18781701096636,1997745882924562
2024-08-06,2522.15,567266430,15535848582551,2063686210909231
2024-08-07,2568.41,476990686,13081659609896,2102251051407106
2024-08-08,2556.73,495299005,11463675279196,2092077568084577
2024-08-09,2588.43,475012051,9721686771659,2118139215572282
2024-08-12,2618.3,293083794,7601221663229,2142430302010892
2024-08-13,2621.5,378532151,8965946240835,2145433739879246
2024-08-14,2644.5,328748140,8867077142812,2164754882564239
2024-08-16,2697.23,385851899,11192930297117,2208881287865466
2024-08-19,2674.36,395636824,9262568374795,2189820559401236
2024-08-20,2696.63,484188400,8954162720335,2206940381891250
2024-08-21,2701.13,417329635,9378558424607,2210561175693671
2024-08-22,2707.67,441756204,8946316911575,2215412798846490
2024-08-23,2701.69,330591762,8285767864758,2210797298505351
2024-08-26,2698.01,333687885,9087411201066,2206549658882071
2024-08-27,2689.25,264056855,8050720479398,2199479583926951
2024-08-28,2689.83,280773871,10567478196675,2200592606674385
2024-08-29,2662.28,288835634,11464719820380,2178258767290179
2024-08-30,2674.31,278845310,10340760628054,2187461755865038
2024-09-02,2681.0,266992573,8669962668666,2192680031182319
2024-09-03,2664.63,303460408,8978417447396,2178330436205581
2024-09-04,2580.8,455469305,11370290372994,2109693404841243
2024-09-05,2575.5,379002653,10189751207176,2103967317605974
2024-09-06,2544.28,374782188,8685310141898,2079144168315112
2024-09-09,2535.93,270230978,7454380686929,2071956884756337
2024-09-10,2523.43,347650170,8421866699897,2061808623287734
2024-09-11,2513.37,302560681,9623015977525,2051977998276998
2024-09-12,2572.09,340478891,11282356523795,2099101129801418
2024-09-13,2575.41,358262872,8422029131843,2101346639321967
2024-09-19,2580.8,385081293,12871058979763,2106110321613510
2024-09-20,2593.37,495964133,14276592945661,2116582292566161
2024-09-23,2602.01,339140017,9526459225941,2122839424585600
2024-09-24,2631.68,355097005,10338360663397,2146552075310106
2024-09-25,2596.32,454471748,11671496763447,2118800293629689
2024-09-26,2671.57,324888966,11602405999054,2179114311367054
2024-09-27,2649.78,413004129,11987017925748,2162827763884496
2024-09-30,2593.27,358915798,10806867445787,2115975531403173
2024-10-02,2561.69,351004351,9607877432678,2091253055072237
2024-10-04,2569.71,414328553,10016557160951,2097299169852461
2024-10-07,2610.38,343671145,10378943872137,2129898509102692
2024-10-08,2594.36,318240024,9168276247124,2116186427772118
2024-10-10,2599.16,618559988,13867594373662,2118769902148872
2024-10-11,2596.91,491276237,9548436311434,2116899470457183
2024-10-14,2623.29,401705670,8525414408760,2138449589891613
2024-10-15,2633.45,438292799,10054355841679,2147319522898363
2024-10-16,2610.36,437552776,10053097319299,2129276601242486
2024-10-17,2609.3,331265227,9953645240876,2127416627409576
2024-10-18,2593.82,265201103,8274853556430,2115279710372210
2024-10-21,2604.92,240675023,7757213527460,2124505397404487
2024-10-22,2570.7,343318170,8958061448792,2096600928094997
2024-10-23,2599.62,352421162,9430154792746,2120697375665930
2024-10-24,2581.03,343098218,9733937488291,2104042768297716
2024-10-25,2583.27,462898403,10286877485946,2105651493083676
2024-10-28,2612.43,333735957,9133006346665,2129841276048609
2024-10-29,2617.8,363290058,9341171256858,2134424479869187
2024-10-30,2593.79,487359045,9067046289191,2114675137976877
2024-10-31,2556.15,406613036,10980673439062,2083807734485505
2024-11-01,2542.36,319848769,7944318405637,2072677282762738
2024-11-04,2588.97,373943470,8064748773264,2110215065385317
2024-11-05,2576.88,310875315,7716007774972,2100113789116178
2024-11-06,2563.51,548506117,11791887929674,2089044036625021
2024-11-07,2564.63,465146173,10809704016429,2089840468646244
2024-11-08,2561.15,448734499,9921212340072,2087229089933475
2024-11-11,2531.66,572196827,11290168186878,2062998743903726
2024-11-12,2482.57,735812780,12848018036593,2022644867370757
2024-11-13,2417.08,619176261,11208360429193,1970663209161735
2024-11-14,2418.86,639989952,13017388247182,1972611776340117
2024-11-15,2416.86,623327161,12365758546178,1973513509553940
2024-11-18,2469.07,443925881,10621301146512,2017377526672606
2024-11-19,2471.95,410856127,9085861075487,2019146278738576
2024-11-20,2482.29,408789732,7820084740597,2033134230437159
2024-11-21,2480.63,451118534,8356409257842,2032824142509323
2024-11-22,2501.24,543517791,8017171405214,2048900260074806
2024-11-25,2534.34,564692445,13495227553966,2075112931767044
2024-11-26,2520.36,441708781,8709923196814,2064372965736248
2024-11-27,2503.06,414339138,8586048743292,2049072449824867
2024-11-28,2504.67,342571105,7572752629681,2050357986144085
2024-11-29,2455.91,384278001,9106481521439,2011421418734674
2024-12-02,2454.48,328109545,7591739683478,2009713877727404
2024-12-03,2500.1,324137730,9145172832624,2046261046449732
2024-12-04,2464.0,670284268,13296925007005,2016934529725719
2024-12-05,2441.85,519351593,9720715707167,1999305298106164
2024-12-06,2428.16,630408602,10726880321289,1988510021328156
2024-12-09,2360.58,591644435,10004534867179,1933161934819931
2024-12-10,2417.84,598770280,9303804224973,1979769346742696
2024-12-11,2442.51,617716470,7745860519277,1999754741961752
2024-12-12,2482.12,664187237,12259144225557,2032250619015376
2024-12-13,2494.46,577737398,8849455236945,2042115883546408
2024-12-16,2488.97,526708153,8466421567755,2037825063390027
2024-12-17,2456.81,559039721,9284835596090,2010343832541547
2024-12-18,2484.43,441677820,8338565732727,2033135712509950
2024-12-19,2435.93,504467068,8443749654047,1993417137823853
2024-12-20,2404.15,617782376,9347347558007,1967064816798788
2024-12-23,2442.01,428166806,7375539570358,1998047401443676
2024-12-24,2440.52,386777917,6740790173171,1997825853682133
2024-12-26,2429.67,322800054,6410407187557,1989005161072953
2024-12-27,2404.77,311291279,6339606976315,1966956732701405
2024-12-30,2399.49,303963509,5315451121758,1963328801432073
2025-01-02,2398.94,350691927,6958648750080,1963454272081159
2025-01-03,2441.92,407536387,8230070287923,1998126924797077
2025-01-06,2488.64,302760981,8142307849602,2036394312458755
2025-01-07,2492.1,407692929,9405964049041,2038522932687508
2025-01-08,2521.05,362908922,10391057773317,2062626681696110
2025-01-09,2521.9,404290371,11524453907612,2063837692886240
2025-01-10,2515.78,377586658,9691007647524,2058638841592924
2025-01-13,2489.56,578565446,9049053425756,2036397074805700
2025-01-14,2497.4,414487640,8199244671041,2042488521677972
2025-01-15,2496.81,538534310,9176243659173,2041769170734816
2025-01-16,2527.49,451062578,9432261340912,2065809157709104
2025-01-17,2523.55,445884915,10011839897387,2062320503702578
2025-01-20,2520.05,437546001,8663518721587,2059663885223968
2025-01-21,2518.03,572011300,9323573978039,2058259490075974
2025-01-22,2547.06,583737394,11074514904158,2081713985266173
2025-01-23,2515.49,609742131,9907820760947,2056088891657315
2025-01-24,2536.8,602014660,10179284029760,2073049460254918
2025-01-31,2517.37,454403356,13759431159982,2057132279189022
2025-02-03,2453.95,522848036,11649962821524,2005228762346525
2025-02-04,2481.69,479377343,11000937680837,2028588344752300
2025-02-05,2509.27,437344153,9949594557748,2056473640972619
2025-02-06,2536.75,479697230,11863047995673,2078576667689643
2025-02-07,2521.92,419872051,10240140504999,2066649815662131
2025-02-10,2521.27,393563727,10582465784194,2067049975510715
2025-02-11,2539.05,451092989,11023156462010,2081311465922200
2025-02-12,2548.39,464894178,13668983788526,2088883959979358
2025-02-13,2583.17,680341736,17104156094956,2116865565381814
2025-02-14,2591.05,499364641,13917625961701,2123295637182044
2025-02-17,2610.42,366339998,11017333473620,2138576064568082
2025-02-18,2626.81,421993118,12618242477587,2152414939585229
2025-02-19,2671.52,525798791,14851621874895,2190321476628339
2025-02-20,2654.06,529303324,14551190986281,2176898820918304
2025-02-21,2654.58,444704240,11381060470064,2176175331210928
2025-02-24,2645.27,536354114,10802085081805,2167788263381009
2025-02-25,2630.29,410284831,10508475591510,2155255658945223
2025-02-26,2641.09,386762622,11218719900855,2163540431082131
2025-02-27,2621.75,513909805,10802121046832,2147708334692199
2025-02-28,2532.78,588571521,15637224696362,2074378682303205
2025-03-04,2528.92,484081351,13115384134880,2071277908689397
2025-03-05,2558.13,569412248,13021641663686,2094580712219600
2025-03-06,2576.16,609615704,11319665264837,2105642393608409
2025-03-07,2563.48,567191412,12155164964202,2095892197484635
2025-03-10,2570.39,435694828,9881353741270,2101439969373815
2025-03-11,2537.6,399016248,10917540670799,2074862207732268
2025-03-12,2574.82,401644557,12284769101722,2105091420669291
2025-03-13,2573.64,427292042,13112911085717,2103969035866234
2025-03-14,2566.36,362329393,9941799575184,2100287748455670
2025-03-17,2610.69,396573940,11995073046698,2137307329817924
2025-03-18,2612.34,555526574,12034578631086,2138918441303969
2025-03-19,2628.62,653326938,11841495256564,2153080834445234
2025-03-20,2637.1,455019267,11989258245357,2160968151053248
2025-03-21,2643.13,497529180,14188127737060,2166240031337451
2025-03-24,2632.07,372431632,6924064394711,2156710253624274
2025-03-25,2615.81,439279423,8305059590006,2143539656810207
2025-03-26,2643.94,507916080,7655330119639,2166757904270967
2025-03-27,2607.15,403313562,7676249317680,2137689097655124
2025-03-28,2557.98,513561475,7150421589957,2097055968124136
2025-03-31,2481.12,391592782,8236353358064,2033508107511968
2025-04-01,2521.39,453393641,6939450184454,2066091544186739
2025-04-02,2505.86,515599740,7316124788243,2053517297572435
2025-04-03,2486.7,480057159,8267470857840,2037334829405671
2025-04-04,2465.42,695074881,10742833732479,2019896586676231
2025-04-07,2328.2,619500714,10505492820465,1907591512851795
2025-04-08,2334.23,557018146,9122473931623,1912870141561465
2025-04-09,2293.7,699641582,9560332636518,1880172676575802
2025-04-10,2445.06,670388052,11055426187398,2002786361478506
2025-04-11,2432.72,369702818,7687103441531,1991847800076662
2025-04-14,2455.89,488618364,6687793560550,2011102252591424
2025-04-15,2477.41,560339502,6510808882534,2027996669924309
2025-04-16,2447.43,613173904,6725688052971,2004854313353399
2025-04-17,2470.41,601738661,6606299171146,2023188315630385
2025-04-18,2483.42,450985117,5649647492055,2033957406882575
2025-04-21,2488.42,428977098,5239732779307,2038270654755274
2025-04-22,2486.64,416680149,6182470913439,2036867826267906
2025-04-23,2525.56,538116134,7764179609542,2068411537802202
2025-04-24,2522.33,327935351,7272322115520,2066148877318083
2025-04-25,2546.3,403527737,8760600168638,2085721220951885
2025-04-28,2548.86,454102177,7803354897543,2087208356086974
2025-04-29,2565.42,547081468,9215174352275,2100881633409069
2025-04-30,2556.61,487488833,8435602446234,2094129065499498
2025-05-02,2559.79,585492284,8327449263431,2095822345518174
2025-05-07,2573.8,546755132,8935449197459,2106864657755093
2025-05-08,2579.48,471635814,10270131237563,2111359746379270
2025-05-09,2577.27,485550305,8034852607528,2110382907460644
2025-05-12,2607.33,409749435,8527539580051,2135960504101417
2025-05-13,2608.42,422459803,8746089121686,2139365845830776
2025-05-14,2640.57,390503815,8893191507759,2165384001366960
2025-05-15,2621.36,339578793,7254024641690,2150748687253873
2025-05-16,2626.87,359706542,8025031996677,2154435500387806
2025-05-19,2603.42,313296021,6752438008652,2134853767220355
2025-05-20,2601.8,456989355,7661430134210,2133507447170795
2025-05-21,2625.58,371527419,7441128800151,2151605513502848
2025-05-22,2593.67,358064259,8965468020130,2126011918881695
2025-05-23,2592.09,434024136,8659673623776,2124299597613703
2025-05-26,2644.4,380173138,8342809610327,2166285731881608
2025-05-27,2637.22,318285651,7908808324037,2160239944298804
2025-05-28,2670.15,405473857,11238813826664,2188074979266972
2025-05-29,2720.64,448340888,10895570257616,2229208577577636
2025-05-30,2697.67,525661026,14803606217765,2210646190920267
2025-06-02,2698.97,323603809,8062944006492,2211661469940351
2025-06-04,2770.84,489937474,12106350015702,2270569997770892
2025-06-05,2812.05,556013446,13293000248477,2302942060259452
2025-06-09,2855.77,537617180,14030330524110,2337790728639509
2025-06-10,2871.85,508184663,14289817957640,2350164580015300
2025-06-11,2907.04,393929540,12475002592550,2378921384948741
2025-06-12,2920.03,713705710,17344655814990,2389048717129180
2025-06-13,2894.62,931657602,17462763974297,2369323120142404
2025-06-16,2946.66,726351750,14401114308029,2410638877644740
2025-06-17,2950.3,939594106,17915934818024,2414138075097102
2025-06-18,2972.19,576548034,14668323378767,2432540489952913
2025-06-19,2977.74,433310535,13786565754695,2436368787253298
2025-06-20,3021.84,484864681,17974844407806,2471814406598870
2025-06-23,3014.47,625650915,17879769854238,2465283335804106
2025-06-24,3103.64,579200567,19107339943731,2538235150827130
2025-06-25,3108.25,644761399,19662628183278,2543092930441839
2025-06-26,3079.56,460611798,17030574191361,2519593951599544
2025-06-27,3055.94,381633939,13970283384996,2500663765269373
2025-06-30,3071.7,464162919,13333814294163,2512091649124343
2025-07-01,3089.65,576016844,15184804010768,2527488234089640
2025-07-02,3075.06,696798456,14829869598196,2516192194451781
2025-07-03,3116.27,539120202,14883213548329,2551106276337041
2025-07-04,3054.28,520763440,13571164280163,2501091815119605
2025-07-07,3059.47,359404588,10204542570975,2504046206230287
2025-07-08,3114.95,745793067,13491404979089,2548966093022255
2025-07-09,3133.74,642960883,12654909764711,2563422971103981
2025-07-10,3183.23,596571574,14124821031009,2603739245288003
2025-07-11,3175.77,465292057,13342066116082,2598982928438423
2025-07-14,3202.03,444035800,11565586285784,2620057063000663
2025-07-15,3215.28,419651712,12238772420133,2631087507465974
2025-07-16,3186.38,531498719,11328776416006,2608342484105158
2025-07-17,3192.29,424787619,15365406027980,2613900035981381
2025-07-18,3188.07,393449261,11939229667870,2610008447251791
2025-07-21,3210.81,343910781,10662279408140,2632829588919004
2025-07-22,3169.94,378485911,11604659217066,2599056209995773
2025-07-23,3183.77,664826146,12201364684336,2610788646131533
2025-07-24,3190.45,425499879,12993187344837,2615776094044113
2025-07-25,3196.05,389290718,9822238040874,2621558325609622
2025-07-28,3209.52,502719579,13872945078805,2634028944917939
2025-07-29,3230.57,373203172,12769212511711,2651327886580283
2025-07-30,3254.47,338073688,12968500091756,2671786675912336
2025-07-31,3245.44,540323825,16455571940540,2662743380814128
2025-08-01,3119.41,507776245,15281248640166,2563576815036689
2025-08-04,3147.75,293453733,9724691307255,2587242951270715
2025-08-05,3198.0,273439606,10950201163619,2627767157184861
2025-08-06,3198.14,327358365,11128301636396,2627785497278353
2025-08-07,3227.68,327047544,11201368337831,2652059094215135
2025-08-08,3210.01,341443229,11401116948366,2640295716796715
2025-08-11,3206.77,304968427,10338941285390,2637340169715307
2025-08-12,3189.91,373217178,10165450116361,2623723769032037
2025-08-13,3224.37,320069786,10352059537799,2652083637181810
2025-08-14,3225.66,441467896,10002172706811,2652623803641114
2025-08-18,3177.28,326132755,8941932487220,2612867377572908
2025-08-19,3151.56,285290653,8624169781604,2592063275359109
2025-08-20,3130.09,335285191,11773562869622,2574971562273452
2025-08-21,3141.74,276915481,10893275255572,2584834308775292
2025-08-22,3168.73,236797098,8337524064582,2606520880531289
2025-08-25,3209.86,220165003,8091673150742,2639930147123357
2025-08-26,3179.36,325353201,12954910480221,2614613563218803
2025-08-27,3187.16,281721035,8851872014319,2621003592123119
2025-08-28,3196.32,312188158,9875760133000,2627849618885572
2025-08-29,3186.01,245132452,8969307869056,2619011116578555
2025-09-01,3142.93,260138455,8003230744765,2583440143168908
2025-09-02,3172.35,310678131,8676467905841,2608214267274218
2025-09-03,3184.42,335816449,8811868562778,2618478732744148
2025-09-04,3200.83,286255881,7977947156742,2631602507638663
2025-09-05,3205.12,323844686,10942042116464,2636841421046516
2025-09-08,3219.59,372299882,8217818415298,2648880278485327
2025-09-09,3260.05,439945501,10628640888119,2682471396020302
2025-09-10,3314.53,564706848,13703544856383,2726778752216321
2025-09-11,3344.2,435588829,14947009019240,2750487884332290
2025-09-12,3395.54,448857492,13932277217565,2792432470702270
2025-09-15,3407.31,378854245,12792738454649,2802795681701775
2025-09-16,3449.62,406214278,14058944540679,2838180010916733
2025-09-17,3413.4,326609906,11611597358894,2808274005979516
2025-09-18,3461.3,391177053,12409116590064,2848188126349412
2025-09-19,3445.24,348844702,15111282864331,2834490035669669
2025-09-22,3468.65,287867235,11996187013111,2855488314793656
2025-09-23,3486.19,358335419,12152383322121,2869842571401625
2025-09-24,3472.14,287145415,11806998240931,2858429845707367
2025-09-25,3471.11,293074983,12640781197188,2857634253445223
2025-09-26,3386.05,399149806,12606212195076,2787520691990662
2025-09-29,3431.21,416480046,10008858561135,2824950733618843
2025-09-30,3424.6,526401520,11157443411281,2817769969229231
2025-10-01,3455.83,493641155,12344643388616,2845543746980053
2025-10-02,3549.21,402107231,19456116765360,2922226398313787
2025-10-10,3610.6,407410846,19600845152565,2974646441764439
2025-10-13,3584.55,408033131,14270855613049,2952828804530513
2025-10-14,3561.81,734084905,18926398057017,2933878249069508
2025-10-15,3657.28,543606716,13879932193738,3011908107364069
2025-10-16,3748.37,495790790,17664818382797,3086315775634677
2025-10-17,3748.89,420769792,17268693077595,3086895728948205
2025-10-20,3814.69,410146751,14190573342156,3141020446206737
2025-10-21,3823.84,526854280,19373490542844,3150160277294047
2025-10-22,3883.68,597215988,15451168656133,3197177009086480
2025-10-23,3845.56,423588471,16255705645739,3164799754839550
2025-10-24,3941.59,426896560,17800793870343,3242987677820676
2025-10-27,4042.83,516998547,20122806110920,3325893588152838
2025-10-28,4010.41,408224732,19719872621077,3298578950794474
2025-10-29,4081.15,466898421,22033182304082,3357610183598751
2025-10-30,4086.89,566538268,24198286552685,3364689797640767
2025-10-31,4107.5,408275232,22950424588062,3383447874399935
2025-11-03,4221.87,472676323,22728714597138,3477046106115597
2025-11-04,4121.74,423542560,20785686586392,3392104995408260
2025-11-05,4004.42,594162840,29186234065822,3294411883299844
2025-11-06,4026.45,423420832,21483948611420,3311622923440594
2025-11-07,3953.76,377049668,18794295713216,3252007791121429
2025-11-10,4073.24,339514007,16685675541574,3349850858814010
2025-11-11,4106.39,377553974,20118818678387,3378037314926242
2025-11-12,4150.39,334584453,15670659198860,3413518794879764
2025-11-13,4170.63,424188608,17517048400982,3430213936916230
2025-11-14,4011.57,399992380,17968602377429,3298648291977145
2025-11-17,4089.25,344096599,14352976610800,3363116830407584
2025-11-18,3953.62,319659628,14077477816697,3251067247971822
2025-11-19,3929.51,338241537,14586911018135,3230586001015168
2025-11-20,4004.85,360281733,15143579448126,3293299591248162
2025-11-21,3853.26,319324121,14166906140808,3168593846191949
2025-11-24,3846.06,373120108,21411253137675,3169272356467234
2025-11-25,3857.78,279293988,13275808347538,3180590413000717
2025-11-26,3960.87,295326951,15777742925834,3265922270499562
2025-11-27,3986.91,257854943,13008961064052,3286294870613815
2025-11-28,3926.59,241922807,11927326021478,3235761043400269
2025-12-01,3920.37,296914679,11805572699555,3232050936063668
2025-12-02,3994.93,319034908,12439175118986,3293510638975859
2025-12-03,4036.3,290896486,13375747628074,3326804886983061
2025-12-04,4028.51,352043273,13716192682125,3321694379554629
2025-12-05,4100.05,478512573,16308814953657,3380661222188895
2025-12-08,4154.85,395582936,15207838759256,3424712364436096
2025-12-09,4143.55,400643400,13328759163343,3415203834522782
2025-12-10,4135.0,317901549,12625782614479,3408198244933671
2025-12-11,4110.62,539843372,20308402514420,3389085400995160
2025-12-12,4167.16,426616335,16545774986825,3435670897662502
2025-12-15,4090.59,346844575,15438300438426,3373508123630625
2025-12-16,3999.13,373989521,16525587865207,3298788270153600
2025-12-17,4056.41,360955505,12968279650414,3348121946855785
2025-12-18,3994.51,581445413,13077588489472,3297132526737519
2025-12-19,4020.55,442664473,16470368044849,3318795642740196
2025-12-22,4105.93,315627058,13013701888375,3389012795126445
2025-12-23,4117.32,385848331,13460733860454,3398648765464528
2025-12-24,4108.62,363613812,12114977293960,3391545827207752
2025-12-26,4129.68,510161651,16273592100742,3409552385683355
2025-12-29,4220.56,502393980,14535157883542,3483297659265304
2025-12-30,4214.17,408198125,13213491562311,3477839534742714
2026-01-02,4309.63,406339246,17521809108064,3558736495078057
2026-01-05,4457.52,513869696,22783803354664,3683501014645836
2026-01-06,4525.48,498391270,25518237182834,3738188652369778
2026-01-07,4551.06,553653981,29139900200735,3759722548753830
2026-01-08,4552.37,440086040,27476981855641,3759062721637169
2026-01-09,4586.32,399219985,23478838394919,3790229810382982
2026-01-12,4624.79,394752880,23073767861614,3822227585757325
2026-01-13,4692.64,429151090,25240608214513,3877443681591208
2026-01-14,4723.1,550416487,24217478031620,3903166781496608
2026-01-15,4797.55,545175207,23826144317448,3966237189276504
2026-01-16,4840.74,720905827,26948188036284,4004879773934139
2026-01-19,4904.66,570841030,25214738198401,4056832202296880
2026-01-20,4885.75,667709207,27148846770961,4038612917321370
2026-01-21,4909.93,600101467,30093031855585,4061917379318616
2026-01-22,4952.53,568624077,32919611108208,4095874148435200
2026-01-23,4990.07,612601752,30017138130375,4125555096685080
2026-01-26,4949.59,446903055,22842956876465,4093032390767832
2026-01-27,5084.85,476155582,28496381114727,4203734778009835
2026-01-28,5170.81,593108778,30856467311072,4276044578125425
2026-01-29,5221.25,699659390,35870200939592,4315677778298127
2026-01-30,5224.36,862540604,35493399111211,4318647135951042
2026-02-02,4949.67,572544402,32090618217805,4091111654386489
2026-02-03,5288.08,672610151,30015961619294,4372100336340858
2026-02-04,5371.1,789920328,30433498214654,4438841137256351
2026-02-05,5163.57,911910087,32385641184187,4264766371309451
2026-02-06,5089.14,745763942,29912342148788,4203477721125180
2026-02-09,5298.04,617657784,26454138847440,4374057800206435
2026-02-10,5301.69,712267871,23275929869547,4376615585478883
2026-02-11,5354.49,753767377,25625896916781,4421255293234541
2026-02-12,5522.27,750614562,32322625268341,4560825989035452
2026-02-13,5507.01,1290658558,30820998931626,4553532159039352
2026-02-19,5677.25,1185838197,28945961371804,4696588119553641
2026-02-20,5808.53,1749302679,33119679281825,4803601345750885
2026-02-23,5846.09,1477788942,32044129428372,4820058734017212
2026-02-24,5969.64,1602004836,31372730942186,4922736641351075
2026-02-25,6083.86,1415254864,35284562768622,5016888866747315
2026-02-26,6307.27,1409623229,38930015318333,5199961588788373
2026-02-27,6244.13,1166057975,54939339254580,5146373107791624
2026-03-03,5791.91,1227193147,52800572976931,4769433446422237
2026-03-04,5093.54,1637605952,62882735183204,4194946818672921
2026-03-05,5583.9,1660710447,45308989750851,4604357689057424
2026-03-06,5584.87,1223019737,31402462335366,4605057307856441
2026-03-09,5251.87,1026237730,33163873061508,4331264221607092
2026-03-10,5532.59,923209866,28713302920559,4567316826262150
2026-03-11,5609.95,1050946314,26619233612152,4633384475718061
2026-03-12,5583.25,801306208,23698184161863,4608099993232712
2026-03-13,5487.24,907655536,23719675922031,4530330570592410
2026-03-16,5549.85,1073859802,21760269884108,4583556928432968
2026-03-17,5640.48,1135071024,22303803944214,4657727421660004
2026-03-18,5925.03,1143771673,26851759232736,4892835711927923
2026-03-19,5763.22,1184170077,22994678385098,4757685123364079
2026-03-20,5781.2,1490805229,34025853798776,4768189155100582
2026-03-23,5405.75,1125619649,27243225200168,4459320431723521
2026-03-24,5553.92,1170517963,24932387802374,4580524886581023
2026-03-25,5642.21,763223598,24642071803976,4651600138064310
2026-03-26,5460.46,925092573,25615327461870,4499612828479672
2026-03-27,5438.87,900080937,23659342023182,4482729458029578
2026-03-30,5277.3,727391077,20827490324014,4347926048851371
2026-03-31,5052.46,1163312408,29837663141391,4159085895028021
2026-04-01,5478.7,958953275,28902428321499,4512166156057644
2026-04-02,5234.05,1428159621,33290077738020,4308380470893253
2026-04-03,5377.3,1185178392,22234606978211,4427756587456585
2026-04-06,5450.33,1110507448,21761181854619,4489659930916441
2026-04-07,5494.78,990449091,23719394259706,4526464918181477
2026-04-08,5872.34,932610471,36306960525424,4836941534208473
2026-04-09,5778.01,1026732958,33473404312827,4759726731566801
2026-04-10,5858.87,1002353584,23746054636099,4825746498368875
2026-04-13,5808.62,1083211365,21456576328531,4781539435053419
2026-04-14,5967.75,889490621,27128583999285,4894528506626196
2026-04-15,6091.39,923846153,31615609364413,4995512345144474
2026-04-16,6226.05,925694636,27046822836317,5106020840373396
2026-04-17,6191.92,689739734,24619562398516,5076379137907436
2026-04-20,6219.09,692878455,23576476166973,5097490312334976
2026-04-21,6388.47,792021737,31105972365121,5236207009794765
2026-04-22,6417.93,900140335,31029074886506,5260014101328972
2026-04-23,6475.81,1042392099,40604234649000,5308398010558094
2026-04-24,6475.63,878200671,30202932730976,5305337787341562
2026-04-27,6615.03,842664190,33410304671355,5421554158979603
2026-04-28,6641.02,1139472198,37622678897537,5443059491427780
2026-04-29,6690.9,717859460,31453311079064,5485580895085869
2026-04-30,6598.87,685459295,35808593571542,5407467825453161
2026-05-04,6936.99,873008689,42696032755097,5685804113404671
2026-05-06,7384.56,995691665,60000374667381,6057599952293655
2026-05-07,7490.05,767462258,51112463416097,6138256450573765
2026-05-08,7498.0,523090848,40792656487092,6143249543274176
2026-05-11,7822.24,731278789,51843448673413,6410880164759142
2026-05-12,7643.15,1021136121,67114559549714,6261455440849913
2026-05-13,7844.01,738739332,50464007486110,6423360481437913
2026-05-14,7981.41,849941546,51696927269084,6536711923065213
2026-05-15,7493.18,885626697,59548489335349,6134715796296273
2026-05-18,7516.04,566617521,44609163510898,6156484427584551
2026-05-19,7271.66,533508766,37960990143405,5956875323127522
2026-05-20,7208.95,492494076,40401033258793,5903882554220457
2026-05-21,7815.59,621081744,43187054105193,6396239933828635
2026-05-22,7847.71,435533126,31229425311844,6421467815781786
2026-05-26,8047.51,519551123,40802698581164,6580529390679650
2026-05-27,8228.7,619450559,56832099312943,6727882016628621
2026-05-28,8185.29,668950905,53241794149045,6691609257206768
2026-05-29,8476.15,735126775,80332510678397,6933143272189571
2026-06-01,8788.38,636175294,74330045284623,7204509360750407
2026-06-02,8801.49,632553467,69109665829933,7215300729898488
2026-06-04,8639.41,437895857,47638553400603,7073751550116092
2026-06-05,8160.59,463197407,48519527990129,6685559129584654
2026-06-08,7484.41,452204169,48338891047499,6132411531476562
2026-06-09,8096.93,448536749,46715418694544,6625921096905701
2026-06-10,7730.82,460876834,39944843351120,6324686062638699
2026-06-11,7763.95,478729575,46400773002266,6352556164234073
2026-06-12,8123.62,493405620,52257643902434,6649271029629422
2026-06-15,8545.98,516647764,39992231627150,6992867781984873
2026-06-16,8726.6,586336867,40568508171095,7142513389095564
2026-06-17,8864.24,571194217,35846047966163,7253100053919732
2026-06-18,9063.84,510940125,50780256517664,7413247265338499
2026-06-19,9052.42,517247568,67255170224387,7398874682927318
2026-06-22,9114.55,381081263,41909520476921,7449592792676141
2026-06-23,8203.84,488741799,61428586207090,6706835470356674
2026-06-24,8471.02,418169043,55499070682968,6927816045835479
2026-06-25,8930.3,456880223,51973679583033,7310414588574391
2026-06-26,8411.21,518472966,53997505790204,6885382217962999
2026-06-29,8394.65,371222766,42684473923383,6864567783312275
2026-06-30,8476.48,449823583,42099365540343,6929540848101061
2026-07-01,8303.41,468193407,39998686042470,6785431956394503
2026-07-02,7648.09,505157279,49900911277946,6251410554182236
2026-07-03,8088.34,465820788,45492055078817,6617011062826598
2026-07-06,8051.33,448691380,32002817887277,6591595226499214
2026-07-07,7656.31,516365835,40717402628437,6266412200628105
2026-07-08,7246.79,501070972,42465430925697,5931056230750011
2026-07-09,7291.91,582790735,39556657965016,5964859973661527
2026-07-10,7475.94,453242080,31576970770029,6118604296140554
2026-07-13,6806.93,474084812,40143819575662,5572485079774514
2026-07-14,6856.83,491599254,46697966573491,5616749703745019
2026-07-15,7284.41,397853705,34488295746773,5961100249061447
2026-07-16,6820.6,424279830,29820663017312,5576917784678867
2026-07-20,6516.27,345824614,29690576165881,5331388995510400
2026-07-21,6747.95,391091597,24810734536825,5525145833613097
2026-07-22,6797.7,373810110,28574069397052,5568155813322949
2026-07-23,7096.89,397345768,26856060831382,5814274124976124
2026-07-24,6690.62,397654875,30991958531519,5479519588763190
2026-07-27,6755.75,275717624,24294695707750,5533628393014013
2026-07-28,6023.66,331260982,36073927405132,4933296613154775
2026-07-29,5663.24,457384769,49217357151746,4669101404020380
2026-07-30,5593.56,378859389,38320902018593,4611484788421978
2026-07-31,6595.45,434445151,49567650533548,5445193657915115
2026-08-03,6257.45,272959301,26334639979834,5164875740754784
2026-08-04,6358.95,312996910,28210782276065,5244933979108344
2026-08-05,6598.26,338499583,25657753879758,5442571759274486
2026-08-06,6296.38,284501018,26452136843346,5191831798615970
2026-08-07,6258.77,299376519,24730513259160,5159998610306228
2026-08-10,6299.66,293734195,19012122938798,5194281618116304
2026-08-11,6345.53,333481429,21960667958787,5239010331577362
2026-08-12,6579.04,360651215,27099498673748,5430469997860474
2026-08-13,6813.34,418947285,34833076088710,5619052225943176
2026-08-14,6977.94,332941644,27196789669229,5757722808159455
2026-08-18,6869.83,402682358,29905562333708,5664789726421269
2026-08-19,6471.17,305840333,23117060665788,5333959216446417
2026-08-20,6852.58,304467764,28214478037670,5652605255481324
2026-08-21,6912.95,408037433,28897809870542,5712979436874263
2026-08-24,6696.96,267732618,26164058168184,5525391580810433
2026-08-25,6742.74,286782286,24091207612468,5567394845851447
2026-08-26,6808.21,329362420,22919344765240,5621162409529720
2026-08-27,6912.37,268465389,22943592297062,5702233068482828
2026-08-28,6788.88,292615407,21637450391320,5596620931771596
2026-08-31,6820.02,364253832,27541999764633,5620144799211133
2026-09-01,6835.8,273599922,19203446014878,5635936063700787
2026-09-02,6562.72,324053374,18776771340679,5413162293146859
2026-09-03,6579.48,433473243,22165009579126,5425641785195420
2026-09-04,6687.21,238151610,17723649844597,5517718853072350
2026-09-07,6995.39,240446154,21762300687997,5770433858098631
2026-09-08,6954.52,335240790,26187832892542,5736010850457280
2026-09-09,7051.64,322211399,22625772907400,5812891818111901
2026-09-10,7033.92,422598003,28927893414375,5802946661777357
2026-09-11,6909.91,268875914,19674135931129,5695912887005209
2026-09-14,6684.37,297171336,21584367878807,5507134378726599
2026-09-15,6627.26,287884178,17125579148073,5464318427274415
2026-09-16,6717.97,209130352,16685829125131,5542580745359632
2026-09-17,6715.41,221006170,17144039218537,5539548084568661
2026-09-18,6894.23,346806906,28104963033556,5684350905680993
2026-09-21,7007.72,246095182,20811214676966,5784648487817472
2026-09-22,7017.91,264278341,23594110841842,5795141020080960
2026-09-23,7080.92,236995752,22622748935927,5852361438621668
2026-09-28,6889.74,230005245,23048679580250,5689659864797724
2026-09-29,6870.81,221683265,18963537089000,5671814932287823
2026-09-30,6838.04,285981576,20477180219275,5638323010042142
2026-10-01,6971.35,292287841,18165652579726,5752050213391245
2026-10-02,7003.74,239008822,15981135784703,5774711401941939
2026-10-06,6941.39,269831232,20077938679463,5723358327110432
2026-10-07,6803.9,269959050,20576543466151,5612934025523264
2026-10-08,6625.93,302538875,24376304941323,5467252001226152
