date,per,fwd_per,pbr,div_yield
2008-01-02,16.42,,1.71,1.42
2008-01-03,16.44,,1.71,1.42
2008-01-04,16.55,,1.72,1.41
2008-01-07,16.26,,1.69,1.44
2008-01-08,16.2,,1.69,1.44
2008-01-09,16.36,,1.7,1.43
2008-01-10,16.19,,1.69,1.44
2008-01-11,15.82,,1.65,1.48
2008-01-14,15.67,,1.63,1.49
2008-01-15,15.51,,1.61,1.51
2008-01-16,15.15,,1.58,1.55
2008-01-17,15.33,,1.6,1.53
2008-01-18,15.43,,1.61,1.52
2008-01-21,14.99,,1.56,1.56
2008-01-22,14.35,,1.49,1.64
2008-01-23,14.51,,1.51,1.62
2008-01-24,14.81,,1.54,1.58
2008-01-25,15.07,,1.57,1.56
2008-01-28,14.5,,1.51,1.62
2008-01-29,14.6,,1.52,1.61
2008-01-30,14.18,,1.48,1.66
2008-01-31,14.48,,1.51,1.62
2008-02-01,14.57,,1.52,1.61
2008-02-04,15.05,,1.57,1.56
2008-02-05,15.12,,1.57,1.55
2008-02-11,14.63,,1.52,1.61
2008-02-12,14.66,,1.53,1.6
2008-02-13,14.55,,1.51,1.61
2008-02-14,15.13,,1.57,1.55
2008-02-15,15.1,,1.57,1.55
2008-02-18,15.12,,1.57,1.55
2008-02-19,15.32,,1.59,1.53
2008-02-20,15.03,,1.56,1.56
2008-02-21,15.18,,1.58,1.55
2008-02-22,15.02,,1.56,1.56
2008-02-25,15.23,,1.58,1.54
2008-02-26,15.22,,1.58,1.54
2008-02-27,15.32,,1.59,1.53
2008-02-28,15.44,,1.61,1.52
2008-02-29,15.23,,1.58,1.54
2008-03-03,14.87,,1.55,1.57
2008-03-04,14.92,,1.55,1.57
2008-03-05,14.93,,1.55,1.57
2008-03-06,15.12,,1.57,1.55
2008-03-07,15.07,,1.54,1.58
2008-03-10,14.48,,1.51,1.62
2008-03-11,14.62,,1.52,1.6
2008-03-12,14.78,,1.54,1.59
2008-03-13,14.42,,1.5,1.63
2008-03-14,14.28,,1.49,1.65
2008-03-17,14.05,,1.46,1.67
2008-03-18,14.17,,1.48,1.66
2008-03-19,14.54,,1.51,1.62
2008-03-20,14.55,,1.51,1.62
2008-03-21,14.76,,1.53,1.6
2008-03-24,14.84,,1.54,1.59
2008-03-25,15.03,,1.56,1.57
2008-03-26,15.07,,1.56,1.57
2008-03-27,15.04,,1.56,1.57
2008-03-28,15.28,,1.58,1.55
2008-03-31,15.39,,1.59,1.54
2008-04-01,15.39,,1.59,1.54
2008-04-02,15.76,,1.62,1.5
2008-04-03,15.95,,1.64,1.48
2008-04-04,15.97,,1.65,1.48
2008-04-07,16.03,,1.65,1.48
2008-04-08,15.86,,1.63,1.49
2008-04-10,15.95,,1.64,1.48
2008-04-11,16.09,,1.66,1.47
2008-04-14,15.78,,1.63,1.5
2008-04-15,15.74,,1.62,1.5
2008-04-16,15.88,,1.64,1.49
2008-04-17,15.96,,1.65,1.48
2008-04-18,15.99,,1.65,1.48
2008-04-21,16.25,,1.68,1.46
2008-04-22,16.09,,1.66,1.47
2008-04-23,16.21,,1.67,1.46
2008-04-24,16.2,,1.67,1.46
2008-04-25,16.43,,1.7,1.44
2008-04-28,16.42,,1.7,1.44
2008-04-29,16.33,,1.68,1.45
2008-04-30,14.47,,1.52,1.67
2008-05-02,14.65,,1.54,1.65
2008-05-06,14.74,,1.55,1.64
2008-05-07,14.71,,1.55,1.64
2008-05-08,14.69,,1.54,1.65
2008-05-09,14.5,,1.52,1.67
2008-05-13,14.66,,1.54,1.65
2008-05-14,14.67,,1.54,1.65
2008-05-15,15.01,,1.57,1.61
2008-05-16,15.03,,1.58,1.61
2008-05-19,14.99,,1.57,1.61
2008-05-20,14.92,,1.56,1.62
2008-05-21,14.67,,1.54,1.65
2008-05-22,14.58,,1.53,1.66
2008-05-23,14.52,,1.52,1.66
2008-05-26,14.29,,1.5,1.69
2008-05-27,14.48,,1.52,1.67
2008-05-28,14.32,,1.5,1.68
2008-05-29,14.6,,1.53,1.65
2008-05-30,14.69,,1.54,1.64
2008-06-02,14.66,,1.54,1.65
2008-06-03,14.44,,1.51,1.67
2008-06-04,14.56,,1.53,1.66
2008-06-05,14.55,,1.53,1.66
2008-06-09,14.38,,1.51,1.68
2008-06-10,14.63,,1.48,1.71
2008-06-11,14.19,,1.49,1.7
2008-06-12,13.84,,1.45,1.74
2008-06-13,13.91,,1.46,1.74
2008-06-16,14.02,,1.47,1.72
2008-06-17,13.94,,1.46,1.73
2008-06-18,14.13,,1.48,1.71
2008-06-19,13.85,,1.45,1.74
2008-06-20,13.78,,1.44,1.75
2008-06-23,13.65,,1.43,1.77
2008-06-24,13.62,,1.43,1.77
2008-06-25,13.68,,1.43,1.77
2008-06-26,13.68,,1.43,1.77
2008-06-27,13.39,,1.4,1.8
2008-06-30,13.31,,1.4,1.81
2008-07-01,13.21,,1.39,1.82
2008-07-02,12.87,,1.35,1.87
2008-07-03,12.74,,1.34,1.89
2008-07-04,12.51,,1.32,1.92
2008-07-07,12.52,,1.32,1.92
2008-07-08,12.16,,1.28,1.98
2008-07-09,12.05,,1.27,2.0
2008-07-10,12.19,,1.28,1.97
2008-07-11,12.43,,1.31,1.94
2008-07-14,12.36,,1.3,1.95
2008-07-15,11.97,,1.26,2.01
2008-07-16,11.95,,1.26,2.01
2008-07-17,12.09,,1.27,1.99
2008-07-18,11.97,,1.26,2.01
2008-07-21,12.4,,1.3,1.94
2008-07-22,12.38,,1.3,1.94
2008-07-23,12.63,,1.33,1.91
2008-07-24,12.91,,1.36,1.87
2008-07-25,12.68,,1.33,1.9
2008-07-28,12.68,,1.33,1.9
2008-07-29,12.43,,1.31,1.94
2008-07-30,12.5,,1.31,1.92
2008-07-31,12.67,,1.33,1.9
2008-08-01,12.21,,1.3,1.98
2008-08-04,11.98,,1.28,2.02
2008-08-05,11.93,,1.27,2.03
2008-08-06,12.26,,1.31,1.97
2008-08-07,12.15,,1.29,1.99
2008-08-08,12.18,,1.3,1.99
2008-08-11,12.28,,1.31,1.97
2008-08-12,12.25,,1.31,1.98
2008-08-13,12.14,,1.29,2.0
2008-08-14,12.21,,1.3,1.98
2008-08-18,12.18,,1.3,1.99
2008-08-19,11.97,,1.28,2.02
2008-08-20,11.96,,1.28,2.02
2008-08-21,11.75,,1.25,2.06
2008-08-22,11.62,,1.24,2.08
2008-08-25,11.67,,1.24,2.08
2008-08-26,11.58,,1.23,2.09
2008-08-27,11.61,,1.24,2.09
2008-08-28,11.45,,1.22,2.12
2008-08-29,11.46,,1.22,2.12
2008-09-01,11.0,,1.17,2.21
2008-09-02,10.95,,1.17,2.22
2008-09-03,11.1,,1.18,2.19
2008-09-04,11.09,,1.18,2.19
2008-09-05,10.92,,1.16,2.22
2008-09-08,11.48,,1.22,2.11
2008-09-09,11.31,,1.2,2.15
2008-09-10,11.39,,1.21,2.13
2008-09-11,11.22,,1.2,2.16
2008-09-12,11.48,,1.22,2.11
2008-09-16,10.78,,1.15,2.25
2008-09-17,11.07,,1.18,2.19
2008-09-18,10.82,,1.15,2.24
2008-09-19,11.31,,1.2,2.14
2008-09-22,11.34,,1.21,2.14
2008-09-23,11.5,,1.23,2.11
2008-09-24,11.62,,1.24,2.09
2008-09-25,11.66,,1.24,2.08
2008-09-26,11.46,,1.22,2.11
2008-09-29,11.31,,1.2,2.14
2008-09-30,11.25,,1.2,2.15
2008-10-01,11.18,,1.19,2.17
2008-10-02,11.03,,1.18,2.2
2008-10-06,10.55,,1.13,2.3
2008-10-07,10.62,,1.13,2.28
2008-10-08,10.01,,1.07,2.42
2008-10-09,10.08,,1.08,2.41
2008-10-10,9.81,,1.03,2.38
2008-10-13,10.17,,1.07,2.29
2008-10-14,10.8,,1.13,2.16
2008-10-15,10.58,,1.11,2.21
2008-10-16,9.58,,1.01,2.44
2008-10-17,9.35,,0.98,2.5
2008-10-20,9.57,,1.0,2.45
2008-10-21,9.47,,0.99,2.47
2008-10-22,8.98,,0.94,2.61
2008-10-23,8.3,,0.87,2.82
2008-10-24,7.4,,0.78,3.15
2008-10-27,7.46,,0.78,3.13
2008-10-28,7.9,,0.83,2.96
2008-10-29,7.68,,0.81,3.05
2008-10-30,8.6,,0.9,2.73
2008-10-31,8.84,,0.93,2.66
2008-11-03,8.99,,0.94,2.62
2008-11-04,9.17,,0.96,2.56
2008-11-05,9.4,,0.98,2.5
2008-11-06,8.7,,0.91,2.71
2008-11-07,9.04,,0.95,2.61
2008-11-10,9.18,,0.96,2.57
2008-11-11,8.99,,0.94,2.62
2008-11-12,8.95,,0.94,2.63
2008-11-13,8.68,,0.91,2.72
2008-11-14,8.66,,0.91,2.72
2008-11-17,8.58,,0.9,2.74
2008-11-18,8.25,,0.86,2.85
2008-11-19,8.1,,0.85,2.91
2008-11-20,7.57,,0.79,3.12
2008-11-21,8.01,,0.84,2.95
2008-11-24,7.75,,0.81,3.05
2008-11-25,7.84,,0.82,3.01
2008-11-26,8.2,,0.86,2.87
2008-11-27,8.46,,0.88,2.78
2008-11-28,8.57,,0.9,2.71
2008-12-01,8.5,,0.89,2.74
2008-12-02,8.21,,0.86,2.83
2008-12-03,8.19,,0.86,2.83
2008-12-04,8.06,,0.85,2.88
2008-12-05,8.23,,0.86,2.82
2008-12-08,8.84,,0.93,2.62
2008-12-09,8.85,,0.93,2.62
2008-12-10,9.16,,0.96,2.53
2008-12-11,9.22,,0.97,2.51
2008-12-12,8.84,,0.93,2.63
2008-12-15,9.27,,0.97,2.5
2008-12-16,9.3,,0.98,2.49
2008-12-17,9.35,,0.98,2.48
2008-12-18,9.4,,0.99,2.46
2008-12-19,9.44,,0.99,2.45
2008-12-22,9.43,,0.99,2.46
2008-12-23,9.15,,0.96,2.53
2008-12-24,9.04,,0.95,2.57
2008-12-26,8.94,,0.94,2.59
2008-12-29,8.93,,0.94,2.6
2008-12-30,8.99,,0.94,2.58
2009-01-02,9.25,,0.97,2.51
2009-01-05,9.35,,0.98,2.47
2009-01-06,9.52,,1.0,2.43
2009-01-07,9.81,,1.03,2.36
2009-01-08,9.64,,1.01,2.41
2009-01-09,9.42,,0.99,2.46
2009-01-12,9.23,,0.97,2.51
2009-01-13,9.31,,0.98,2.49
2009-01-14,9.42,,0.99,2.46
2009-01-15,8.86,,0.93,2.61
2009-01-16,9.05,,0.95,2.56
2009-01-19,9.18,,0.96,2.53
2009-01-20,9.0,,0.95,2.58
2009-01-21,8.82,,0.93,2.63
2009-01-22,8.91,,0.94,2.6
2009-01-23,8.73,,0.92,2.66
2009-01-28,9.24,,0.97,2.51
2009-01-29,9.3,,0.98,2.49
2009-01-30,9.26,,0.97,2.5
2009-02-02,9.15,,0.96,2.53
2009-02-03,9.28,,0.97,2.5
2009-02-04,9.54,,1.0,2.43
2009-02-05,9.4,,0.99,2.46
2009-02-06,9.66,,1.01,2.4
2009-02-09,9.6,,1.01,2.41
2009-02-10,9.56,,1.0,2.42
2009-02-11,9.5,,1.0,2.44
2009-02-12,9.43,,0.99,2.46
2009-02-13,9.53,,1.0,2.44
2009-02-16,9.39,,0.99,2.47
2009-02-17,8.99,,0.95,2.58
2009-02-18,8.89,,0.93,2.61
2009-02-19,8.84,,0.93,2.63
2009-02-20,8.51,,0.9,2.73
2009-02-23,8.78,,0.92,2.64
2009-02-24,8.49,,0.89,2.73
2009-02-25,8.51,,0.9,2.72
2009-02-26,8.41,,0.88,2.75
2009-02-27,8.47,,0.89,2.73
2009-03-02,8.12,,0.85,2.85
2009-03-03,8.17,,0.86,2.83
2009-03-04,8.44,,0.89,2.74
2009-03-05,8.44,,0.89,2.75
2009-03-06,8.42,,0.89,2.75
2009-03-09,8.55,,0.9,2.71
2009-03-10,8.7,,0.92,2.66
2009-03-11,8.98,,0.94,2.58
2009-03-12,8.98,,0.94,2.57
2009-03-13,8.97,,0.94,2.58
2009-03-16,8.96,,0.94,2.58
2009-03-17,9.25,,0.97,2.5
2009-03-18,9.31,,0.98,2.48
2009-03-19,9.25,,0.97,2.5
2009-03-20,8.75,,0.98,2.6
2009-03-23,8.96,,1.0,2.54
2009-03-24,9.12,,1.02,2.5
2009-03-25,9.17,,1.03,2.48
2009-03-26,9.28,,1.04,2.46
2009-03-27,9.23,,1.03,2.47
2009-03-30,8.94,,1.0,2.54
2009-03-31,9.01,,1.01,2.52
2009-04-01,9.2,,1.03,2.47
2009-04-02,9.53,,1.07,2.39
2009-04-03,9.57,,1.07,2.37
2009-04-06,9.68,,1.09,2.35
2009-04-07,9.69,,1.09,2.35
2009-04-08,9.4,,1.06,2.43
2009-04-09,9.8,,1.1,2.33
2009-04-10,9.96,,1.12,2.29
2009-04-13,9.96,,1.12,2.29
2009-04-14,9.99,,1.12,2.29
2009-04-15,9.93,,1.12,2.3
2009-04-16,9.96,,1.12,2.29
2009-04-17,9.91,,1.11,2.3
2009-04-20,10.0,,1.12,2.28
2009-04-21,10.0,,1.12,2.28
2009-04-22,10.14,,1.14,2.25
2009-04-23,10.24,,1.15,2.23
2009-04-24,10.11,,1.14,2.26
2009-04-27,10.0,,1.13,2.28
2009-04-28,9.71,,1.09,2.35
2009-04-29,10.69,,1.12,2.29
2009-04-30,10.93,,1.15,2.23
2009-05-04,11.13,,1.17,1.64
2009-05-06,17.99,,1.1,1.62
2009-05-07,18.08,,1.11,1.61
2009-05-08,18.23,,1.12,1.6
2009-05-11,18.27,,1.12,1.71
2009-05-12,18.14,,1.11,1.46
2009-05-13,18.36,,1.12,1.45
2009-05-14,17.93,,1.09,1.49
2009-05-15,18.07,,1.1,1.48
2009-05-18,17.96,,1.1,1.49
2009-05-19,18.49,,1.13,1.44
2009-05-20,18.63,,1.14,1.44
2009-05-21,18.44,,1.13,1.45
2009-05-22,18.19,,1.11,1.47
2009-05-25,18.15,,1.11,1.47
2009-05-26,17.8,,1.09,1.5
2009-05-27,17.71,,1.08,1.51
2009-05-28,18.1,,1.1,1.48
2009-05-29,18.54,,1.11,1.47
2009-06-01,18.78,,1.12,1.45
2009-06-02,18.67,,1.12,1.46
2009-06-03,18.71,,1.12,1.45
2009-06-04,18.23,,1.09,1.49
2009-06-05,18.45,,1.11,1.47
2009-06-08,18.45,,1.11,1.47
2009-06-09,18.17,,1.09,1.5
2009-06-10,18.73,,1.12,1.45
2009-06-11,18.78,,1.13,1.45
2009-06-12,18.91,,1.13,1.44
2009-06-15,18.71,,1.12,1.45
2009-06-16,18.53,,1.11,1.47
2009-06-17,18.44,,1.1,1.48
2009-06-18,18.25,,1.09,1.49
2009-06-19,18.34,,1.1,1.48
2009-06-22,18.54,,1.11,1.47
2009-06-23,18.01,,1.08,1.52
2009-06-24,18.05,,1.08,1.52
2009-06-25,18.43,,1.11,1.48
2009-06-26,18.45,,1.11,1.48
2009-06-29,18.37,,1.1,1.49
2009-06-30,18.39,,1.1,1.49
2009-07-01,18.66,,1.12,1.46
2009-07-02,18.66,,1.12,1.46
2009-07-03,18.78,,1.13,1.46
2009-07-06,18.92,,1.13,1.45
2009-07-07,19.0,,1.14,1.44
2009-07-08,18.96,,1.14,1.44
2009-07-09,18.94,,1.13,1.44
2009-07-10,18.9,,1.13,1.45
2009-07-13,18.24,,1.09,1.5
2009-07-14,18.34,,1.1,1.49
2009-07-15,18.79,,1.13,1.46
2009-07-16,18.86,,1.13,1.44
2009-07-17,18.96,,1.14,1.44
2009-07-20,19.45,,1.17,1.4
2009-07-21,19.59,,1.18,1.39
2009-07-22,19.66,,1.18,1.39
2009-07-23,19.7,,1.19,1.38
2009-07-24,19.79,,1.19,1.38
2009-07-27,20.06,,1.21,1.36
2009-07-28,20.07,,1.21,1.36
2009-07-29,20.04,,1.21,1.36
2009-07-30,20.17,,1.21,1.35
2009-07-31,20.55,,1.23,1.33
2009-08-03,21.67,,1.24,1.27
2009-08-04,21.69,,1.24,1.27
2009-08-05,21.6,,1.23,1.28
2009-08-06,21.72,,1.24,1.27
2009-08-07,21.86,,1.25,1.26
2009-08-10,21.86,,1.25,1.26
2009-08-11,21.94,,1.25,1.26
2009-08-12,21.76,,1.24,1.27
2009-08-13,21.76,,1.24,1.27
2009-08-14,22.13,,1.26,1.25
2009-08-17,21.48,,1.22,1.29
2009-08-18,21.53,,1.23,1.28
2009-08-19,21.48,,1.22,1.29
2009-08-20,21.89,,1.25,1.26
2009-08-21,21.95,,1.25,1.26
2009-08-24,22.31,,1.27,1.24
2009-08-25,22.19,,1.27,1.24
2009-08-26,22.36,,1.28,1.23
2009-08-27,22.16,,1.27,1.25
2009-08-28,22.29,,1.27,1.24
2009-08-31,22.08,,1.26,1.25
2009-09-01,22.51,,1.29,1.23
2009-09-02,22.38,,1.28,1.23
2009-09-03,22.36,,1.28,1.23
2009-09-04,22.28,,1.27,1.24
2009-09-07,22.29,,1.27,1.24
2009-09-08,22.45,,1.28,1.23
2009-09-09,22.28,,1.27,1.24
2009-09-10,22.78,,1.3,1.21
2009-09-11,22.86,,1.3,1.21
2009-09-14,22.63,,1.29,1.22
2009-09-15,22.88,,1.31,1.21
2009-09-16,23.29,,1.33,1.18
2009-09-17,23.46,,1.34,1.18
2009-09-18,23.53,,1.34,1.17
2009-09-21,23.47,,1.34,1.18
2009-09-22,23.81,,1.36,1.16
2009-09-23,23.72,,1.35,1.16
2009-09-24,23.48,,1.34,1.18
2009-09-25,23.41,,1.34,1.18
2009-09-28,23.19,,1.32,1.19
2009-09-29,23.38,,1.34,1.18
2009-09-30,23.13,,1.32,1.19
2009-10-01,22.72,,1.3,1.21
2009-10-05,22.2,,1.27,1.24
2009-10-06,22.09,,1.26,1.25
2009-10-07,22.06,,1.26,1.25
2009-10-08,22.3,,1.27,1.23
2009-10-09,22.76,,1.3,1.21
2009-10-12,22.67,,1.3,1.21
2009-10-13,22.52,,1.29,1.22
2009-10-14,22.8,,1.3,1.21
2009-10-15,22.94,,1.31,1.2
2009-10-16,22.67,,1.3,1.21
2009-10-19,22.79,,1.3,1.21
2009-10-20,22.87,,1.31,1.2
2009-10-21,22.8,,1.31,1.2
2009-10-22,22.48,,1.29,1.22
2009-10-23,22.61,,1.3,1.21
2009-10-26,22.85,,1.31,1.2
2009-10-27,22.74,,1.3,1.21
2009-10-28,22.19,,1.27,1.24
2009-10-29,21.87,,1.25,1.25
2009-10-30,21.8,,1.25,1.26
2009-11-02,21.5,,1.23,1.28
2009-11-03,21.42,,1.23,1.28
2009-11-04,21.84,,1.25,1.26
2009-11-05,21.45,,1.23,1.28
2009-11-06,21.73,,1.24,1.26
2009-11-09,21.79,,1.25,1.26
2009-11-10,21.86,,1.25,1.26
2009-11-11,22.04,,1.26,1.24
2009-11-12,21.7,,1.24,1.26
2009-11-13,21.67,,1.24,1.26
2009-11-16,21.96,,1.26,1.25
2009-11-17,21.89,,1.25,1.25
2009-11-18,22.14,,1.27,1.24
2009-11-19,22.36,,1.28,1.23
2009-11-20,22.36,,1.28,1.23
2009-11-23,22.32,,1.28,1.23
2009-11-24,22.15,,1.27,1.24
2009-11-25,22.24,,1.28,1.23
2009-11-26,22.07,,1.27,1.24
2009-11-27,21.07,,1.21,1.3
2009-11-30,21.47,,1.23,1.28
2009-12-01,21.67,,1.24,1.27
2009-12-02,21.97,,1.26,1.25
2009-12-03,22.3,,1.28,1.23
2009-12-04,22.44,,1.29,1.22
2009-12-07,22.55,,1.29,1.22
2009-12-08,22.48,,1.29,1.22
2009-12-09,22.59,,1.29,1.21
2009-12-10,22.83,,1.31,1.2
2009-12-11,22.9,,1.31,1.2
2009-12-14,23.02,,1.32,1.19
2009-12-15,23.42,,1.32,1.19
2009-12-16,23.02,,1.32,1.19
2009-12-17,22.8,,1.31,1.2
2009-12-18,22.8,,1.31,1.2
2009-12-21,22.77,,1.31,1.2
2009-12-22,23.04,,1.31,1.2
2009-12-23,23.13,,1.32,1.19
2009-12-24,23.44,,1.34,1.18
2009-12-28,23.5,,1.34,1.17
2009-12-29,23.32,,1.33,1.18
2009-12-30,23.68,,1.34,1.17
2010-01-04,23.87,,1.35,1.16
2010-01-05,23.8,,1.35,1.17
2010-01-06,24.01,,1.36,1.16
2010-01-07,23.71,,1.34,1.17
2010-01-08,23.88,,1.35,1.16
2010-01-11,23.85,,1.35,1.17
2010-01-12,23.92,,1.35,1.16
2010-01-13,23.54,,1.33,1.18
2010-01-14,23.69,,1.34,1.17
2010-01-15,23.83,,1.36,1.16
2010-01-18,24.01,,1.37,1.15
2010-01-19,23.99,,1.37,1.15
2010-01-20,24.05,,1.37,1.15
2010-01-21,24.16,,1.38,1.15
2010-01-22,23.65,,1.35,1.17
2010-01-25,23.46,,1.34,1.18
2010-01-26,22.99,,1.31,1.21
2010-01-27,22.84,,1.3,1.21
2010-01-28,23.06,,1.31,1.2
2010-01-29,22.52,,1.28,1.23
2010-02-01,22.77,,1.28,1.23
2010-02-02,22.66,,1.27,1.24
2010-02-03,22.94,,1.29,1.22
2010-02-04,22.98,,1.29,1.22
2010-02-05,22.3,,1.25,1.26
2010-02-08,22.1,,1.24,1.27
2010-02-09,22.34,,1.26,1.25
2010-02-10,22.32,,1.26,1.25
2010-02-11,22.74,,1.28,1.23
2010-02-12,22.68,,1.27,1.24
2010-02-16,22.8,,1.28,1.23
2010-02-17,23.16,,1.3,1.21
2010-02-18,23.08,,1.3,1.21
2010-02-19,22.7,,1.27,1.23
2010-02-22,23.17,,1.3,1.21
2010-02-23,23.2,,1.3,1.21
2010-02-24,22.97,,1.29,1.22
2010-02-25,22.62,,1.27,1.24
2010-02-26,22.72,,1.28,1.23
2010-03-02,23.02,,1.29,1.22
2010-03-03,23.12,,1.3,1.21
2010-03-04,23.05,,1.29,1.22
2010-03-05,23.29,,1.31,1.2
2010-03-08,23.64,,1.33,1.19
2010-03-09,23.65,,1.33,1.19
2010-03-10,23.67,,1.33,1.18
2010-03-11,23.57,,1.33,1.19
2010-03-12,23.65,,1.33,1.18
2010-03-15,23.5,,1.32,1.19
2010-03-16,23.48,,1.32,1.19
2010-03-17,23.96,,1.35,1.16
2010-03-18,24.0,,1.34,1.16
2010-03-19,24.16,,1.35,1.16
2010-03-22,23.98,,1.34,1.17
2010-03-23,24.11,,1.35,1.16
2010-03-24,24.1,,1.35,1.16
2010-03-25,24.2,,1.35,1.15
2010-03-26,24.34,,1.36,1.15
2010-03-29,24.25,,1.36,1.15
2010-03-30,24.36,,1.36,1.15
2010-03-31,24.35,,1.36,1.15
2010-04-01,24.13,,1.38,1.14
2010-04-02,24.19,,1.38,1.13
2010-04-05,24.22,,1.38,1.13
2010-04-06,24.24,,1.38,1.13
2010-04-07,24.26,,1.39,1.13
2010-04-08,24.42,,1.39,1.12
2010-04-09,24.28,,1.38,1.13
2010-04-12,24.05,,1.37,1.14
2010-04-13,24.06,,1.37,1.14
2010-04-14,24.4,,1.39,1.13
2010-04-15,24.54,,1.4,1.12
2010-04-16,24.41,,1.39,1.13
2010-04-19,24.0,,1.37,1.15
2010-04-20,24.18,,1.38,1.14
2010-04-21,24.61,,1.4,1.12
2010-04-22,24.51,,1.39,1.12
2010-04-23,24.47,,1.39,1.12
2010-04-26,24.68,,1.4,1.11
2010-04-27,24.64,,1.4,1.12
2010-04-28,24.44,,1.39,1.13
2010-04-29,15.28,,1.26,1.31
2010-04-30,15.4,,1.27,1.3
2010-05-03,15.23,,1.26,1.32
2010-05-04,15.21,,1.26,1.32
2010-05-06,14.89,,1.23,1.34
2010-05-07,14.56,,1.2,1.37
2010-05-10,14.8,,1.23,1.35
2010-05-11,14.73,,1.22,1.36
2010-05-12,14.67,,1.22,1.33
2010-05-13,15.32,,1.26,1.31
2010-05-14,15.33,,1.26,1.31
2010-05-17,14.93,,1.23,1.34
2010-05-18,14.86,,1.22,1.35
2010-05-19,14.74,,1.21,1.36
2010-05-20,14.47,,1.19,1.38
2010-05-24,14.51,,1.19,1.38
2010-05-25,14.12,,1.16,1.42
2010-05-26,14.31,,1.18,1.4
2010-05-27,14.54,,1.2,1.37
2010-05-28,14.68,,1.21,1.36
2010-05-31,14.84,,1.22,1.35
2010-06-01,14.75,,1.21,1.36
2010-06-03,15.05,,1.24,1.33
2010-06-04,15.07,,1.24,1.33
2010-06-07,14.84,,1.22,1.35
2010-06-08,14.96,,1.23,1.34
2010-06-09,14.92,,1.23,1.34
2010-06-10,14.96,,1.23,1.34
2010-06-11,15.18,,1.25,1.32
2010-06-14,15.32,,1.26,1.31
2010-06-15,15.31,,1.26,1.31
2010-06-16,15.45,,1.27,1.3
2010-06-17,15.24,,1.27,1.29
2010-06-18,15.28,,1.27,1.29
2010-06-21,15.53,,1.29,1.27
2010-06-22,15.46,,1.29,1.28
2010-06-23,15.4,,1.28,1.28
2010-06-24,15.57,,1.29,1.27
2010-06-25,15.48,,1.28,1.28
2010-06-28,15.5,,1.29,1.28
2010-06-29,15.25,,1.27,1.29
2010-06-30,15.17,,1.26,1.3
2010-07-01,15.06,,1.25,1.31
2010-07-02,14.93,,1.24,1.32
2010-07-05,14.96,,1.24,1.32
2010-07-06,15.05,,1.25,1.31
2010-07-07,14.97,,1.24,1.32
2010-07-08,15.17,,1.26,1.3
2010-07-09,14.71,,1.26,1.34
2010-07-12,14.81,,1.27,1.33
2010-07-13,14.81,,1.27,1.33
2010-07-14,15.02,,1.29,1.31
2010-07-15,14.96,,1.28,1.31
2010-07-16,14.85,,1.27,1.32
2010-07-19,14.79,,1.27,1.33
2010-07-20,14.82,,1.27,1.33
2010-07-21,14.92,,1.28,1.32
2010-07-22,14.81,,1.27,1.33
2010-07-23,15.0,,1.29,1.31
2010-07-26,15.09,,1.29,1.3
2010-07-27,15.1,,1.29,1.3
2010-07-28,15.14,,1.3,1.3
2010-07-29,15.12,,1.3,1.3
2010-07-30,15.01,,1.29,1.31
2010-08-02,15.23,,1.31,1.29
2010-08-03,15.3,,1.31,1.28
2010-08-04,15.28,,1.31,1.29
2010-08-05,15.23,,1.31,1.29
2010-08-06,15.24,,1.31,1.29
2010-08-09,15.29,,1.31,1.29
2010-08-10,15.21,,1.3,1.29
2010-08-11,15.02,,1.29,1.31
2010-08-12,14.7,,1.26,1.34
2010-08-13,14.91,,1.28,1.32
2010-08-16,14.89,,1.28,1.32
2010-08-17,14.98,,1.28,1.31
2010-08-18,15.03,,1.29,1.31
2010-08-19,15.2,,1.3,1.29
2010-08-20,15.17,,1.3,1.3
2010-08-23,15.1,,1.29,1.3
2010-08-24,15.04,,1.29,1.31
2010-08-25,14.82,,1.27,1.33
2010-08-26,14.78,,1.27,1.33
2010-08-27,14.78,,1.27,1.33
2010-08-30,15.1,,1.29,1.31
2010-08-31,14.94,,1.28,1.32
2010-09-01,15.13,,1.29,1.3
2010-09-02,15.23,,1.3,1.3
2010-09-03,15.27,,1.3,1.29
2010-09-06,15.37,,1.31,1.28
2010-09-07,15.34,,1.31,1.29
2010-09-08,15.3,,1.3,1.29
2010-09-09,15.35,,1.31,1.29
2010-09-10,15.5,,1.32,1.28
2010-09-13,15.64,,1.33,1.26
2010-09-14,15.61,,1.33,1.27
2010-09-15,15.69,,1.33,1.26
2010-09-16,15.58,,1.33,1.27
2010-09-17,15.71,,1.34,1.26
2010-09-20,15.76,,1.34,1.26
2010-09-24,15.88,,1.35,1.25
2010-09-27,16.0,,1.36,1.24
2010-09-28,15.96,,1.36,1.24
2010-09-29,16.06,,1.37,1.23
2010-09-30,16.11,,1.37,1.23
2010-10-01,16.15,,1.37,1.23
2010-10-04,16.17,,1.38,1.22
2010-10-05,16.17,,1.38,1.22
2010-10-06,16.39,,1.39,1.21
2010-10-07,16.36,,1.39,1.21
2010-10-08,16.33,,1.39,1.21
2010-10-11,16.29,,1.39,1.22
2010-10-12,16.09,,1.37,1.23
2010-10-13,16.16,,1.38,1.23
2010-10-14,16.36,,1.39,1.21
2010-10-15,16.38,,1.39,1.21
2010-10-18,16.15,,1.37,1.23
2010-10-19,16.0,,1.36,1.24
2010-10-20,16.12,,1.37,1.23
2010-10-21,16.15,,1.37,1.23
2010-10-22,16.35,,1.39,1.21
2010-10-25,16.51,,1.4,1.2
2010-10-26,16.54,,1.41,1.2
2010-10-27,16.45,,1.4,1.2
2010-10-28,16.44,,1.4,1.21
2010-10-29,16.22,,1.38,1.22
2010-11-01,16.5,,1.4,1.2
2010-11-02,16.54,,1.41,1.2
2010-11-03,16.69,,1.42,1.19
2010-11-04,16.75,,1.42,1.18
2010-11-05,16.72,,1.42,1.19
2010-11-08,16.75,,1.42,1.18
2010-11-09,16.84,,1.43,1.18
2010-11-10,17.01,,1.44,1.17
2010-11-11,16.55,,1.4,1.2
2010-11-12,16.54,,1.4,1.2
2010-11-15,16.55,,1.4,1.2
2010-11-16,16.45,,1.39,1.21
2010-11-17,16.41,,1.39,1.21
2010-11-18,16.67,,1.41,1.19
2010-11-19,16.79,,1.42,1.18
2010-11-22,16.82,,1.42,1.18
2010-11-23,16.68,,1.41,1.19
2010-11-24,16.66,,1.41,1.19
2010-11-25,16.67,,1.41,1.19
2010-11-26,16.46,,1.39,1.21
2010-11-29,16.4,,1.39,1.21
2010-11-30,16.47,,1.39,1.21
2010-12-01,16.69,,1.41,1.19
2010-12-02,16.88,,1.43,1.18
2010-12-03,16.95,,1.43,1.17
2010-12-06,16.91,,1.43,1.18
2010-12-07,16.99,,1.44,1.17
2010-12-08,16.92,,1.43,1.17
2010-12-09,17.21,,1.46,1.16
2010-12-10,17.18,,1.46,1.16
2010-12-13,17.28,,1.46,1.15
2010-12-14,17.38,,1.47,1.14
2010-12-15,17.47,,1.48,1.14
2010-12-16,17.41,,1.47,1.14
2010-12-17,17.55,,1.48,1.13
2010-12-20,17.5,,1.48,1.14
2010-12-21,17.64,,1.49,1.13
2010-12-22,17.65,,1.49,1.13
2010-12-23,17.65,,1.49,1.13
2010-12-24,17.58,,1.49,1.13
2010-12-27,17.55,,1.48,1.14
2010-12-28,17.65,,1.49,1.13
2010-12-29,17.73,,1.5,1.13
2010-12-30,17.8,,1.5,1.12
2011-01-03,17.96,,1.52,1.11
2011-01-04,18.09,,1.53,1.1
2011-01-05,18.26,,1.53,1.1
2011-01-06,18.22,,1.52,1.11
2011-01-07,18.29,,1.53,1.1
2011-01-10,18.25,,1.53,1.1
2011-01-11,18.31,,1.53,1.1
2011-01-12,18.37,,1.54,1.1
2011-01-13,18.33,,1.53,1.1
2011-01-14,18.49,,1.55,1.09
2011-01-17,18.42,,1.54,1.09
2011-01-18,18.41,,1.54,1.09
2011-01-19,18.58,,1.55,1.08
2011-01-20,18.5,,1.55,1.09
2011-01-21,18.18,,1.52,1.11
2011-01-24,18.29,,1.53,1.1
2011-01-25,18.33,,1.53,1.1
2011-01-26,18.28,,1.55,1.09
2011-01-27,18.31,,1.55,1.08
2011-01-28,18.25,,1.55,1.09
2011-01-31,17.92,,1.52,1.11
2011-02-01,17.94,,1.52,1.11
2011-02-07,17.99,,1.53,1.11
2011-02-08,17.88,,1.52,1.11
2011-02-09,17.67,,1.5,1.13
2011-02-10,17.35,,1.48,1.15
2011-02-11,17.07,,1.45,1.17
2011-02-14,17.44,,1.48,1.14
2011-02-15,17.36,,1.48,1.15
2011-02-16,17.18,,1.46,1.16
2011-02-17,17.08,,1.45,1.17
2011-02-18,17.39,,1.48,1.15
2011-02-21,17.32,,1.47,1.15
2011-02-22,17.03,,1.45,1.17
2011-02-23,16.95,,1.44,1.17
2011-02-24,16.85,,1.43,1.18
2011-02-25,16.97,,1.44,1.17
2011-02-28,16.76,,1.43,1.18
2011-03-02,16.67,,1.42,1.19
2011-03-03,17.04,,1.45,1.16
2011-03-04,17.33,,1.47,1.14
2011-03-07,17.13,,1.46,1.16
2011-03-08,17.26,,1.47,1.15
2011-03-09,17.31,,1.47,1.15
2011-03-10,17.14,,1.46,1.16
2011-03-11,16.91,,1.44,1.18
2011-03-14,17.04,,1.45,1.17
2011-03-15,16.63,,1.41,1.19
2011-03-16,16.93,,1.44,1.17
2011-03-17,16.96,,1.44,1.17
2011-03-18,17.15,,1.46,1.16
2011-03-21,17.34,,1.47,1.14
2011-03-22,17.43,,1.48,1.14
2011-03-23,17.41,,1.48,1.14
2011-03-24,17.63,,1.5,1.13
2011-03-25,17.82,,1.51,1.12
2011-03-28,17.86,,1.51,1.12
2011-03-29,18.0,,1.52,1.11
2011-03-30,18.2,,1.54,1.1
2011-03-31,18.39,,1.55,1.09
2011-04-01,18.52,,1.56,1.08
2011-04-04,18.47,,1.56,1.09
2011-04-05,18.6,,1.57,1.08
2011-04-06,18.57,,1.56,1.08
2011-04-07,18.54,,1.56,1.08
2011-04-08,18.59,,1.57,1.08
2011-04-11,18.54,,1.56,1.08
2011-04-12,18.27,,1.54,1.09
2011-04-13,18.56,,1.56,1.08
2011-04-14,18.73,,1.58,1.07
2011-04-15,18.72,,1.58,1.07
2011-04-18,18.71,,1.58,1.07
2011-04-19,18.57,,1.56,1.08
2011-04-20,18.99,,1.6,1.05
2011-04-21,19.24,,1.62,1.04
2011-04-22,19.24,,1.62,1.04
2011-04-25,19.39,,1.63,1.03
2011-04-26,19.31,,1.63,1.04
2011-04-27,13.33,,1.45,1.24
2011-04-28,13.33,,1.45,1.24
2011-04-29,13.23,,1.44,1.25
2011-05-02,13.45,,1.46,1.23
2011-05-03,13.28,,1.44,1.25
2011-05-04,13.16,,1.43,1.26
2011-05-06,12.96,,1.41,1.28
2011-05-09,12.91,,1.4,1.28
2011-05-11,13.08,,1.42,1.27
2011-05-12,12.84,,1.39,1.29
2011-05-13,12.83,,1.39,1.29
2011-05-16,12.73,,1.38,1.3
2011-05-17,12.72,,1.38,1.3
2011-05-18,12.92,,1.4,1.28
2011-05-19,12.68,,1.38,1.31
2011-05-20,12.78,,1.39,1.3
2011-05-23,12.45,,1.35,1.33
2011-05-24,12.49,,1.35,1.33
2011-05-25,12.33,,1.34,1.35
2011-05-26,12.67,,1.37,1.31
2011-05-27,12.72,,1.38,1.31
2011-05-30,12.68,,1.37,1.31
2011-05-31,12.98,,1.41,1.28
2011-06-01,12.97,,1.41,1.28
2011-06-02,12.81,,1.39,1.3
2011-06-03,12.8,,1.39,1.3
2011-06-07,12.73,,1.38,1.3
2011-06-08,12.63,,1.37,1.31
2011-06-09,12.56,,1.36,1.32
2011-06-10,12.41,,1.35,1.34
2011-06-13,12.46,,1.35,1.34
2011-06-14,12.64,,1.37,1.32
2011-06-15,12.69,,1.37,1.31
2011-06-16,12.45,,1.35,1.34
2011-06-17,12.36,,1.34,1.35
2011-06-20,12.29,,1.33,1.36
2011-06-21,12.46,,1.35,1.34
2011-06-22,12.56,,1.36,1.33
2011-06-23,12.51,,1.35,1.33
2011-06-24,12.72,,1.38,1.31
2011-06-27,12.59,,1.36,1.32
2011-06-28,12.55,,1.36,1.33
2011-06-29,12.74,,1.38,1.31
2011-06-30,12.76,,1.38,1.3
2011-07-01,12.93,,1.4,1.29
2011-07-04,13.04,,1.41,1.27
2011-07-05,13.15,,1.42,1.26
2011-07-06,13.2,,1.43,1.26
2011-07-07,13.26,,1.44,1.25
2011-07-08,13.26,,1.43,1.25
2011-07-11,13.11,,1.42,1.27
2011-07-12,12.82,,1.39,1.3
2011-07-13,12.95,,1.4,1.28
2011-07-14,12.95,,1.4,1.28
2011-07-15,13.04,,1.41,1.27
2011-07-18,12.95,,1.4,1.28
2011-07-19,12.95,,1.4,1.28
2011-07-20,13.1,,1.42,1.27
2011-07-21,13.03,,1.41,1.28
2011-07-22,13.2,,1.43,1.26
2011-07-25,12.95,,1.4,1.3
2011-07-26,13.06,,1.41,1.29
2011-07-27,13.1,,1.42,1.29
2011-07-28,12.98,,1.41,1.3
2011-07-29,12.84,,1.39,1.31
2011-08-01,12.91,,1.42,1.29
2011-08-02,12.6,,1.38,1.32
2011-08-03,12.28,,1.35,1.36
2011-08-04,11.99,,1.32,1.39
2011-08-05,11.54,,1.27,1.44
2011-08-08,11.1,,1.22,1.5
2011-08-09,10.7,,1.17,1.56
2011-08-10,10.72,,1.18,1.55
2011-08-11,10.79,,1.18,1.54
2011-08-12,10.64,,1.17,1.56
2011-08-16,11.16,,1.23,1.49
2011-08-17,11.24,,1.23,1.48
2011-08-18,11.04,,1.21,1.51
2011-08-19,10.35,,1.14,1.61
2011-08-22,10.14,,1.11,1.64
2011-08-23,10.54,,1.16,1.58
2011-08-24,10.41,,1.14,1.6
2011-08-25,10.47,,1.15,1.59
2011-08-26,10.56,,1.16,1.58
2011-08-29,10.86,,1.19,1.53
2011-08-30,10.95,,1.2,1.52
2011-08-31,11.16,,1.22,1.49
2011-09-01,11.16,,1.22,1.49
2011-09-02,11.08,,1.22,1.5
2011-09-05,10.6,,1.16,1.57
2011-09-06,10.48,,1.15,1.59
2011-09-07,10.88,,1.19,1.53
2011-09-08,10.96,,1.2,1.52
2011-09-09,10.76,,1.18,1.55
2011-09-14,10.38,,1.14,1.6
2011-09-15,10.53,,1.16,1.58
2011-09-16,10.92,,1.2,1.53
2011-09-19,10.8,,1.19,1.54
2011-09-20,10.91,,1.2,1.53
2011-09-21,11.0,,1.21,1.51
2011-09-22,10.68,,1.17,1.56
2011-09-23,10.08,,1.1,1.65
2011-09-26,9.81,,1.08,1.7
2011-09-27,10.31,,1.13,1.62
2011-09-28,10.23,,1.12,1.63
2011-09-29,10.47,,1.15,1.59
2011-09-30,10.48,,1.15,1.59
2011-10-04,10.1,,1.11,1.65
2011-10-05,9.87,,1.08,1.69
2011-10-06,10.14,,1.11,1.64
2011-10-07,10.42,,1.15,1.6
2011-10-10,10.46,,1.15,1.59
2011-10-11,10.63,,1.17,1.57
2011-10-12,10.72,,1.18,1.55
2011-10-13,10.8,,1.19,1.54
2011-10-14,10.88,,1.19,1.53
2011-10-17,11.06,,1.21,1.51
2011-10-18,10.9,,1.2,1.53
2011-10-19,11.0,,1.21,1.51
2011-10-20,10.7,,1.18,1.56
2011-10-21,10.9,,1.2,1.53
2011-10-24,11.29,,1.24,1.48
2011-10-25,11.22,,1.23,1.49
2011-10-26,11.27,,1.23,1.48
2011-10-27,11.44,,1.25,1.46
2011-10-28,11.49,,1.26,1.45
2011-10-31,11.36,,1.24,1.47
2011-11-01,11.37,,1.24,1.47
2011-11-02,11.29,,1.24,1.48
2011-11-03,11.13,,1.22,1.5
2011-11-04,11.48,,1.26,1.46
2011-11-07,11.43,,1.25,1.46
2011-11-08,11.33,,1.24,1.48
2011-11-09,11.36,,1.24,1.47
2011-11-10,10.79,,1.18,1.55
2011-11-11,11.09,,1.21,1.51
2011-11-14,11.33,,1.24,1.48
2011-11-15,11.23,,1.23,1.49
2011-11-16,11.05,,1.21,1.52
2011-11-17,11.18,,1.22,1.5
2011-11-18,10.96,,1.2,1.53
2011-11-21,10.84,,1.19,1.55
2011-11-22,10.89,,1.19,1.54
2011-11-23,10.63,,1.16,1.58
2011-11-24,10.69,,1.17,1.57
2011-11-25,10.58,,1.16,1.59
2011-11-28,10.82,,1.18,1.55
2011-11-29,11.07,,1.21,1.52
2011-11-30,11.01,,1.2,1.52
2011-12-01,11.43,,1.25,1.47
2011-12-02,11.43,,1.25,1.47
2011-12-05,11.47,,1.25,1.46
2011-12-06,11.36,,1.24,1.48
2011-12-07,11.45,,1.25,1.47
2011-12-08,11.41,,1.25,1.47
2011-12-09,11.19,,1.22,1.5
2011-12-12,11.34,,1.24,1.48
2011-12-13,11.13,,1.22,1.51
2011-12-14,11.08,,1.21,1.52
2011-12-15,10.85,,1.19,1.55
2011-12-16,10.98,,1.2,1.53
2011-12-19,10.6,,1.16,1.59
2011-12-20,10.7,,1.17,1.57
2011-12-21,11.03,,1.2,1.52
2011-12-22,11.02,,1.2,1.53
2011-12-23,11.15,,1.22,1.51
2011-12-26,11.09,,1.21,1.52
2011-12-27,11.0,,1.2,1.53
2011-12-28,10.89,,1.19,1.54
2011-12-29,10.9,,1.19,1.54
2012-01-02,10.9,,1.19,1.54
2012-01-03,11.2,,1.22,1.5
2012-01-04,11.14,,1.22,1.51
2012-01-05,11.14,,1.22,1.51
2012-01-06,11.02,,1.2,1.53
2012-01-09,10.92,,1.19,1.54
2012-01-10,11.08,,1.21,1.52
2012-01-11,11.05,,1.2,1.53
2012-01-12,11.17,,1.22,1.51
2012-01-13,11.24,,1.22,1.5
2012-01-16,11.14,,1.21,1.51
2012-01-17,11.34,,1.23,1.49
2012-01-18,11.34,,1.23,1.49
2012-01-19,11.47,,1.25,1.47
2012-01-20,11.68,,1.27,1.44
2012-01-25,11.7,,1.27,1.44
2012-01-26,11.73,,1.28,1.44
2012-01-27,11.77,,1.28,1.43
2012-01-30,11.63,,1.26,1.45
2012-01-31,11.72,,1.27,1.44
2012-02-01,11.74,,1.28,1.44
2012-02-02,11.89,,1.29,1.42
2012-02-03,11.82,,1.29,1.43
2012-02-06,11.82,,1.29,1.43
2012-02-07,11.87,,1.29,1.42
2012-02-08,12.0,,1.31,1.4
2012-02-09,12.08,,1.31,1.4
2012-02-10,11.95,,1.3,1.41
2012-02-13,12.02,,1.31,1.4
2012-02-14,12.0,,1.31,1.4
2012-02-15,12.14,,1.32,1.39
2012-02-16,11.97,,1.3,1.41
2012-02-17,12.13,,1.32,1.39
2012-02-20,12.14,,1.32,1.39
2012-02-21,12.13,,1.32,1.39
2012-02-22,12.16,,1.32,1.39
2012-02-23,12.01,,1.31,1.4
2012-02-24,12.08,,1.32,1.39
2012-02-27,11.91,,1.3,1.41
2012-02-28,11.98,,1.31,1.4
2012-02-29,12.16,,1.33,1.38
2012-03-02,12.17,,1.33,1.38
2012-03-05,12.06,,1.32,1.39
2012-03-06,11.97,,1.31,1.4
2012-03-07,11.87,,1.29,1.42
2012-03-08,11.98,,1.31,1.4
2012-03-09,12.09,,1.32,1.39
2012-03-12,11.99,,1.31,1.4
2012-03-13,12.13,,1.32,1.39
2012-03-14,12.25,,1.34,1.37
2012-03-15,12.24,,1.33,1.37
2012-03-16,12.18,,1.33,1.38
2012-03-19,12.89,,1.33,1.37
2012-03-20,12.86,,1.33,1.37
2012-03-21,12.77,,1.32,1.38
2012-03-22,12.76,,1.32,1.38
2012-03-23,12.77,,1.32,1.38
2012-03-26,12.72,,1.32,1.39
2012-03-27,12.85,,1.33,1.37
2012-03-28,12.8,,1.33,1.38
2012-03-29,12.69,,1.31,1.39
2012-03-30,12.69,,1.31,1.39
2012-04-02,12.75,,1.32,1.38
2012-04-03,12.88,,1.34,1.37
2012-04-04,12.68,,1.32,1.39
2012-04-05,12.75,,1.32,1.38
2012-04-06,12.75,,1.32,1.38
2012-04-09,12.55,,1.3,1.4
2012-04-10,12.53,,1.3,1.4
2012-04-12,12.47,,1.3,1.41
2012-04-13,12.61,,1.31,1.39
2012-04-16,12.51,,1.3,1.41
2012-04-17,12.47,,1.3,1.41
2012-04-18,12.35,,1.31,1.4
2012-04-19,12.32,,1.3,1.4
2012-04-20,12.16,,1.29,1.42
2012-04-23,12.15,,1.29,1.42
2012-04-24,12.83,,1.23,1.37
2012-04-25,12.82,,1.23,1.37
2012-04-26,12.83,,1.23,1.37
2012-04-27,12.91,,1.24,1.36
2012-04-30,12.95,,1.25,1.36
2012-05-02,13.05,,1.26,1.35
2012-05-03,13.02,,1.25,1.35
2012-05-04,12.98,,1.25,1.35
2012-05-07,12.76,,1.23,1.38
2012-05-08,12.83,,1.24,1.37
2012-05-09,12.72,,1.23,1.38
2012-05-10,12.69,,1.22,1.38
2012-05-11,12.51,,1.2,1.4
2012-05-14,12.49,,1.2,1.41
2012-05-15,12.4,,1.19,1.42
2012-05-16,12.01,,1.16,1.46
2012-05-17,12.04,,1.16,1.46
2012-05-18,11.63,,1.12,1.51
2012-05-21,11.75,,1.13,1.5
2012-05-22,11.94,,1.15,1.47
2012-05-23,11.81,,1.14,1.49
2012-05-24,11.85,,1.14,1.48
2012-05-25,11.91,,1.15,1.48
2012-05-29,12.07,,1.16,1.46
2012-05-30,12.03,,1.16,1.46
2012-05-31,12.02,,1.16,1.46
2012-06-01,11.97,,1.15,1.47
2012-06-04,11.63,,1.12,1.51
2012-06-05,11.76,,1.13,1.49
2012-06-07,12.06,,1.16,1.46
2012-06-08,11.98,,1.15,1.47
2012-06-11,12.19,,1.17,1.44
2012-06-12,12.1,,1.17,1.45
2012-06-13,12.14,,1.17,1.45
2012-06-14,12.21,,1.18,1.44
2012-06-15,12.12,,1.17,1.45
2012-06-18,12.35,,1.19,1.42
2012-06-19,12.35,,1.19,1.42
2012-06-20,12.43,,1.2,1.41
2012-06-21,12.34,,1.19,1.42
2012-06-22,12.06,,1.16,1.46
2012-06-25,11.91,,1.15,1.47
2012-06-26,11.87,,1.14,1.48
2012-06-27,11.87,,1.14,1.48
2012-06-28,11.88,,1.14,1.48
2012-06-29,12.1,,1.17,1.45
2012-07-02,12.09,,1.16,1.45
2012-07-03,12.19,,1.17,1.44
2012-07-04,12.24,,1.18,1.44
2012-07-05,12.24,,1.18,1.43
2012-07-06,12.13,,1.17,1.45
2012-07-09,11.98,,1.15,1.47
2012-07-10,11.94,,1.15,1.47
2012-07-11,11.92,,1.15,1.47
2012-07-12,11.65,,1.12,1.51
2012-07-13,11.83,,1.14,1.48
2012-07-16,11.79,,1.14,1.48
2012-07-17,11.8,,1.15,1.47
2012-07-18,11.62,,1.13,1.49
2012-07-19,11.81,,1.15,1.47
2012-07-20,11.81,,1.15,1.47
2012-07-23,11.59,,1.13,1.5
2012-07-24,11.62,,1.13,1.49
2012-07-25,11.46,,1.11,1.52
2012-07-26,11.55,,1.12,1.5
2012-07-27,11.85,,1.15,1.47
2012-07-30,11.94,,1.16,1.45
2012-07-31,12.19,,1.18,1.42
2012-08-01,12.17,,1.18,1.43
2012-08-02,11.98,,1.18,1.43
2012-08-03,11.85,,1.16,1.45
2012-08-06,12.09,,1.19,1.42
2012-08-07,12.1,,1.19,1.42
2012-08-08,12.2,,1.2,1.41
2012-08-09,12.52,,1.21,1.37
2012-08-10,12.55,,1.22,1.36
2012-08-13,12.46,,1.21,1.37
2012-08-14,12.62,,1.22,1.36
2012-08-16,12.63,,1.22,1.35
2012-08-17,12.56,,1.22,1.36
2012-08-20,12.55,,1.22,1.36
2012-08-21,12.53,,1.22,1.37
2012-08-22,12.48,,1.21,1.37
2012-08-23,12.53,,1.22,1.37
2012-08-24,12.38,,1.2,1.38
2012-08-27,12.37,,1.2,1.38
2012-08-28,12.36,,1.2,1.38
2012-08-29,12.44,,1.21,1.38
2012-08-30,12.29,,1.19,1.39
2012-08-31,12.28,,1.19,1.39
2012-09-03,12.33,,1.2,1.39
2012-09-04,12.3,,1.19,1.39
2012-09-05,12.08,,1.17,1.42
2012-09-06,12.13,,1.18,1.41
2012-09-07,12.45,,1.21,1.37
2012-09-10,12.43,,1.2,1.38
2012-09-11,12.4,,1.2,1.38
2012-09-12,12.59,,1.22,1.36
2012-09-13,12.59,,1.22,1.36
2012-09-14,12.96,,1.26,1.32
2012-09-17,12.93,,1.25,1.32
2012-09-18,12.95,,1.25,1.32
2012-09-19,12.96,,1.26,1.32
2012-09-20,12.85,,1.25,1.33
2012-09-21,12.93,,1.25,1.32
2012-09-24,12.93,,1.25,1.32
2012-09-25,12.86,,1.25,1.33
2012-09-26,12.79,,1.24,1.34
2012-09-27,12.82,,1.24,1.33
2012-09-28,12.86,,1.25,1.33
2012-10-02,12.86,,1.25,1.33
2012-10-04,12.84,,1.25,1.33
2012-10-05,12.84,,1.25,1.33
2012-10-08,12.73,,1.24,1.34
2012-10-09,12.72,,1.24,1.34
2012-10-10,12.51,,1.22,1.36
2012-10-11,12.42,,1.21,1.38
2012-10-12,12.42,,1.21,1.37
2012-10-15,12.37,,1.2,1.38
2012-10-16,12.48,,1.21,1.37
2012-10-17,12.57,,1.22,1.36
2012-10-18,12.59,,1.22,1.36
2012-10-19,12.49,,1.21,1.37
2012-10-22,12.48,,1.21,1.37
2012-10-23,12.38,,1.2,1.38
2012-10-24,12.3,,1.2,1.39
2012-10-25,12.36,,1.2,1.38
2012-10-26,12.15,,1.18,1.41
2012-10-29,12.15,,1.18,1.4
2012-10-30,12.2,,1.19,1.4
2012-10-31,12.28,,1.19,1.39
2012-11-01,12.21,,1.19,1.4
2012-11-02,12.34,,1.2,1.38
2012-11-05,12.27,,1.19,1.39
2012-11-06,12.4,,1.21,1.38
2012-11-07,12.46,,1.21,1.37
2012-11-08,12.31,,1.2,1.39
2012-11-09,12.31,,1.19,1.4
2012-11-12,12.29,,1.19,1.4
2012-11-13,12.22,,1.18,1.41
2012-11-14,12.25,,1.18,1.4
2012-11-15,12.09,,1.17,1.42
2012-11-16,12.03,,1.16,1.43
2012-11-19,12.15,,1.17,1.41
2012-11-20,12.23,,1.18,1.41
2012-11-21,12.18,,1.18,1.41
2012-11-22,12.29,,1.19,1.4
2012-11-23,12.36,,1.2,1.39
2012-11-26,12.34,,1.19,1.39
2012-11-27,12.45,,1.2,1.38
2012-11-28,12.37,,1.2,1.39
2012-11-29,12.51,,1.21,1.37
2012-11-30,12.5,,1.21,1.37
2012-12-03,12.55,,1.21,1.37
2012-12-04,12.51,,1.21,1.37
2012-12-05,12.59,,1.22,1.36
2012-12-06,12.61,,1.22,1.36
2012-12-07,12.66,,1.22,1.36
2012-12-10,12.67,,1.22,1.36
2012-12-11,12.7,,1.23,1.35
2012-12-12,12.78,,1.24,1.34
2012-12-13,12.96,,1.25,1.33
2012-12-14,12.91,,1.25,1.33
2012-12-17,12.83,,1.24,1.34
2012-12-18,12.9,,1.25,1.33
2012-12-20,12.94,,1.25,1.33
2012-12-21,12.81,,1.24,1.34
2012-12-24,12.82,,1.24,1.34
2012-12-26,12.83,,1.24,1.34
2012-12-27,12.86,,1.24,1.34
2012-12-28,12.92,,1.25,1.33
2013-01-02,13.16,,1.27,1.31
2013-01-03,13.08,,1.26,1.31
2013-01-04,13.03,,1.26,1.32
2013-01-07,13.02,,1.26,1.32
2013-01-08,12.93,,1.25,1.33
2013-01-09,12.89,,1.25,1.33
2013-01-10,12.99,,1.25,1.32
2013-01-11,12.93,,1.25,1.33
2013-01-14,13.0,,1.26,1.32
2013-01-15,12.87,,1.24,1.34
2013-01-16,12.83,,1.24,1.34
2013-01-17,12.81,,1.23,1.34
2013-01-18,12.9,,1.24,1.33
2013-01-21,12.89,,1.24,1.34
2013-01-22,12.95,,1.25,1.33
2013-01-23,12.85,,1.24,1.34
2013-01-24,12.74,,1.23,1.35
2013-01-25,12.63,,1.22,1.36
2013-01-28,12.58,,1.21,1.37
2013-01-29,12.69,,1.22,1.36
2013-01-30,12.74,,1.23,1.35
2013-01-31,12.73,,1.23,1.35
2013-02-01,12.71,,1.22,1.36
2013-02-04,12.68,,1.22,1.36
2013-02-05,12.58,,1.21,1.37
2013-02-06,12.57,,1.21,1.37
2013-02-07,12.62,,1.21,1.37
2013-02-08,12.74,,1.22,1.36
2013-02-12,12.71,,1.22,1.36
2013-02-13,12.91,,1.23,1.34
2013-02-14,12.93,,1.24,1.34
2013-02-15,12.94,,1.24,1.34
2013-02-18,12.94,,1.24,1.34
2013-02-19,13.02,,1.24,1.34
2013-02-20,13.28,,1.26,1.31
2013-02-21,13.22,,1.26,1.32
2013-02-22,13.24,,1.26,1.31
2013-02-25,13.18,,1.25,1.32
2013-02-26,13.12,,1.25,1.33
2013-02-27,13.14,,1.25,1.32
2013-02-28,13.29,,1.26,1.31
2013-03-04,13.2,,1.26,1.32
2013-03-05,13.23,,1.26,1.32
2013-03-06,13.26,,1.26,1.31
2013-03-07,13.15,,1.25,1.32
2013-03-08,13.16,,1.25,1.32
2013-03-11,13.14,,1.25,1.32
2013-03-12,13.08,,1.24,1.33
2013-03-13,13.12,,1.25,1.33
2013-03-14,13.13,,1.25,1.33
2013-03-15,13.03,,1.24,1.34
2013-03-18,12.91,,1.23,1.35
2013-03-19,12.97,,1.23,1.34
2013-03-20,12.84,,1.22,1.35
2013-03-21,12.79,,1.22,1.36
2013-03-22,12.77,,1.22,1.36
2013-03-25,12.96,,1.23,1.34
2013-03-26,13.0,,1.24,1.34
2013-03-27,13.07,,1.24,1.33
2013-03-28,13.07,,1.24,1.33
2013-03-29,13.14,,1.25,1.32
2013-04-01,13.09,,1.25,1.33
2013-04-02,13.04,,1.24,1.34
2013-04-03,13.02,,1.24,1.34
2013-04-04,12.86,,1.22,1.35
2013-04-05,12.65,,1.2,1.38
2013-04-08,12.36,,1.2,1.38
2013-04-09,12.37,,1.2,1.38
2013-04-10,12.46,,1.21,1.37
2013-04-11,12.55,,1.22,1.36
2013-04-12,12.39,,1.2,1.38
2013-04-15,12.36,,1.2,1.38
2013-04-16,12.38,,1.2,1.38
2013-04-17,12.38,,1.2,1.38
2013-04-18,12.23,,1.18,1.4
2013-04-19,12.27,,1.19,1.39
2013-04-22,12.4,,1.2,1.38
2013-04-23,12.35,,1.2,1.38
2013-04-24,12.46,,1.21,1.37
2013-04-25,12.57,,1.22,1.36
2013-04-26,12.69,,1.22,1.28
2013-04-29,12.67,,1.22,1.28
2013-04-30,13.81,,1.17,1.21
2013-05-02,13.75,,1.16,1.21
2013-05-03,13.81,,1.17,1.21
2013-05-06,13.78,,1.16,1.21
2013-05-07,13.73,,1.16,1.21
2013-05-08,13.78,,1.16,1.21
2013-05-09,13.94,,1.18,1.2
2013-05-10,13.7,,1.15,1.22
2013-05-13,13.72,,1.16,1.22
2013-05-14,13.88,,1.17,1.2
2013-05-15,13.9,,1.17,1.2
2013-05-16,14.01,,1.18,1.19
2013-05-20,13.97,,1.18,1.2
2013-05-21,13.96,,1.18,1.2
2013-05-22,14.05,,1.18,1.19
2013-05-23,13.88,,1.17,1.2
2013-05-24,13.91,,1.17,1.2
2013-05-27,13.95,,1.17,1.2
2013-05-28,14.0,,1.18,1.19
2013-05-29,14.1,,1.19,1.19
2013-05-30,14.09,,1.19,1.19
2013-05-31,14.1,,1.19,1.18
2013-06-03,14.02,,1.18,1.19
2013-06-04,14.02,,1.18,1.19
2013-06-05,13.8,,1.16,1.21
2013-06-07,13.56,,1.14,1.23
2013-06-10,13.53,,1.15,1.23
2013-06-11,13.45,,1.14,1.24
2013-06-12,13.37,,1.13,1.24
2013-06-13,13.18,,1.12,1.26
2013-06-14,13.23,,1.12,1.26
2013-06-17,13.19,,1.12,1.26
2013-06-18,13.31,,1.13,1.25
2013-06-19,13.23,,1.12,1.26
2013-06-20,12.97,,1.1,1.28
2013-06-21,12.77,,1.08,1.3
2013-06-24,12.6,,1.07,1.32
2013-06-25,12.48,,1.06,1.33
2013-06-26,12.49,,1.06,1.33
2013-06-27,12.85,,1.09,1.29
2013-06-28,13.05,,1.11,1.27
2013-07-01,12.99,,1.1,1.28
2013-07-02,12.99,,1.1,1.28
2013-07-03,12.77,,1.08,1.3
2013-07-04,12.88,,1.09,1.29
2013-07-05,12.83,,1.09,1.29
2013-07-08,12.72,,1.08,1.3
2013-07-09,12.81,,1.09,1.29
2013-07-10,12.77,,1.08,1.3
2013-07-11,13.15,,1.12,1.26
2013-07-12,13.09,,1.11,1.27
2013-07-15,13.13,,1.11,1.26
2013-07-16,13.07,,1.11,1.27
2013-07-17,13.22,,1.12,1.26
2013-07-18,12.83,,1.11,1.26
2013-07-19,12.8,,1.11,1.27
2013-07-22,12.86,,1.12,1.26
2013-07-23,13.03,,1.13,1.24
2013-07-24,13.08,,1.14,1.24
2013-07-25,13.07,,1.13,1.24
2013-07-26,13.07,,1.14,1.24
2013-07-29,13.0,,1.13,1.25
2013-07-30,13.12,,1.14,1.24
2013-07-31,13.2,,1.13,1.21
2013-08-01,13.25,,1.13,1.21
2013-08-02,13.27,,1.13,1.21
2013-08-05,13.22,,1.13,1.21
2013-08-06,13.15,,1.12,1.22
2013-08-07,12.96,,1.11,1.23
2013-08-08,13.0,,1.11,1.23
2013-08-09,12.97,,1.11,1.23
2013-08-12,13.0,,1.11,1.23
2013-08-13,13.2,,1.13,1.21
2013-08-14,13.27,,1.13,1.21
2013-08-16,13.14,,1.13,1.21
2013-08-19,13.12,,1.13,1.21
2013-08-20,12.92,,1.11,1.23
2013-08-21,12.78,,1.1,1.24
2013-08-22,12.65,,1.09,1.25
2013-08-23,12.79,,1.1,1.24
2013-08-26,12.92,,1.11,1.23
2013-08-27,12.91,,1.11,1.23
2013-08-28,12.9,,1.11,1.23
2013-08-29,13.06,,1.13,1.21
2013-08-30,13.16,,1.14,1.2
2013-09-02,13.14,,1.14,1.2
2013-09-03,13.2,,1.14,1.2
2013-09-04,13.2,,1.14,1.2
2013-09-05,13.32,,1.15,1.18
2013-09-06,13.35,,1.16,1.18
2013-09-09,13.57,,1.17,1.17
2013-09-10,13.7,,1.18,1.16
2013-09-11,13.77,,1.18,1.15
2013-09-12,13.77,,1.18,1.15
2013-09-13,13.71,,1.18,1.16
2013-09-16,13.85,,1.19,1.15
2013-09-17,13.81,,1.19,1.15
2013-09-23,13.85,,1.19,1.15
2013-09-24,13.83,,1.19,1.15
2013-09-25,13.77,,1.18,1.16
2013-09-26,13.84,,1.19,1.15
2013-09-27,13.86,,1.19,1.15
2013-09-30,13.76,,1.18,1.16
2013-10-01,13.76,,1.18,1.16
2013-10-02,13.76,,1.18,1.16
2013-10-04,13.75,,1.18,1.16
2013-10-07,13.73,,1.18,1.16
2013-10-08,13.79,,1.18,1.15
2013-10-10,13.78,,1.18,1.15
2013-10-11,13.94,,1.2,1.14
2013-10-14,13.91,,1.19,1.14
2013-10-15,14.06,,1.21,1.13
2013-10-16,14.02,,1.2,1.14
2013-10-17,14.07,,1.21,1.13
2013-10-18,14.15,,1.21,1.13
2013-10-21,14.15,,1.21,1.13
2013-10-22,14.17,,1.22,1.12
2013-10-23,14.03,,1.2,1.13
2013-10-24,14.11,,1.21,1.13
2013-10-25,14.02,,1.2,1.14
2013-10-28,14.12,,1.21,1.13
2013-10-29,14.14,,1.21,1.13
2013-10-30,14.2,,1.22,1.12
2013-10-31,14.02,,1.2,1.13
2013-11-01,14.08,,1.21,1.13
2013-11-04,13.99,,1.2,1.14
2013-11-05,13.91,,1.19,1.14
2013-11-06,13.9,,1.19,1.14
2013-11-07,13.89,,1.19,1.15
2013-11-08,13.75,,1.18,1.16
2013-11-11,14.17,,1.17,1.17
2013-11-12,14.31,,1.18,1.15
2013-11-13,14.07,,1.17,1.17
2013-11-14,14.62,,1.17,1.17
2013-11-15,14.91,,1.19,1.15
2013-11-18,14.95,,1.2,1.15
2013-11-19,15.11,,1.21,1.13
2013-11-20,15.0,,1.2,1.14
2013-11-21,14.82,,1.19,1.16
2013-11-22,14.92,,1.19,1.15
2013-11-25,14.99,,1.2,1.14
2013-11-26,15.04,,1.2,1.14
2013-11-27,15.08,,1.21,1.14
2013-11-28,15.21,,1.22,1.13
2013-11-29,15.21,,1.22,1.13
2013-12-02,15.1,,1.21,1.13
2013-12-03,14.94,,1.19,1.15
2013-12-04,14.77,,1.18,1.16
2013-12-05,14.76,,1.18,1.16
2013-12-06,14.72,,1.18,1.16
2013-12-09,14.87,,1.19,1.15
2013-12-10,14.82,,1.18,1.15
2013-12-11,14.71,,1.18,1.16
2013-12-12,14.63,,1.17,1.17
2013-12-13,14.59,,1.17,1.17
2013-12-16,14.58,,1.17,1.17
2013-12-17,14.62,,1.17,1.17
2013-12-18,14.69,,1.17,1.17
2013-12-19,14.69,,1.17,1.17
2013-12-20,14.74,,1.18,1.16
2013-12-23,14.84,,1.19,1.15
2013-12-24,14.88,,1.19,1.15
2013-12-26,14.86,,1.19,1.15
2013-12-27,14.88,,1.19,1.15
2013-12-30,14.95,,1.2,1.14
2014-01-02,14.63,,1.17,1.17
2014-01-03,14.47,,1.16,1.18
2014-01-06,14.53,,1.16,1.18
2014-01-07,14.57,,1.16,1.18
2014-01-08,14.56,,1.16,1.18
2014-01-09,14.46,,1.16,1.18
2014-01-10,14.56,,1.15,1.19
2014-01-13,14.64,,1.16,1.18
2014-01-14,14.63,,1.16,1.18
2014-01-15,14.68,,1.16,1.18
2014-01-16,14.74,,1.16,1.18
2014-01-17,14.64,,1.15,1.18
2014-01-20,14.71,,1.16,1.18
2014-01-21,14.79,,1.17,1.17
2014-01-22,14.83,,1.17,1.17
2014-01-23,14.66,,1.16,1.18
2014-01-24,14.58,,1.15,1.19
2014-01-27,14.36,,1.13,1.21
2014-01-28,14.41,,1.14,1.2
2014-01-29,14.6,,1.15,1.19
2014-02-03,14.44,,1.14,1.2
2014-02-04,14.19,,1.12,1.22
2014-02-05,14.22,,1.12,1.22
2014-02-06,14.35,,1.13,1.21
2014-02-07,14.46,,1.14,1.2
2014-02-10,14.47,,1.14,1.2
2014-02-11,14.53,,1.15,1.19
2014-02-12,14.56,,1.15,1.19
2014-02-13,14.49,,1.14,1.19
2014-02-14,14.63,,1.15,1.19
2014-02-17,14.68,,1.15,1.18
2014-02-18,14.68,,1.15,1.18
2014-02-19,14.65,,1.15,1.19
2014-02-20,14.56,,1.14,1.19
2014-02-21,14.77,,1.16,1.18
2014-02-24,14.7,,1.15,1.18
2014-02-25,14.82,,1.16,1.17
2014-02-26,14.87,,1.17,1.17
2014-02-27,14.93,,1.17,1.16
2014-02-28,14.94,,1.17,1.16
2014-03-03,14.82,,1.16,1.17
2014-03-04,14.74,,1.16,1.18
2014-03-05,14.87,,1.17,1.17
2014-03-06,14.9,,1.17,1.17
2014-03-07,14.9,,1.17,1.17
2014-03-10,14.75,,1.16,1.18
2014-03-11,14.82,,1.16,1.17
2014-03-12,14.58,,1.14,1.19
2014-03-13,14.59,,1.15,1.19
2014-03-14,14.45,,1.14,1.2
2014-03-17,14.51,,1.14,1.19
2014-03-18,14.61,,1.15,1.19
2014-03-19,14.59,,1.15,1.19
2014-03-20,14.45,,1.14,1.2
2014-03-21,14.56,,1.15,1.19
2014-03-24,14.48,,1.16,1.18
2014-03-25,14.44,,1.15,1.18
2014-03-26,14.62,,1.17,1.17
2014-03-27,14.72,,1.18,1.16
2014-03-28,14.74,,1.18,1.16
2014-03-31,14.78,,1.18,1.16
2014-04-01,14.81,,1.18,1.15
2014-04-02,14.85,,1.19,1.15
2014-04-03,14.82,,1.18,1.15
2014-04-04,14.83,,1.18,1.15
2014-04-07,14.84,,1.19,1.15
2014-04-08,14.86,,1.19,1.15
2014-04-09,14.91,,1.19,1.15
2014-04-10,15.02,,1.2,1.14
2014-04-11,14.92,,1.19,1.15
2014-04-14,14.92,,1.19,1.15
2014-04-15,14.88,,1.19,1.15
2014-04-16,14.89,,1.19,1.15
2014-04-17,14.89,,1.19,1.15
2014-04-18,14.98,,1.19,1.14
2014-04-21,14.94,,1.19,1.15
2014-04-22,14.98,,1.19,1.14
2014-04-23,14.95,,1.19,1.14
2014-04-24,14.94,,1.19,1.15
2014-04-25,14.74,,1.17,1.16
2014-04-28,14.72,,1.17,1.16
2014-04-29,14.68,,1.17,1.17
2014-04-30,15.03,,1.11,1.12
2014-05-02,15.02,,1.11,1.12
2014-05-07,14.87,,1.1,1.13
2014-05-08,14.95,,1.1,1.12
2014-05-09,15.2,,1.11,1.12
2014-05-12,15.27,,1.12,1.11
2014-05-13,15.42,,1.13,1.1
2014-05-14,15.64,,1.14,1.09
2014-05-15,15.64,,1.14,1.09
2014-05-16,15.69,,1.14,1.09
2014-05-19,15.7,,1.15,1.08
2014-05-20,15.68,,1.14,1.09
2014-05-21,15.66,,1.14,1.09
2014-05-22,15.71,,1.15,1.08
2014-05-23,15.69,,1.15,1.08
2014-05-26,15.64,,1.15,1.09
2014-05-27,15.54,,1.14,1.09
2014-05-28,15.69,,1.15,1.08
2014-05-29,15.65,,1.15,1.09
2014-05-30,15.51,,1.14,1.1
2014-06-02,15.57,,1.14,1.09
2014-06-03,15.62,,1.15,1.09
2014-06-05,15.52,,1.14,1.1
2014-06-09,15.48,,1.13,1.1
2014-06-10,15.65,,1.15,1.09
2014-06-11,15.67,,1.15,1.09
2014-06-12,15.64,,1.15,1.09
2014-06-13,15.48,,1.14,1.1
2014-06-16,15.51,,1.14,1.1
2014-06-17,15.57,,1.14,1.09
2014-06-18,15.47,,1.13,1.1
2014-06-19,15.5,,1.14,1.1
2014-06-20,15.36,,1.12,1.11
2014-06-23,15.37,,1.13,1.11
2014-06-24,15.52,,1.14,1.1
2014-06-25,15.57,,1.13,1.1
2014-06-26,15.68,,1.14,1.09
2014-06-27,15.63,,1.13,1.1
2014-06-30,15.74,,1.14,1.09
2014-07-01,15.71,,1.14,1.09
2014-07-02,15.85,,1.15,1.08
2014-07-03,15.82,,1.15,1.09
2014-07-04,15.81,,1.15,1.09
2014-07-07,15.77,,1.14,1.09
2014-07-08,15.61,,1.14,1.09
2014-07-09,15.56,,1.13,1.09
2014-07-10,15.58,,1.14,1.09
2014-07-11,15.47,,1.13,1.1
2014-07-14,15.51,,1.13,1.1
2014-07-15,15.7,,1.14,1.08
2014-07-16,15.71,,1.14,1.08
2014-07-17,15.76,,1.15,1.08
2014-07-18,15.75,,1.14,1.08
2014-07-21,15.75,,1.14,1.08
2014-07-22,15.83,,1.15,1.08
2014-07-23,15.82,,1.15,1.08
2014-07-24,15.81,,1.15,1.08
2014-07-25,15.86,,1.15,1.07
2014-07-28,15.98,,1.16,1.07
2014-07-29,16.09,,1.17,1.06
2014-07-30,16.25,,1.18,1.05
2014-07-31,16.2,,1.18,1.05
2014-08-01,16.17,,1.17,1.05
2014-08-04,16.23,,1.18,1.05
2014-08-05,16.12,,1.17,1.06
2014-08-06,16.08,,1.17,1.06
2014-08-07,16.04,,1.17,1.06
2014-08-08,15.86,,1.15,1.07
2014-08-11,15.93,,1.16,1.07
2014-08-12,15.94,,1.16,1.07
2014-08-13,16.1,,1.17,1.06
2014-08-14,16.15,,1.17,1.06
2014-08-18,16.05,,1.16,1.06
2014-08-19,16.19,,1.17,1.05
2014-08-20,16.21,,1.18,1.05
2014-08-21,15.98,,1.16,1.07
2014-08-22,16.08,,1.17,1.06
2014-08-25,16.11,,1.17,1.06
2014-08-26,16.17,,1.17,1.06
2014-08-27,16.22,,1.18,1.05
2014-08-28,16.23,,1.18,1.05
2014-08-29,16.18,,1.17,1.05
2014-09-01,16.17,,1.17,1.06
2014-09-02,16.05,,1.16,1.06
2014-09-03,16.04,,1.16,1.06
2014-09-04,16.08,,1.17,1.06
2014-09-05,16.03,,1.16,1.06
2014-09-11,15.91,,1.15,1.07
2014-09-12,15.97,,1.16,1.07
2014-09-15,15.92,,1.15,1.07
2014-09-16,15.98,,1.16,1.07
2014-09-17,16.13,,1.17,1.06
2014-09-18,16.02,,1.16,1.07
2014-09-19,16.06,,1.17,1.06
2014-09-22,15.95,,1.16,1.07
2014-09-23,15.87,,1.15,1.08
2014-09-24,15.92,,1.15,1.07
2014-09-25,15.91,,1.15,1.07
2014-09-26,15.89,,1.15,1.07
2014-09-29,15.85,,1.15,1.08
2014-09-30,15.8,,1.15,1.08
2014-10-01,15.58,,1.13,1.1
2014-10-02,15.46,,1.12,1.1
2014-10-06,15.39,,1.12,1.11
2014-10-07,15.42,,1.12,1.11
2014-10-08,15.36,,1.11,1.11
2014-10-10,15.17,,1.1,1.12
2014-10-13,15.07,,1.09,1.13
2014-10-14,15.09,,1.09,1.13
2014-10-15,15.06,,1.09,1.13
2014-10-16,15.0,,1.09,1.14
2014-10-17,14.86,,1.08,1.15
2014-10-20,15.09,,1.09,1.13
2014-10-21,14.97,,1.09,1.14
2014-10-22,15.15,,1.1,1.13
2014-10-23,15.11,,1.09,1.13
2014-10-24,15.06,,1.09,1.15
2014-10-27,15.11,,1.1,1.15
2014-10-28,15.06,,1.09,1.15
2014-10-29,15.34,,1.11,1.13
2014-10-30,15.32,,1.11,1.13
2014-10-31,15.37,,1.11,1.13
2014-11-03,15.28,,1.11,1.13
2014-11-04,15.14,,1.1,1.14
2014-11-05,15.11,,1.1,1.15
2014-11-06,15.15,,1.1,1.14
2014-11-07,15.18,,1.1,1.14
2014-11-10,15.33,,1.11,1.13
2014-11-11,15.36,,1.11,1.13
2014-11-12,15.4,,1.12,1.13
2014-11-13,15.35,,1.11,1.13
2014-11-14,15.22,,1.1,1.12
2014-11-17,15.49,,1.12,1.12
2014-11-18,15.68,,1.14,1.1
2014-11-19,15.47,,1.15,1.12
2014-11-20,15.45,,1.13,1.12
2014-11-21,15.51,,1.13,1.12
2014-11-24,15.62,,1.14,1.11
2014-11-25,15.63,,1.14,1.11
2014-11-26,15.64,,1.14,1.11
2014-11-27,15.65,,1.14,1.11
2014-11-28,15.63,,1.14,1.11
2014-12-01,15.51,,1.13,1.12
2014-12-02,15.52,,1.13,1.12
2014-12-03,15.55,,1.13,1.11
2014-12-04,15.68,,1.14,1.11
2014-12-05,15.68,,1.14,1.1
2014-12-08,15.62,,1.14,1.11
2014-12-09,15.56,,1.13,1.11
2014-12-10,15.35,,1.12,1.13
2014-12-11,15.12,,1.1,1.15
2014-12-12,15.17,,1.11,1.14
2014-12-15,15.15,,1.1,1.14
2014-12-16,15.03,,1.09,1.15
2014-12-17,15.0,,1.09,1.16
2014-12-18,14.98,,1.09,1.14
2014-12-19,15.44,,1.12,1.12
2014-12-22,15.54,,1.13,1.11
2014-12-23,15.51,,1.13,1.12
2014-12-24,15.57,,1.13,1.11
2014-12-26,15.58,,1.13,1.11
2014-12-29,15.42,,1.12,1.12
2014-12-30,15.32,,1.11,1.13
2015-01-02,15.35,,1.12,1.12
2015-01-05,15.26,,1.11,1.13
2015-01-06,15.0,,1.09,1.15
2015-01-07,15.05,,1.09,1.15
2015-01-08,15.22,,1.11,1.14
2015-01-09,15.59,,1.12,1.13
2015-01-12,15.56,,1.12,1.13
2015-01-13,15.54,,1.11,1.13
2015-01-14,15.51,,1.11,1.13
2015-01-15,15.52,,1.11,1.13
2015-01-16,15.31,,1.1,1.14
2015-01-19,15.42,,1.1,1.14
2015-01-20,15.56,,1.11,1.13
2015-01-21,15.58,,1.12,1.12
2015-01-22,15.58,,1.12,1.12
2015-01-23,15.71,,1.12,1.11
2015-01-26,15.73,,1.12,1.12
2015-01-27,15.86,,1.13,1.11
2015-01-28,15.94,,1.14,1.1
2015-01-29,15.85,,1.13,1.11
2015-01-30,15.84,,1.13,1.11
2015-02-02,15.87,,1.13,1.11
2015-02-03,15.86,,1.13,1.11
2015-02-04,15.95,,1.14,1.1
2015-02-05,15.88,,1.13,1.11
2015-02-06,15.91,,1.14,1.11
2015-02-09,15.84,,1.13,1.11
2015-02-10,15.75,,1.12,1.12
2015-02-11,15.83,,1.13,1.11
2015-02-12,15.8,,1.13,1.11
2015-02-13,15.92,,1.14,1.1
2015-02-16,15.93,,1.14,1.1
2015-02-17,15.96,,1.14,1.1
2015-02-23,16.84,,1.14,1.1
2015-02-24,16.91,,1.15,1.09
2015-02-25,17.03,,1.16,1.09
2015-02-26,17.05,,1.16,1.08
2015-02-27,16.99,,1.15,1.09
2015-03-02,17.09,,1.16,1.08
2015-03-03,17.12,,1.16,1.08
2015-03-04,17.1,,1.16,1.08
2015-03-05,17.11,,1.16,1.08
2015-03-06,17.24,,1.17,1.07
2015-03-09,17.07,,1.16,1.08
2015-03-10,17.0,,1.15,1.09
2015-03-11,16.96,,1.15,1.09
2015-03-12,16.87,,1.14,1.1
2015-03-13,17.73,,1.15,1.09
2015-03-16,17.74,,1.15,1.09
2015-03-17,18.12,,1.18,1.06
2015-03-18,18.11,,1.18,1.06
2015-03-19,18.2,,1.18,1.06
2015-03-20,18.12,,1.19,1.06
2015-03-23,16.98,,1.19,1.06
2015-03-24,17.15,,1.19,1.06
2015-03-25,17.17,,1.19,1.06
2015-03-26,16.99,,1.18,1.07
2015-03-27,16.97,,1.18,1.07
2015-03-30,16.89,,1.18,1.07
2015-03-31,16.98,,1.19,1.06
2015-04-01,16.88,,1.18,1.07
2015-04-02,16.88,,1.18,1.07
2015-04-03,17.03,,1.19,1.06
2015-04-06,17.04,,1.19,1.06
2015-04-07,17.05,,1.19,1.06
2015-04-08,17.15,,1.2,1.05
2015-04-09,17.15,,1.2,1.05
2015-04-10,17.39,,1.22,1.04
2015-04-13,17.48,,1.22,1.03
2015-04-14,17.59,,1.23,1.02
2015-04-15,17.66,,1.24,1.02
2015-04-16,17.83,,1.25,1.01
2015-04-17,17.86,,1.25,1.01
2015-04-20,17.88,,1.25,1.01
2015-04-21,17.88,,1.25,1.01
2015-04-22,17.87,,1.25,1.01
2015-04-23,18.12,,1.27,1.0
2015-04-24,18.01,,1.26,1.0
2015-04-27,17.99,,1.26,1.0
2015-04-28,17.9,,1.25,1.01
2015-04-29,17.86,,1.25,1.01
2015-04-30,17.73,,1.24,1.02
2015-05-04,17.77,,1.24,1.02
2015-05-06,17.14,,1.16,1.26
2015-05-07,17.03,,1.15,1.26
2015-05-08,16.99,,1.15,1.27
2015-05-11,17.09,,1.16,1.26
2015-05-12,17.07,,1.15,1.26
2015-05-13,17.21,,1.16,1.25
2015-05-14,17.26,,1.17,1.25
2015-05-15,17.15,,1.16,1.26
2015-05-18,17.21,,1.16,1.25
2015-05-19,17.27,,1.17,1.25
2015-05-20,17.42,,1.18,1.24
2015-05-21,17.29,,1.17,1.25
2015-05-22,17.48,,1.18,1.23
2015-05-26,17.46,,1.18,1.23
2015-05-27,17.16,,1.16,1.25
2015-05-28,17.19,,1.16,1.25
2015-05-29,17.23,,1.17,1.25
2015-06-01,17.12,,1.16,1.26
2015-06-02,16.93,,1.15,1.27
2015-06-03,16.81,,1.14,1.28
2015-06-04,16.88,,1.14,1.28
2015-06-05,16.85,,1.14,1.28
2015-06-08,16.82,,1.14,1.28
2015-06-09,16.82,,1.14,1.28
2015-06-10,16.71,,1.13,1.29
2015-06-11,16.75,,1.13,1.29
2015-06-12,16.72,,1.13,1.29
2015-06-15,16.64,,1.13,1.3
2015-06-16,16.53,,1.12,1.3
2015-06-17,16.58,,1.12,1.3
2015-06-18,16.64,,1.13,1.3
2015-06-19,16.67,,1.13,1.29
2015-06-22,16.74,,1.13,1.29
2015-06-23,16.94,,1.15,1.27
2015-06-24,16.98,,1.15,1.27
2015-06-25,16.97,,1.15,1.27
2015-06-26,17.02,,1.15,1.27
2015-06-29,16.77,,1.14,1.29
2015-06-30,16.87,,1.14,1.28
2015-07-01,17.07,,1.16,1.27
2015-07-02,17.15,,1.16,1.26
2015-07-03,17.13,,1.16,1.26
2015-07-06,16.71,,1.13,1.3
2015-07-07,16.6,,1.13,1.3
2015-07-08,16.4,,1.11,1.32
2015-07-09,16.48,,1.12,1.31
2015-07-10,16.52,,1.12,1.31
2015-07-13,16.78,,1.14,1.29
2015-07-14,16.76,,1.14,1.29
2015-07-15,16.88,,1.14,1.28
2015-07-16,17.0,,1.15,1.27
2015-07-17,16.91,,1.15,1.28
2015-07-20,16.88,,1.14,1.28
2015-07-21,16.96,,1.15,1.27
2015-07-22,16.81,,1.14,1.28
2015-07-23,16.81,,1.14,1.28
2015-07-24,16.66,,1.13,1.3
2015-07-27,16.6,,1.13,1.3
2015-07-28,16.6,,1.13,1.3
2015-07-29,16.59,,1.12,1.3
2015-07-30,16.44,,1.11,1.31
2015-07-31,15.84,,1.12,1.3
2015-08-03,15.5,,1.11,1.32
2015-08-04,15.65,,1.12,1.3
2015-08-05,15.66,,1.12,1.3
2015-08-06,15.53,,1.12,1.32
2015-08-07,15.51,,1.11,1.32
2015-08-10,15.45,,1.11,1.32
2015-08-11,15.33,,1.1,1.33
2015-08-12,15.24,,1.09,1.34
2015-08-13,15.3,,1.1,1.33
2015-08-17,15.18,,1.09,1.34
2015-08-18,15.04,,1.08,1.35
2015-08-19,14.91,,1.08,1.36
2015-08-20,14.72,,1.06,1.38
2015-08-21,14.42,,1.04,1.41
2015-08-24,14.06,,1.01,1.44
2015-08-25,14.19,,1.02,1.43
2015-08-26,14.56,,1.05,1.39
2015-08-27,14.67,,1.06,1.38
2015-08-28,14.9,,1.07,1.36
2015-08-31,14.93,,1.08,1.36
2015-09-01,14.75,,1.07,1.38
2015-09-02,14.76,,1.07,1.38
2015-09-03,14.76,,1.07,1.38
2015-09-04,14.54,,1.06,1.4
2015-09-07,14.51,,1.06,1.4
2015-09-08,14.48,,1.05,1.4
2015-09-09,14.91,,1.09,1.36
2015-09-10,15.12,,1.1,1.34
2015-09-11,14.96,,1.09,1.36
2015-09-14,14.88,,1.08,1.36
2015-09-15,14.93,,1.09,1.35
2015-09-16,15.23,,1.11,1.33
2015-09-17,15.24,,1.11,1.33
2015-09-18,15.39,,1.12,1.31
2015-09-21,15.15,,1.1,1.33
2015-09-22,15.28,,1.11,1.32
2015-09-23,14.99,,1.09,1.35
2015-09-24,15.0,,1.09,1.35
2015-09-25,14.97,,1.09,1.35
2015-09-30,15.12,,1.1,1.33
2015-10-01,15.25,,1.11,1.32
2015-10-02,15.17,,1.1,1.33
2015-10-05,15.25,,1.11,1.32
2015-10-06,15.35,,1.12,1.32
2015-10-07,15.46,,1.13,1.3
2015-10-08,15.57,,1.13,1.3
2015-10-12,15.59,,1.13,1.29
2015-10-13,15.57,,1.13,1.3
2015-10-14,15.49,,1.13,1.3
2015-10-15,15.68,,1.14,1.29
2015-10-16,15.66,,1.14,1.29
2015-10-19,15.66,,1.14,1.29
2015-10-20,15.73,,1.14,1.28
2015-10-21,15.75,,1.15,1.28
2015-10-22,15.6,,1.14,1.29
2015-10-23,15.73,,1.14,1.28
2015-10-26,15.79,,1.15,1.28
2015-10-27,15.76,,1.15,1.28
2015-10-28,15.75,,1.15,1.28
2015-10-29,15.68,,1.14,1.28
2015-10-30,15.65,,1.14,1.28
2015-11-02,15.7,,1.14,1.28
2015-11-03,15.79,,1.15,1.27
2015-11-04,15.83,,1.15,1.27
2015-11-05,15.8,,1.15,1.27
2015-11-06,15.74,,1.15,1.28
2015-11-09,15.62,,1.14,1.29
2015-11-10,15.4,,1.12,1.31
2015-11-11,15.4,,1.12,1.3
2015-11-12,15.37,,1.12,1.31
2015-11-13,15.21,,1.11,1.32
2015-11-16,14.97,,1.09,1.34
2015-11-17,15.13,,1.1,1.33
2015-11-18,15.13,,1.1,1.33
2015-11-19,15.33,,1.12,1.31
2015-11-20,15.34,,1.12,1.31
2015-11-23,15.45,,1.12,1.3
2015-11-24,15.55,,1.13,1.29
2015-11-25,15.49,,1.13,1.3
2015-11-26,15.66,,1.14,1.28
2015-11-27,15.64,,1.14,1.28
2015-11-30,15.36,,1.12,1.31
2015-12-01,15.57,,1.14,1.29
2015-12-02,15.46,,1.13,1.3
2015-12-03,15.34,,1.12,1.31
2015-12-04,15.15,,1.11,1.32
2015-12-07,15.07,,1.1,1.33
2015-12-08,14.96,,1.09,1.34
2015-12-09,14.97,,1.09,1.34
2015-12-10,15.0,,1.1,1.33
2015-12-11,14.97,,1.09,1.34
2015-12-14,14.81,,1.08,1.35
2015-12-15,14.85,,1.09,1.35
2015-12-16,15.13,,1.11,1.32
2015-12-17,15.2,,1.11,1.32
2015-12-18,15.18,,1.11,1.32
2015-12-21,15.22,,1.11,1.31
2015-12-22,15.31,,1.12,1.31
2015-12-23,15.36,,1.12,1.3
2015-12-24,15.3,,1.12,1.31
2015-12-28,15.09,,1.1,1.32
2015-12-29,15.11,,1.1,1.32
2015-12-30,15.07,,1.1,1.33
2016-01-04,14.74,,1.08,1.36
2016-01-05,14.83,,1.08,1.35
2016-01-06,14.79,,1.08,1.35
2016-01-07,14.63,,1.07,1.37
2016-01-08,14.73,,1.08,1.36
2016-01-11,14.55,,1.06,1.38
2016-01-12,14.52,,1.06,1.38
2016-01-13,14.72,,1.07,1.36
2016-01-14,14.59,,1.07,1.37
2016-01-15,14.43,,1.05,1.39
2016-01-18,14.43,,1.05,1.39
2016-01-19,14.51,,1.06,1.38
2016-01-20,14.17,,1.03,1.41
2016-01-21,14.13,,1.03,1.42
2016-01-22,14.42,,1.05,1.39
2016-01-25,14.53,,1.06,1.38
2016-01-26,14.36,,1.05,1.39
2016-01-27,14.56,,1.06,1.37
2016-01-28,14.63,,1.07,1.37
2016-01-29,14.7,,1.07,1.36
2016-02-01,14.8,,1.08,1.35
2016-02-02,14.66,,1.07,1.37
2016-02-03,14.54,,1.06,1.38
2016-02-04,14.59,,1.07,1.36
2016-02-05,14.75,,1.08,1.36
2016-02-11,15.17,,1.05,1.4
2016-02-12,14.95,,1.03,1.42
2016-02-15,15.18,,1.05,1.4
2016-02-16,15.39,,1.06,1.38
2016-02-17,15.35,,1.06,1.38
2016-02-18,15.56,,1.07,1.36
2016-02-19,15.62,,1.08,1.36
2016-02-22,15.62,,1.08,1.36
2016-02-23,15.6,,1.08,1.36
2016-02-24,15.59,,1.08,1.36
2016-02-25,15.64,,1.08,1.36
2016-02-26,15.66,,1.08,1.35
2016-02-29,15.63,,1.08,1.36
2016-03-02,15.88,,1.1,1.33
2016-03-03,15.97,,1.1,1.33
2016-03-04,15.95,,1.1,1.33
2016-03-07,15.83,,1.1,1.33
2016-03-08,15.73,,1.1,1.34
2016-03-09,15.79,,1.1,1.33
2016-03-10,15.92,,1.11,1.32
2016-03-11,15.93,,1.11,1.32
2016-03-14,15.94,,1.11,1.32
2016-03-15,15.91,,1.11,1.32
2016-03-16,15.95,,1.11,1.32
2016-03-17,16.05,,1.12,1.31
2016-03-18,16.19,,1.12,1.3
2016-03-21,16.15,,1.12,1.3
2016-03-22,16.21,,1.12,1.3
2016-03-23,16.19,,1.12,1.3
2016-03-24,16.12,,1.12,1.31
2016-03-25,16.1,,1.12,1.31
2016-03-28,16.09,,1.12,1.31
2016-03-29,16.19,,1.12,1.3
2016-03-30,16.26,,1.13,1.3
2016-03-31,16.2,,1.12,1.3
2016-04-01,16.02,,1.11,1.32
2016-04-04,16.06,,1.11,1.31
2016-04-05,15.93,,1.11,1.32
2016-04-06,16.0,,1.11,1.32
2016-04-07,16.02,,1.11,1.32
2016-04-08,16.01,,1.11,1.32
2016-04-11,16.0,,1.11,1.32
2016-04-12,16.09,,1.12,1.31
2016-04-14,16.39,,1.14,1.29
2016-04-15,16.38,,1.14,1.29
2016-04-18,16.34,,1.13,1.29
2016-04-19,16.35,,1.13,1.29
2016-04-20,16.31,,1.13,1.3
2016-04-21,16.45,,1.14,1.29
2016-04-22,16.39,,1.14,1.29
2016-04-25,16.38,,1.13,1.29
2016-04-26,16.42,,1.14,1.29
2016-04-27,16.38,,1.14,1.29
2016-04-28,16.26,,1.13,1.3
2016-04-29,16.21,,1.12,1.28
2016-05-02,13.86,,1.04,1.69
2016-05-03,13.92,,1.05,1.68
2016-05-04,13.85,,1.04,1.69
2016-05-09,13.79,,1.04,1.7
2016-05-10,13.89,,1.05,1.68
2016-05-11,13.87,,1.04,1.69
2016-05-12,13.86,,1.04,1.69
2016-05-13,13.79,,1.04,1.7
2016-05-16,13.79,,1.04,1.7
2016-05-17,13.8,,1.04,1.7
2016-05-18,13.72,,1.03,1.71
2016-05-19,13.65,,1.03,1.71
2016-05-20,13.66,,1.03,1.71
2016-05-23,13.71,,1.03,1.71
2016-05-24,13.59,,1.02,1.72
2016-05-25,13.75,,1.03,1.7
2016-05-26,13.73,,1.03,1.7
2016-05-27,13.81,,1.04,1.69
2016-05-30,13.8,,1.04,1.7
2016-05-31,13.91,,1.05,1.68
2016-06-01,13.91,,1.05,1.68
2016-06-02,13.92,,1.05,1.68
2016-06-03,13.93,,1.05,1.68
2016-06-07,14.11,,1.06,1.66
2016-06-08,14.22,,1.07,1.65
2016-06-09,14.2,,1.07,1.65
2016-06-10,14.15,,1.06,1.65
2016-06-13,13.88,,1.04,1.69
2016-06-14,13.83,,1.04,1.69
2016-06-15,13.81,,1.04,1.69
2016-06-16,13.69,,1.03,1.71
2016-06-17,13.7,,1.03,1.71
2016-06-20,13.9,,1.05,1.68
2016-06-21,13.92,,1.05,1.68
2016-06-22,13.99,,1.05,1.67
2016-06-23,13.94,,1.05,1.68
2016-06-24,13.51,,1.02,1.73
2016-06-27,13.52,,1.02,1.73
2016-06-28,13.59,,1.02,1.72
2016-06-29,13.73,,1.03,1.7
2016-06-30,13.83,,1.04,1.69
2016-07-01,13.95,,1.05,1.68
2016-07-04,14.01,,1.05,1.67
2016-07-05,13.97,,1.05,1.67
2016-07-06,13.71,,1.03,1.71
2016-07-07,13.86,,1.04,1.69
2016-07-08,13.78,,1.04,1.7
2016-07-11,13.96,,1.05,1.68
2016-07-12,13.98,,1.05,1.67
2016-07-13,14.08,,1.06,1.66
2016-07-14,14.1,,1.06,1.66
2016-07-15,14.18,,1.07,1.65
2016-07-18,14.21,,1.07,1.65
2016-07-19,14.18,,1.07,1.65
2016-07-20,14.17,,1.07,1.65
2016-07-21,14.15,,1.06,1.66
2016-07-22,14.13,,1.06,1.66
2016-07-25,14.15,,1.06,1.66
2016-07-26,14.25,,1.07,1.64
2016-07-27,14.24,,1.07,1.65
2016-07-28,14.21,,1.07,1.65
2016-07-29,14.19,,1.07,1.65
2016-08-01,14.28,,1.07,1.64
2016-08-02,14.2,,1.07,1.65
2016-08-03,14.03,,1.06,1.67
2016-08-04,14.07,,1.06,1.67
2016-08-05,14.2,,1.07,1.65
2016-08-08,14.29,,1.07,1.64
2016-08-09,14.38,,1.08,1.63
2016-08-10,14.39,,1.08,1.63
2016-08-11,14.42,,1.08,1.63
2016-08-12,14.43,,1.09,1.62
2016-08-16,14.41,,1.08,1.63
2016-08-17,14.38,,1.08,1.63
2016-08-18,14.47,,1.09,1.62
2016-08-19,14.47,,1.09,1.62
2016-08-22,14.37,,1.08,1.63
2016-08-23,14.43,,1.08,1.62
2016-08-24,14.38,,1.08,1.63
2016-08-25,14.38,,1.08,1.63
2016-08-26,14.34,,1.08,1.63
2016-08-29,14.3,,1.08,1.64
2016-08-30,14.36,,1.08,1.63
2016-08-31,14.32,,1.08,1.64
2016-09-01,14.29,,1.08,1.64
2016-09-02,14.33,,1.08,1.63
2016-09-05,14.49,,1.09,1.62
2016-09-06,14.53,,1.09,1.61
2016-09-07,14.5,,1.09,1.62
2016-09-08,14.51,,1.09,1.61
2016-09-09,14.33,,1.08,1.63
2016-09-12,14.01,,1.05,1.67
2016-09-13,14.06,,1.06,1.67
2016-09-19,14.18,,1.07,1.65
2016-09-20,14.25,,1.07,1.64
2016-09-21,14.32,,1.08,1.64
2016-09-22,14.42,,1.09,1.62
2016-09-23,14.46,,1.09,1.62
2016-09-26,14.41,,1.08,1.63
2016-09-27,14.52,,1.09,1.61
2016-09-28,14.45,,1.09,1.62
2016-09-29,14.56,,1.1,1.61
2016-09-30,14.51,,1.08,1.63
2016-10-04,13.33,,1.01,1.53
2016-10-05,13.32,,1.01,1.53
2016-10-06,13.4,,1.02,1.52
2016-10-07,13.33,,1.01,1.53
2016-10-10,13.33,,1.01,1.53
2016-10-11,13.17,,1.0,1.55
2016-10-12,13.18,,1.0,1.55
2016-10-13,13.06,,0.99,1.56
2016-10-14,13.11,,0.99,1.56
2016-10-17,13.15,,1.0,1.55
2016-10-18,13.24,,1.01,1.54
2016-10-19,13.24,,1.01,1.54
2016-10-20,13.24,,1.01,1.54
2016-10-21,13.19,,1.0,1.54
2016-10-24,13.29,,1.01,1.53
2016-10-25,13.22,,1.0,1.54
2016-10-26,13.07,,0.99,1.56
2016-10-27,13.13,,1.0,1.55
2016-10-28,13.1,,1.0,1.55
2016-10-31,13.03,,0.99,1.56
2016-11-01,13.02,,0.99,1.56
2016-11-02,12.84,,0.98,1.58
2016-11-03,12.87,,0.98,1.58
2016-11-04,12.86,,0.98,1.58
2016-11-07,12.96,,0.99,1.57
2016-11-08,13.0,,0.99,1.56
2016-11-09,12.71,,0.97,1.6
2016-11-10,13.0,,0.99,1.56
2016-11-11,12.72,,0.98,1.57
2016-11-14,12.66,,0.98,1.58
2016-11-15,12.61,,0.98,1.58
2016-11-16,12.69,,0.98,1.57
2016-11-17,12.7,,0.98,1.57
2016-11-18,12.66,,0.98,1.57
2016-11-21,12.62,,0.98,1.58
2016-11-22,12.74,,0.98,1.56
2016-11-23,12.77,,0.99,1.56
2016-11-24,12.66,,0.98,1.57
2016-11-25,12.68,,0.98,1.57
2016-11-28,12.7,,0.98,1.57
2016-11-29,12.71,,0.98,1.57
2016-11-30,12.74,,0.98,1.56
2016-12-01,13.59,,0.97,1.56
2016-12-02,13.5,,0.97,1.57
2016-12-05,13.45,,0.96,1.58
2016-12-06,13.63,,0.97,1.56
2016-12-07,13.65,,0.98,1.56
2016-12-08,13.92,,1.0,1.53
2016-12-09,13.87,,0.99,1.53
2016-12-12,13.89,,0.99,1.53
2016-12-13,13.95,,1.0,1.52
2016-12-14,13.96,,1.0,1.52
2016-12-15,13.96,,1.0,1.52
2016-12-16,14.0,,1.0,1.52
2016-12-19,13.97,,1.0,1.52
2016-12-20,13.99,,1.0,1.52
2016-12-21,13.99,,1.0,1.52
2016-12-22,13.98,,1.0,1.52
2016-12-23,13.98,,1.0,1.52
2016-12-26,13.99,,1.0,1.52
2016-12-27,14.03,,1.0,1.51
2016-12-28,13.91,,1.0,1.53
2016-12-29,13.92,,1.0,1.52
2017-01-02,13.92,,1.0,1.52
2017-01-03,14.04,,1.01,1.51
2017-01-04,14.05,,1.01,1.51
2017-01-05,14.03,,1.0,1.51
2017-01-06,14.08,,1.01,1.51
2017-01-09,14.07,,1.01,1.51
2017-01-10,14.05,,1.01,1.51
2017-01-11,14.26,,1.02,1.49
2017-01-12,14.34,,1.03,1.48
2017-01-13,14.27,,1.02,1.49
2017-01-16,14.18,,1.01,1.5
2017-01-17,14.23,,1.02,1.49
2017-01-18,14.22,,1.02,1.49
2017-01-19,14.24,,1.02,1.49
2017-01-20,14.19,,1.02,1.5
2017-01-23,14.2,,1.02,1.5
2017-01-24,14.2,,1.02,1.49
2017-01-25,14.21,,1.02,1.49
2017-01-26,14.32,,1.03,1.48
2017-01-31,14.22,,1.02,1.49
2017-02-01,14.3,,1.02,1.48
2017-02-02,14.24,,1.02,1.49
2017-02-03,14.25,,1.02,1.49
2017-02-06,14.28,,1.02,1.49
2017-02-07,14.27,,1.02,1.49
2017-02-08,14.2,,1.02,1.49
2017-02-09,14.2,,1.02,1.49
2017-02-10,14.26,,1.02,1.49
2017-02-13,14.29,,1.02,1.48
2017-02-14,14.26,,1.02,1.49
2017-02-15,14.33,,1.03,1.48
2017-02-16,14.31,,1.02,1.48
2017-02-17,14.3,,1.02,1.48
2017-02-20,14.33,,1.03,1.48
2017-02-21,14.46,,1.04,1.47
2017-02-22,14.48,,1.04,1.47
2017-02-23,14.49,,1.04,1.46
2017-02-24,14.4,,1.03,1.47
2017-02-27,14.34,,1.03,1.48
2017-02-28,14.38,,1.03,1.48
2017-03-02,14.46,,1.04,1.47
2017-03-03,14.29,,1.02,1.48
2017-03-06,14.31,,1.02,1.48
2017-03-07,14.4,,1.03,1.47
2017-03-08,14.41,,1.03,1.47
2017-03-09,14.38,,1.03,1.48
2017-03-10,14.42,,1.03,1.47
2017-03-13,14.56,,1.04,1.46
2017-03-14,14.67,,1.05,1.45
2017-03-15,14.66,,1.05,1.45
2017-03-16,14.78,,1.06,1.43
2017-03-17,14.91,,1.07,1.42
2017-03-20,14.86,,1.06,1.43
2017-03-21,15.01,,1.07,1.41
2017-03-22,14.94,,1.07,1.42
2017-03-23,14.97,,1.07,1.42
2017-03-24,14.88,,1.07,1.42
2017-03-27,14.79,,1.06,1.43
2017-03-28,14.84,,1.07,1.42
2017-03-29,14.87,,1.07,1.42
2017-03-30,14.76,,1.06,1.42
2017-03-31,14.73,,1.06,1.43
2017-04-03,14.78,,1.07,1.42
2017-04-04,14.73,,1.06,1.43
2017-04-05,14.73,,1.06,1.43
2017-04-06,14.68,,1.06,1.43
2017-04-07,14.67,,1.06,1.43
2017-04-10,14.54,,1.05,1.45
2017-04-11,14.49,,1.04,1.45
2017-04-12,14.52,,1.05,1.45
2017-04-13,14.65,,1.06,1.43
2017-04-14,14.56,,1.05,1.44
2017-04-17,14.63,,1.06,1.44
2017-04-18,14.65,,1.06,1.43
2017-04-19,14.58,,1.05,1.44
2017-04-20,14.66,,1.06,1.43
2017-04-21,14.74,,1.06,1.43
2017-04-24,14.8,,1.07,1.42
2017-04-25,14.96,,1.08,1.41
2017-04-26,15.04,,1.08,1.4
2017-04-27,15.05,,1.09,1.4
2017-04-28,15.02,,1.08,1.4
2017-05-02,14.73,,1.06,1.51
2017-05-04,14.87,,1.08,1.49
2017-05-08,15.22,,1.1,1.46
2017-05-10,15.07,,1.09,1.47
2017-05-11,15.22,,1.1,1.46
2017-05-12,15.14,,1.09,1.48
2017-05-15,15.29,,1.11,1.46
2017-05-16,15.33,,1.11,1.45
2017-05-17,15.31,,1.11,1.46
2017-05-18,15.27,,1.1,1.46
2017-05-19,15.28,,1.1,1.46
2017-05-22,15.38,,1.11,1.45
2017-05-23,15.21,,1.1,1.47
2017-05-24,15.25,,1.1,1.46
2017-05-25,15.41,,1.11,1.45
2017-05-26,15.5,,1.12,1.44
2017-05-29,15.48,,1.12,1.44
2017-05-30,15.42,,1.12,1.45
2017-05-31,15.45,,1.12,1.44
2017-06-01,14.17,,1.12,1.44
2017-06-02,14.33,,1.13,1.43
2017-06-05,14.32,,1.13,1.43
2017-06-07,14.27,,1.13,1.44
2017-06-08,14.28,,1.13,1.43
2017-06-09,14.39,,1.14,1.42
2017-06-12,14.25,,1.13,1.44
2017-06-13,14.35,,1.14,1.43
2017-06-14,14.34,,1.13,1.43
2017-06-15,14.27,,1.13,1.43
2017-06-16,14.27,,1.13,1.43
2017-06-19,14.33,,1.13,1.43
2017-06-20,14.32,,1.13,1.43
2017-06-21,14.25,,1.13,1.44
2017-06-22,14.33,,1.13,1.43
2017-06-23,14.38,,1.14,1.42
2017-06-26,14.44,,1.14,1.42
2017-06-27,14.46,,1.14,1.42
2017-06-28,14.4,,1.14,1.42
2017-06-29,14.48,,1.15,1.41
2017-06-30,14.46,,1.14,1.42
2017-07-03,14.47,,1.15,1.41
2017-07-04,14.39,,1.14,1.42
2017-07-05,14.44,,1.14,1.42
2017-07-06,14.43,,1.14,1.42
2017-07-07,14.38,,1.14,1.42
2017-07-10,14.41,,1.14,1.42
2017-07-11,14.5,,1.15,1.41
2017-07-12,14.47,,1.14,1.41
2017-07-13,14.58,,1.15,1.4
2017-07-14,14.61,,1.15,1.4
2017-07-17,14.67,,1.16,1.39
2017-07-18,14.67,,1.16,1.39
2017-07-19,14.7,,1.16,1.39
2017-07-20,14.77,,1.17,1.39
2017-07-21,14.85,,1.17,1.38
2017-07-24,14.86,,1.17,1.38
2017-07-25,14.79,,1.17,1.39
2017-07-26,14.76,,1.16,1.39
2017-07-27,14.81,,1.17,1.38
2017-07-28,14.55,,1.15,1.41
2017-07-31,14.56,,1.15,1.41
2017-08-01,14.68,,1.16,1.4
2017-08-02,14.69,,1.16,1.4
2017-08-03,14.44,,1.14,1.42
2017-08-04,14.49,,1.14,1.41
2017-08-07,14.51,,1.14,1.41
2017-08-08,14.49,,1.14,1.42
2017-08-09,14.32,,1.13,1.43
2017-08-10,14.27,,1.13,1.44
2017-08-11,14.03,,1.11,1.46
2017-08-14,14.11,,1.11,1.45
2017-08-16,14.2,,1.12,1.44
2017-08-17,14.29,,1.13,1.43
2017-08-18,14.27,,1.13,1.44
2017-08-21,14.25,,1.12,1.44
2017-08-22,14.31,,1.13,1.43
2017-08-23,14.32,,1.13,1.43
2017-08-24,14.38,,1.13,1.43
2017-08-25,14.41,,1.14,1.42
2017-08-28,14.36,,1.13,1.43
2017-08-29,14.33,,1.13,1.43
2017-08-30,14.37,,1.13,1.43
2017-08-31,14.32,,1.13,1.43
2017-09-01,13.27,,1.08,1.43
2017-09-04,13.11,,1.07,1.45
2017-09-05,13.1,,1.07,1.45
2017-09-06,13.06,,1.06,1.45
2017-09-07,13.21,,1.08,1.44
2017-09-08,13.2,,1.07,1.44
2017-09-11,13.29,,1.08,1.43
2017-09-12,13.32,,1.08,1.43
2017-09-13,13.29,,1.08,1.43
2017-09-14,13.39,,1.09,1.42
2017-09-15,13.52,,1.1,1.41
2017-09-18,13.7,,1.11,1.39
2017-09-19,13.69,,1.11,1.39
2017-09-20,13.67,,1.11,1.39
2017-09-21,13.63,,1.1,1.39
2017-09-22,13.53,,1.1,1.4
2017-09-25,13.49,,1.09,1.41
2017-09-26,13.46,,1.09,1.41
2017-09-27,13.45,,1.09,1.41
2017-09-28,13.45,,1.09,1.41
2017-09-29,13.58,,1.1,1.4
2017-10-10,13.8,,1.12,1.38
2017-10-11,13.94,,1.13,1.36
2017-10-12,14.03,,1.14,1.35
2017-10-13,14.05,,1.14,1.35
2017-10-16,14.09,,1.14,1.35
2017-10-17,14.11,,1.14,1.35
2017-10-18,14.11,,1.14,1.35
2017-10-19,14.05,,1.14,1.35
2017-10-20,14.14,,1.14,1.35
2017-10-23,14.15,,1.14,1.35
2017-10-24,14.15,,1.14,1.35
2017-10-25,14.16,,1.15,1.34
2017-10-26,14.09,,1.14,1.35
2017-10-27,14.19,,1.15,1.34
2017-10-30,14.22,,1.15,1.34
2017-10-31,14.34,,1.16,1.33
2017-11-01,14.53,,1.18,1.31
2017-11-02,14.48,,1.17,1.31
2017-11-03,14.53,,1.18,1.31
2017-11-06,14.48,,1.17,1.31
2017-11-07,14.46,,1.17,1.32
2017-11-08,14.5,,1.17,1.31
2017-11-09,14.49,,1.17,1.31
2017-11-10,14.44,,1.17,1.32
2017-11-13,14.37,,1.16,1.32
2017-11-14,14.35,,1.16,1.33
2017-11-15,14.3,,1.16,1.33
2017-11-16,14.4,,1.16,1.32
2017-11-17,14.39,,1.16,1.32
2017-11-20,14.36,,1.16,1.33
2017-11-21,14.38,,1.16,1.32
2017-11-22,14.43,,1.17,1.32
2017-11-23,14.41,,1.17,1.32
2017-11-24,14.45,,1.17,1.32
2017-11-27,14.25,,1.15,1.34
2017-11-28,14.28,,1.16,1.33
2017-11-29,14.28,,1.15,1.33
2017-11-30,14.06,,1.14,1.35
2017-12-01,13.05,,1.12,1.35
2017-12-04,13.18,,1.13,1.34
2017-12-05,13.23,,1.13,1.33
2017-12-06,13.04,,1.11,1.35
2017-12-07,12.98,,1.11,1.36
2017-12-08,13.0,,1.11,1.36
2017-12-11,13.01,,1.11,1.36
2017-12-12,12.95,,1.11,1.36
2017-12-13,13.06,,1.12,1.35
2017-12-14,13.0,,1.11,1.36
2017-12-15,13.06,,1.12,1.35
2017-12-18,13.06,,1.12,1.35
2017-12-19,13.05,,1.11,1.35
2017-12-20,13.01,,1.11,1.36
2017-12-21,12.79,,1.09,1.38
2017-12-22,12.85,,1.1,1.37
2017-12-26,12.78,,1.09,1.38
2017-12-27,12.83,,1.1,1.38
2017-12-28,12.99,,1.11,1.36
2018-01-02,13.06,,1.12,1.35
2018-01-03,13.09,,1.12,1.35
2018-01-04,12.99,,1.11,1.36
2018-01-05,13.15,,1.12,1.34
2018-01-08,13.23,,1.13,1.34
2018-01-09,13.21,,1.13,1.34
2018-01-10,13.15,,1.12,1.34
2018-01-11,13.09,,1.12,1.35
2018-01-12,13.13,,1.12,1.35
2018-01-15,13.16,,1.12,1.34
2018-01-16,13.26,,1.13,1.33
2018-01-17,13.23,,1.13,1.34
2018-01-18,13.23,,1.13,1.34
2018-01-19,13.25,,1.13,1.33
2018-01-22,13.16,,1.12,1.34
2018-01-23,13.34,,1.14,1.32
2018-01-24,13.34,,1.14,1.32
2018-01-25,13.47,,1.15,1.31
2018-01-26,13.53,,1.16,1.3
2018-01-29,13.66,,1.17,1.29
2018-01-30,13.49,,1.15,1.31
2018-01-31,13.5,,1.15,1.31
2018-02-01,13.52,,1.15,1.31
2018-02-02,13.29,,1.14,1.33
2018-02-05,13.12,,1.12,1.35
2018-02-06,12.91,,1.1,1.37
2018-02-07,12.61,,1.08,1.4
2018-02-08,12.66,,1.08,1.4
2018-02-09,12.67,,1.08,1.39
2018-02-12,12.79,,1.09,1.38
2018-02-13,12.84,,1.1,1.37
2018-02-14,12.99,,1.11,1.36
2018-02-19,13.1,,1.12,1.34
2018-02-20,12.95,,1.11,1.36
2018-02-21,13.03,,1.11,1.35
2018-02-22,12.95,,1.11,1.36
2018-02-23,13.15,,1.12,1.34
2018-02-26,13.18,,1.13,1.34
2018-02-27,13.17,,1.13,1.34
2018-02-28,13.02,,1.11,1.35
2018-03-02,12.89,,1.1,1.37
2018-03-05,12.74,,1.09,1.38
2018-03-06,12.94,,1.11,1.36
2018-03-07,12.9,,1.1,1.37
2018-03-08,13.06,,1.12,1.35
2018-03-09,13.21,,1.13,1.33
2018-03-12,13.34,,1.14,1.32
2018-03-13,13.39,,1.15,1.31
2018-03-14,13.35,,1.14,1.32
2018-03-15,13.38,,1.14,1.32
2018-03-16,13.37,,1.15,1.31
2018-03-19,13.27,,1.14,1.32
2018-03-20,13.31,,1.14,1.32
2018-03-21,13.31,,1.14,1.32
2018-03-22,13.37,,1.15,1.31
2018-03-23,12.96,,1.11,1.35
2018-03-26,13.08,,1.12,1.34
2018-03-27,13.16,,1.13,1.33
2018-03-28,12.98,,1.11,1.35
2018-03-29,13.07,,1.12,1.34
2018-03-30,13.1,,1.12,1.34
2018-04-02,13.09,,1.12,1.34
2018-04-03,13.08,,1.12,1.34
2018-04-04,12.9,,1.11,1.36
2018-04-05,13.06,,1.12,1.34
2018-04-06,13.01,,1.12,1.35
2018-04-09,13.09,,1.12,1.34
2018-04-10,13.13,,1.12,1.33
2018-04-11,13.09,,1.12,1.34
2018-04-12,13.08,,1.12,1.34
2018-04-13,13.17,,1.13,1.33
2018-04-16,13.18,,1.13,1.33
2018-04-17,13.16,,1.13,1.33
2018-04-18,13.31,,1.14,1.32
2018-04-19,13.34,,1.14,1.31
2018-04-20,13.29,,1.14,1.32
2018-04-23,13.27,,1.14,1.32
2018-04-24,13.22,,1.13,1.33
2018-04-25,13.14,,1.13,1.33
2018-04-26,13.28,,1.14,1.32
2018-04-27,13.37,,1.15,1.31
2018-04-30,13.5,,1.16,1.3
2018-05-02,12.0,,1.14,1.55
2018-05-03,11.91,,1.14,1.56
2018-05-04,11.79,,1.12,1.58
2018-05-08,11.73,,1.12,1.59
2018-05-09,11.71,,1.12,1.59
2018-05-10,11.8,,1.13,1.58
2018-05-11,11.87,,1.13,1.57
2018-05-14,11.86,,1.13,1.57
2018-05-15,11.78,,1.12,1.58
2018-05-16,11.78,,1.12,1.58
2018-05-17,11.73,,1.12,1.59
2018-05-18,11.79,,1.12,1.58
2018-05-21,11.81,,1.13,1.58
2018-05-23,11.84,,1.13,1.57
2018-05-24,11.81,,1.13,1.58
2018-05-25,11.79,,1.12,1.58
2018-05-28,11.88,,1.13,1.57
2018-05-29,11.77,,1.12,1.58
2018-05-30,11.54,,1.1,1.62
2018-05-31,11.61,,1.11,1.61
2018-06-01,11.69,,1.11,1.6
2018-06-04,11.73,,1.12,1.59
2018-06-05,11.69,,1.11,1.59
2018-06-07,11.77,,1.11,1.57
2018-06-08,11.68,,1.11,1.59
2018-06-11,11.77,,1.11,1.57
2018-06-12,11.74,,1.11,1.58
2018-06-14,11.51,,1.09,1.61
2018-06-15,11.42,,1.08,1.62
2018-06-18,11.29,,1.07,1.64
2018-06-19,11.12,,1.05,1.66
2018-06-20,11.23,,1.06,1.65
2018-06-21,11.11,,1.05,1.67
2018-06-22,11.2,,1.06,1.65
2018-06-25,11.2,,1.06,1.65
2018-06-26,11.17,,1.06,1.66
2018-06-27,11.13,,1.06,1.66
2018-06-28,11.0,,1.04,1.68
2018-06-29,11.05,,1.05,1.67
2018-07-02,10.79,,1.02,1.71
2018-07-03,10.8,,1.02,1.71
2018-07-04,10.76,,1.02,1.72
2018-07-05,10.73,,1.02,1.73
2018-07-06,10.8,,1.02,1.71
2018-07-09,10.86,,1.03,1.7
2018-07-10,10.9,,1.03,1.7
2018-07-11,10.84,,1.03,1.71
2018-07-12,10.86,,1.03,1.7
2018-07-13,10.98,,1.04,1.68
2018-07-16,10.91,,1.03,1.7
2018-07-17,10.89,,1.03,1.7
2018-07-18,10.86,,1.03,1.7
2018-07-19,10.82,,1.03,1.71
2018-07-20,10.86,,1.03,1.7
2018-07-23,10.77,,1.02,1.72
2018-07-24,10.82,,1.03,1.71
2018-07-25,10.78,,1.02,1.72
2018-07-26,10.86,,1.03,1.7
2018-07-27,10.89,,1.03,1.7
2018-07-30,10.88,,1.03,1.7
2018-07-31,10.89,,1.03,1.7
2018-08-01,10.94,,1.04,1.69
2018-08-02,10.77,,1.02,1.72
2018-08-03,10.85,,1.03,1.7
2018-08-06,10.84,,1.03,1.71
2018-08-07,10.9,,1.03,1.7
2018-08-08,10.91,,1.03,1.7
2018-08-09,10.92,,1.04,1.69
2018-08-10,10.82,,1.03,1.71
2018-08-13,10.66,,1.01,1.74
2018-08-14,10.71,,1.02,1.73
2018-08-16,10.62,,1.01,1.74
2018-08-17,10.65,,1.01,1.74
2018-08-20,10.66,,1.01,1.74
2018-08-21,10.76,,1.02,1.72
2018-08-22,10.78,,1.02,1.72
2018-08-23,10.82,,1.03,1.71
2018-08-24,10.87,,1.03,1.7
2018-08-27,10.9,,1.03,1.7
2018-08-28,10.92,,1.04,1.69
2018-08-29,10.95,,1.04,1.69
2018-08-30,10.94,,1.04,1.69
2018-08-31,11.01,,1.04,1.68
2018-09-03,10.94,,1.04,1.69
2018-09-04,10.98,,1.04,1.69
2018-09-05,10.86,,1.03,1.7
2018-09-06,10.84,,1.03,1.71
2018-09-07,10.82,,1.03,1.71
2018-09-10,10.97,,1.01,1.7
2018-09-11,10.94,,1.0,1.7
2018-09-12,10.94,,1.0,1.7
2018-09-13,10.95,,1.0,1.7
2018-09-14,11.11,,1.02,1.68
2018-09-17,11.03,,1.01,1.69
2018-09-18,11.07,,1.02,1.68
2018-09-19,11.07,,1.02,1.68
2018-09-20,11.14,,1.02,1.67
2018-09-21,11.22,,1.03,1.66
2018-09-27,11.29,,1.04,1.65
2018-09-28,11.24,,1.03,1.66
2018-10-01,11.22,,1.03,1.66
2018-10-02,11.07,,1.02,1.68
2018-10-04,10.91,,1.0,1.71
2018-10-05,10.87,,1.0,1.71
2018-10-08,10.81,,0.99,1.72
2018-10-10,10.69,,0.98,1.74
2018-10-11,10.21,,0.94,1.82
2018-10-12,10.37,,0.95,1.8
2018-10-15,10.29,,0.94,1.81
2018-10-16,10.29,,0.94,1.81
2018-10-17,10.4,,0.95,1.79
2018-10-18,10.3,,0.95,1.81
2018-10-19,10.34,,0.95,1.8
2018-10-22,10.37,,0.95,1.8
2018-10-23,10.1,,0.93,1.84
2018-10-24,10.06,,0.92,1.85
2018-10-25,9.9,,0.91,1.88
2018-10-26,9.73,,0.89,1.92
2018-10-29,9.58,,0.88,1.95
2018-10-30,9.67,,0.89,1.93
2018-10-31,9.74,,0.89,1.91
2018-11-01,9.72,,0.89,1.92
2018-11-02,10.06,,0.92,1.85
2018-11-05,9.97,,0.91,1.87
2018-11-06,10.03,,0.92,1.86
2018-11-07,9.98,,0.92,1.87
2018-11-08,10.05,,0.92,1.86
2018-11-09,10.01,,0.92,1.86
2018-11-12,9.99,,0.92,1.87
2018-11-13,9.94,,0.91,1.88
2018-11-14,9.93,,0.91,1.88
2018-11-15,10.03,,0.92,1.86
2018-11-16,10.05,,0.92,1.86
2018-11-19,10.09,,0.93,1.85
2018-11-20,10.0,,0.92,1.86
2018-11-21,9.97,,0.91,1.87
2018-11-22,9.94,,0.91,1.88
2018-11-23,9.88,,0.91,1.89
2018-11-26,10.0,,0.92,1.86
2018-11-27,10.08,,0.92,1.85
2018-11-28,10.12,,0.93,1.84
2018-11-29,10.15,,0.93,1.84
2018-11-30,10.07,,0.92,1.85
2018-12-03,10.24,,0.94,1.82
2018-12-04,10.16,,0.93,1.84
2018-12-05,10.1,,0.93,1.85
2018-12-06,9.94,,0.91,1.88
2018-12-07,9.89,,0.89,1.87
2018-12-10,9.79,,0.88,1.89
2018-12-11,9.78,,0.88,1.89
2018-12-12,9.78,,0.88,1.89
2018-12-13,9.84,,0.89,1.88
2018-12-14,9.72,,0.88,1.9
2018-12-17,9.73,,0.88,1.9
2018-12-18,9.69,,0.88,1.91
2018-12-19,9.77,,0.88,1.89
2018-12-20,9.68,,0.88,1.91
2018-12-21,9.68,,0.88,1.91
2018-12-24,9.65,,0.87,1.91
2018-12-26,9.53,,0.86,1.94
2018-12-27,9.53,,0.86,1.94
2018-12-28,9.58,,0.87,1.93
2019-01-02,9.44,,0.85,1.96
2019-01-03,9.36,,0.85,1.97
2019-01-04,9.44,,0.85,1.96
2019-01-07,9.57,,0.87,1.93
2019-01-08,9.52,,0.86,1.94
2019-01-09,9.7,,0.88,1.9
2019-01-10,9.7,,0.88,1.9
2019-01-11,9.75,,0.88,1.89
2019-01-14,9.7,,0.88,1.9
2019-01-15,9.85,,0.89,1.87
2019-01-16,9.89,,0.9,1.87
2019-01-17,9.9,,0.9,1.87
2019-01-18,9.98,,0.9,1.85
2019-01-21,9.98,,0.9,1.85
2019-01-22,9.95,,0.9,1.86
2019-01-23,10.0,,0.9,1.85
2019-01-24,10.08,,0.91,1.83
2019-01-25,10.23,,0.93,1.81
2019-01-28,10.23,,0.93,1.81
2019-01-29,10.26,,0.93,1.8
2019-01-30,10.36,,0.94,1.78
2019-01-31,10.36,,0.94,1.78
2019-02-01,10.35,,0.94,1.78
2019-02-07,10.35,,0.94,1.78
2019-02-08,10.23,,0.93,1.81
2019-02-11,10.24,,0.93,1.8
2019-02-12,10.29,,0.93,1.79
2019-02-13,10.41,,0.94,1.77
2019-02-14,10.52,,0.95,1.75
2019-02-15,10.38,,0.94,1.77
2019-02-18,10.45,,0.95,1.76
2019-02-19,10.43,,0.94,1.77
2019-02-20,10.55,,0.96,1.75
2019-02-21,10.54,,0.95,1.75
2019-02-22,10.55,,0.96,1.75
2019-02-25,10.56,,0.96,1.74
2019-02-26,10.53,,0.95,1.75
2019-02-27,10.57,,0.96,1.74
2019-02-28,10.38,,0.94,1.77
2019-03-04,10.36,,0.94,1.78
2019-03-05,10.31,,0.93,1.79
2019-03-06,10.29,,0.93,1.79
2019-03-07,10.25,,0.93,1.8
2019-03-08,10.11,,0.92,1.82
2019-03-11,10.11,,0.92,1.82
2019-03-12,10.21,,0.92,1.8
2019-03-13,10.16,,0.92,1.81
2019-03-14,10.2,,0.92,1.81
2019-03-15,10.3,,0.93,1.79
2019-03-18,10.31,,0.93,1.79
2019-03-19,10.3,,0.93,1.79
2019-03-20,10.3,,0.93,1.79
2019-03-21,10.34,,0.94,1.78
2019-03-22,10.34,,0.94,1.78
2019-03-25,10.15,,0.92,1.81
2019-03-26,10.17,,0.92,1.81
2019-03-27,10.14,,0.92,1.81
2019-03-28,10.06,,0.91,1.83
2019-03-29,10.13,,0.92,1.81
2019-04-01,10.26,,0.93,1.79
2019-04-02,10.3,,0.94,1.78
2019-04-03,10.43,,0.95,1.76
2019-04-04,10.44,,0.95,1.76
2019-04-05,10.46,,0.95,1.76
2019-04-08,10.46,,0.95,1.76
2019-04-09,10.48,,0.95,1.75
2019-04-10,10.53,,0.96,1.75
2019-04-11,10.53,,0.96,1.75
2019-04-12,10.57,,0.96,1.74
2019-04-15,10.61,,0.96,1.73
2019-04-16,10.64,,0.97,1.73
2019-04-17,10.63,,0.97,1.73
2019-04-18,10.48,,0.95,1.75
2019-04-19,10.49,,0.95,1.75
2019-04-22,10.49,,0.95,1.75
2019-04-23,10.51,,0.95,1.75
2019-04-24,10.42,,0.95,1.76
2019-04-25,10.37,,0.94,1.77
2019-04-26,10.31,,0.94,1.78
2019-04-29,10.49,,0.95,1.75
2019-04-30,10.43,,0.95,1.76
2019-05-02,11.47,,0.95,2.03
2019-05-03,11.38,,0.94,2.05
2019-05-07,11.28,,0.93,2.07
2019-05-08,11.24,,0.93,2.07
2019-05-09,10.89,,0.9,2.14
2019-05-10,10.92,,0.9,2.13
2019-05-13,10.77,,0.89,2.16
2019-05-14,10.79,,0.89,2.16
2019-05-15,10.84,,0.89,2.15
2019-05-16,10.71,,0.88,2.18
2019-05-17,10.65,,0.88,2.19
2019-05-20,10.65,,0.88,2.19
2019-05-21,10.68,,0.88,2.18
2019-05-22,10.69,,0.88,2.18
2019-05-23,10.67,,0.88,2.19
2019-05-24,10.59,,0.87,2.2
2019-05-27,10.59,,0.87,2.2
2019-05-28,10.61,,0.87,2.2
2019-05-29,10.49,,0.87,2.22
2019-05-30,10.57,,0.87,2.2
2019-05-31,10.59,,0.87,2.2
2019-06-03,11.95,,0.87,2.16
2019-06-04,11.95,,0.87,2.16
2019-06-05,11.96,,0.87,2.16
2019-06-07,11.98,,0.87,2.15
2019-06-10,12.14,,0.88,2.12
2019-06-11,12.21,,0.89,2.11
2019-06-12,12.19,,0.89,2.11
2019-06-13,12.16,,0.88,2.12
2019-06-14,12.11,,0.88,2.13
2019-06-17,12.09,,0.88,2.13
2019-06-18,12.13,,0.88,2.12
2019-06-19,12.29,,0.89,2.1
2019-06-20,12.32,,0.9,2.09
2019-06-21,12.29,,0.89,2.1
2019-06-24,12.29,,0.89,2.1
2019-06-25,12.27,,0.89,2.1
2019-06-26,12.27,,0.89,2.1
2019-06-27,12.34,,0.9,2.09
2019-06-28,12.32,,0.9,2.09
2019-07-01,12.32,,0.89,2.09
2019-07-02,12.27,,0.89,2.1
2019-07-03,12.12,,0.88,2.13
2019-07-04,12.2,,0.89,2.11
2019-07-05,12.21,,0.89,2.11
2019-07-08,11.94,,0.87,2.16
2019-07-09,11.87,,0.86,2.17
2019-07-10,11.91,,0.86,2.17
2019-07-11,12.03,,0.87,2.14
2019-07-12,12.07,,0.88,2.14
2019-07-15,12.05,,0.88,2.14
2019-07-16,12.1,,0.88,2.13
2019-07-17,11.99,,0.87,2.15
2019-07-18,11.95,,0.87,2.16
2019-07-19,12.11,,0.88,2.13
2019-07-22,12.11,,0.88,2.13
2019-07-23,12.16,,0.88,2.12
2019-07-24,12.04,,0.87,2.14
2019-07-25,12.0,,0.87,2.15
2019-07-26,11.95,,0.87,2.16
2019-07-29,11.74,,0.85,2.2
2019-07-30,11.79,,0.86,2.19
2019-07-31,11.71,,0.85,2.2
2019-08-01,11.67,,0.85,2.21
2019-08-02,11.56,,0.84,2.23
2019-08-05,11.26,,0.82,2.29
2019-08-06,11.09,,0.81,2.32
2019-08-07,11.05,,0.8,2.33
2019-08-08,11.11,,0.81,2.32
2019-08-09,11.21,,0.81,2.3
2019-08-12,11.23,,0.82,2.29
2019-08-13,11.14,,0.81,2.31
2019-08-14,11.21,,0.81,2.3
2019-08-16,11.15,,0.81,2.31
2019-08-19,11.22,,0.82,2.3
2019-08-20,11.34,,0.82,2.27
2019-08-21,11.36,,0.83,2.27
2019-08-22,11.29,,0.82,2.28
2019-08-23,11.27,,0.82,2.29
2019-08-26,11.08,,0.81,2.33
2019-08-27,11.13,,0.81,2.32
2019-08-28,11.23,,0.82,2.3
2019-08-29,11.18,,0.81,2.31
2019-08-30,11.38,,0.83,2.26
2019-09-02,11.39,,0.83,2.26
2019-09-03,11.37,,0.83,2.27
2019-09-04,13.57,,0.82,2.24
2019-09-05,13.68,,0.82,2.22
2019-09-06,13.71,,0.83,2.22
2019-09-09,13.78,,0.83,2.21
2019-09-10,13.86,,0.84,2.19
2019-09-11,13.98,,0.84,2.17
2019-09-16,14.07,,0.85,2.16
2019-09-17,14.08,,0.85,2.16
2019-09-18,14.13,,0.85,2.15
2019-09-19,14.2,,0.86,2.14
2019-09-20,14.28,,0.86,2.13
2019-09-23,14.28,,0.86,2.13
2019-09-24,14.34,,0.86,2.12
2019-09-25,14.16,,0.85,2.15
2019-09-26,14.17,,0.85,2.15
2019-09-27,14.0,,0.84,2.17
2019-09-30,14.09,,0.85,2.16
2019-10-01,14.16,,0.85,2.15
2019-10-02,13.87,,0.84,2.19
2019-10-04,13.8,,0.83,2.2
2019-10-07,13.8,,0.83,2.2
2019-10-08,13.97,,0.84,2.18
2019-10-10,13.85,,0.83,2.2
2019-10-11,13.96,,0.84,2.18
2019-10-14,14.12,,0.85,2.15
2019-10-15,14.12,,0.85,2.15
2019-10-16,14.22,,0.86,2.14
2019-10-17,14.19,,0.86,2.14
2019-10-18,14.07,,0.85,2.16
2019-10-21,14.09,,0.85,2.16
2019-10-22,14.26,,0.86,2.13
2019-10-23,14.2,,0.86,2.14
2019-10-24,14.23,,0.86,2.13
2019-10-25,14.25,,0.86,2.13
2019-10-28,14.29,,0.86,2.13
2019-10-29,14.29,,0.86,2.13
2019-10-30,14.2,,0.86,2.14
2019-10-31,14.23,,0.86,2.13
2019-11-01,14.34,,0.87,2.12
2019-11-04,14.55,,0.88,2.09
2019-11-05,14.64,,0.88,2.08
2019-11-06,14.65,,0.88,2.07
2019-11-07,14.65,,0.88,2.07
2019-11-08,14.6,,0.88,2.08
2019-11-11,14.51,,0.88,2.09
2019-11-12,14.62,,0.88,2.08
2019-11-13,14.5,,0.87,2.09
2019-11-14,14.62,,0.88,2.08
2019-11-15,14.78,,0.89,2.06
2019-11-18,14.77,,0.89,2.06
2019-11-19,14.72,,0.89,2.06
2019-11-20,14.53,,0.88,2.09
2019-11-21,14.33,,0.86,2.12
2019-11-22,14.37,,0.87,2.11
2019-11-25,14.51,,0.88,2.09
2019-11-26,14.5,,0.87,2.09
2019-11-27,14.55,,0.88,2.09
2019-11-28,14.48,,0.87,2.1
2019-11-29,14.27,,0.86,2.13
2019-12-02,14.3,,0.86,2.12
2019-12-03,17.25,,0.84,2.13
2019-12-04,17.12,,0.84,2.15
2019-12-05,17.05,,0.84,2.16
2019-12-06,17.23,,0.84,2.13
2019-12-09,17.28,,0.85,2.13
2019-12-10,17.36,,0.85,2.12
2019-12-11,17.43,,0.85,2.11
2019-12-12,17.69,,0.87,2.08
2019-12-13,17.97,,0.88,2.05
2019-12-16,17.95,,0.88,2.05
2019-12-17,18.18,,0.89,2.02
2019-12-18,18.18,,0.89,2.02
2019-12-19,18.19,,0.89,2.02
2019-12-20,18.25,,0.89,2.01
2019-12-23,18.25,,0.89,2.01
2019-12-24,18.14,,0.89,2.03
2019-12-26,18.2,,0.89,2.02
2019-12-27,18.25,,0.89,2.01
2019-12-30,18.2,,0.89,2.02
2020-01-02,18.01,,0.88,2.04
2020-01-03,18.02,,0.88,2.04
2020-01-06,17.84,,0.87,2.06
2020-01-07,18.01,,0.88,2.04
2020-01-08,17.81,,0.87,2.06
2020-01-09,18.11,,0.89,2.03
2020-01-10,18.27,,0.89,2.01
2020-01-13,18.46,,0.9,1.99
2020-01-14,18.54,,0.91,1.98
2020-01-15,18.48,,0.91,1.99
2020-01-16,18.62,,0.91,1.97
2020-01-17,18.64,,0.91,1.97
2020-01-20,18.75,,0.92,1.96
2020-01-21,18.55,,0.91,1.98
2020-01-22,18.78,,0.92,1.96
2020-01-23,18.61,,0.91,1.98
2020-01-28,18.03,,0.88,2.04
2020-01-29,18.1,,0.89,2.03
2020-01-30,17.79,,0.87,2.07
2020-01-31,17.56,,0.86,2.09
2020-02-03,17.56,,0.86,2.09
2020-02-04,17.88,,0.88,2.06
2020-02-05,17.94,,0.88,2.05
2020-02-06,18.46,,0.9,1.99
2020-02-07,18.33,,0.9,2.01
2020-02-10,18.24,,0.89,2.02
2020-02-11,18.42,,0.9,2.0
2020-02-12,18.55,,0.91,1.98
2020-02-13,18.51,,0.91,1.99
2020-02-14,18.63,,0.91,1.97
2020-02-17,18.62,,0.91,1.97
2020-02-18,18.34,,0.9,2.0
2020-02-19,18.35,,0.9,2.0
2020-02-20,18.23,,0.89,2.01
2020-02-21,17.96,,0.88,2.04
2020-02-24,17.26,,0.84,2.12
2020-02-25,17.46,,0.85,2.1
2020-02-26,17.24,,0.84,2.12
2020-02-27,17.06,,0.83,2.15
2020-02-28,16.5,,0.81,2.22
2020-03-02,16.62,,0.81,2.2
2020-03-03,16.72,,0.82,2.19
2020-03-04,17.09,,0.84,2.14
2020-03-05,17.31,,0.85,2.12
2020-03-06,16.93,,0.83,2.16
2020-03-09,16.22,,0.79,2.26
2020-03-10,16.29,,0.8,2.25
2020-03-11,15.84,,0.77,2.31
2020-03-12,15.22,,0.74,2.41
2020-03-13,14.7,,0.72,2.49
2020-03-16,14.23,,0.7,2.57
2020-03-17,13.88,,0.68,2.64
2020-03-18,13.2,,0.65,2.77
2020-03-19,12.09,,0.59,3.03
2020-03-20,13.19,,0.64,2.82
2020-03-23,12.48,,0.6,2.97
2020-03-24,13.47,,0.65,2.74
2020-03-25,14.26,,0.69,2.59
2020-03-26,14.1,,0.68,2.62
2020-03-27,14.37,,0.7,2.57
2020-03-30,14.36,,0.7,2.57
2020-03-31,14.66,,0.71,2.51
2020-04-01,14.08,,0.68,2.62
2020-04-02,14.41,,0.7,2.56
2020-04-03,14.41,,0.7,2.56
2020-04-06,14.97,,0.73,2.46
2020-04-07,15.23,,0.74,2.42
2020-04-08,15.09,,0.73,2.44
2020-04-09,15.33,,0.75,2.4
2020-04-10,15.54,,0.76,2.37
2020-04-13,15.25,,0.74,2.42
2020-04-14,15.51,,0.75,2.38
2020-04-16,15.5,,0.75,2.38
2020-04-17,15.98,,0.78,2.3
2020-04-20,15.85,,0.77,2.32
2020-04-21,15.69,,0.76,2.35
2020-04-22,15.83,,0.77,2.33
2020-04-23,15.98,,0.78,2.3
2020-04-24,15.77,,0.77,2.34
2020-04-27,16.05,,0.78,2.29
2020-04-28,16.15,,0.79,2.28
2020-04-29,16.26,,0.79,2.27
2020-05-04,18.3,,0.78,2.3
2020-05-06,18.62,,0.79,2.26
2020-05-07,18.62,,0.79,2.26
2020-05-08,18.79,,0.8,2.24
2020-05-11,18.69,,0.79,2.25
2020-05-12,18.56,,0.79,2.27
2020-05-13,18.73,,0.79,2.25
2020-05-14,18.58,,0.79,2.26
2020-05-15,18.61,,0.79,2.26
2020-05-18,18.72,,0.79,2.25
2020-05-19,19.14,,0.81,2.2
2020-05-20,19.23,,0.81,2.19
2020-05-21,19.32,,0.82,2.18
2020-05-22,19.04,,0.81,2.21
2020-05-25,19.27,,0.82,2.19
2020-05-26,19.62,,0.83,2.15
2020-05-27,19.63,,0.83,2.15
2020-05-28,19.61,,0.83,2.15
2020-05-29,19.62,,0.83,2.15
2020-06-01,19.97,,0.85,2.11
2020-06-02,20.18,,0.85,2.09
2020-06-03,24.57,,0.88,2.03
2020-06-04,24.62,,0.88,2.02
2020-06-05,25.0,,0.9,1.99
2020-06-08,25.02,,0.9,1.99
2020-06-09,25.08,,0.9,1.99
2020-06-10,25.16,,0.9,1.98
2020-06-11,24.94,,0.9,2.0
2020-06-12,24.43,,0.88,2.04
2020-06-15,23.26,,0.83,2.14
2020-06-16,24.5,,0.88,2.03
2020-06-17,24.54,,0.88,2.03
2020-06-18,24.45,,0.88,2.04
2020-06-19,24.54,,0.88,2.03
2020-06-22,24.37,,0.87,2.05
2020-06-23,24.43,,0.88,2.04
2020-06-24,24.78,,0.89,2.01
2020-06-25,24.22,,0.87,2.06
2020-06-26,24.48,,0.88,2.04
2020-06-29,24.0,,0.86,2.08
2020-06-30,24.18,,0.87,2.06
2020-07-01,24.16,,0.87,2.06
2020-07-02,24.49,,0.88,2.04
2020-07-03,24.89,,0.89,2.01
2020-07-06,25.31,,0.91,1.97
2020-07-07,25.03,,0.9,1.99
2020-07-08,24.97,,0.89,2.0
2020-07-09,25.07,,0.9,1.99
2020-07-10,24.87,,0.89,2.01
2020-07-13,25.28,,0.91,1.97
2020-07-14,25.25,,0.91,1.98
2020-07-15,25.46,,0.91,1.96
2020-07-16,25.25,,0.91,1.98
2020-07-17,25.45,,0.91,1.96
2020-07-20,25.42,,0.91,1.96
2020-07-21,25.8,,0.92,1.94
2020-07-22,25.8,,0.92,1.94
2020-07-23,25.65,,0.92,1.95
2020-07-24,25.47,,0.91,1.96
2020-07-27,25.67,,0.92,1.95
2020-07-28,26.13,,0.94,1.91
2020-07-29,26.2,,0.94,1.91
2020-07-30,26.24,,0.94,1.9
2020-07-31,26.04,,0.93,1.92
2020-08-03,26.06,,0.93,1.92
2020-08-04,26.39,,0.95,1.89
2020-08-05,26.77,,0.96,1.87
2020-08-06,27.12,,0.97,1.84
2020-08-07,27.23,,0.98,1.83
2020-08-10,27.63,,0.99,1.81
2020-08-11,28.01,,1.0,1.78
2020-08-12,28.16,,1.01,1.77
2020-08-13,28.23,,1.01,1.77
2020-08-14,27.89,,1.0,1.79
2020-08-18,26.95,,0.97,1.84
2020-08-19,27.09,,0.98,1.83
2020-08-20,26.1,,0.94,1.9
2020-08-21,26.45,,0.96,1.87
2020-08-24,26.74,,0.97,1.85
2020-08-25,27.17,,0.98,1.82
2020-08-26,27.2,,0.98,1.82
2020-08-27,26.91,,0.97,1.84
2020-08-28,27.02,,0.98,1.83
2020-08-31,26.7,,0.97,1.85
2020-09-01,26.97,,0.98,1.83
2020-09-02,27.14,,0.98,1.82
2020-09-03,27.51,,0.99,1.8
2020-09-04,27.19,,0.98,1.82
2020-09-07,27.37,,0.99,1.81
2020-09-08,27.58,,1.0,1.79
2020-09-09,27.28,,0.99,1.81
2020-09-10,28.63,,0.98,1.8
2020-09-11,28.63,,0.98,1.8
2020-09-14,29.0,,0.99,1.78
2020-09-15,29.19,,0.99,1.76
2020-09-16,29.1,,0.99,1.77
2020-09-17,28.75,,0.98,1.79
2020-09-18,28.82,,0.98,1.79
2020-09-21,28.55,,0.97,1.8
2020-09-22,27.87,,0.95,1.85
2020-09-23,27.85,,0.95,1.85
2020-09-24,27.13,,0.92,1.9
2020-09-25,27.2,,0.93,1.89
2020-09-28,27.56,,0.94,1.87
2020-09-29,27.79,,0.95,1.85
2020-10-05,28.15,,0.96,1.83
2020-10-06,28.25,,0.96,1.82
2020-10-07,28.5,,0.97,1.81
2020-10-08,28.57,,0.97,1.8
2020-10-12,28.71,,0.98,1.79
2020-10-13,28.7,,0.98,1.79
2020-10-14,28.43,,0.97,1.81
2020-10-15,28.22,,0.96,1.82
2020-10-16,28.1,,0.96,1.83
2020-10-19,28.17,,0.96,1.83
2020-10-20,28.33,,0.97,1.81
2020-10-21,28.48,,0.97,1.81
2020-10-22,28.29,,0.96,1.82
2020-10-23,28.36,,0.97,1.81
2020-10-26,28.15,,0.96,1.83
2020-10-27,28.0,,0.96,1.84
2020-10-28,28.17,,0.96,1.82
2020-10-29,27.95,,0.95,1.84
2020-10-30,27.23,,0.93,1.89
2020-11-02,27.63,,0.94,1.86
2020-11-03,28.16,,0.96,1.83
2020-11-04,28.33,,0.97,1.81
2020-11-05,29.01,,0.99,1.77
2020-11-06,29.04,,0.99,1.77
2020-11-09,29.41,,1.0,1.75
2020-11-10,29.48,,1.01,1.74
2020-11-11,29.88,,1.02,1.72
2020-11-12,29.76,,1.02,1.73
2020-11-13,29.98,,1.02,1.71
2020-11-16,30.57,,1.04,1.68
2020-11-17,30.53,,1.04,1.68
2020-11-18,30.61,,1.04,1.68
2020-11-19,30.63,,1.05,1.68
2020-11-20,30.71,,1.05,1.67
2020-11-23,31.3,,1.07,1.64
2020-11-24,31.48,,1.07,1.63
2020-11-25,31.29,,1.07,1.64
2020-11-26,31.58,,1.08,1.63
2020-11-27,31.67,,1.08,1.62
2020-11-30,31.17,,1.06,1.65
2020-12-01,31.68,,1.08,1.62
2020-12-02,32.19,,1.1,1.6
2020-12-03,32.43,,1.11,1.58
2020-12-04,32.86,,1.12,1.56
2020-12-07,33.04,,1.13,1.55
2020-12-08,32.52,,1.11,1.58
2020-12-09,33.18,,1.13,1.55
2020-12-10,33.07,,1.13,1.55
2020-12-11,28.37,,1.11,1.54
2020-12-14,28.29,,1.11,1.54
2020-12-15,28.23,,1.11,1.55
2020-12-16,28.39,,1.11,1.54
2020-12-17,28.37,,1.11,1.54
2020-12-18,28.4,,1.11,1.54
2020-12-21,28.47,,1.12,1.53
2020-12-22,28.03,,1.1,1.56
2020-12-23,28.3,,1.11,1.54
2020-12-24,28.78,,1.13,1.52
2020-12-28,28.8,,1.13,1.52
2020-12-29,28.93,,1.14,1.51
2020-12-30,29.47,,1.16,1.48
2021-01-04,30.2,,1.19,1.44
2021-01-05,30.68,,1.2,1.42
2021-01-06,30.45,,1.2,1.43
2021-01-07,31.11,,1.22,1.4
2021-01-08,32.35,,1.27,1.35
2021-01-11,32.31,,1.27,1.35
2021-01-12,32.08,,1.26,1.36
2021-01-13,32.31,,1.27,1.35
2021-01-14,32.33,,1.27,1.35
2021-01-15,31.67,,1.24,1.38
2021-01-18,30.95,,1.21,1.41
2021-01-19,31.76,,1.25,1.37
2021-01-20,31.99,,1.26,1.36
2021-01-21,32.47,,1.27,1.34
2021-01-22,32.26,,1.27,1.35
2021-01-25,33.02,,1.3,1.32
2021-01-26,32.28,,1.27,1.35
2021-01-27,32.1,,1.26,1.36
2021-01-28,31.55,,1.24,1.38
2021-01-29,30.59,,1.2,1.43
2021-02-01,31.42,,1.23,1.39
2021-02-02,31.84,,1.25,1.37
2021-02-03,32.18,,1.26,1.36
2021-02-04,31.74,,1.25,1.37
2021-02-05,32.08,,1.26,1.36
2021-02-08,31.78,,1.25,1.37
2021-02-09,31.71,,1.25,1.38
2021-02-10,31.88,,1.25,1.37
2021-02-15,32.36,,1.27,1.35
2021-02-16,32.53,,1.28,1.34
2021-02-17,32.22,,1.27,1.35
2021-02-18,31.74,,1.25,1.37
2021-02-19,31.96,,1.25,1.36
2021-02-22,31.67,,1.24,1.38
2021-02-23,31.57,,1.24,1.38
2021-02-24,30.8,,1.21,1.42
2021-02-25,31.88,,1.25,1.37
2021-02-26,30.98,,1.22,1.41
2021-03-02,31.3,,1.23,1.39
2021-03-03,31.71,,1.25,1.38
2021-03-04,31.3,,1.23,1.39
2021-03-05,31.12,,1.22,1.4
2021-03-08,30.81,,1.21,1.42
2021-03-09,30.6,,1.2,1.43
2021-03-10,30.42,,1.19,1.43
2021-03-11,30.99,,1.22,1.41
2021-03-12,31.41,,1.23,1.39
2021-03-15,31.32,,1.23,1.39
2021-03-16,31.54,,1.24,1.38
2021-03-17,31.34,,1.23,1.39
2021-03-18,31.53,,1.24,1.38
2021-03-19,31.45,,1.24,1.39
2021-03-22,31.41,,1.23,1.39
2021-03-23,31.09,,1.22,1.4
2021-03-24,31.0,,1.22,1.41
2021-03-25,31.12,,1.22,1.4
2021-03-26,31.45,,1.24,1.39
2021-03-29,31.4,,1.23,1.39
2021-03-30,31.75,,1.25,1.37
2021-03-31,31.67,,1.24,1.38
2021-04-01,31.94,,1.25,1.36
2021-04-02,32.2,,1.26,1.35
2021-04-05,32.29,,1.27,1.35
2021-04-06,32.35,,1.27,1.35
2021-04-07,32.46,,1.27,1.34
2021-04-08,32.52,,1.28,1.34
2021-04-09,32.4,,1.27,1.35
2021-04-12,32.44,,1.27,1.34
2021-04-13,32.79,,1.29,1.33
2021-04-14,32.95,,1.29,1.32
2021-04-15,33.07,,1.3,1.32
2021-04-16,33.12,,1.3,1.32
2021-04-19,33.12,,1.3,1.32
2021-04-20,33.35,,1.31,1.31
2021-04-21,32.85,,1.29,1.33
2021-04-22,32.92,,1.29,1.32
2021-04-23,32.99,,1.3,1.32
2021-04-26,33.32,,1.31,1.31
2021-04-27,33.3,,1.31,1.31
2021-04-28,32.94,,1.29,1.32
2021-04-29,32.87,,1.29,1.33
2021-04-30,32.6,,1.28,1.34
2021-05-03,26.05,,1.26,1.83
2021-05-04,26.22,,1.27,1.82
2021-05-06,26.48,,1.28,1.8
2021-05-07,26.63,,1.29,1.79
2021-05-10,27.07,,1.31,1.76
2021-05-11,26.75,,1.3,1.79
2021-05-12,26.46,,1.28,1.8
2021-05-13,26.09,,1.26,1.83
2021-05-14,26.36,,1.28,1.81
2021-05-17,26.2,,1.27,1.82
2021-05-18,26.53,,1.28,1.8
2021-05-20,26.44,,1.28,1.81
2021-05-21,26.39,,1.28,1.81
2021-05-24,26.25,,1.27,1.82
2021-05-25,26.48,,1.28,1.8
2021-05-26,26.46,,1.28,1.8
2021-05-27,26.43,,1.28,1.81
2021-05-28,26.56,,1.29,1.8
2021-05-31,26.69,,1.29,1.79
2021-06-01,26.84,,1.3,1.78
2021-06-02,26.86,,1.3,1.78
2021-06-03,18.13,,1.28,1.76
2021-06-04,18.09,,1.28,1.77
2021-06-07,18.16,,1.28,1.76
2021-06-08,18.13,,1.28,1.76
2021-06-09,17.95,,1.27,1.78
2021-06-10,17.97,,1.27,1.77
2021-06-11,18.11,,1.28,1.76
2021-06-14,18.12,,1.28,1.76
2021-06-15,18.16,,1.29,1.76
2021-06-16,18.27,,1.29,1.74
2021-06-17,18.2,,1.29,1.75
2021-06-18,18.22,,1.29,1.75
2021-06-21,18.06,,1.28,1.76
2021-06-22,18.19,,1.29,1.75
2021-06-23,18.26,,1.29,1.75
2021-06-24,18.32,,1.3,1.74
2021-06-25,18.41,,1.3,1.73
2021-06-28,18.4,,1.3,1.73
2021-06-29,18.33,,1.3,1.74
2021-06-30,18.38,,1.3,1.73
2021-07-01,18.3,,1.3,1.74
2021-07-02,18.3,,1.3,1.74
2021-07-05,18.37,,1.3,1.74
2021-07-06,18.44,,1.31,1.73
2021-07-07,18.33,,1.3,1.74
2021-07-08,18.15,,1.29,1.76
2021-07-09,17.95,,1.27,1.78
2021-07-12,18.11,,1.28,1.76
2021-07-13,18.25,,1.29,1.75
2021-07-14,18.22,,1.29,1.75
2021-07-15,18.34,,1.3,1.74
2021-07-16,18.31,,1.3,1.74
2021-07-19,18.08,,1.29,1.76
2021-07-20,18.02,,1.28,1.76
2021-07-21,17.94,,1.28,1.77
2021-07-22,18.11,,1.29,1.75
2021-07-23,18.14,,1.29,1.75
2021-07-26,17.97,,1.28,1.77
2021-07-27,18.01,,1.28,1.76
2021-07-28,18.04,,1.28,1.76
2021-07-29,18.07,,1.29,1.76
2021-07-30,17.85,,1.27,1.78
2021-08-02,17.96,,1.28,1.77
2021-08-03,18.04,,1.28,1.76
2021-08-04,18.28,,1.3,1.74
2021-08-05,18.26,,1.3,1.74
2021-08-06,18.23,,1.3,1.74
2021-08-09,18.43,,1.31,1.72
2021-08-10,18.34,,1.3,1.73
2021-08-11,18.31,,1.31,1.73
2021-08-12,18.24,,1.3,1.73
2021-08-13,18.02,,1.29,1.75
2021-08-17,17.86,,1.28,1.77
2021-08-18,17.94,,1.28,1.76
2021-08-19,17.6,,1.26,1.79
2021-08-20,17.39,,1.24,1.81
2021-08-23,17.57,,1.26,1.8
2021-08-24,17.84,,1.28,1.77
2021-08-25,17.89,,1.28,1.76
2021-08-26,17.78,,1.27,1.77
2021-08-27,17.82,,1.27,1.77
2021-08-30,17.88,,1.28,1.77
2021-08-31,18.2,,1.3,1.73
2021-09-01,18.24,,1.3,1.73
2021-09-02,18.1,,1.29,1.74
2021-09-03,18.24,,1.3,1.73
2021-09-06,18.25,,1.3,1.73
2021-09-07,18.16,,1.3,1.74
2021-09-08,18.02,,1.29,1.75
2021-09-09,14.82,,1.23,1.77
2021-09-10,14.87,,1.23,1.77
2021-09-13,14.89,,1.23,1.77
2021-09-14,14.99,,1.24,1.75
2021-09-15,15.01,,1.24,1.75
2021-09-16,14.91,,1.23,1.76
2021-09-17,14.95,,1.24,1.76
2021-09-23,15.0,,1.23,1.76
2021-09-24,14.99,,1.23,1.76
2021-09-27,15.03,,1.24,1.75
2021-09-28,14.86,,1.22,1.77
2021-09-29,14.68,,1.21,1.8
2021-09-30,14.72,,1.21,1.79
2021-10-01,14.48,,1.19,1.82
2021-10-05,14.21,,1.17,1.86
2021-10-06,13.95,,1.15,1.89
2021-10-07,14.2,,1.17,1.86
2021-10-08,14.18,,1.17,1.86
2021-10-12,13.99,,1.15,1.88
2021-10-13,14.12,,1.16,1.87
2021-10-14,14.34,,1.18,1.84
2021-10-15,14.47,,1.19,1.82
2021-10-18,14.43,,1.19,1.83
2021-10-19,14.54,,1.2,1.81
2021-10-20,14.46,,1.19,1.82
2021-10-21,14.43,,1.19,1.83
2021-10-22,14.43,,1.19,1.83
2021-10-25,14.5,,1.19,1.82
2021-10-26,14.63,,1.2,1.8
2021-10-27,14.52,,1.19,1.82
2021-10-28,14.44,,1.19,1.83
2021-10-29,14.25,,1.17,1.85
2021-11-01,14.3,,1.18,1.84
2021-11-02,14.46,,1.19,1.82
2021-11-03,14.29,,1.17,1.85
2021-11-04,14.5,,1.19,1.82
2021-11-05,14.43,,1.19,1.83
2021-11-08,14.39,,1.18,1.83
2021-11-09,14.4,,1.18,1.83
2021-11-10,14.24,,1.17,1.85
2021-11-11,14.21,,1.17,1.85
2021-11-12,14.43,,1.19,1.83
2021-11-15,14.58,,1.2,1.81
2021-11-16,14.59,,1.2,1.81
2021-11-17,14.42,,1.19,1.83
2021-11-18,14.34,,1.18,1.84
2021-11-19,14.46,,1.19,1.82
2021-11-22,14.67,,1.21,1.8
2021-11-23,14.59,,1.2,1.81
2021-11-24,14.57,,1.2,1.81
2021-11-25,14.51,,1.19,1.82
2021-11-26,14.29,,1.17,1.84
2021-11-29,14.17,,1.16,1.86
2021-11-30,13.77,,1.13,1.92
2021-12-01,14.07,,1.16,1.87
2021-12-02,14.29,,1.17,1.85
2021-12-03,14.4,,1.18,1.83
2021-12-06,14.43,,1.19,1.83
2021-12-07,14.52,,1.19,1.82
2021-12-08,14.57,,1.2,1.81
2021-12-09,14.71,,1.21,1.79
2021-12-10,14.62,,1.2,1.8
2021-12-13,12.82,,1.15,1.81
2021-12-14,12.76,,1.15,1.82
2021-12-15,12.77,,1.15,1.82
2021-12-16,12.84,,1.15,1.81
2021-12-17,12.89,,1.16,1.8
2021-12-20,12.65,,1.14,1.83
2021-12-21,12.7,,1.14,1.82
2021-12-22,12.74,,1.14,1.82
2021-12-23,12.8,,1.15,1.81
2021-12-24,12.86,,1.15,1.8
2021-12-27,12.8,,1.15,1.81
2021-12-28,12.89,,1.16,1.8
2021-12-29,12.78,,1.15,1.81
2021-12-30,12.72,,1.14,1.82
2022-01-03,12.76,,1.15,1.82
2022-01-04,12.76,,1.15,1.82
2022-01-05,12.61,,1.13,1.84
2022-01-06,12.47,,1.12,1.86
2022-01-07,12.62,,1.13,1.84
2022-01-10,12.51,,1.12,1.85
2022-01-11,12.51,,1.12,1.85
2022-01-12,12.7,,1.14,1.83
2022-01-13,12.66,,1.14,1.83
2022-01-14,12.48,,1.12,1.86
2022-01-17,12.35,,1.11,1.88
2022-01-18,12.23,,1.1,1.9
2022-01-19,12.14,,1.09,1.91
2022-01-20,12.23,,1.1,1.9
2022-01-21,12.11,,1.09,1.92
2022-01-24,11.93,,1.07,1.94
2022-01-25,11.62,,1.04,2.0
2022-01-26,11.57,,1.04,2.0
2022-01-27,11.16,,1.0,2.08
2022-01-28,12.14,,1.08,1.92
2022-02-03,12.34,,1.1,1.88
2022-02-04,12.53,,1.12,1.86
2022-02-07,12.51,,1.12,1.86
2022-02-08,12.52,,1.12,1.86
2022-02-09,12.62,,1.13,1.84
2022-02-10,12.64,,1.13,1.84
2022-02-11,12.53,,1.12,1.86
2022-02-14,12.33,,1.1,1.89
2022-02-15,12.2,,1.09,1.91
2022-02-16,12.44,,1.11,1.87
2022-02-17,12.51,,1.12,1.86
2022-02-18,12.51,,1.12,1.86
2022-02-21,12.51,,1.12,1.86
2022-02-22,12.34,,1.1,1.88
2022-02-23,12.39,,1.11,1.88
2022-02-24,12.07,,1.08,1.93
2022-02-25,12.2,,1.09,1.91
2022-02-28,12.32,,1.1,1.89
2022-03-02,12.34,,1.1,1.88
2022-03-03,12.54,,1.12,1.85
2022-03-04,12.39,,1.11,1.88
2022-03-07,12.1,,1.08,1.92
2022-03-08,11.97,,1.07,1.94
2022-03-10,12.23,,1.09,1.9
2022-03-11,12.15,,1.08,1.91
2022-03-14,12.07,,1.08,1.93
2022-03-15,11.97,,1.07,1.94
2022-03-16,12.14,,1.08,1.92
2022-03-17,12.3,,1.1,1.89
2022-03-18,12.36,,1.1,1.88
2022-03-21,12.26,,1.09,1.9
2022-03-22,12.37,,1.1,1.88
2022-03-23,12.48,,1.11,1.86
2022-03-24,12.45,,1.11,1.87
2022-03-25,12.46,,1.11,1.87
2022-03-28,12.46,,1.11,1.87
2022-03-29,12.51,,1.12,1.86
2022-03-30,12.54,,1.12,1.85
2022-03-31,12.58,,1.12,1.85
2022-04-01,12.5,,1.12,1.86
2022-04-04,12.59,,1.12,1.85
2022-04-05,12.59,,1.12,1.85
2022-04-06,12.48,,1.11,1.86
2022-04-07,12.3,,1.1,1.89
2022-04-08,12.32,,1.1,1.89
2022-04-11,12.29,,1.1,1.89
2022-04-12,12.17,,1.09,1.91
2022-04-13,12.4,,1.11,1.88
2022-04-14,12.4,,1.11,1.88
2022-04-15,12.3,,1.1,1.89
2022-04-18,12.29,,1.1,1.89
2022-04-19,12.41,,1.11,1.87
2022-04-20,12.41,,1.11,1.87
2022-04-21,12.45,,1.11,1.87
2022-04-22,12.34,,1.1,1.88
2022-04-25,12.12,,1.08,1.92
2022-04-26,12.18,,1.09,1.91
2022-04-27,12.04,,1.07,1.93
2022-04-28,12.17,,1.09,1.91
2022-04-29,12.3,,1.1,1.89
2022-05-02,11.13,,1.08,1.85
2022-05-03,11.1,,1.07,1.85
2022-05-04,11.09,,1.07,1.85
2022-05-06,10.95,,1.06,1.88
2022-05-09,10.81,,1.05,1.9
2022-05-10,10.75,,1.04,1.91
2022-05-11,10.74,,1.04,1.92
2022-05-12,10.56,,1.02,1.95
2022-05-13,10.79,,1.04,1.91
2022-05-16,10.75,,1.04,1.91
2022-05-17,10.85,,1.05,1.9
2022-05-18,10.87,,1.05,1.89
2022-05-19,10.73,,1.04,1.92
2022-05-20,10.93,,1.06,1.88
2022-05-23,10.96,,1.06,1.88
2022-05-24,10.79,,1.04,1.91
2022-05-25,10.83,,1.05,1.9
2022-05-26,10.81,,1.05,1.9
2022-05-27,10.92,,1.06,1.88
2022-05-30,11.05,,1.07,1.86
2022-05-31,11.12,,1.08,1.85
2022-06-02,11.01,,1.06,1.87
2022-06-03,11.06,,1.07,1.86
2022-06-07,10.87,,1.05,1.89
2022-06-08,10.87,,1.05,1.89
2022-06-09,11.44,,1.04,1.89
2022-06-10,11.31,,1.02,1.91
2022-06-13,10.91,,0.99,1.98
2022-06-14,10.86,,0.98,1.99
2022-06-15,10.66,,0.96,2.03
2022-06-16,10.68,,0.97,2.03
2022-06-17,10.63,,0.96,2.03
2022-06-20,10.42,,0.94,2.08
2022-06-21,10.5,,0.95,2.06
2022-06-22,10.21,,0.92,2.12
2022-06-23,10.08,,0.91,2.15
2022-06-24,10.31,,0.93,2.1
2022-06-27,10.47,,0.95,2.07
2022-06-28,10.56,,0.96,2.05
2022-06-29,10.37,,0.94,2.09
2022-06-30,10.17,,0.92,2.13
2022-07-01,10.05,,0.91,2.15
2022-07-04,10.03,,0.91,2.16
2022-07-05,10.21,,0.92,2.12
2022-07-06,9.99,,0.9,2.17
2022-07-07,10.18,,0.92,2.13
2022-07-08,10.25,,0.93,2.11
2022-07-11,10.2,,0.92,2.12
2022-07-12,10.11,,0.91,2.14
2022-07-13,10.15,,0.92,2.13
2022-07-14,10.13,,0.92,2.14
2022-07-15,10.17,,0.92,2.13
2022-07-18,10.36,,0.94,2.09
2022-07-19,10.34,,0.94,2.09
2022-07-20,10.41,,0.94,2.08
2022-07-21,10.51,,0.95,2.06
2022-07-22,10.44,,0.95,2.07
2022-07-25,10.48,,0.95,2.06
2022-07-26,10.52,,0.95,2.06
2022-07-27,10.54,,0.95,2.05
2022-07-28,10.62,,0.96,2.04
2022-07-29,10.69,,0.97,2.02
2022-08-01,10.69,,0.97,2.02
2022-08-02,10.64,,0.96,2.03
2022-08-03,10.74,,0.97,2.01
2022-08-04,10.79,,0.98,2.01
2022-08-05,10.87,,0.98,1.99
2022-08-08,10.88,,0.99,1.99
2022-08-09,10.93,,0.99,1.98
2022-08-10,10.83,,0.98,2.0
2022-08-11,11.02,,1.0,1.96
2022-08-12,11.04,,1.0,1.96
2022-08-16,11.06,,1.0,1.96
2022-08-17,10.99,,0.99,1.97
2022-08-18,10.95,,0.99,1.98
2022-08-19,10.88,,0.99,1.99
2022-08-22,10.75,,0.97,2.01
2022-08-23,10.63,,0.96,2.03
2022-08-24,10.69,,0.97,2.02
2022-08-25,10.82,,0.98,2.0
2022-08-26,10.83,,0.98,2.0
2022-08-29,10.6,,0.96,2.04
2022-08-30,10.7,,0.97,2.02
2022-08-31,10.8,,0.98,2.0
2022-09-01,10.55,,0.95,2.05
2022-09-02,10.52,,0.95,2.06
2022-09-05,10.49,,0.95,2.06
2022-09-06,10.52,,0.95,2.06
2022-09-07,10.37,,0.94,2.09
2022-09-08,10.41,,0.94,2.08
2022-09-13,10.7,,0.97,2.02
2022-09-14,10.53,,0.95,2.05
2022-09-15,10.49,,0.95,2.06
2022-09-16,10.24,,0.92,2.08
2022-09-19,10.13,,0.91,2.1
2022-09-20,10.18,,0.92,2.09
2022-09-21,10.09,,0.91,2.11
2022-09-22,10.03,,0.9,2.12
2022-09-23,9.84,,0.89,2.16
2022-09-26,9.55,,0.86,2.23
2022-09-27,9.56,,0.86,2.23
2022-09-28,9.32,,0.84,2.28
2022-09-29,9.33,,0.84,2.28
2022-09-30,9.26,,0.83,2.3
2022-10-04,9.5,,0.85,2.24
2022-10-05,9.52,,0.86,2.24
2022-10-06,9.62,,0.87,2.21
2022-10-07,9.6,,0.86,2.22
2022-10-11,9.42,,0.85,2.26
2022-10-12,9.47,,0.85,2.25
2022-10-13,9.3,,0.84,2.29
2022-10-14,9.52,,0.86,2.24
2022-10-17,9.55,,0.86,2.23
2022-10-18,9.68,,0.87,2.2
2022-10-19,9.62,,0.87,2.21
2022-10-20,9.54,,0.86,2.23
2022-10-21,9.52,,0.86,2.24
2022-10-24,9.62,,0.87,2.21
2022-10-25,9.62,,0.87,2.21
2022-10-26,9.68,,0.87,2.2
2022-10-27,9.85,,0.89,2.16
2022-10-28,9.76,,0.88,2.18
2022-10-31,9.87,,0.89,2.16
2022-11-01,10.05,,0.9,2.12
2022-11-02,10.06,,0.91,2.12
2022-11-03,10.01,,0.9,2.13
2022-11-04,10.1,,0.91,2.11
2022-11-07,10.2,,0.92,2.09
2022-11-08,10.32,,0.93,2.07
2022-11-09,10.42,,0.94,2.04
2022-11-10,10.33,,0.93,2.06
2022-11-11,10.68,,0.96,2.0
2022-11-14,10.64,,0.96,2.0
2022-11-15,10.66,,0.96,2.0
2022-11-16,10.66,,0.96,2.0
2022-11-17,10.51,,0.95,2.03
2022-11-18,10.52,,0.95,2.03
2022-11-21,10.41,,0.94,2.05
2022-11-22,10.35,,0.93,2.06
2022-11-23,10.4,,0.94,2.05
2022-11-24,10.5,,0.95,2.03
2022-11-25,10.49,,0.95,2.03
2022-11-28,10.36,,0.93,2.06
2022-11-29,10.47,,0.94,2.03
2022-11-30,10.64,,0.96,2.0
2022-12-01,10.67,,0.96,2.0
2022-12-02,10.47,,0.94,2.03
2022-12-05,10.41,,0.94,2.05
2022-12-06,10.29,,0.93,2.07
2022-12-07,10.25,,0.92,2.08
2022-12-08,10.2,,0.92,2.09
2022-12-09,10.28,,0.93,2.07
2022-12-12,10.21,,0.92,2.09
2022-12-13,10.2,,0.92,2.09
2022-12-14,10.33,,0.93,2.06
2022-12-15,10.16,,0.92,2.1
2022-12-16,11.39,,0.89,2.1
2022-12-19,11.36,,0.88,2.1
2022-12-20,11.26,,0.88,2.12
2022-12-21,11.24,,0.88,2.13
2022-12-22,11.38,,0.89,2.1
2022-12-23,11.13,,0.87,2.14
2022-12-26,11.14,,0.87,2.14
2022-12-27,11.22,,0.88,2.12
2022-12-28,10.97,,0.86,2.17
2022-12-29,10.76,,0.84,2.22
2023-01-02,10.7,,0.84,2.23
2023-01-03,10.67,,0.83,2.23
2023-01-04,10.85,,0.85,2.2
2023-01-05,10.89,,0.85,2.19
2023-01-06,11.02,,0.86,2.16
2023-01-09,11.31,,0.88,2.11
2023-01-10,11.31,,0.88,2.11
2023-01-11,11.35,,0.89,2.1
2023-01-12,11.38,,0.89,2.09
2023-01-13,11.48,,0.9,2.08
2023-01-16,11.55,,0.9,2.06
2023-01-17,11.45,,0.9,2.08
2023-01-18,11.39,,0.89,2.09
2023-01-19,11.45,,0.9,2.08
2023-01-20,11.53,,0.9,2.07
2023-01-25,11.69,,0.91,2.04
2023-01-26,11.89,,0.93,2.0
2023-01-27,11.96,,0.94,1.99
2023-01-30,11.81,,0.92,2.02
2023-01-31,11.69,,0.91,2.04
2023-02-01,11.81,,0.92,2.02
2023-02-02,11.9,,0.93,2.0
2023-02-03,11.96,,0.94,1.99
2023-02-06,11.75,,0.92,2.03
2023-02-07,11.81,,0.92,2.02
2023-02-08,11.97,,0.94,1.99
2023-02-09,11.96,,0.94,1.99
2023-02-10,11.9,,0.93,2.0
2023-02-13,11.82,,0.92,2.02
2023-02-14,11.88,,0.93,2.01
2023-02-15,11.7,,0.92,2.04
2023-02-16,11.93,,0.93,2.0
2023-02-17,11.81,,0.92,2.02
2023-02-20,11.83,,0.93,2.01
2023-02-21,11.88,,0.92,2.01
2023-02-22,11.68,,0.91,2.05
2023-02-23,11.79,,0.92,2.03
2023-02-24,11.71,,0.91,2.04
2023-02-27,11.61,,0.9,2.06
2023-02-28,11.66,,0.91,2.05
2023-03-02,11.73,,0.91,2.04
2023-03-03,11.75,,0.91,2.04
2023-03-06,11.9,,0.93,2.01
2023-03-07,11.9,,0.93,2.01
2023-03-08,11.75,,0.91,2.04
2023-03-09,11.69,,0.91,2.05
2023-03-10,11.57,,0.9,2.07
2023-03-13,11.65,,0.91,2.05
2023-03-14,11.35,,0.88,2.11
2023-03-15,11.5,,0.89,2.08
2023-03-16,11.49,,0.89,2.08
2023-03-17,11.58,,0.9,2.07
2023-03-20,11.5,,0.89,2.08
2023-03-21,11.54,,0.9,2.07
2023-03-22,11.67,,0.91,2.05
2023-03-23,11.71,,0.91,2.04
2023-03-24,11.66,,0.91,2.05
2023-03-27,11.64,,0.91,2.05
2023-03-28,11.76,,0.92,2.03
2023-03-29,11.81,,0.92,2.03
2023-03-30,11.85,,0.92,2.02
2023-03-31,11.97,,0.93,2.0
2023-04-03,11.96,,0.93,2.0
2023-04-04,12.0,,0.93,1.99
2023-04-05,12.07,,0.94,1.98
2023-04-06,11.89,,0.93,2.01
2023-04-07,12.04,,0.94,1.98
2023-04-10,12.15,,0.95,1.97
2023-04-11,12.32,,0.96,1.94
2023-04-12,12.33,,0.96,1.94
2023-04-13,12.39,,0.96,1.93
2023-04-14,12.43,,0.97,1.92
2023-04-17,12.45,,0.97,1.92
2023-04-18,12.43,,0.97,1.92
2023-04-19,12.46,,0.97,1.92
2023-04-20,12.4,,0.97,1.93
2023-04-21,12.31,,0.96,1.94
2023-04-24,12.21,,0.95,1.96
2023-04-25,12.08,,0.94,1.99
2023-04-26,12.06,,0.94,1.99
2023-04-27,12.11,,0.94,1.98
2023-04-28,12.14,,0.94,1.98
2023-05-02,13.3,,0.96,1.97
2023-05-03,13.18,,0.95,1.99
2023-05-04,13.17,,0.95,1.99
2023-05-08,13.24,,0.96,1.98
2023-05-09,13.22,,0.96,1.98
2023-05-10,13.15,,0.95,1.99
2023-05-11,13.12,,0.95,1.99
2023-05-12,13.04,,0.94,2.01
2023-05-15,13.06,,0.94,2.0
2023-05-16,13.06,,0.95,2.0
2023-05-17,13.14,,0.95,1.99
2023-05-18,13.25,,0.96,1.97
2023-05-19,13.37,,0.97,1.96
2023-05-22,13.47,,0.97,1.94
2023-05-23,13.53,,0.98,1.93
2023-05-24,13.53,,0.98,1.93
2023-05-25,13.46,,0.97,1.94
2023-05-26,13.48,,0.98,1.94
2023-05-30,13.62,,0.99,1.92
2023-05-31,13.57,,0.98,1.93
2023-06-01,13.52,,0.98,1.93
2023-06-02,13.69,,0.99,1.91
2023-06-05,13.76,,1.0,1.9
2023-06-07,13.76,,1.0,1.9
2023-06-08,13.74,,0.99,1.9
2023-06-09,16.15,,0.97,1.88
2023-06-12,16.07,,0.96,1.89
2023-06-13,16.15,,0.97,1.88
2023-06-14,16.03,,0.96,1.9
2023-06-15,15.97,,0.95,1.9
2023-06-16,16.07,,0.96,1.89
2023-06-19,15.97,,0.95,1.9
2023-06-20,15.93,,0.95,1.91
2023-06-21,15.8,,0.95,1.92
2023-06-22,15.87,,0.95,1.91
2023-06-23,15.72,,0.94,1.93
2023-06-26,15.8,,0.95,1.92
2023-06-27,15.79,,0.94,1.92
2023-06-28,15.69,,0.94,1.94
2023-06-29,15.6,,0.93,1.95
2023-06-30,15.69,,0.94,1.94
2023-07-03,15.92,,0.95,1.91
2023-07-04,15.87,,0.95,1.91
2023-07-05,15.78,,0.94,1.92
2023-07-06,15.64,,0.94,1.94
2023-07-07,15.46,,0.92,1.96
2023-07-10,15.42,,0.92,1.97
2023-07-11,15.68,,0.94,1.94
2023-07-12,15.76,,0.94,1.93
2023-07-13,15.85,,0.95,1.91
2023-07-14,16.08,,0.96,1.89
2023-07-17,16.03,,0.96,1.89
2023-07-18,15.96,,0.95,1.9
2023-07-19,15.96,,0.95,1.9
2023-07-20,15.91,,0.95,1.91
2023-07-21,15.97,,0.96,1.9
2023-07-24,16.09,,0.96,1.89
2023-07-25,16.14,,0.97,1.88
2023-07-26,15.87,,0.95,1.91
2023-07-27,15.94,,0.95,1.9
2023-07-28,15.97,,0.96,1.9
2023-07-31,16.12,,0.96,1.88
2023-08-01,16.33,,0.98,1.86
2023-08-02,16.02,,0.96,1.9
2023-08-03,15.96,,0.95,1.9
2023-08-04,15.95,,0.95,1.9
2023-08-07,15.81,,0.95,1.92
2023-08-08,15.77,,0.94,1.93
2023-08-09,15.96,,0.96,1.9
2023-08-10,15.94,,0.95,1.9
2023-08-11,15.88,,0.95,1.91
2023-08-14,15.75,,0.94,1.93
2023-08-16,15.46,,0.93,1.96
2023-08-17,15.43,,0.92,1.97
2023-08-18,15.33,,0.92,1.98
2023-08-21,15.36,,0.92,1.98
2023-08-22,15.39,,0.92,1.97
2023-08-23,15.33,,0.92,1.98
2023-08-24,15.52,,0.93,1.95
2023-08-25,15.41,,0.92,1.97
2023-08-28,15.56,,0.93,1.95
2023-08-29,15.61,,0.94,1.94
2023-08-30,15.67,,0.94,1.93
2023-08-31,15.64,,0.94,1.94
2023-09-01,15.68,,0.94,1.93
2023-09-04,15.81,,0.95,1.92
2023-09-05,15.8,,0.95,1.92
2023-09-06,15.68,,0.94,1.93
2023-09-07,15.59,,0.93,1.94
2023-09-08,15.59,,0.93,1.94
2023-09-11,15.64,,0.94,1.94
2023-09-12,15.52,,0.93,1.95
2023-09-13,15.51,,0.93,1.95
2023-09-14,15.74,,0.94,1.93
2023-09-15,15.92,,0.95,1.9
2023-09-18,15.76,,0.94,1.92
2023-09-19,19.15,,0.93,1.93
2023-09-20,19.15,,0.93,1.93
2023-09-21,18.82,,0.91,1.97
2023-09-22,18.78,,0.91,1.97
2023-09-25,18.69,,0.9,1.98
2023-09-26,18.43,,0.89,2.01
2023-09-27,18.45,,0.89,2.0
2023-10-04,18.0,,0.87,2.05
2023-10-05,17.99,,0.87,2.06
2023-10-06,18.07,,0.87,2.05
2023-10-10,18.02,,0.87,2.05
2023-10-11,18.38,,0.89,2.01
2023-10-12,18.6,,0.9,1.99
2023-10-13,18.43,,0.89,2.01
2023-10-16,18.28,,0.88,2.02
2023-10-17,18.46,,0.89,2.0
2023-10-18,18.48,,0.89,2.0
2023-10-19,18.12,,0.88,2.04
2023-10-20,17.82,,0.86,2.08
2023-10-23,17.68,,0.86,2.09
2023-10-24,17.88,,0.87,2.07
2023-10-25,17.72,,0.86,2.09
2023-10-26,17.24,,0.83,2.15
2023-10-27,17.27,,0.84,2.14
2023-10-30,17.33,,0.84,2.13
2023-10-31,17.08,,0.83,2.16
2023-11-01,17.26,,0.84,2.14
2023-11-02,17.57,,0.85,2.1
2023-11-03,17.76,,0.86,2.08
2023-11-06,18.78,,0.91,1.97
2023-11-07,18.34,,0.89,2.02
2023-11-08,18.17,,0.88,2.04
2023-11-09,18.21,,0.88,2.03
2023-11-10,18.11,,0.88,2.04
2023-11-13,18.06,,0.87,2.05
2023-11-14,18.29,,0.89,2.02
2023-11-15,18.69,,0.9,1.98
2023-11-16,18.7,,0.91,1.98
2023-11-17,18.56,,0.9,1.99
2023-11-20,18.75,,0.91,1.97
2023-11-21,18.9,,0.91,1.96
2023-11-22,18.91,,0.92,1.96
2023-11-23,18.93,,0.92,1.95
2023-11-24,18.79,,0.91,1.97
2023-11-27,18.79,,0.91,1.97
2023-11-28,18.98,,0.92,1.95
2023-11-29,18.97,,0.92,1.95
2023-11-30,19.09,,0.92,1.94
2023-12-01,18.86,,0.91,1.96
2023-12-04,18.93,,0.92,1.95
2023-12-05,18.77,,0.91,1.97
2023-12-06,18.78,,0.91,1.97
2023-12-07,18.76,,0.91,1.97
2023-12-08,18.95,,0.92,1.95
2023-12-11,19.01,,0.92,1.94
2023-12-12,19.08,,0.92,1.94
2023-12-13,18.9,,0.91,1.96
2023-12-14,19.15,,0.93,1.93
2023-12-15,19.43,,0.94,1.9
2023-12-18,19.46,,0.94,1.9
2023-12-19,19.47,,0.94,1.9
2023-12-20,19.04,,0.94,1.87
2023-12-21,18.94,,0.93,1.88
2023-12-22,18.93,,0.93,1.88
2023-12-26,18.97,,0.94,1.87
2023-12-27,19.06,,0.94,1.86
2023-12-28,19.36,,0.96,1.83
2024-01-02,19.56,,0.97,1.81
2024-01-03,19.1,,0.94,1.86
2024-01-04,18.95,,0.94,1.87
2024-01-05,18.88,,0.93,1.88
2024-01-08,18.81,,0.93,1.89
2024-01-09,18.76,,0.93,1.89
2024-01-10,18.62,,0.92,1.91
2024-01-11,18.6,,0.92,1.91
2024-01-12,18.49,,0.91,1.92
2024-01-15,18.49,,0.91,1.92
2024-01-16,18.28,,0.9,1.94
2024-01-17,17.83,,0.88,1.99
2024-01-18,17.86,,0.88,1.99
2024-01-19,18.1,,0.89,1.96
2024-01-22,18.04,,0.89,1.97
2024-01-23,18.15,,0.9,1.96
2024-01-24,18.08,,0.89,1.96
2024-01-25,18.1,,0.89,1.96
2024-01-26,18.16,,0.9,1.95
2024-01-29,18.35,,0.91,1.93
2024-01-30,18.34,,0.91,1.93
2024-01-31,18.33,,0.91,1.93
2024-02-01,18.67,,0.92,1.9
2024-02-02,19.2,,0.95,1.85
2024-02-05,19.03,,0.94,1.86
2024-02-06,18.92,,0.94,1.87
2024-02-07,19.16,,0.95,1.85
2024-02-08,19.24,,0.95,1.84
2024-02-13,19.46,,0.96,1.82
2024-02-14,19.24,,0.95,1.84
2024-02-15,19.19,,0.95,1.85
2024-02-16,19.45,,0.96,1.82
2024-02-19,19.69,,0.97,1.8
2024-02-20,19.52,,0.97,1.82
2024-02-21,19.48,,0.96,1.82
2024-02-22,19.56,,0.97,1.81
2024-02-23,19.59,,0.97,1.81
2024-02-26,19.44,,0.96,1.82
2024-02-27,19.27,,0.95,1.84
2024-02-28,19.49,,0.96,1.82
2024-02-29,19.42,,0.96,1.83
2024-03-04,19.66,,0.97,1.8
2024-03-05,19.48,,0.96,1.82
2024-03-06,19.41,,0.96,1.83
2024-03-07,19.46,,0.96,1.82
2024-03-08,19.7,,0.97,1.8
2024-03-11,19.54,,0.97,1.81
2024-03-12,19.71,,0.97,1.8
2024-03-13,19.79,,0.98,1.79
2024-03-14,19.98,,0.99,1.77
2024-03-15,19.6,,0.97,1.81
2024-03-18,19.74,,0.98,1.8
2024-03-19,19.52,,0.97,1.82
2024-03-20,19.77,,0.98,1.79
2024-03-21,20.27,,1.0,1.75
2024-03-22,20.22,,1.0,1.76
2024-03-25,20.14,,1.0,1.76
2024-03-26,20.28,,1.0,1.75
2024-03-27,20.27,,1.0,1.75
2024-03-28,20.2,,1.0,1.76
2024-03-29,20.21,,1.0,1.76
2024-04-01,20.21,,1.0,1.76
2024-04-02,20.25,,1.0,1.75
2024-04-03,19.91,,0.98,1.78
2024-04-04,20.17,,1.0,1.76
2024-04-05,19.96,,0.99,1.78
2024-04-08,19.98,,0.99,1.78
2024-04-09,19.89,,0.98,1.78
2024-04-11,19.91,,0.98,1.78
2024-04-12,19.71,,0.98,1.8
2024-04-15,19.63,,0.97,1.81
2024-04-16,19.18,,0.95,1.85
2024-04-17,18.99,,0.94,1.87
2024-04-18,19.36,,0.96,1.83
2024-04-19,19.04,,0.94,1.86
2024-04-22,19.32,,0.96,1.84
2024-04-23,19.27,,0.95,1.84
2024-04-24,19.66,,0.97,1.81
2024-04-25,19.31,,0.95,1.84
2024-04-26,19.52,,0.97,1.82
2024-04-29,19.75,,0.98,1.8
2024-04-30,19.78,,0.98,1.79
2024-05-02,20.7,,0.97,1.86
2024-05-03,20.64,,0.97,1.86
2024-05-07,21.09,,0.99,1.82
2024-05-08,21.17,,1.0,1.82
2024-05-09,20.96,,0.99,1.84
2024-05-10,21.06,,0.99,1.83
2024-05-13,21.05,,0.99,1.83
2024-05-14,21.07,,0.99,1.83
2024-05-16,21.25,,1.0,1.81
2024-05-17,21.03,,0.99,1.83
2024-05-20,21.16,,1.0,1.82
2024-05-21,21.02,,0.99,1.83
2024-05-22,21.02,,0.99,1.83
2024-05-23,21.0,,0.99,1.83
2024-05-24,20.74,,0.98,1.86
2024-05-27,21.01,,0.99,1.83
2024-05-28,21.01,,0.99,1.83
2024-05-29,20.66,,0.97,1.86
2024-05-30,20.33,,0.96,1.89
2024-05-31,20.34,,0.96,1.89
2024-06-03,20.7,,0.97,1.86
2024-06-04,20.54,,0.97,1.87
2024-06-05,20.75,,0.98,1.86
2024-06-07,21.01,,0.99,1.83
2024-06-10,20.84,,0.98,1.85
2024-06-11,20.87,,0.98,1.84
2024-06-12,21.05,,0.99,1.83
2024-06-13,21.26,,1.0,1.81
2024-06-14,21.29,,1.0,1.81
2024-06-17,18.39,,0.98,1.82
2024-06-18,18.52,,0.99,1.81
2024-06-19,18.75,,1.0,1.78
2024-06-20,18.81,,1.0,1.78
2024-06-21,18.66,,1.0,1.79
2024-06-24,18.52,,0.99,1.8
2024-06-25,18.59,,0.99,1.8
2024-06-26,18.71,,1.0,1.79
2024-06-27,18.66,,1.0,1.79
2024-06-28,18.75,,1.0,1.78
2024-07-01,18.79,,1.0,1.78
2024-07-02,18.64,,1.0,1.79
2024-07-03,18.73,,1.0,1.78
2024-07-04,18.93,,1.01,1.76
2024-07-05,19.19,,1.02,1.74
2024-07-08,19.16,,1.02,1.74
2024-07-09,19.23,,1.03,1.73
2024-07-10,19.24,,1.03,1.73
2024-07-11,19.4,,1.03,1.72
2024-07-12,19.18,,1.02,1.74
2024-07-15,19.21,,1.03,1.74
2024-07-16,19.25,,1.03,1.73
2024-07-17,19.09,,1.02,1.75
2024-07-18,18.96,,1.01,1.76
2024-07-19,18.77,,1.0,1.78
2024-07-22,18.55,,0.99,1.8
2024-07-23,18.63,,0.99,1.79
2024-07-24,18.52,,0.99,1.8
2024-07-25,18.2,,0.97,1.83
2024-07-26,18.34,,0.98,1.82
2024-07-29,18.57,,0.99,1.8
2024-07-30,18.38,,0.98,1.81
2024-07-31,18.6,,0.99,1.79
2024-08-01,18.65,,1.0,1.79
2024-08-02,17.97,,0.96,1.86
2024-08-05,16.39,,0.87,2.03
2024-08-06,16.93,,0.9,1.97
2024-08-07,17.24,,0.92,1.93
2024-08-08,17.16,,0.92,1.94
2024-08-09,17.37,,0.93,1.92
2024-08-12,17.57,,0.94,1.9
2024-08-13,17.6,,0.94,1.89
2024-08-14,17.75,,0.95,1.88
2024-08-16,18.09,,0.97,1.84
2024-08-19,17.94,,0.96,1.86
2024-08-20,18.09,,0.97,1.84
2024-08-21,18.12,,0.97,1.84
2024-08-22,18.16,,0.97,1.83
2024-08-23,18.12,,0.97,1.84
2024-08-26,18.09,,0.97,1.84
2024-08-27,18.03,,0.96,1.85
2024-08-28,18.04,,0.96,1.85
2024-08-29,17.85,,0.95,1.87
2024-08-30,17.93,,0.96,1.86
2024-09-02,17.98,,0.96,1.85
2024-09-03,17.86,,0.95,1.86
2024-09-04,17.3,,0.92,1.93
2024-09-05,17.26,,0.92,1.93
2024-09-06,17.04,,0.91,1.95
2024-09-09,16.99,,0.91,1.96
2024-09-10,16.9,,0.9,1.97
2024-09-11,16.83,,0.9,1.98
2024-09-12,17.23,,0.92,1.93
2024-09-13,17.25,,0.92,1.93
2024-09-19,14.5,,0.9,1.93
2024-09-20,14.58,,0.91,1.92
2024-09-23,14.63,,0.91,1.91
2024-09-24,14.79,,0.92,1.89
2024-09-25,14.59,,0.91,1.91
2024-09-26,15.02,,0.94,1.86
2024-09-27,14.9,,0.93,1.88
2024-09-30,14.58,,0.91,1.92
2024-10-02,14.4,,0.9,1.94
2024-10-04,14.44,,0.9,1.93
2024-10-07,14.67,,0.91,1.9
2024-10-08,14.58,,0.91,1.91
2024-10-10,14.61,,0.91,1.91
2024-10-11,14.6,,0.91,1.91
2024-10-14,14.75,,0.92,1.89
2024-10-15,14.8,,0.92,1.89
2024-10-16,14.67,,0.91,1.9
2024-10-17,14.67,,0.91,1.9
2024-10-18,14.58,,0.91,1.92
2024-10-21,14.64,,0.91,1.91
2024-10-22,14.45,,0.9,1.93
2024-10-23,14.61,,0.91,1.91
2024-10-24,14.51,,0.9,1.93
2024-10-25,14.52,,0.9,1.92
2024-10-28,14.69,,0.91,1.9
2024-10-29,14.72,,0.92,1.9
2024-10-30,14.58,,0.91,1.92
2024-10-31,14.37,,0.9,1.94
2024-11-01,14.29,,0.89,1.95
2024-11-04,14.55,,0.91,1.92
2024-11-05,14.49,,0.9,1.93
2024-11-06,14.41,,0.9,1.94
2024-11-07,14.42,,0.9,1.94
2024-11-08,14.4,,0.9,1.94
2024-11-11,14.24,,0.89,1.96
2024-11-12,13.96,,0.87,2.0
2024-11-13,13.6,,0.85,2.05
2024-11-14,13.62,,0.85,2.05
2024-11-15,13.6,,0.85,2.05
2024-11-18,13.9,,0.87,2.01
2024-11-19,13.91,,0.87,2.01
2024-11-20,14.01,,0.87,1.99
2024-11-21,14.0,,0.87,1.99
2024-11-22,14.12,,0.88,1.98
2024-11-25,14.31,,0.89,1.95
2024-11-26,14.23,,0.89,1.96
2024-11-27,14.13,,0.88,1.98
2024-11-28,14.14,,0.88,1.97
2024-11-29,13.87,,0.86,2.01
2024-12-02,13.86,,0.86,2.02
2024-12-03,14.12,,0.88,1.98
2024-12-04,13.91,,0.87,2.01
2024-12-05,13.79,,0.86,2.03
2024-12-06,13.71,,0.85,2.04
2024-12-09,13.32,,0.83,2.1
2024-12-10,13.65,,0.85,2.05
2024-12-11,13.78,,0.86,2.03
2024-12-12,14.01,,0.87,1.99
2024-12-13,14.08,,0.88,1.98
2024-12-16,14.05,,0.88,1.99
2024-12-17,13.86,,0.86,2.01
2024-12-18,14.02,,0.87,1.99
2024-12-19,12.85,,0.85,2.03
2024-12-20,12.68,,0.84,2.06
2024-12-23,12.88,,0.85,2.03
2024-12-24,12.87,,0.85,2.03
2024-12-26,12.81,,0.85,2.04
2024-12-27,12.68,,0.84,2.06
2024-12-30,12.66,,0.84,2.06
2025-01-02,12.66,,0.84,2.06
2025-01-03,12.88,,0.86,2.03
2025-01-06,13.13,,0.87,1.99
2025-01-07,13.15,,0.87,1.98
2025-01-08,13.31,,0.88,1.96
2025-01-09,13.31,,0.88,1.96
2025-01-10,13.28,,0.88,1.96
2025-01-13,13.14,,0.87,1.99
2025-01-14,13.19,,0.88,1.98
2025-01-15,13.18,,0.87,1.98
2025-01-16,13.34,,0.89,1.96
2025-01-17,13.32,,0.88,1.96
2025-01-20,13.3,,0.88,1.96
2025-01-21,13.29,,0.88,1.96
2025-01-22,13.45,,0.89,1.94
2025-01-23,13.28,,0.88,1.97
2025-01-24,13.39,,0.89,1.95
2025-01-31,13.29,,0.88,1.96
2025-02-03,12.95,,0.86,2.01
2025-02-04,13.1,,0.87,1.99
2025-02-05,13.25,,0.88,1.97
2025-02-06,13.4,,0.89,1.95
2025-02-07,13.31,,0.88,1.96
2025-02-10,13.31,,0.88,1.96
2025-02-11,13.4,,0.89,1.95
2025-02-12,13.45,,0.89,1.94
2025-02-13,13.63,,0.91,1.92
2025-02-14,13.68,,0.91,1.91
2025-02-17,13.78,,0.92,1.9
2025-02-18,13.86,,0.92,1.88
2025-02-19,14.1,,0.94,1.85
2025-02-20,14.01,,0.93,1.86
2025-02-21,14.01,,0.93,1.86
2025-02-24,13.94,,0.93,1.87
2025-02-25,13.86,,0.92,1.88
2025-02-26,13.92,,0.93,1.87
2025-02-27,13.82,,0.92,1.89
2025-02-28,13.35,,0.89,1.96
2025-03-04,13.32,,0.89,1.96
2025-03-05,13.46,,0.9,1.94
2025-03-06,13.53,,0.9,1.93
2025-03-07,13.47,,0.9,1.94
2025-03-10,13.51,,0.9,1.93
2025-03-11,13.33,,0.89,1.96
2025-03-12,13.53,,0.9,1.93
2025-03-13,13.52,,0.9,1.93
2025-03-14,13.48,,0.9,1.93
2025-03-17,13.69,,0.91,1.91
2025-03-18,13.7,,0.91,1.91
2025-03-19,13.79,,0.92,1.9
2025-03-20,13.83,,0.92,1.89
2025-03-21,13.86,,0.92,1.88
2025-03-24,13.8,,0.92,1.89
2025-03-25,13.72,,0.91,1.9
2025-03-26,13.87,,0.92,1.88
2025-03-27,13.67,,0.91,1.91
2025-03-28,13.41,,0.89,1.95
2025-03-31,13.01,,0.87,2.01
2025-04-01,13.22,,0.88,1.98
2025-04-02,13.14,,0.88,1.99
2025-04-03,13.03,,0.87,2.0
2025-04-04,12.92,,0.86,2.02
2025-04-07,12.2,,0.81,2.14
2025-04-08,12.23,,0.82,2.14
2025-04-09,12.02,,0.8,2.17
2025-04-10,12.82,,0.86,2.04
2025-04-11,12.76,,0.85,2.05
2025-04-14,12.88,,0.86,2.03
2025-04-15,12.99,,0.87,2.01
2025-04-16,12.83,,0.86,2.04
2025-04-17,12.95,,0.86,2.02
2025-04-18,13.02,,0.87,2.01
2025-04-21,13.05,,0.87,2.0
2025-04-22,13.04,,0.87,2.0
2025-04-23,13.24,,0.88,1.97
2025-04-24,13.22,,0.88,1.98
2025-04-25,13.35,,0.89,1.96
2025-04-28,13.36,,0.89,1.96
2025-04-29,13.44,,0.9,1.94
2025-04-30,13.4,,0.89,1.95
2025-05-02,12.66,,0.87,2.16
2025-05-07,12.73,,0.87,2.14
2025-05-08,12.76,,0.87,2.14
2025-05-09,12.75,,0.87,2.14
2025-05-12,12.9,,0.88,2.12
2025-05-13,12.92,,0.88,2.11
2025-05-14,13.08,,0.89,2.09
2025-05-15,12.99,,0.89,2.1
2025-05-16,13.01,,0.89,2.1
2025-05-19,12.9,,0.88,2.12
2025-05-20,12.89,,0.88,2.12
2025-05-21,13.0,,0.89,2.1
2025-05-22,12.86,,0.88,2.12
2025-05-23,12.86,,0.88,2.12
2025-05-26,13.12,,0.9,2.08
2025-05-27,13.09,,0.89,2.09
2025-05-28,13.25,,0.91,2.06
2025-05-29,13.5,,0.92,2.02
2025-05-30,13.39,,0.92,2.04
2025-06-02,13.39,,0.92,2.04
2025-06-04,13.75,,0.94,1.98
2025-06-05,13.95,,0.95,1.96
2025-06-09,14.17,,0.97,1.93
2025-06-10,14.25,,0.97,1.92
2025-06-11,14.42,,0.99,1.89
2025-06-12,13.34,,0.98,1.88
2025-06-13,13.22,,0.97,1.9
2025-06-16,13.47,,0.99,1.87
2025-06-17,13.48,,0.99,1.86
2025-06-18,13.58,,1.0,1.85
2025-06-19,13.61,,1.0,1.85
2025-06-20,13.81,,1.02,1.82
2025-06-23,13.78,,1.01,1.82
2025-06-24,14.19,,1.04,1.77
2025-06-25,14.21,,1.05,1.77
2025-06-26,14.08,,1.04,1.78
2025-06-27,13.97,,1.03,1.8
2025-06-30,14.04,,1.03,1.79
2025-07-01,14.12,,1.04,1.78
2025-07-02,14.06,,1.03,1.79
2025-07-03,14.25,,1.05,1.76
2025-07-04,13.96,,1.03,1.8
2025-07-07,13.98,,1.03,1.8
2025-07-08,14.24,,1.05,1.76
2025-07-09,14.33,,1.05,1.75
2025-07-10,14.56,,1.07,1.73
2025-07-11,14.53,,1.07,1.73
2025-07-14,14.64,,1.08,1.72
2025-07-15,14.71,,1.08,1.71
2025-07-16,14.57,,1.07,1.72
2025-07-17,14.6,,1.07,1.72
2025-07-18,14.58,,1.07,1.72
2025-07-21,14.69,,1.08,1.71
2025-07-22,14.5,,1.07,1.73
2025-07-23,14.56,,1.07,1.73
2025-07-24,14.59,,1.07,1.72
2025-07-25,14.62,,1.07,1.72
2025-07-28,14.68,,1.08,1.71
2025-07-29,14.78,,1.09,1.7
2025-07-30,14.89,,1.09,1.69
2025-07-31,14.84,,1.09,1.69
2025-08-01,14.27,,1.05,1.76
2025-08-04,14.4,,1.06,1.74
2025-08-05,14.63,,1.08,1.72
2025-08-06,14.63,,1.08,1.72
2025-08-07,14.77,,1.09,1.7
2025-08-08,14.69,,1.08,1.71
2025-08-11,14.67,,1.08,1.71
2025-08-12,14.59,,1.07,1.72
2025-08-13,14.75,,1.09,1.7
2025-08-14,14.76,,1.09,1.7
2025-08-18,14.54,,1.07,1.73
2025-08-19,14.42,,1.06,1.74
2025-08-20,14.32,,1.05,1.75
2025-08-21,14.37,,1.06,1.75
2025-08-22,14.49,,1.07,1.73
2025-08-25,14.68,,1.08,1.71
2025-08-26,14.54,,1.07,1.73
2025-08-27,14.58,,1.07,1.72
2025-08-28,14.62,,1.08,1.72
2025-08-29,14.57,,1.07,1.72
2025-09-01,14.38,,1.06,1.75
2025-09-02,14.51,,1.07,1.73
2025-09-03,14.57,,1.07,1.72
2025-09-04,14.64,,1.08,1.71
2025-09-05,14.67,,1.08,1.71
2025-09-08,14.74,,1.08,1.7
2025-09-09,14.93,,1.1,1.68
2025-09-10,15.18,,1.12,1.65
2025-09-11,15.31,,1.13,1.64
2025-09-12,15.55,,1.14,1.61
2025-09-15,15.6,,1.15,1.61
2025-09-16,15.93,,1.16,1.59
2025-09-17,15.76,,1.14,1.61
2025-09-18,15.98,,1.16,1.58
2025-09-19,15.91,,1.15,1.59
2025-09-22,16.02,,1.16,1.58
2025-09-23,16.1,,1.17,1.57
2025-09-24,16.03,,1.16,1.58
2025-09-25,16.03,,1.16,1.58
2025-09-26,15.63,,1.13,1.62
2025-09-29,15.84,,1.15,1.6
2025-09-30,15.81,,1.15,1.6
2025-10-01,15.95,,1.16,1.59
2025-10-02,16.39,,1.19,1.55
2025-10-10,16.67,,1.21,1.52
2025-10-13,16.55,,1.2,1.53
2025-10-14,16.44,,1.19,1.54
2025-10-15,16.89,,1.23,1.5
2025-10-16,17.31,,1.26,1.46
2025-10-17,17.31,,1.26,1.46
2025-10-20,17.62,,1.28,1.44
2025-10-21,17.66,,1.28,1.43
2025-10-22,17.93,,1.3,1.41
2025-10-23,17.75,,1.29,1.43
2025-10-24,18.2,,1.32,1.39
2025-10-27,18.67,,1.35,1.36
2025-10-28,18.52,,1.34,1.37
2025-10-29,18.85,,1.37,1.34
2025-10-30,18.87,,1.37,1.34
2025-10-31,18.97,,1.38,1.34
2025-11-03,19.5,,1.41,1.3
2025-11-04,19.04,,1.38,1.33
2025-11-05,18.49,,1.34,1.37
2025-11-06,18.59,,1.35,1.36
2025-11-07,18.26,,1.32,1.39
2025-11-10,18.81,,1.36,1.35
2025-11-11,18.97,,1.38,1.34
2025-11-12,19.17,,1.39,1.32
2025-11-13,19.27,,1.4,1.31
2025-11-14,18.53,,1.34,1.37
2025-11-17,18.89,,1.37,1.34
2025-11-18,18.26,,1.33,1.39
2025-11-19,18.15,,1.32,1.4
2025-11-20,18.5,,1.34,1.37
2025-11-21,17.8,,1.29,1.42
2025-11-24,17.76,,1.29,1.43
2025-11-25,17.81,,1.29,1.42
2025-11-26,18.28,,1.33,1.39
2025-11-27,18.41,,1.34,1.38
2025-11-28,18.12,,1.32,1.4
2025-12-01,18.1,,1.31,1.4
2025-12-02,18.44,,1.34,1.37
2025-12-03,18.62,,1.35,1.36
2025-12-04,18.58,,1.35,1.36
2025-12-05,18.92,,1.37,1.34
2025-12-08,19.17,,1.39,1.32
2025-12-09,19.11,,1.39,1.33
2025-12-10,19.07,,1.38,1.33
2025-12-11,18.96,,1.38,1.34
2025-12-12,19.21,,1.39,1.32
2025-12-15,18.85,,1.37,1.34
2025-12-16,16.66,,1.28,1.37
2025-12-17,16.9,,1.3,1.35
2025-12-18,16.64,,1.28,1.38
2025-12-19,16.75,,1.29,1.37
2025-12-22,17.1,,1.32,1.34
2025-12-23,17.15,,1.32,1.33
2025-12-24,17.12,,1.32,1.34
2025-12-26,17.2,,1.32,1.33
2025-12-29,17.59,,1.35,1.3
2025-12-30,17.56,,1.35,1.3
2026-01-02,17.97,,1.38,1.27
2026-01-05,18.59,,1.43,1.23
2026-01-06,18.88,,1.45,1.21
2026-01-07,18.98,,1.46,1.21
2026-01-08,18.99,,1.46,1.21
2026-01-09,19.15,,1.47,1.2
2026-01-12,19.31,,1.49,1.19
2026-01-13,19.6,,1.51,1.17
2026-01-14,19.73,,1.52,1.16
2026-01-15,20.04,,1.54,1.14
2026-01-16,20.22,,1.56,1.13
2026-01-19,20.49,,1.58,1.12
2026-01-20,20.41,,1.57,1.12
2026-01-21,20.52,,1.58,1.12
2026-01-22,20.69,,1.59,1.11
2026-01-23,20.85,,1.6,1.1
2026-01-26,20.68,,1.59,1.11
2026-01-27,21.25,,1.64,1.08
2026-01-28,21.61,,1.66,1.06
2026-01-29,21.83,,1.68,1.05
2026-01-30,21.84,,1.68,1.05
2026-02-02,20.69,,1.59,1.11
2026-02-03,22.11,,1.7,1.04
2026-02-04,22.46,,1.73,1.02
2026-02-05,21.58,,1.66,1.06
2026-02-06,21.27,,1.64,1.08
2026-02-09,22.15,,1.7,1.03
2026-02-10,22.16,,1.71,1.03
2026-02-11,22.38,,1.72,1.02
2026-02-12,23.09,,1.78,0.99
2026-02-13,23.03,,1.77,0.99
2026-02-19,23.74,,1.83,0.96
2026-02-20,24.3,,1.87,0.94
2026-02-23,24.37,,1.88,0.94
2026-02-24,24.89,,1.92,0.92
2026-02-25,25.37,,1.95,0.9
2026-02-26,26.3,,2.02,0.87
2026-02-27,26.04,,2.0,0.88
2026-03-03,24.15,,1.86,0.95
2026-03-04,21.23,,1.63,1.08
2026-03-05,23.28,,1.79,0.98
2026-03-06,23.29,,1.79,0.98
2026-03-09,21.9,,1.69,1.04
2026-03-10,23.07,,1.78,0.99
2026-03-11,23.4,,1.8,0.98
2026-03-12,23.28,,1.79,0.98
2026-03-13,22.88,,1.76,1.0
2026-03-16,23.14,,1.78,0.99
2026-03-17,23.52,,1.81,0.97
2026-03-18,24.71,,1.9,0.93
2026-03-19,24.03,,1.85,0.95
2026-03-20,24.1,,1.85,0.95
2026-03-23,22.52,,1.73,1.02
2026-03-24,23.12,,1.78,0.99
2026-03-25,23.49,,1.81,0.97
2026-03-26,22.73,,1.75,1.01
2026-03-27,22.64,,1.74,1.01
2026-03-30,21.96,,1.69,1.04
2026-03-31,21.01,,1.62,1.09
2026-04-01,22.8,,1.76,1.0
2026-04-02,21.77,,1.68,1.05
2026-04-03,22.37,,1.72,1.02
2026-04-06,22.69,,1.75,1.01
2026-04-07,22.87,,1.76,1.0
2026-04-08,24.44,,1.88,0.93
2026-04-09,24.04,,1.85,0.95
2026-04-10,24.37,,1.88,0.94
2026-04-13,24.15,,1.86,0.95
2026-04-14,24.74,,1.91,0.92
2026-04-15,25.24,,1.95,0.91
2026-04-16,25.81,,1.99,0.89
2026-04-17,25.66,,1.98,0.89
2026-04-20,25.78,,1.99,0.89
2026-04-21,26.48,,2.04,0.86
2026-04-22,26.61,,2.05,0.86
2026-04-23,26.84,,2.07,0.85
2026-04-24,26.83,,2.07,0.85
2026-04-27,27.42,,2.11,0.83
2026-04-28,27.52,,2.12,0.83
2026-04-29,27.74,,2.14,0.82
2026-04-30,27.36,,2.11,0.84
2026-05-04,26.41,,2.12,0.92
2026-05-06,28.12,,2.26,0.86
2026-05-07,28.52,,2.29,0.85
2026-05-08,28.55,,2.29,0.85
2026-05-11,29.79,,2.39,0.81
2026-05-12,29.1,,2.34,0.83
2026-05-13,29.87,,2.4,0.81
2026-05-14,30.4,,2.44,0.8
2026-05-15,28.52,,2.29,0.85
2026-05-18,28.61,,2.3,0.85
2026-05-19,27.68,,2.22,0.87
2026-05-20,27.44,,2.21,0.88
2026-05-21,29.76,,2.39,0.81
2026-05-22,29.88,,2.4,0.81
2026-05-26,30.64,,2.46,0.79
2026-05-27,31.33,,2.52,0.77
2026-05-28,31.17,,2.51,0.78
2026-05-29,32.28,,2.59,0.75
2026-06-01,33.47,,2.69,0.72
2026-06-02,33.52,,2.69,0.72
2026-06-04,32.9,,2.64,0.74
2026-06-05,31.08,,2.5,0.78
2026-06-08,28.5,,2.29,0.85
2026-06-09,30.82,,2.48,0.79
2026-06-10,29.42,,2.36,0.82
2026-06-11,29.54,,2.37,0.82
2026-06-12,22.1,,2.31,0.78
2026-06-15,23.26,,2.43,0.74
2026-06-16,23.74,,2.48,0.73
2026-06-17,24.12,,2.52,0.72
2026-06-18,24.66,,2.58,0.7
2026-06-19,24.63,,2.58,0.7
2026-06-22,24.8,,2.59,0.7
2026-06-23,22.32,,2.33,0.78
2026-06-24,23.05,,2.41,0.75
2026-06-25,24.3,,2.54,0.71
2026-06-26,22.88,,2.39,0.76
2026-06-29,22.84,,2.39,0.76
2026-06-30,23.06,,2.41,0.75
2026-07-01,22.59,,2.36,0.77
2026-07-02,20.8,,2.17,0.83
2026-07-03,22.0,,2.3,0.79
2026-07-06,21.9,,2.29,0.79
2026-07-07,20.82,,2.18,0.83
2026-07-08,19.71,,2.06,0.88
2026-07-09,19.83,,2.07,0.87
2026-07-10,20.33,,2.13,0.85
2026-07-13,18.51,,1.94,0.93
2026-07-14,18.65,,1.95,0.93
2026-07-15,19.81,,2.07,0.87
2026-07-16,18.54,,1.94,0.93
2026-07-20,17.71,,1.85,0.98
2026-07-21,18.34,,1.92,0.94
2026-07-22,18.48,,1.93,0.94
2026-07-23,19.29,,2.02,0.9
2026-07-24,18.19,,1.9,0.95
2026-07-27,18.36,,1.92,0.94
2026-07-28,16.37,,1.71,1.06
2026-07-29,15.48,,1.62,1.12
2026-07-30,15.28,,1.6,1.13
2026-07-31,18.03,,1.88,0.96
2026-08-03,17.1,,1.79,1.01
2026-08-04,17.38,,1.82,1.0
2026-08-05,18.04,,1.89,0.96
2026-08-06,17.21,,1.8,1.01
2026-08-07,17.11,,1.79,1.01
2026-08-10,17.22,,1.8,1.0
2026-08-11,17.35,,1.81,1.0
2026-08-12,17.99,,1.88,0.96
2026-08-13,18.63,,1.95,0.93
2026-08-14,19.08,,2.0,0.91
2026-08-18,18.78,,1.97,0.92
2026-08-19,17.69,,1.85,0.98
2026-08-20,18.74,,1.96,0.92
2026-08-21,18.9,,1.98,0.92
2026-08-24,18.31,,1.92,0.95
2026-08-25,18.43,,1.93,0.94
2026-08-26,18.61,,1.95,0.93
2026-08-27,18.89,,1.98,0.92
2026-08-28,18.55,,1.94,0.93
2026-08-31,18.64,,1.95,0.93
2026-09-01,18.68,,1.95,0.93
2026-09-02,17.93,,1.88,0.96
2026-09-03,17.98,,1.88,0.96
2026-09-04,18.28,,1.91,0.95
2026-09-07,19.12,,2.0,0.9
2026-09-08,19.01,,1.99,0.91
2026-09-09,19.27,,2.02,0.9
2026-09-10,19.22,,2.01,0.9
2026-09-11,18.88,,1.98,0.92
2026-09-14,18.26,,1.91,0.95
2026-09-15,18.11,,1.9,0.96
2026-09-16,18.36,,1.92,0.94
2026-09-17,18.35,,1.92,0.94
2026-09-18,11.49,,1.72,0.92
2026-09-21,11.68,,1.75,0.9
2026-09-22,11.7,,1.75,0.9
2026-09-23,11.8,,1.76,0.89
