date,foreign,inst,indiv,corp
2008-01-02,65856331580,-428081947340,362225615760,0
2008-01-03,-320219254685,161248923550,158970331135,0
2008-01-04,-99437937248,59369167223,40068770025,0
2008-01-07,-500578020110,219647730825,280930289285,0
2008-01-08,-369454379460,312234209165,57220170295,0
2008-01-09,-378237073330,290944879260,87292194070,0
2008-01-10,-77339206400,-219499926840,296839133240,0
2008-01-11,-141975438725,-105541734140,247517172865,0
2008-01-14,-546769200060,527965566540,18803633520,0
2008-01-15,-345482816970,349160170645,-3677353675,0
2008-01-16,-1016234065460,871318458845,144915606615,0
2008-01-17,-698232963342,473570010342,224662953000,0
2008-01-18,-1005603749810,685236862275,320366887535,0
2008-01-21,-409173621450,219305023880,189868597570,0
2008-01-22,-828939644270,985911940835,-156972296565,0
2008-01-23,-571131854740,520257249810,50874604930,0
2008-01-24,-403234937616,411539533546,-8304595930,0
2008-01-25,-99095898362,232781742607,-133685844245,0
2008-01-28,-268610902640,173938078200,94672824440,0
2008-01-29,-408527936290,347752406635,60775529655,0
2008-01-30,-89349794945,180462535610,-91112740665,0
2008-01-31,-13711524660,502726208835,-489014684175,0
2008-02-01,77269831300,-163806917580,86537086280,0
2008-02-04,265560296378,116495372307,-382055668685,0
2008-02-05,-167971482320,315446737555,-147475255235,0
2008-02-11,-505676690110,211558013260,294118676850,0
2008-02-12,-427400484470,191612638610,235787845860,0
2008-02-13,-252395006705,26296247650,226098759055,0
2008-02-14,-249273294836,717257972151,-467984677315,0
2008-02-15,-77764374900,62940672180,14823702720,0
2008-02-18,-149479636825,90487275880,58992360945,0
2008-02-19,-177943337491,303343401316,-125400063825,0
2008-02-20,63019751200,-371786475945,308766724745,0
2008-02-21,-239565384080,236786502430,2778881650,0
2008-02-22,-239846294735,-160469762095,400316056830,0
2008-02-25,-259104726450,477358901195,-218254174745,0
2008-02-26,148897002455,-67844701365,-81052301090,0
2008-02-27,56745252399,134595389171,-191340641570,0
2008-02-28,147414810925,-939834600,-146474976325,0
2008-02-29,-21289817810,-366523441805,387813259615,0
2008-03-03,-238108476910,-22956981165,261065458075,0
2008-03-04,-342569948670,66042321845,276527626825,0
2008-03-05,-323437102110,229361059295,94076042815,0
2008-03-06,-148181142147,408094224767,-259913082620,0
2008-03-07,-336573810100,-42433907405,379007717505,0
2008-03-10,-257005872135,337627890235,-80622018100,0
2008-03-11,-430393707560,281384684795,149009022765,0
2008-03-12,-112580980670,383279010970,-270698030300,0
2008-03-13,-772815386930,321124744515,451690642415,0
2008-03-14,-282432864858,150923154128,131509710730,0
2008-03-17,-646455744615,546928673830,99527070785,0
2008-03-18,-419607124725,385130533595,34476591130,0
2008-03-19,532870907330,-179398776925,-353472130405,0
2008-03-20,-71072005290,25814663095,45257342195,0
2008-03-21,79699480880,33832308580,-113531789460,0
2008-03-24,44906391145,54169272265,-99075663410,0
2008-03-25,447791635895,-101090337825,-346701298070,0
2008-03-26,98706010596,-139589271311,40883260715,0
2008-03-27,-214381807350,195849723795,18532083555,0
2008-03-28,140593649580,206169231005,-346762880585,0
2008-03-31,201279128350,-247854986740,46575858390,0
2008-04-01,25579036355,-60626279255,35047242900,0
2008-04-02,238940254790,198500906470,-437441161260,0
2008-04-03,-15445418970,257138077250,-241692658280,0
2008-04-04,80414718950,91170603555,-171585322505,0
2008-04-07,-165697077195,487546763570,-321849686375,0
2008-04-08,71293250680,-264480525890,193187275210,0
2008-04-10,-440446283315,190987080565,249459202750,0
2008-04-11,-509101187525,558610340495,-49509152970,0
2008-04-14,-107862346910,-202940263345,310802610255,0
2008-04-15,-371187744880,141964356245,229223388635,0
2008-04-16,-255028741890,371122144970,-116093403080,0
2008-04-17,157437382515,88438414060,-245875796575,0
2008-04-18,-277888282449,293005659109,-15117376660,0
2008-04-21,326202703476,-54295455686,-271907247790,0
2008-04-22,28639971740,-36496571440,7856599700,0
2008-04-23,-198210334615,273237128380,-75026793765,0
2008-04-24,125351686335,-186104888760,60753202425,0
2008-04-25,94589155595,185458544510,-280047700105,0
2008-04-28,282635599170,-409775831245,127140232075,0
2008-04-29,58524109530,-118882749810,60358640280,0
2008-04-30,-314862157755,308727436475,6134721280,0
2008-05-02,122255953160,81463672245,-203719625405,0
2008-05-06,-34150100978,238844715938,-204694614960,0
2008-05-07,-21154795490,131315151920,-110160356430,0
2008-05-08,-332910582490,204373685960,128536896530,0
2008-05-09,125588102380,-582535821195,456947718815,0
2008-05-13,51191613099,97293978541,-148485591640,0
2008-05-14,-2407230265,-128176577465,130583807730,0
2008-05-15,321670280865,394331600760,-716001881625,0
2008-05-16,447335145280,-334674821305,-112660323975,0
2008-05-19,-57068416675,-67533453055,124601869730,0
2008-05-20,-197759689115,-68571428435,266331117550,0
2008-05-21,139461061920,-254745648310,115284586390,0
2008-05-22,-177950837280,-224035296350,401986133630,0
2008-05-23,27551963030,-204108173190,176556210160,0
2008-05-26,-132558097035,78062288355,54495808680,0
2008-05-27,-20576581780,122603263925,-102026682145,0
2008-05-28,353931818720,-433871854730,79940036010,0
2008-05-29,75697256265,524385535400,-600082791665,0
2008-05-30,233474126490,-41662135845,-191811990645,0
2008-06-02,117516629290,-180907881210,63391251920,0
2008-06-03,-165385499101,-80473740559,245859239660,0
2008-06-04,-216586663480,277501404610,-60914741130,0
2008-06-05,122648264926,-197423974216,74775709290,0
2008-06-09,-159315504535,147427381630,11888122905,0
2008-06-10,-276307472180,-38579082950,314886555130,0
2008-06-11,-307810051842,107886975042,199923076800,0
2008-06-12,-968989563030,413974883845,555014679185,0
2008-06-13,-341701404675,337196236235,4505168440,0
2008-06-16,-62053891200,-11927563275,73981454475,0
2008-06-17,-195289943530,106058768225,89231175305,0
2008-06-18,-217861849090,326238824420,-108376975330,0
2008-06-19,-257754511740,-47101540110,304856051850,0
2008-06-20,-187096630985,59871003580,127225627405,0
2008-06-23,-401026115070,337593950690,63432164380,0
2008-06-24,-369188962779,244455942739,124733020040,0
2008-06-25,-302172003190,277854600030,24317403160,0
2008-06-26,-19290173380,41461012360,-22170838980,0
2008-06-27,-411343277075,393230495150,18112781925,0
2008-06-30,-149089356490,431274469410,-282185112920,0
2008-07-01,-148303311440,259081418090,-110778106650,0
2008-07-02,-421875945520,586016487070,-164140541550,0
2008-07-03,-443480451240,689613686220,-246133234980,0
2008-07-04,-265766701180,209675596290,56091104890,0
2008-07-07,-116732348263,272275597248,-155543248985,0
2008-07-08,-262987443585,352190126025,-89202682440,0
2008-07-09,-181350084695,130821652370,50528432325,0
2008-07-10,-261120361730,280486769305,-19366407575,0
2008-07-11,-327828217618,212867285083,114960932535,0
2008-07-14,-226055550430,93754162895,132301387535,0
2008-07-15,-247433905790,79165562310,168268343480,0
2008-07-16,-437419159945,267781855630,169637304315,0
2008-07-17,-133758079412,-60454789908,194212869320,0
2008-07-18,-180475685040,56140533495,124335151545,0
2008-07-21,-205641387200,551132859610,-345491472410,0
2008-07-22,-200129746420,211720019970,-11590273550,0
2008-07-23,-279324541565,410559223980,-131234682415,0
2008-07-24,166152027635,115970867960,-282122895595,0
2008-07-25,-181287354350,74143513020,107143841330,0
2008-07-28,-260160271725,30103867880,230056403845,0
2008-07-29,-152207534205,-139698081655,291905615860,0
2008-07-30,-260965269295,226059476245,34905793050,0
2008-07-31,84696900730,73156947085,-157853847815,0
2008-08-01,-114748355770,-19482210840,134230566610,0
2008-08-04,-95335608955,-238437875450,333773484405,0
2008-08-05,-573046989950,607201200120,-34154210170,0
2008-08-06,-78607572210,255632128870,-177024556660,0
2008-08-07,35653136295,-62580636055,26927499760,0
2008-08-08,-39715390366,68321119616,-28605729250,0
2008-08-11,-117142458005,322247099550,-205104641545,0
2008-08-12,160606599676,87317833339,-247924433015,0
2008-08-13,-5623808700,-213678438785,219302247485,0
2008-08-14,62552430620,-55757051390,-6795379230,0
2008-08-18,3171672325,-79434186670,76262514345,0
2008-08-19,-366599287570,159476527645,207122759925,0
2008-08-20,-432352507780,263719879575,168632628205,0
2008-08-21,-155725334860,11473196530,144252138330,0
2008-08-22,-276015644065,316159632805,-40143988740,0
2008-08-25,-99078460780,225426050620,-126347589840,0
2008-08-26,-327560261790,455044322910,-127484061120,0
2008-08-27,-287052453488,457886186038,-170833732550,0
2008-08-28,-54430912130,19224946417,35205965713,0
2008-08-29,-239075309540,453862726855,-214787417315,0
2008-09-01,-27672078860,389327777010,-361655698150,0
2008-09-02,-252639589405,677290643080,-424651053675,0
2008-09-03,-8018504170,142042012235,-134023508065,0
2008-09-04,-301503521690,112592431075,188911090615,0
2008-09-05,-252590896085,147552248820,105038647265,0
2008-09-08,9748603820,130249780045,-139998383865,0
2008-09-09,-206235276270,-24358891325,230594167595,0
2008-09-10,-551252172020,537093051490,14159120530,0
2008-09-11,113529350950,-628435562970,514906212020,0
2008-09-12,-392780064855,537765265670,-144985200815,0
2008-09-16,-605422198945,865721515690,-260299316745,0
2008-09-17,115865423915,-182034467550,66169043635,0
2008-09-18,-498275098735,142408405405,355866693330,0
2008-09-19,247134328420,562612752435,-809747080855,0
2008-09-22,214628142950,166362562105,-380990705055,0
2008-09-23,-282337971320,321645916470,-39307945150,0
2008-09-24,42244520240,-33770909870,-8473610370,0
2008-09-25,-231827281370,100931472485,130895808885,0
2008-09-26,-167869454675,-75239714335,243109169010,0
2008-09-29,469999570261,-847610548211,377610977950,0
2008-09-30,-104372748760,179686480790,-75313732030,0
2008-10-01,-107305059960,-243204393995,350509453955,0
2008-10-02,-324345905690,99418935860,224926969830,0
2008-10-06,-248037687200,-158927437155,406965124355,0
2008-10-07,-108589794295,121003942065,-12414147770,0
2008-10-08,-44687828533,-109574493347,154262321880,0
2008-10-09,-84500070845,100477772825,-15977701980,0
2008-10-10,-400967010898,109797063828,291169947070,0
2008-10-13,-518677298600,388344668815,130332629785,0
2008-10-14,139564838865,-59398372970,-80166465895,0
2008-10-15,-442684809775,206332598955,236352210820,0
2008-10-16,-619752614995,49759380210,569993234785,0
2008-10-17,-494336503900,-88397549680,582734053580,0
2008-10-20,-347508732300,403598571715,-56089839415,0
2008-10-21,-10771648130,-119743268085,130514916215,0
2008-10-22,-356946531670,21203719860,335742811810,0
2008-10-23,-99152288495,-37223136470,136375424965,0
2008-10-24,-274984152530,354347405435,-79363252905,0
2008-10-27,-317872625245,672438169195,-354565543950,0
2008-10-28,-282109343385,298307861110,-16198517725,0
2008-10-29,8157349700,-2060318490,-6097031210,0
2008-10-30,27206137425,177747225695,-204953363120,0
2008-10-31,321453492808,-59924070903,-261529421905,0
2008-11-03,-44412743670,-164798680185,209211423855,0
2008-11-04,-450720355455,335056206215,115664149240,0
2008-11-05,67063707670,147558550835,-214622258505,0
2008-11-06,-282994535470,128911667980,154082867490,0
2008-11-07,-27623185619,24040964074,3582221545,0
2008-11-10,8898358085,195231226410,-204129584495,0
2008-11-11,-97598874518,132428424493,-34829549975,0
2008-11-12,-178354517035,235913799195,-57559282160,0
2008-11-13,-360549399470,-55566446715,416115846185,0
2008-11-14,-136725666240,-287507361840,424233028080,0
2008-11-17,-102863216445,-19413834400,122277050845,0
2008-11-18,-164226741165,-197835730575,362062471740,0
2008-11-19,-244335431670,-11194608905,255530040575,0
2008-11-20,-87871044850,59392080070,28478964780,0
2008-11-21,6339915275,57738481610,-64078396885,0
2008-11-24,-83373232375,-48056176935,131429409310,0
2008-11-25,-52422315460,102194668795,-49772353335,0
2008-11-26,118528154565,199700893190,-318229047755,0
2008-11-27,193907711711,256823256924,-450730968635,0
2008-11-28,275591546583,198540535792,-474132082375,0
2008-12-01,33832584600,-64370717350,30538132750,0
2008-12-02,-9627740970,-52755866480,62383607450,0
2008-12-03,-143741939785,-191619144890,335361084675,0
2008-12-04,-9856221650,-149858226205,159714447855,0
2008-12-05,-6239897040,248704443160,-242464546120,0
2008-12-08,114605552440,653644971815,-768250524255,0
2008-12-09,199164014560,29116369790,-228280384350,0
2008-12-10,336000564120,456016311795,-792016875915,0
2008-12-11,-115173930010,383400222925,-268226292915,0
2008-12-12,11461254585,-329591754140,318130499555,0
2008-12-15,97485599650,175669940515,-273155540165,0
2008-12-16,-59643100263,-109522287572,169165387835,0
2008-12-17,130295713180,-201120406820,70824693640,0
2008-12-18,7935132310,166335348090,-174270480400,0
2008-12-19,233152399421,15744560534,-248896959955,0
2008-12-22,18942232670,-151662357735,132720125065,0
2008-12-23,-65881691280,-70690848430,136572539710,0
2008-12-24,-101401931290,-30392951830,131794883120,0
2008-12-26,-53376171950,-41579093880,94955265830,0
2008-12-29,45088079210,62364923540,-107453002750,0
2008-12-30,191701915540,293922947380,-485624862920,0
2009-01-02,64333034410,93095739795,-157428774205,0
2009-01-05,334137676195,-82864156610,-251273519585,0
2009-01-06,368367969305,383014162550,-751382131855,0
2009-01-07,560639215855,28067241445,-588706457300,0
2009-01-08,-132551681950,-56899927240,189451609190,0
2009-01-09,-85417226155,-164651390900,250068617055,0
2009-01-12,-99163611550,-108823929860,207987541410,0
2009-01-13,31113582425,-236187002665,205073420240,0
2009-01-14,10248140570,-3720873205,-6527267365,0
2009-01-15,-178249746700,-385287938880,563537685580,0
2009-01-16,-307564168220,71166956180,236397212040,0
2009-01-19,162912278634,-32186881244,-130725397390,0
2009-01-20,-61837799740,-127514456170,189352255910,0
2009-01-21,-242853379085,-47277972215,290131351300,0
2009-01-22,-63596446705,-135971874135,199568320840,0
2009-01-23,-147334580140,-123170849625,270505429765,0
2009-01-28,140750327420,563766054005,-704516381425,0
2009-01-29,375757971740,295200254045,-670958225785,0
2009-01-30,39019719465,223332917550,-262352637015,0
2009-02-02,229637020060,-350520157825,120883137765,0
2009-02-03,235588442120,-78819282430,-156769159690,0
2009-02-04,223058451450,396637024805,-619695476255,0
2009-02-05,272044286400,-78604311070,-193439975330,0
2009-02-06,97954881040,54373963890,-152328844930,0
2009-02-09,47540479620,-39924600510,-7615879110,0
2009-02-10,-216700094960,159883845715,56816249245,0
2009-02-11,-110039219560,-33419907590,143459127150,0
2009-02-12,-210580211850,-459293391300,669873603150,0
2009-02-13,-128450120705,184187101100,-55736980395,0
2009-02-16,-14847835360,-273832082945,288679918305,0
2009-02-17,-174753289660,-305735662010,480488951670,0
2009-02-18,-172174810740,-329121903100,501296713840,0
2009-02-19,-134019315280,-230298640185,364317955465,0
2009-02-20,-357155004180,13543885590,343611118590,0
2009-02-23,-12073665460,-4424020140,16497685600,0
2009-02-24,-298826700152,44015074497,254811625655,0
2009-02-25,-48685843174,-172566850926,221252694100,0
2009-02-26,-98761352330,-15306004620,114067356950,0
2009-02-27,-3476739010,88012260495,-84535521485,0
2009-03-02,-408666850215,2211341670,406455508545,0
2009-03-03,-176849088273,254440108878,-77591020605,0
2009-03-04,-177600360430,225196086515,-47595726085,0
2009-03-05,67533454495,-59779566490,-7753888005,0
2009-03-06,-36747258215,146863443555,-110116185340,0
2009-03-09,-59698927305,-31088778975,90787706280,0
2009-03-10,177001177248,179051075592,-356052252840,0
2009-03-11,558334561625,135686315090,-694020876715,0
2009-03-12,-714931264642,942810037002,-227878772360,0
2009-03-13,-52700473690,-42079644685,94780118375,0
2009-03-16,-54270529220,-56957397485,111227926705,0
2009-03-17,26622479890,593461957850,-620084437740,0
2009-03-18,25798863875,91030767600,-116829631475,0
2009-03-19,44183112695,-56608756405,12425643710,0
2009-03-20,101885455810,52614697635,-154500153445,0
2009-03-23,213506995385,108881312635,-341656119320,19267811300
2009-03-24,381830165400,-191831829060,-186049241560,-3949094780
2009-03-25,9259666780,-22995479415,1872013735,11863798900
2009-03-26,58980593580,54781080320,-86765055505,-26996618395
2009-03-27,334742284475,-319717675675,-26475935390,11451326590
2009-03-30,-107257342005,-126224148615,235990890780,-2509400160
2009-03-31,-165943529725,58394705900,111367209505,-3818385680
2009-04-01,73909262250,118345919040,-202625236430,10370055140
2009-04-02,356959843865,446754806235,-822606651890,18892001790
2009-04-03,473196471855,39841637855,-532770908465,19732798755
2009-04-06,261853553375,-90304359875,-162726524860,-8822668640
2009-04-07,-116115559740,-49376673110,144341328960,21150903890
2009-04-08,-328091569260,-273638119830,605843806620,-4114117530
2009-04-09,288424841055,-265854226965,-25539356635,2968742545
2009-04-10,411890192560,-484037408650,79190838250,-7043622160
2009-04-13,397254961455,-531308873005,117254964390,16798947160
2009-04-14,126402460345,-376315212415,230645032190,19267719880
2009-04-15,-110918289870,-195561608180,273907322710,32572575340
2009-04-16,478602600000,-579812732180,105595290340,-4385158160
2009-04-17,479892395060,-642798488230,190122866730,-27216773560
2009-04-20,240254902130,-461149564340,250790310210,-29895648000
2009-04-21,-82348366240,-153422584815,235368626430,402324625
2009-04-22,188313832175,-326051498095,125414580390,12323085530
2009-04-23,157445272749,-167814375459,25575121510,-15206018800
2009-04-24,136124004110,-286071351910,160873190975,-10925843175
2009-04-27,-67657253220,-285967483760,365082874875,-11458137895
2009-04-28,-26687391875,-95796221185,193348665470,-70865052410
2009-04-29,138480583725,138484554765,-267780563820,-9184574670
2009-04-30,573723837750,189224689965,-748033064995,-14915462720
2009-05-04,402882018278,-375293237128,-753383680,-26835397470
2009-05-06,306795626010,-496866740655,200838303230,-10767188585
2009-05-07,226568424260,-439461643510,248154222005,-35261002755
2009-05-08,440322855315,-250395112955,-138007710040,-51920032320
2009-05-11,276696109060,-476008511295,213021455150,-13709052915
2009-05-12,2417045935,-80686734320,126481873945,-48212185560
2009-05-13,-51255621065,-7446701205,68275776540,-9573454270
2009-05-14,-77363551465,-557440435740,665718111845,-30914124640
2009-05-15,21799328790,-273236382635,271541175295,-20104121450
2009-05-18,170854991161,-452757223776,303532083540,-21629850925
2009-05-19,423890628585,-137734915415,-314318656540,28162943370
2009-05-20,518305230825,-290783157065,-237930886140,10408812380
2009-05-21,42623941580,-298760038415,317007011885,-60870915050
2009-05-22,65587448345,-299127692265,272755367615,-39215123695
2009-05-25,210748776490,-469650733440,253427205540,5474751410
2009-05-26,156948969438,-474732050633,321049504585,-3266423390
2009-05-27,327614444825,-284859650855,-18225527440,-24529266530
2009-05-28,251620000878,205766825197,-379704668635,-77682157440
2009-05-29,360182671160,-273017557510,-62511678580,-24653435070
2009-06-01,331208526330,-159264633885,-137377133205,-34566759240
2009-06-02,492739591565,-338587137905,-135406997280,-18745456380
2009-06-03,-93746748075,110216071745,41714865640,-58184189310
2009-06-04,-108278162765,-440789018145,573775904110,-24708723200
2009-06-05,100209667315,-270869877810,191194998315,-20534787820
2009-06-08,43156209395,-94755219380,87842107810,-36243097825
2009-06-09,95915530650,-408509648525,336684804900,-24090687025
2009-06-10,431104744335,275588264830,-721021956575,14328947410
2009-06-11,701652519302,-357092320740,-355306467625,10746269063
2009-06-12,247406364398,-275714696788,32599817220,-4291484830
2009-06-15,-44228294735,-398020781510,502943306375,-60694230130
2009-06-16,-166698191815,-202951611980,367864422415,1785381380
2009-06-17,-149665283225,-206788725625,345037534830,11416474020
2009-06-18,-49296383900,-196725130360,237699777170,8321737090
2009-06-19,25901450305,-100638814650,60848977695,13888386650
2009-06-22,18028066435,36237406330,-55873446290,1607973525
2009-06-23,-215095281965,-231048159095,443258175430,2885265630
2009-06-24,-76761026375,-61368353950,150317465560,-12188085235
2009-06-25,424786608085,79188055055,-487160728690,-16813934450
2009-06-26,354066965855,-314930202470,-26953196305,-12183567080
2009-06-29,29865132370,-13138931625,-19160273085,2434072340
2009-06-30,58386736050,335070427180,-392726980570,-730182660
2009-07-01,179795489350,31870058690,-222498413790,10832865750
2009-07-02,280179065438,-325464849203,6271762935,39014020830
2009-07-03,78018712575,145578558680,-223861777340,264506085
2009-07-06,114665858700,4336907015,-150457230375,31454464660
2009-07-07,147801488385,-97264459030,-18605716495,-31931312860
2009-07-08,-197518347801,-18909729414,216457005785,-28928570
2009-07-09,312193355490,-369834485165,70356643325,-12715513650
2009-07-10,-36873796150,57544203645,-8471639405,-12198768090
2009-07-13,-226678470430,-164909097490,379507391380,12080176540
2009-07-14,-19379649860,-198389106220,226629311765,-8860555685
2009-07-15,473306660550,-139833854850,-325131546380,-8341259320
2009-07-16,536778958208,-35604781013,-512328196125,11154018930
2009-07-17,160467881120,123605010065,-308164394110,24091502925
2009-07-20,515298640795,407043793885,-923382779110,1040344430
2009-07-21,402982892105,-119181830220,-275887644135,-7913417750
2009-07-22,315709711780,-140424690990,-158008305170,-17276715620
2009-07-23,316441506532,98987706363,-368973099125,-46456113770
2009-07-24,437558879110,-23401140030,-390911748910,-23245990170
2009-07-27,478303837195,-4380687440,-461863236750,-12059913005
2009-07-28,490156780490,-290262347410,-198936577500,-957855580
2009-07-29,287030664850,-193655308780,-80813764300,-12561591770
2009-07-30,262997317300,-303060110170,71228570125,-31165777255
2009-07-31,543312214039,-4614998569,-528634683165,-10062532305
2009-08-03,386916402780,-200708166995,-157345696705,-28862539080
2009-08-04,541667890065,-458144946715,-65734991815,-17787951535
2009-08-05,69141504530,-33313600575,-28861063315,-6966840640
2009-08-06,15135688110,108114880900,-100230498810,-23020070200
2009-08-07,186262180180,-107965534465,-91950137165,13653491450
2009-08-10,341800104730,-449543127545,101152484700,6590538115
2009-08-11,189043262210,40260928090,-223653362370,-5650827930
2009-08-12,-12610730320,-220176163710,226489722185,6297171845
2009-08-13,250311990280,-606596969995,359276457120,-2991477405
2009-08-14,369643512895,-170696225925,-183167962930,-15779324040
2009-08-17,122564955495,-794814879510,708553084675,-36303160660
2009-08-18,-170550671664,161331161124,32669208905,-23449698365
2009-08-19,200073796146,-590040169235,392131345607,-2164972518
2009-08-20,-166841511210,228619149975,-31801583455,-29976055310
2009-08-21,201864370270,-527803010775,353180831395,-27242190890
2009-08-24,301610134910,-275096966775,49574741955,-76087910090
2009-08-25,209478029814,-438757331889,244760000680,-15480698605
2009-08-26,209336134505,-272718902640,105080034535,-41697266400
2009-08-27,218476807660,-248260303040,62822259680,-33038764300
2009-08-28,207631151075,-129002059365,-73627760960,-5001330750
2009-08-31,-27684583970,-210315300010,243473540690,-5473656710
2009-09-01,20978198210,195592782075,-233486743645,16915763360
2009-09-02,-286740837500,-13645453705,323346728555,-22960437350
2009-09-03,-152453835600,33934473805,109984330575,8535031220
2009-09-04,7424771870,-126273598705,160058213905,-41209387070
2009-09-07,31103818270,-200293623680,190076406010,-20886600600
2009-09-08,73991715860,4843733515,-55163618320,-23671831055
2009-09-09,90450059020,-512321226895,453254783095,-31383615220
2009-09-10,444448179077,302165674793,-758605759560,11991905690
2009-09-11,589820615825,-370472125770,-206814116655,-12534373400
2009-09-14,204112419590,-359293467735,184859817130,-29678768985
2009-09-15,365727584860,-380286681295,-5146153310,19705249745
2009-09-16,896672932200,50828880350,-924955082505,-22546730045
2009-09-17,779737966160,-448564440760,-278429533810,-52743991590
2009-09-18,1418543625730,-1103559799125,-240197261500,-74786565105
2009-09-21,187064742400,-319599248985,142772555235,-10238048650
2009-09-22,523712516625,-320960757020,-198873756375,-3878003230
2009-09-23,127599504565,-286282480220,164882980985,-6200005330
2009-09-24,-88407234500,-209278341770,301329401270,-3643825000
2009-09-25,-148028160105,-292050631975,444011202335,-3932410255
2009-09-28,-124948842110,-235382513335,383449787715,-23118432270
2009-09-29,-121856682270,161965073605,-33268762585,-6839628750
2009-09-30,-13419031310,236828728910,-186570097455,-36839600145
2009-10-01,-243914720550,76048363115,165804865125,2061492310
2009-10-05,-336753103530,-4782966525,345145767595,-3609697540
2009-10-06,-31287742870,-103337136720,143859573980,-9234694390
2009-10-07,105364174387,33515452623,-125009709020,-13869917990
2009-10-08,-11515197705,-188105568630,178315583985,21305182350
2009-10-09,422891353475,-91045253895,-330212908175,-1633191405
2009-10-12,-51955361505,-127792874860,180289811155,-541574790
2009-10-13,8960754025,-249166739190,222167590685,18038394480
2009-10-14,356249500875,-65821719365,-254782628550,-35645152960
2009-10-15,549097255675,-146400511340,-344216514805,-58480229530
2009-10-16,408604853950,-306683540960,-73102435770,-28818877220
2009-10-19,88752056970,-159828978585,78836305885,-7759384270
2009-10-20,221868246440,-44384943915,-199316601895,21833299370
2009-10-21,119913317730,-43268406365,-82559179005,5914267640
2009-10-22,-117625017070,-143253213275,252949875305,7928355040
2009-10-23,218285331200,-107305607440,-135483754160,24504030400
2009-10-26,184524612635,287997215730,-472769201665,247373300
2009-10-27,186013054015,-292300588285,99121164770,7166369500
2009-10-28,-271599671545,-48866158651,315992249890,4473580306
2009-10-29,-472877413875,107772353620,328370909345,36734150910
2009-10-30,128217156170,-462768633490,322963655150,11587822170
2009-11-02,142241379340,-86206599825,-53112621365,-2922158150
2009-11-03,183610200533,-386809111408,185386739175,17812171700
2009-11-04,106951236310,-47260248770,-80552357455,20861369915
2009-11-05,-22811068400,-243557028660,246766461050,19601636010
2009-11-06,133911431830,8298915910,-150235260770,8024913030
2009-11-09,124596349991,121708196274,-231638503395,-14666042870
2009-11-10,265583537605,-35073141670,-222462134775,-8048261160
2009-11-11,-54626207166,118130115226,-59111953340,-4391954720
2009-11-12,-129057787320,-149248518570,262600853770,15705452120
2009-11-13,-110644396085,44422716955,70068268290,-3846589160
2009-11-16,-13952587965,113215288010,-115598554040,16335853995
2009-11-17,201395136515,-200304461435,-14775622890,13684947810
2009-11-18,146129846570,397914163050,-341339663150,-202704346470
2009-11-19,672662245745,-117634297090,-553659266735,-1368681920
2009-11-20,28240397124,39124219326,-65693184630,-1671431820
2009-11-23,-21103309385,-108241980835,151788629350,-22443339130
2009-11-24,250159407574,-85029245134,258905193280,-424035355720
2009-11-25,-68686485529,59851307704,12459204700,-3624026875
2009-11-26,74762157855,-121944073265,46679465700,502449710
2009-11-27,-210115984260,-53113548035,249698819720,13530712575
2009-11-30,127125109810,-275945155775,162923246760,-14103200795
2009-12-01,30648896290,31423629250,-53574199680,-8498325860
2009-12-02,376830557495,-111477801815,-249699174770,-15653580910
2009-12-03,93455515850,320377633700,-395285166110,-18547983440
2009-12-04,234471828207,275856751978,-474204363325,-36124216860
2009-12-07,264698451296,-46829336661,-199749096835,-18120017800
2009-12-08,164403123585,-98541894260,-43343478995,-22517750330
2009-12-09,-87698916399,251335987189,-247692047485,84054976695
2009-12-10,282542088484,-88934488419,-82897550120,-110710049945
2009-12-11,123126954646,225518705889,-296387746185,-52257914350
2009-12-14,9586671138,75924738212,138462272495,-223973681845
2009-12-15,165200448507,-225782393032,105134938225,-44552993700
2009-12-16,-64193322298,85227960603,-12327544800,-8707093505
2009-12-17,64771214842,-172600772642,104983470870,2846086930
2009-12-18,-171791971416,100441284611,67301016285,4049670520
2009-12-21,-5602781943,92410573228,-38926610550,-47881180735
2009-12-22,114140812440,131909457960,-197707542290,-48342728110
2009-12-23,153373003360,216486624770,-211032422415,-158827205715
2009-12-24,265539639945,377938422175,-628469603465,-15008458655
2009-12-28,-57863749850,-152304420815,241493973990,-31325803325
2009-12-29,102591676065,-246439276550,130228441675,13619158810
2009-12-30,189806035655,164198157930,-353906885535,-97308050
2010-01-04,238943906225,-8107032370,-269395060005,38558186150
2010-01-05,391824265420,-222383253575,-167242927910,-2198083935
2010-01-06,350838814075,-36367259270,-347579504475,33107949670
2010-01-07,220314557034,-85650199289,-165584336715,30919978970
2010-01-08,59569844785,-74475766800,37604837425,-22698915410
2010-01-11,-158652464265,160591376340,16717106005,-18656018080
2010-01-12,125426038100,-43810618645,-81515738050,-99681405
2010-01-13,-141429429265,-250514125710,422482689425,-30539134450
2010-01-14,-242180921243,186036247123,45931878260,10212795860
2010-01-15,376188456059,-170140457849,-223122662600,17074664390
2010-01-18,28284565440,-61141889335,39507377035,-6650053140
2010-01-19,44977969060,-153041720890,114241038460,-6177286630
2010-01-20,214316476070,-291790196700,73885393340,3588327290
2010-01-21,157389303714,-73908837714,-26471801970,-57008664030
2010-01-22,-490584533650,-330894604095,760697529735,60781608010
2010-01-25,39565655290,-183308937430,147263409690,-3520127550
2010-01-26,-198727747190,-110097230610,330255074510,-21430096710
2010-01-27,-448256619405,302917968935,105837529500,39501120970
2010-01-28,133909617630,-117919922545,-25265613935,9275918850
2010-01-29,-81336038700,18998944955,55260568955,7076524790
2010-02-01,-92974719980,1111234175,76955174655,14908311150
2010-02-02,33518817325,-272751770925,220220816550,19012137050
2010-02-03,138940425510,-151795560590,531479930,12323655150
2010-02-04,26109693455,-61288188835,11366336040,23812159340
2010-02-05,-298954910325,225763690325,54839273475,18351946525
2010-02-08,-214834106905,99457288675,114483087995,893730235
2010-02-09,-45364014502,-18729932918,60320073860,3773873560
2010-02-10,15018036930,-162624536630,147082942505,523557195
2010-02-11,87825104845,242141392335,-320237669670,-9728827510
2010-02-12,-41314501910,-167432348045,195198387545,13548462410
2010-02-16,59139324825,92541900485,-156829166195,5147940885
2010-02-17,382353777640,-5929351660,-354266442535,-22157983445
2010-02-18,188795616060,-147520554335,-38808707575,-2466354150
2010-02-19,33768371501,5370293214,-25992070045,-13146594670
2010-02-22,256276608725,272598046300,-516224842345,-12649812680
2010-02-23,49910526210,104607442710,-143203538310,-11314430610
2010-02-24,-192878922655,57666180425,146287628220,-11074885990
2010-02-25,-234520608571,-90170411149,315786920230,8904099490
2010-02-26,-168408181075,123622303605,42712032065,2073845405
2010-03-02,421226297450,-19864000130,-405125240570,3762943250
2010-03-03,93948703726,150076600699,-243907743025,-117561400
2010-03-04,136174346385,-6984780230,-128652173005,-537393150
2010-03-05,140393352809,187484475641,-322603855085,-5273973365
2010-03-08,501524246005,100078700815,-573600623220,-28002323600
2010-03-09,318784195494,-4820068704,-283874111280,-30090015510
2010-03-10,146417312345,62673969275,-176482220990,-32609060630
2010-03-11,-186148860243,238546991373,-32195933170,-20202197960
2010-03-12,239959523855,-110736403125,-132421053345,3197932615
2010-03-15,56795983429,-58546398564,2422317760,-671902625
2010-03-16,395882207580,-494564110470,207974147350,-109292244460
2010-03-17,656549581320,-14130677385,-621325191585,-21093712350
2010-03-18,293840283020,-74007280140,-218648425510,-1184577370
2010-03-19,285336505777,28768096448,-312019143635,-2085458590
2010-03-22,43804183115,-309173578255,263261503990,2107891150
2010-03-23,191923832995,-91072314485,-108302467875,7450949365
2010-03-24,369506230865,-204559922220,-161196235005,-3750073640
2010-03-25,206043941380,-52578605290,-147083926205,-6381409885
2010-03-26,211650761765,-84713707290,-119482095140,-7454959335
2010-03-29,326519249130,-105731994410,-210999257235,-9787997485
2010-03-30,355065731410,-220380722425,-116614408610,-18070600375
2010-03-31,125951061430,-64353232170,-28394847690,-33202981570
2010-04-01,447457803670,-45504671805,-385553639855,-16399492010
2010-04-02,622645147795,-572569246020,-52285573075,2209671300
2010-04-05,251949588280,-235890628725,3500065395,-19559024950
2010-04-06,148478234370,-104319259750,-36558569400,-7600405220
2010-04-07,478724737480,-262427950150,-207812894360,-8483892970
2010-04-08,446666257164,-449249600909,6693674145,-4110330400
2010-04-09,622349319119,-124432211554,361580493680,-859497601245
2010-04-12,37303483790,-128124780305,91635128640,-813832125
2010-04-13,-18104410710,-54556702370,83794554250,-11133441170
2010-04-14,208142210475,26148958140,-172158222015,-62132946600
2010-04-15,517043328740,-341676905765,-176715617195,1349194220
2010-04-16,184534906280,-333903642310,133970003980,15398732050
2010-04-19,-74101597600,-86130952805,144141241005,16091309400
2010-04-20,-33040973760,-225589022930,246387420570,12242576120
2010-04-21,280460784975,98608767660,-394155344895,15085792260
2010-04-22,94846009940,-298848033630,208503615870,-4501592180
2010-04-23,159975821365,-128264490905,-29709201345,-2002129115
2010-04-26,208456809070,47032830285,-258956015265,3466375910
2010-04-27,121270974602,-274125765687,173096478485,-20241687400
2010-04-28,-42921937385,-347781709520,395413589360,-4709942455
2010-04-29,58697134091,-99013044796,61051520035,-20735609330
2010-04-30,439979835815,-248703271135,-210751871720,19475307040
2010-05-03,-234524542245,-80123928050,302813273375,11835196920
2010-05-04,-7357118950,-298127710725,281211264875,24273564800
2010-05-06,-743995969427,371961523282,354977011935,17057434210
2010-05-07,-1245485727645,712979111500,484790367280,47716248865
2010-05-10,-327904459560,-90694647850,404715440910,13883666500
2010-05-11,16023398265,-215191229260,203610687845,-4442856850
2010-05-12,-404968144245,65659812930,332693304035,6615027280
2010-05-13,68274521320,40151307390,-117560995060,9135166350
2010-05-14,-206408852180,-34711530250,226175016360,14945366070
2010-05-17,-761532602855,-49403549740,761143316310,49792836285
2010-05-18,-423398629320,206704944455,223352585615,-6658900750
2010-05-19,-598950868390,155540912720,420361076600,23048879070
2010-05-20,-387061690814,187239578714,190859216060,8962896040
2010-05-24,-103955878650,192610729025,-93113317650,4458467275
2010-05-25,-582955322350,583101437215,-41997358755,41851243890
2010-05-26,-228887719650,130826702815,99299837735,-1238820900
2010-05-27,-308819292375,115544174000,169920485550,23354632825
2010-05-28,58475070020,-105040360710,48247091650,-1681800960
2010-05-31,174409861430,-104515823080,-69227369765,-666668585
2010-06-01,-69721957383,-30437216532,120017761595,-19858587680
2010-06-03,266798826115,18312775605,-283515982790,-1595618930
2010-06-04,97587254394,52082926341,-136084807735,-13585373000
2010-06-07,-267903177320,146956301500,109971935170,10974940650
2010-06-08,-213262903685,42333531970,187923424530,-16994052815
2010-06-09,-34105000755,-168171669390,213384982335,-11108312190
2010-06-10,-259714430680,134358551815,128626482350,-3270603485
2010-06-11,310382840250,48951193655,-345833551880,-13500482025
2010-06-14,304693739880,95701732470,-374321553785,-26073918565
2010-06-15,15365415768,82455245697,-85351299515,-12469361950
2010-06-16,341814066000,-55033223310,-261066131240,-25714711450
2010-06-17,231583160682,-36869856027,-164669202325,-30044102330
2010-06-18,263641829855,-74836215330,-64368699605,-124436914920
2010-06-21,295405220500,130065760750,-406304336660,-19166644590
2010-06-22,-14346585315,-157947996725,199448226315,-27153644275
2010-06-23,-32473245630,-18252303590,77297483460,-26571934240
2010-06-24,26544010235,102875984550,-135294825960,5874831175
2010-06-25,-152338711692,73322567242,51409231910,27606912540
2010-06-28,-138291323595,130807200020,23754465315,-16270341740
2010-06-29,55391033587,6957755058,-68566122345,6217333700
2010-06-30,-331695811245,58358737665,261982680180,11354393400
2010-07-01,-269398865440,-143292388925,429524081715,-16832827350
2010-07-02,-231868339965,-143225428645,365778031855,9315736755
2010-07-05,-63968226103,-45566575432,104387923490,5146878045
2010-07-06,-335637536920,234711826153,88259050320,12666660447
2010-07-07,-390751667780,105456398750,273967464000,11327805030
2010-07-08,43187647675,229419245535,-276836499245,4229606035
2010-07-09,311957461345,161916128055,-482102839400,8229250000
2010-07-12,337964640060,1554156165,-335366248845,-4152547380
2010-07-13,292354361475,92867979525,-316196471350,-69025869650
2010-07-14,903421196040,-29332766895,-814737032845,-59351396300
2010-07-15,483875987810,-510020613935,56161737515,-30017111390
2010-07-16,301236289436,-345906149101,62810750125,-18140890460
2010-07-19,-56629401030,-59483296870,134139163740,-18026465840
2010-07-20,-18891562950,-160517919135,188459018115,-9049536030
2010-07-21,247345045480,-116958976045,-122034527605,-8351541830
2010-07-22,3124898095,-7761172215,18797113350,-14160839230
2010-07-23,224521084270,77705343675,-283334090465,-18892337480
2010-07-26,154147462983,63651315862,-203960898530,-13837880315
2010-07-27,584451569485,-522080889430,23095019695,-85465699750
2010-07-28,133313758250,97604678810,-229489787035,-1428650025
2010-07-29,159515204780,-53668663220,-77189177760,-28657363800
2010-07-30,89480605235,-19557062430,-82677910555,12754367750
2010-08-02,66354356082,106305140308,-196569449720,23909953330
2010-08-03,304418673300,-69660031889,-265990536375,31231894964
2010-08-04,203824793070,-315416107160,99235163365,12356150725
2010-08-05,-164965681000,111323777015,42395805145,11246098840
2010-08-06,-44993322940,158703705640,-121703170150,7992787450
2010-08-09,62572364305,-3274491465,-82700522020,23402649180
2010-08-10,53098755595,-154820955635,79081475510,22640724530
2010-08-11,-8954247510,-265658646290,284536334380,-9923440580
2010-08-12,-539535192540,37945768070,462196068650,39393355820
2010-08-13,-159193080640,4465948290,120465415475,34261716875
2010-08-16,-358932069760,110223248980,221424957980,27283862800
2010-08-17,-137549481655,237104013135,-99113352890,-441178590
2010-08-18,143818772880,30122898295,-191852427430,17910756255
2010-08-19,153206073825,246284329405,-400758226490,1267823260
2010-08-20,177062443485,-187922028645,-15523687810,26383272970
2010-08-23,37997183415,-141959838075,79747183935,24215470725
2010-08-24,93072626125,-158790941415,62325095420,3393219870
2010-08-25,-202211437440,-32851945,202162953220,81336165
2010-08-26,-93751355300,75202052810,8911199560,9638102930
2010-08-27,-134060964031,-24208693074,137122804765,21146852340
2010-08-30,33859580620,163440255505,-184851466275,-12448369850
2010-08-31,-43701188520,-75741827935,100581138185,18861878270
2010-09-01,-46215799750,139334131795,-87468155375,-5650176670
2010-09-02,93494432220,167786938295,-284508022410,23226651895
2010-09-03,235602037500,-33453272470,-180320680835,-21828084195
2010-09-06,357075137670,-174253578910,-156998317925,-25823240835
2010-09-07,239451672730,-200294832595,-1776428075,-37380412060
2010-09-08,-48041737410,-178739023260,230862089000,-4081328330
2010-09-09,-307471363875,130262454720,184661617805,-7452708650
2010-09-10,569557911605,1534544860,-544103730975,-26988725490
2010-09-13,685065255560,-329972293990,-282575200670,-72517760900
2010-09-14,405560370940,-435582795465,21475117440,8547307085
2010-09-15,444369318675,-211120535815,-173384438440,-59864344420
2010-09-16,205602410650,-33743499285,-142848607800,-29010303565
2010-09-17,272846319790,164673584905,-424633545945,-12886358750
2010-09-20,132550411829,-112057348089,-28888181950,8395118210
2010-09-24,101476633520,-114907334485,21248768750,-7818067785
2010-09-27,131326961880,-129371480680,-2926526130,971044930
2010-09-28,43148704440,-83908700215,89104881330,-48344885555
2010-09-29,362724691734,72551073276,-302386678220,-132889086790
2010-09-30,421328461635,-192535920405,-219737451315,-9055089915
2010-10-01,464436395110,-195783712675,-260389219645,-8263462790
2010-10-04,652335572030,-509766642139,-137008680461,-5560249430
2010-10-05,238133582305,-161998569543,-66662658367,-9472354395
2010-10-06,851059816160,-191479830788,-651173231032,-8406754340
2010-10-07,116143866077,22962008931,-131443680138,-7662194870
2010-10-08,174429479310,-139808092388,-46061120940,11439734018
2010-10-11,217865100650,-300496353093,82559489968,71762475
2010-10-12,-177800812365,-181180727081,337681684306,21299855140
2010-10-13,-149952563795,84192956094,64033159001,1726448700
2010-10-14,155492114510,159272008565,-288950609385,-25813513690
2010-10-15,118658890501,176503558932,-39009480743,-256152968690
2010-10-18,44354238580,-391842923110,355852349410,-8363664880
2010-10-19,132210188450,-412153705133,299646617252,-19703100569
2010-10-20,-198571777914,154891337378,53928068496,-10247627960
2010-10-21,6405662980,-143188392010,131999099625,4783629405
2010-10-22,559813855305,93521978281,-641775503872,-11560329714
2010-10-25,501781773316,-34632118862,-460178000844,-6971653610
2010-10-26,446980547949,-422123182307,5824662108,-30682027750
2010-10-27,84392791450,-382674875696,311993165376,-13711081130
2010-10-28,60558761590,-201283438313,195178287457,-54453610734
2010-10-29,-337370490586,-294631855385,625141986821,6860359150
2010-11-01,-6208039720,96752954079,-57798003794,-32746910565
2010-11-02,12544634115,-173489562276,157293978536,3650949625
2010-11-03,190807993700,39147518230,-262510554710,32555042780
2010-11-04,330718359560,-319469683025,-30007263155,18758586620
2010-11-05,797613082443,-317374470088,-450929153505,-29309458850
2010-11-08,256597172550,-232355551505,-160636975,-24080984070
2010-11-09,-31560368966,-41397732322,60969879943,11988221345
2010-11-10,438452616687,-127793504041,-297714577556,-12944535090
2010-11-11,-1309483279005,873693572450,418488498475,17301208080
2010-11-12,876243501346,-498374927240,216229739264,-594098313370
2010-11-15,221944491126,-164565420428,-43904909028,-13474161670
2010-11-16,75789568914,-350580136197,268084984788,6705582495
2010-11-17,-305964041940,129758206390,146204855380,30000980170
2010-11-18,-156920296935,190920631840,-53092525010,19092190105
2010-11-19,192754270316,-207130004866,19172915340,-4797180790
2010-11-22,201646863428,169697343860,-366798400116,-4545807172
2010-11-23,181241482362,-224257397897,62296697095,-19280781560
2010-11-24,49767650210,489886583479,-572682012599,33027778910
2010-11-25,-170602182133,147944007266,32657602369,-9999427502
2010-11-26,60861724866,333223250549,-400225834925,6140859510
2010-11-29,-161218073375,122011006813,38072609957,1134456605
2010-11-30,-96489785806,157217675290,-60090002534,-637886950
2010-12-01,34552319300,74127305791,-100111769806,-8567855285
2010-12-02,399283973465,-160003723460,-253425625385,14145375380
2010-12-03,353915380952,-239170111597,-128363948570,13618679215
2010-12-06,-15654441585,-181982323603,200597431858,-2960666670
2010-12-07,80235041170,46310834893,-112870127463,-13675748600
2010-12-08,263803433490,-290551374000,37339922495,-10591981985
2010-12-09,334908133240,93038796740,-400839176348,-27107753632
2010-12-10,-162439184,3958028124,230269606657,-234065195597
2010-12-13,38914688767,-87493772921,73023259733,-24444175579
2010-12-14,544999725093,-406267501309,-118867751984,-19864471800
2010-12-15,389276918067,-504629700721,181114193548,-65761410894
2010-12-16,50823537000,-179675657792,196582600648,-67730479856
2010-12-17,184759787251,-10408692788,-139261973913,-35089120550
2010-12-20,183594445570,112656044546,-289150343541,-7100146575
2010-12-21,-31156118178,-299517189921,392195294281,-61521986182
2010-12-22,354700186860,-480716412673,193915901698,-67899675885
2010-12-23,138583344930,-104833701238,52134075168,-85883718860
2010-12-24,75746330980,-100039298275,70322094996,-46029127701
2010-12-27,156045893430,-91222545309,-44119383271,-20703964850
2010-12-28,242333753703,300393625690,-487508313223,-55219066170
2010-12-29,-21668897710,-105794491458,100567492188,26895896980
2010-12-30,-142788656194,412345144888,-199722169581,-69834319113
2011-01-03,309471240054,51559642861,-366525843624,5494960709
2011-01-04,539270318770,-128965694599,-373864938671,-36439685500
2011-01-05,129709653358,-84913561781,-48038679907,3242588330
2011-01-06,340251385353,-240950019141,-87176166638,-12125199574
2011-01-07,-50668059244,231503155713,-171789855543,-9045240926
2011-01-10,-235491016812,84800555377,173181106405,-22490644970
2011-01-11,-101013525715,16496689909,93857668094,-9340832288
2011-01-12,326534319290,-285880160777,-36426167381,-4227991132
2011-01-13,145246329674,-811173511502,639333894847,26593286981
2011-01-14,-143614475170,5933894110,180441940210,-42761359150
2011-01-17,-35279164088,-441541317650,463166087058,13654394680
2011-01-18,-19808955570,-80818103970,95369840215,5257219325
2011-01-19,-3040166358,65786029210,-46888431007,-15857431845
2011-01-20,-133967976050,-193253361123,320072235803,7149101370
2011-01-21,-295273966860,-68620482153,398214156638,-34319707625
2011-01-24,-125101249488,196450288725,-79017404867,7668365630
2011-01-25,76017452854,176156905339,-267846947155,15672588962
2011-01-26,117863986641,195757973389,-332068776255,18446816225
2011-01-27,360581877407,-334082690291,7167531349,-33666718465
2011-01-28,-156072851709,-106379115381,306463359015,-44011391925
2011-01-31,-699584099399,173916687821,528392298028,-2724886450
2011-02-01,-141601214240,-77332703187,208644606237,10289311190
2011-02-07,7051249095,42846010271,-41319893566,-8577365800
2011-02-08,-82743602690,-61969563482,132088474648,12624691524
2011-02-09,-479603201630,27434501333,463556054497,-11387354200
2011-02-10,-1097189805850,300925042380,800863845072,-4599081602
2011-02-11,-617276933600,270404053390,313594243676,33278636534
2011-02-14,31205148830,111496965660,-169285219054,26583104564
2011-02-15,-48656447565,-36445844261,69443006116,15659285710
2011-02-16,-204881820390,281138303172,-60482075567,-15774407215
2011-02-17,71165753350,-49261012236,-37163187412,15258446298
2011-02-18,95544973681,183985418840,-282081236991,2550844470
2011-02-21,176177984220,-377012450825,224895049413,-24060582808
2011-02-22,-340701125035,196992803960,167275141113,-23566820038
2011-02-23,-159832447470,299503314845,-103306771494,-36364095881
2011-02-24,-176846382289,329645820819,-133472802620,-19326635910
2011-02-25,-317999490435,204425814128,76293249492,37280426815
2011-02-28,-223056224480,165826788900,46428436435,10800999145
2011-03-02,-73210277961,92628973170,-44091389409,24672694200
2011-03-03,178817649005,179621037119,-404198419292,45759733168
2011-03-04,396021466699,178777783611,-627557824785,52758574475
2011-03-07,-46504762457,-219600673923,280919669195,-14814232815
2011-03-08,-406774039765,460632437379,-62286367913,8427970299
2011-03-09,-35722782061,-13916530027,37897575118,11741736970
2011-03-10,-1177868774349,470394817175,719447028884,-11973071710
2011-03-11,-503398377677,97411302625,377230503332,28756571720
2011-03-14,130422242631,43181144260,-166327332412,-7276054479
2011-03-15,-228058081750,168062748684,1685221731,58310111335
2011-03-16,-3986695702,545392713237,-544275585205,2869567670
2011-03-17,113255505623,102070821689,-183009179875,-32317147437
2011-03-18,138747973788,127942450175,-290495107033,23804683070
2011-03-21,131988114709,-145518366061,16865208032,-3334956680
2011-03-22,230140811472,-196680317416,-4956204886,-28504289170
2011-03-23,123690103660,-43457367425,-55577059195,-24655677040
2011-03-24,272525470446,-5262344804,-254410127617,-12852998025
2011-03-25,358823732150,-112307544740,-209687426407,-36828761003
2011-03-28,162727418240,-234034486272,96256359342,-24949291310
2011-03-29,173910045575,-76017390176,-77074668464,-20817986935
2011-03-30,492181820370,102293270065,-551780237568,-42694852867
2011-03-31,690069244883,-178136744014,-469163001609,-42769499260
2011-04-01,734716355556,-258247681183,-465752947943,-10715726430
2011-04-04,182671196375,-535044434058,410721033393,-58347795710
2011-04-05,217788139660,-70633015570,-146474066500,-681057590
2011-04-06,516108022240,-299360503882,-255544461998,38796943640
2011-04-07,67026573670,-244576620300,204382045150,-26831998520
2011-04-08,112514041549,-70133693322,-34751021292,-7629326935
2011-04-11,99689129358,-290199924408,225399883890,-34889088840
2011-04-12,-220913486583,-379606942155,602808235753,-2287807015
2011-04-13,-23843948670,-85545897825,67613766200,41776080295
2011-04-14,-17850963267,-117414691587,148698711779,-13433056925
2011-04-15,-154306072259,-11747792935,192829470624,-26775605430
2011-04-18,-32636560260,-405275521979,447978323244,-10066241005
2011-04-19,-531761398391,-120589213171,645658941650,6691669912
2011-04-20,177506935971,272603954453,-431050183713,-19060706711
2011-04-21,827484425290,-199988038703,-591438336267,-36058050320
2011-04-22,210327917125,-517112358651,315164294976,-8379853450
2011-04-25,131330024754,-202826070473,84674806749,-13178761030
2011-04-26,77795558036,-297247723782,287679200096,-68227034350
2011-04-27,688543741414,-196820128556,-432794098038,-58929514820
2011-04-28,9020536945,-255531919584,189631648414,56879734225
2011-04-29,75976956573,-214888380532,134694147569,4217276390
2011-05-02,190967285268,298999548953,-490504541856,537707635
2011-05-03,33794556091,-351046406336,361012069635,-43760219390
2011-05-04,19612809226,-199135880079,191515001243,-11991930390
2011-05-06,-237614969623,-130609567351,378317928294,-10093391320
2011-05-09,70889835483,-316304543350,221685171152,23729536715
2011-05-11,143629645470,-150225544460,-1535539740,8131438730
2011-05-12,-996446178640,-91236642610,1053173089035,34509732215
2011-05-13,-637717056663,79591635570,545720689621,12404731472
2011-05-16,-509284896452,63617394090,429877203402,15790298960
2011-05-17,-234117435630,-50523778035,300558435155,-15917221490
2011-05-18,-49601839920,213462414104,-197422250079,33561675895
2011-05-19,-380520284758,111554837978,281027992975,-12062546195
2011-05-20,-123597921759,195133792220,-73148002721,1612132260
2011-05-23,-412283255866,-46251733240,461354707746,-2819718640
2011-05-24,-273576867878,204090545443,81810683545,-12324361110
2011-05-25,-72608724701,-79432764204,167555144160,-15513655255
2011-05-26,290753696020,254934760994,-516580416140,-29108040874
2011-05-27,222426171625,67259761749,-167617878474,-122068054900
2011-05-30,-83768408577,-80129341621,163131162192,766588006
2011-05-31,482947775103,770155559562,-1241113853940,-11989480725
2011-06-01,49154957264,4959318821,-50717011805,-3397264280
2011-06-02,-32085577490,-284175101606,285979590344,30281088752
2011-06-03,21616079800,78494840125,-48470493775,-51640426150
2011-06-07,217514676298,-201961995848,16176816110,-31729496560
2011-06-08,91793223149,-448036366805,359640104576,-3396960920
2011-06-09,-659641769625,9487679192,654062751943,-3908661510
2011-06-10,-34033099539,-277988618303,341543315652,-29521597810
2011-06-13,-203691454250,348039801980,-147149010240,2800662510
2011-06-14,-52532108049,490817722557,-443523588728,5237974220
2011-06-15,15518730740,196939014373,-179552053993,-32905691120
2011-06-16,-208143887020,-108629068147,319726054477,-2953099310
2011-06-17,-188211847889,135586421250,70585842489,-17960415850
2011-06-20,-130946689110,198988327114,-49349016559,-18692621445
2011-06-21,3393958155,257277682701,-240064458596,-20607182260
2011-06-22,-17172847950,349151097932,-316256642537,-15721607445
2011-06-23,-127363757186,-32778352853,157049182181,3092927858
2011-06-24,55967679310,584254080611,-638375705245,-1846054676
2011-06-27,-102984983922,-303862736822,397283798694,9563922050
2011-06-28,-36963386010,326887743889,-216866351419,-73058006460
2011-06-29,420265083915,145298897549,-549714245140,-15849736324
2011-06-30,183632180500,144247397122,-330386997242,2507419620
2011-07-01,163330572205,420040957291,-579275888466,-4095641030
2011-07-04,160967525650,221661872225,-373500753025,-9128644850
2011-07-05,375717502420,252669336872,-572208110027,-56178729265
2011-07-06,169860313500,-63672422538,-77622779732,-28565111230
2011-07-07,533253630495,111863337205,-626462199635,-18654768065
2011-07-08,1718167271410,-1546693406523,2063935433,-173537800320
2011-07-11,107704617925,-268132516230,120083326405,40344571900
2011-07-12,-385813682373,-94957390556,472086636049,8684436880
2011-07-13,-195822135118,-153194355728,345618829926,3397660920
2011-07-14,-44944090890,-93773909756,749244331076,-610526330430
2011-07-15,-127679643070,283377966818,-148431345288,-7266978460
2011-07-18,-210784877477,-26018779796,244370196163,-7566538890
2011-07-19,-309490105270,290354910922,8319531564,10815662784
2011-07-20,-135419958315,408518661900,-259660601680,-13438101905
2011-07-21,-177808743274,151646294085,24698917905,1463531284
2011-07-22,161613872120,399520119367,-544929674877,-16204316610
2011-07-25,-61041187600,-81991252494,141190393694,1842046400
2011-07-26,-31739264130,351095755132,-169236880082,-150119610920
2011-07-27,-41757819704,305302174765,-257055213211,-6489141850
2011-07-28,-125969451984,-13025430505,130885750409,8109132080
2011-07-29,-147384549536,25625104690,114458643716,7300801130
2011-08-01,253399253075,262578886421,-518520163996,2542024500
2011-08-02,-374197938767,-310329285325,680562558192,3964665900
2011-08-03,-777554681360,17814609089,717857425211,41882647060
2011-08-04,-438615303247,5053365595,472505497392,-38943559740
2011-08-05,-410994197719,983570040179,-572166203200,-409639260
2011-08-08,-84443222387,794833395107,-733319072112,22928899392
2011-08-09,-1166876826140,984464867185,119920236790,62491722165
2011-08-10,-1262539723860,-288387147181,1555925425621,-4998554580
2011-08-11,-279162893734,141719237700,108058707849,29384948185
2011-08-12,-278463128825,-218094626303,491431011223,5126743905
2011-08-16,660441046277,-255016951507,-394414309065,-11009785705
2011-08-17,-13401626329,27277274891,-2049589100,-11826059462
2011-08-18,-151051682647,-456466409870,610862441967,-3344349450
2011-08-19,-260184052350,113822998295,161524046280,-15162992225
2011-08-22,-242121112450,370773289970,-190945030415,62292852895
2011-08-23,-64722876254,251613197179,-200441210245,13550889320
2011-08-24,93814891610,-381421985948,243149025818,44458068520
2011-08-25,-45104001490,91123242582,-54267483772,8248242680
2011-08-26,-62007857765,170488170075,-140389839115,31909526805
2011-08-29,-163271029630,324770569303,-195713329521,34213789848
2011-08-30,200729938980,-241534287979,15589203239,25215145760
2011-08-31,264688388710,102922819301,-342923646087,-24687561924
2011-09-01,1089150891990,-372408461188,-684451720712,-32290710090
2011-09-02,-79848003236,-388253955694,396560165930,71541793000
2011-09-05,-329781250065,-429259411726,740004446811,19036214980
2011-09-06,-436018827450,-9380968815,437726549325,7673246940
2011-09-07,-328803151753,472889846045,-131142891462,-12943802830
2011-09-08,-5530278600,493321372363,-499917553613,12126459850
2011-09-09,-113513051377,-38588555425,145706334762,6395272040
2011-09-14,-687975651345,193982992640,452676031135,41316627570
2011-09-15,-193401062210,174665600589,4222970783,14512490838
2011-09-16,91057786091,990113075985,-1103510683161,22339821085
2011-09-19,2857660530,-48662891419,40343170749,5462060140
2011-09-20,-182841300380,450946190539,-273893747804,5788857645
2011-09-21,265635173800,73377008275,-324030364495,-14981817580
2011-09-22,-303653496810,-477305393403,762509225308,18449664905
2011-09-23,-668313687005,-303032442185,907104547255,64241581935
2011-09-26,-261399509930,698553197650,-435525225245,-1628462475
2011-09-27,164386870305,172494505832,-322176533122,-14704843015
2011-09-28,326143244760,-297263238914,-55293717561,26413711715
2011-09-29,118769910250,189632655188,-299557162855,-8845402583
2011-09-30,219768222025,-66467609024,-187337226931,34036613930
2011-10-04,-449864059200,-209975337574,650345917254,9493479520
2011-10-05,-301150469294,175034425829,77813147803,48302895662
2011-10-06,117612827475,549218804977,-713857131402,47025498950
2011-10-07,380777610482,451038698362,-869479372188,37663063344
2011-10-10,-101004213460,194223177335,-96854763293,3635799418
2011-10-11,330916878954,287118707205,-595766733119,-22268853040
2011-10-12,-5729813620,53753064666,-58259730686,10236479640
2011-10-13,440351559255,-224788032428,-189785267432,-25778259395
2011-10-14,43586132710,52119736497,-102139619547,6433750340
2011-10-17,252671385133,76541274581,-355251997666,26039337952
2011-10-18,143795884934,209838412504,212314088622,-565948386060
2011-10-19,-26917302780,-50202626800,59606362130,17513567450
2011-10-20,-112194322360,1146702079,90589509379,20458110902
2011-10-21,-258103474215,225622789688,26319022237,6161662290
2011-10-24,181736644060,576207926218,-736758781098,-21185789180
2011-10-25,354303000994,-188848190954,-178881757835,13426947795
2011-10-26,-103031663361,136376058676,-51391079495,18046684180
2011-10-27,168603976535,340457298270,-508829738815,-231535990
2011-10-28,453158235435,252961040899,-667881812771,-38237463563
2011-10-31,138411749734,-381503254279,247740828775,-4649324230
2011-11-01,169210713750,-164072872059,-15771129865,10633288174
2011-11-02,-349317764645,146254897580,198793043615,4269823450
2011-11-03,-33275224410,-410127704600,458424011800,-15021082790
2011-11-04,62599679045,722139444225,-822281489455,37542366185
2011-11-07,134819085240,-247463455153,96165758073,16478611840
2011-11-08,24085994830,87725918055,-107110037560,-4701875325
2011-11-09,-267702797390,333735788655,-60583614075,-5449377190
2011-11-10,-503688804680,-179635909250,628236470800,55088243130
2011-11-11,-263390921490,30761260875,206977126753,25652533862
2011-11-14,133033988810,322574841547,-454603805892,-1005024465
2011-11-15,-79664522395,41118736807,38688981993,-143196405
2011-11-16,89616974148,-259056139777,159230049604,10209116025
2011-11-17,-340127362150,53058373325,264984641225,22084347600
2011-11-18,-399647117405,-254662631110,622945430635,31364317880
2011-11-21,-288422900340,13826060628,249736384125,24860455587
2011-11-22,-326295128680,119366870240,176987997190,29940261250
2011-11-23,-420976691662,31128886265,372074190727,17773614670
2011-11-24,-272188860670,328308815678,-53488382218,-2631572790
2011-11-25,-354355173356,312417697878,36008956133,5928519345
2011-11-28,-198098616350,533262243614,-370322248434,35158621170
2011-11-29,414832483839,640262931457,-955999402146,-99096013150
2011-11-30,388733710634,259682482975,-638921138929,-9495054680
2011-12-01,627859113950,1049318351182,-1680880949942,3703484810
2011-12-02,99468717857,629186326018,-495529869930,-233125173945
2011-12-05,-72790984432,113116228860,-39711088678,-614155750
2011-12-06,-160165469069,288948935339,-127393365670,-1390100600
2011-12-07,-28589745291,336718750223,-288292645558,-19836359374
2011-12-08,202800842650,-155732152185,-24871031954,-22197658511
2011-12-09,-420184267640,-161140579990,579149265860,2175581770
2011-12-12,2563290002,63035658300,-66718492442,1119544140
2011-12-13,-204134943030,-204164227431,388604703771,19694466690
2011-12-14,-346430309143,122214545756,242715671057,-18499907670
2011-12-15,-285910740528,-205278792538,485665833845,5523699221
2011-12-16,33532471607,-180531182182,145161410995,1837299580
2011-12-19,-240732770820,8107072632,166565966303,66059731885
2011-12-20,-320700881338,158974242797,166833931581,-5107293040
2011-12-21,325513706520,333340668765,-569008905495,-89845469790
2011-12-22,-18900391869,97451002973,-75283961844,-3266649260
2011-12-23,185697342434,366437648418,-530452796577,-21682194275
2011-12-26,81943559040,-56885299080,12886686246,-37944946206
2011-12-27,95671828275,142047525874,-209274086032,-28445268117
2011-12-28,30519665070,-199540367301,184222480871,-15201778640
2011-12-29,12652682505,113389842093,-98944638193,-27097886405
2012-01-02,-102255186028,92203262961,7213627360,2838295707
2012-01-03,302644108790,677565913860,-971010349455,-9199673195
2012-01-04,288119357210,109962318295,-392119378895,-5962296610
2012-01-05,-41564084642,279882351294,-230763616937,-7554649715
2012-01-06,-48310232640,-269147217360,303861870200,13595579800
2012-01-09,-75704525191,-280747536134,370620026164,-14167964839
2012-01-10,25274890057,607855068671,-537043547493,-96086411235
2012-01-11,112604883665,-42015191660,-85780925125,15191233120
2012-01-12,166803721205,93604370834,-274140752409,13732660370
2012-01-13,605291028986,432461964330,-337540334912,-700212658404
2012-01-16,6645257738,-139602662619,140611587669,-7654182788
2012-01-17,422901626074,273013354201,-676305053535,-19609926740
2012-01-18,445043748770,-161406225054,-291146765916,7509242200
2012-01-19,740366248160,20002326924,-731767919742,-28600655342
2012-01-20,1440405231107,-252069477128,-1151467074929,-36868679050
2012-01-25,942424710170,-510871143795,-396377175265,-35176391110
2012-01-26,464647658591,-177623469989,-270079610242,-16944578360
2012-01-27,491051660754,-228366958970,-250930775514,-11753926270
2012-01-30,-75077818045,-93644101834,171503703859,-2781783980
2012-01-31,140219381721,-106763221128,-32272883023,-1183277570
2012-02-01,415560283274,-219009401968,-197598271066,1047389760
2012-02-02,1009506106860,-222917381687,-766169032098,-20419693075
2012-02-03,-120813406524,-233689532056,350079284710,4423653870
2012-02-06,180127745765,-26863986925,-145984397810,-7279361030
2012-02-07,363555767615,-87942795094,-254441741531,-21171230990
2012-02-08,400600839962,-1841883550,-404542861572,5783905160
2012-02-09,104292171090,-154156865813,44548763503,5315931220
2012-02-10,89962743315,-395543689390,319535533510,-13954587435
2012-02-13,165355143286,42238710720,-178615053706,-28978800300
2012-02-14,21742888645,-165426881627,147896456012,-4212463030
2012-02-15,254222912010,115660988434,-341150364354,-28733536090
2012-02-16,-51827917650,-366322930704,417870061294,280787060
2012-02-17,258752274649,44861634498,-302866854372,-747054775
2012-02-20,162791800160,-210085009799,66621238199,-19328028560
2012-02-21,124668287752,-290996252411,180624700994,-14296736335
2012-02-22,308815739010,-270735952596,-16314755019,-21765031395
2012-02-23,-15125867254,-204584763680,238129586812,-18418955878
2012-02-24,174614411051,-101202598541,-67705820718,-5705991792
2012-02-27,-28417230725,-237394885010,300776273657,-34964157922
2012-02-28,-79636749394,243576681770,-161473298976,-2466633400
2012-02-29,528838869995,3525633124,-525273353939,-7091149180
2012-03-02,369417706005,-38218988449,-314259944601,-16938772955
2012-03-05,-47670281355,-224198699598,272063459793,-194478840
2012-03-06,-225802252840,-62141291590,298491597345,-10548052915
2012-03-07,-372124492478,18852128130,350479674378,2792689970
2012-03-08,-419101602949,200370744723,203117963646,15612894580
2012-03-09,15518874540,80783078931,-102352196101,6050242630
2012-03-12,-146808258280,-142394738469,286335109554,2867887195
2012-03-13,120194729877,218144512690,-313112636937,-25226605630
2012-03-14,536564476636,-19228121447,-479176792419,-38159562770
2012-03-15,167679401029,-242872449854,77489801515,-2296752690
2012-03-16,154757856798,-111975174981,151080706403,-193863388220
2012-03-19,36724360690,-63107803316,83005791578,-56622348952
2012-03-20,11707677820,-170302352608,176407744568,-17813069780
2012-03-21,-146320723396,-185036513114,341665489460,-10308252950
2012-03-22,-48203863612,-32341260100,97736952927,-17191829215
2012-03-23,46875487863,-151583912244,103668618649,1039805732
2012-03-26,-41576201548,-220160064920,305892847452,-44156580984
2012-03-27,344683044364,-118339545455,-211639683859,-14703815050
2012-03-28,-54622047505,44755652155,8990970520,875424830
2012-03-29,39225167255,-129172787926,90491312411,-543691740
2012-03-30,22774930085,-21314983967,-1043222598,-416723520
2012-04-02,-17118548711,27323135692,-6324672351,-3879914630
2012-04-03,262331325725,117557767586,-391884153886,11995060575
2012-04-04,227556915502,204037693025,169831817035,-601426425562
2012-04-05,5572173720,-66701363965,67971576315,-6842386070
2012-04-06,228824835703,-395890547866,142041256998,25024455165
2012-04-09,-56514190529,-179269479508,235986964032,-203293995
2012-04-10,-81981585450,158254320157,-61185163207,-15087571500
2012-04-12,-358076085367,150657519602,201151926455,6266639310
2012-04-13,30100808850,450297640105,-128270234525,-352128214430
2012-04-16,-123925049201,-263088595354,381302676650,5710967905
2012-04-17,-298711477887,77137780820,213885083587,7688613480
2012-04-18,-123283394393,58635960330,76218551038,-11571116975
2012-04-19,-90016386740,6828036709,64110866721,19077483310
2012-04-20,-329989753413,-96572462843,418119178596,8443037660
2012-04-23,-127590518210,208183665808,-91713648468,11120500870
2012-04-24,5945862955,-63566209287,50208842942,7411503390
2012-04-25,713111018,28450066272,-23793330960,-5369846330
2012-04-26,181799547719,33750151848,-198493772097,-17055927470
2012-04-27,328856391558,-94585745932,-243917902066,9647256440
2012-04-30,311904312680,-10432396200,-278595864967,-22876051513
2012-05-02,-133175072190,18203265785,127737541309,-12765734904
2012-05-03,-134490502919,115859206475,28538428964,-9907132520
2012-05-04,-95725748646,50772422718,44085121183,868204745
2012-05-07,-444012874110,-3976483348,456376640954,-8387283496
2012-05-08,-324649514875,189206818763,134144255087,1298441025
2012-05-09,-346807062072,134306887830,219422859032,-6922684790
2012-05-10,-208324342701,-55656579453,244353475031,19627447123
2012-05-11,-166751226537,-117419527908,267225616965,16945137480
2012-05-14,-157692088208,66433730059,93858427909,-2600069760
2012-05-15,-186958794558,163843869167,24114299296,-999373905
2012-05-16,-490649624643,214822464520,272269417283,3557742840
2012-05-17,-48709171438,-64486724206,107524133084,5671762560
2012-05-18,-428557293421,129058192132,288553815291,10945285998
2012-05-21,-57061587303,-13708414676,87036979264,-16266977285
2012-05-22,-5951981359,-97989256584,109522889234,-5581651291
2012-05-23,-382464769791,191888387503,168036306818,22540075470
2012-05-24,-233704418150,220772163549,4103047581,8829207020
2012-05-25,-135535916134,167855610930,-47336288656,15016593860
2012-05-29,28999475687,256773814513,-305618908010,19845617810
2012-05-30,6326805715,-76457691820,61790933195,8339952910
2012-05-31,-17665341490,-38442829520,47722789949,8385381061
2012-06-01,-202203476889,83600355458,123068870242,-4465748811
2012-06-04,-284069915020,448736624917,-142741981767,-21924728130
2012-06-05,-333189672375,544951365767,-214745673511,2983980119
2012-06-07,291616001413,208100518432,-475943760249,-23772759596
2012-06-08,1589699312,52380127407,-58991929489,5022102770
2012-06-11,217013095518,17601549419,-250150698434,15536053497
2012-06-12,-39356803035,-10440624453,43034652869,6762774619
2012-06-13,155728851575,-218680256,-151099940654,-4410230665
2012-06-14,76979568195,204061150085,-276399184521,-4641533759
2012-06-15,-200160021401,304645472002,-99728077776,-4757372825
2012-06-18,373029148330,24307427463,-383219813667,-14116762126
2012-06-19,191941365090,-12920826466,-166498253184,-12522285440
2012-06-20,234515770506,-84381253982,-153369069512,3234552988
2012-06-21,27454659088,54528676095,-79406770049,-2576565134
2012-06-22,-233173663585,-509328390180,732051887470,10450166295
2012-06-25,-490518998121,-78163363331,549385932427,19296429025
2012-06-26,-303417928904,41863216839,246915553205,14639158860
2012-06-27,-240983450072,71082823345,201256617513,-31355990786
2012-06-28,-62648522060,34940493819,15335742316,12372285925
2012-06-29,-155577549620,366902259424,-223893523859,12568814055
2012-07-02,41618941615,106609531191,-145677353200,-2551119606
2012-07-03,15070029986,393435049885,-414573433524,6068353653
2012-07-04,172806964275,-19865760472,-148793917625,-4147286178
2012-07-05,16677855080,122485088518,-165494739558,26331795960
2012-07-06,19162348156,-200136867185,188014522324,-7040003295
2012-07-09,-336024211801,69759447046,245737194750,20527570005
2012-07-10,-113922114721,-56834723417,171952454058,-1195615920
2012-07-11,-227848760099,-8444969537,230635875326,5657854310
2012-07-12,-239397846660,-262082420740,491625808790,9854458610
2012-07-13,-335781812044,460632533386,-126922488312,2071766970
2012-07-16,-80044012840,47802004219,31810617786,431390835
2012-07-17,317024107594,583687004626,-216515302140,-684195810080
2012-07-18,-43643603647,-191897839588,225458450485,10082992750
2012-07-19,70701109190,330206015405,-385353165785,-15553958810
2012-07-20,196100309103,-38369081023,-174032708010,16301479930
2012-07-23,-185682884574,-89791771217,267090213956,8384441835
2012-07-24,-21152238721,-10481809871,29086909934,2547138658
2012-07-25,-88439838686,171243738883,-76673669812,-6130230385
2012-07-26,-44062230618,126222862695,-78929875147,-3230756930
2012-07-27,478075811545,252261017605,-719457025438,-10879803712
2012-07-30,491994695595,-54382981257,-438035403878,423689540
2012-07-31,615315000230,500294829919,-1093932598689,-21677231460
2012-08-01,47868000365,219206284687,-252418414212,-14655870840
2012-08-02,211012913105,7422654886,-213274947401,-5160620590
2012-08-03,-61605198605,17519952154,40166487771,3918758680
2012-08-06,162406118060,376493183119,-534988053870,-3911247309
2012-08-07,60932440420,170735947466,-227749959421,-3918428465
2012-08-08,732934940150,88464454354,-824534089074,3134694570
2012-08-09,1564983557110,-96384826878,-1428401866047,-40196864185
2012-08-10,656882413815,-286291090335,-352032849513,-18558473967
2012-08-13,264957071830,-233225499373,-27051170097,-4680402360
2012-08-14,429587950810,-63280970218,-360604563012,-5702417580
2012-08-16,351338351317,-90151708650,-247797202132,-13389440535
2012-08-17,315469874135,20921457348,-300454957063,-35936374420
2012-08-20,34198941867,47954868245,-96739377287,14585567175
2012-08-21,247927563047,-55383997362,-185141939925,-7401625760
2012-08-22,186344783156,-147877466393,-25959940853,-12507375910
2012-08-23,101620272304,-50461213977,-37072054517,-14087003810
2012-08-24,-216180442739,144784887160,71659929949,-264374370
2012-08-27,350601510252,-124146650853,-194173686579,-32281172820
2012-08-28,-114553359670,-29067439105,145181123515,-1560324740
2012-08-29,-125699903377,224601074723,-107526816496,8625645150
2012-08-30,-152692201400,-171258061438,314361158098,9589104740
2012-08-31,-47306304142,-99207952633,141857916343,4656340432
2012-09-03,70028681717,-27866037917,-59656763581,17494119781
2012-09-04,32425914359,-49234301060,29796692626,-12988305925
2012-09-05,-59745934658,-489306283767,548971478915,80739510
2012-09-06,-192904487095,68791891365,112712753855,11399841875
2012-09-07,307777593787,409588090782,-733658371599,16292687030
2012-09-10,208751029396,-67013711069,-147666084227,5928765900
2012-09-11,208983523787,-147202215965,56976526456,-118757834278
2012-09-12,59518831524,436747605460,-501785883046,5519446062
2012-09-13,126482062993,-114202930498,-22515118475,10235985980
2012-09-14,1272584622855,215398725168,-1450990690231,-36992657792
2012-09-17,507832967115,-436472874969,-73159688196,1799596050
2012-09-18,56979253760,386910526,-48846950601,-8519213685
2012-09-19,174929739303,-150749048583,-13251315000,-10929375720
2012-09-20,167818385715,-210282839457,55653904642,-13189450900
2012-09-21,167935714825,-20735126419,-142745817461,-4454770945
2012-09-24,1177112997,3934910706,-2468356738,-2643666965
2012-09-25,-12276763970,83933420755,7789526572,-79446183357
2012-09-26,23745630454,-161285261223,135818750855,1720879914
2012-09-27,-130366686895,92427976235,44673377686,-6734667026
2012-09-28,231801322474,-45171695400,-82908702210,-103720924864
2012-10-02,47981222337,-108260223871,48310877814,11968123720
2012-10-04,-61062154617,-166000307145,209833025329,17229436433
2012-10-05,-47862895219,126061597505,-71859358241,-6339344045
2012-10-08,375430641995,-125847153755,177841282403,-427424770643
2012-10-09,-65981874502,38630316768,31941769179,-4590211445
2012-10-10,82341517519,-278882134033,389350476024,-192809859510
2012-10-11,-197413504272,-341979446839,542862297296,-3469346185
2012-10-12,-288025573183,114700328461,182408538527,-9083293805
2012-10-15,-169709012987,139049515046,43550172051,-12890674110
2012-10-16,-34032752223,8822872946,30249640342,-5039761065
2012-10-17,26680185098,127227408777,-152056796980,-1850796895
2012-10-18,51565406105,215539672676,-249574549161,-17530529620
2012-10-19,-220403024125,211531953650,14043194339,-5172123864
2012-10-22,-72377150390,-66019220263,132242822263,6153548390
2012-10-23,-55104260495,-148464681774,206470985499,-2902043230
2012-10-24,-319747270727,175880117747,114230331639,29636821341
2012-10-25,-1885148179,-74124499457,67540381461,8469266175
2012-10-26,-166928313227,9434176785,160560913397,-3066776955
2012-10-29,-124849405043,240806016670,-121501018842,5544407215
2012-10-30,101916117405,27739316956,-134257057609,4601623248
2012-10-31,-46079243552,214540827390,-165716285373,-2745298465
2012-11-01,207276351097,-381808458450,162269708218,12262399135
2012-11-02,138092762744,401684232158,-197134541182,-342642453720
2012-11-05,-53269986615,-11199555754,72042626309,-7573083940
2012-11-06,3212324305,164276034625,-167040061217,-448297713
2012-11-07,129793522960,-32980319201,-106576827139,9763623380
2012-11-08,-119340007349,-301200956689,400648778648,19892185390
2012-11-09,-264528679959,59082528451,189082247508,16363904000
2012-11-12,-156597485179,104778126621,36945810163,14873548395
2012-11-13,-1998190242,-17498012003,9606670585,9889531660
2012-11-14,-69196727595,103824515245,-44989613165,10361825515
2012-11-15,-257872334436,182625022368,31647805198,43599506870
2012-11-16,-134606380616,167886715435,-38515321189,5234986370
2012-11-19,-133049991236,166641067948,-38818913622,5227836910
2012-11-20,52845875237,55888507287,-127303883662,18569501138
2012-11-21,160554165217,-80097136874,-100361154479,19904126136
2012-11-22,-39113807003,261673822233,-217459151020,-5100864210
2012-11-23,162162968270,48527249795,-199827656180,-10862561885
2012-11-26,26730935900,67622489542,-93680999817,-672425625
2012-11-27,-67523142227,382782590355,-315978258878,718810750
2012-11-28,-263467905145,164478632252,74049592673,24939680220
2012-11-29,43198158050,261573381588,-328112657428,23341117790
2012-11-30,91501696313,95518524106,-191309372709,4289152290
2012-12-03,271160036965,-194476283300,-66349418433,-10334335232
2012-12-04,94266530955,-93381358309,2580247109,-3465419755
2012-12-05,139791578307,80742766535,-161946816825,-58587528017
2012-12-06,213919346484,-11006143051,-207008804823,4095601390
2012-12-07,198084895868,91180952964,-304463538582,15197689750
2012-12-10,278784665564,-255317847005,-20661776182,-2805042377
2012-12-11,199416962300,80884948608,-280942765498,640854590
2012-12-12,205947323570,55852714982,-244732990842,-17067047710
2012-12-13,532912186333,-23931416866,-485887485912,-23093283555
2012-12-14,79206303269,-81846327465,15104000036,-12463975840
2012-12-17,171747234970,-127379139500,-26296438190,-18071657280
2012-12-18,215881657764,37519423609,-258712180693,5311099320
2012-12-20,309219804840,175441567678,-291650877953,-193010494565
2012-12-21,380027445830,-72644665057,-237818927541,-69563853232
2012-12-24,222747711735,14261825501,-225275874034,-11733663202
2012-12-26,233256593716,252882711948,-476963590108,-9175715556
2012-12-27,-166290357826,45378794429,128738817131,-7827253734
2012-12-28,-24325697248,179177985380,-139756725732,-15095562400
2013-01-02,173602179572,76384686272,-252462574654,2475708810
2013-01-03,111476411970,-70022014895,-44555434485,3101037410
2013-01-04,56092000852,-134876763375,86491852863,-7707090340
2013-01-07,-34741302390,14272075369,25612986531,-5143759510
2013-01-08,44977210170,-112834177817,78374505887,-10517538240
2013-01-09,8673018997,-132385952287,131100906280,-7387972990
2013-01-10,-2733926958,-42323758438,43515985541,1541699855
2013-01-11,-8970609521,-154653278591,167329959627,-3706071515
2013-01-14,-92034177526,98521082478,3087412496,-9574317448
2013-01-15,-224781470635,44254365855,183979062415,-3451957635
2013-01-16,-88443046115,-35186304710,131716295285,-8086944460
2013-01-17,-114341957360,46714237200,86321115880,-18693395720
2013-01-18,30849011117,-14534500973,-4647738804,-11666771340
2013-01-21,-182805648901,180422493706,11902178185,-9519022990
2013-01-22,-206484069075,220793406399,5993112836,-20302450160
2013-01-23,17109245355,-119612783317,120593037270,-18089499308
2013-01-24,-193570406102,37437357241,172015433771,-15882384910
2013-01-25,-488977701628,131906568255,350662297803,6408835570
2013-01-28,-490097532097,415846943405,71235946892,3014641800
2013-01-29,-32149942842,216538076900,-176658965933,-7729168125
2013-01-30,-85437837978,156113196165,-65143934485,-5531423702
2013-01-31,-82205266179,127243592816,-49622248067,4583921430
2013-02-01,-29709840987,1805047061,3774262341,24130531585
2013-02-04,49220553515,-71461809540,16554758452,5686497573
2013-02-05,6665594200,-127820875435,125645469585,-4490188350
2013-02-06,-81990439253,-17518120025,106617710038,-7109150760
2013-02-07,84879678048,-89516009522,14495757404,-9859425930
2013-02-08,54732674361,63037304253,-133200007324,15430028710
2013-02-12,125953910908,-152107425279,11937617824,14215896547
2013-02-13,110281175762,247032080990,-356915543702,-397713050
2013-02-14,90972487854,22694019980,-122096516239,8430008405
2013-02-15,-2133749981,56165463388,-60808218317,6776504910
2013-02-18,16766048569,43066434190,-59870485399,38002640
2013-02-19,62088717360,8364584550,-65452686215,-5000615695
2013-02-20,579662129703,225958968740,-760934127113,-44686971330
2013-02-21,284914441632,-279861091787,14120667165,-19174017010
2013-02-22,25627997570,187990382378,-196940204358,-16678175590
2013-02-25,39179032000,-98911658987,71985783075,-12253156088
2013-02-26,-36459925640,23298795840,135238241320,-122077111520
2013-02-27,-18179501208,63505174225,-50238308847,4912635830
2013-02-28,201966439259,282771740932,-459364374601,-25373805590
2013-03-04,418733538736,-418423168881,15036697071,-15347066926
2013-03-05,91746233395,-77768817195,-4171487190,-9805929010
2013-03-06,26189466695,60627002100,-78172777775,-8643691020
2013-03-07,-50629727084,-103518718419,149228676998,4919768505
2013-03-08,-4205727640,75454054224,-72144661368,896334784
2013-03-11,-208186715411,378019470202,-164844459371,-4988295420
2013-03-12,-90931629295,-35658062697,123297596122,3292095870
2013-03-13,7949280150,-69216756158,66527958403,-5260482395
2013-03-14,-216932255391,-42885499355,255096840606,4720914140
2013-03-15,-569687220526,244352814292,315664922664,9669483570
2013-03-18,-356931030765,150060563385,204199646135,2670821245
2013-03-19,-182766602908,93597805849,65255946864,23912850195
2013-03-20,-374307278560,94079920909,273950096251,6277261400
2013-03-21,-269197083970,14991461868,254135171302,70450800
2013-03-22,-330248961154,216893603142,118130123337,-4774765325
2013-03-25,-92927153730,159761710359,-62675917029,-4158639600
2013-03-26,-34699888430,103746103698,-85842667028,16796451760
2013-03-27,-213059934480,364951035976,-153285417361,1394315865
2013-03-28,-150810867380,193256254833,-34091974023,-8353413430
2013-03-29,135277204214,159516600018,-281077132972,-13716671260
2013-04-01,-57259333557,3651144570,55331520426,-1723331439
2013-04-02,32704575275,-163135246790,133283644995,-2852973480
2013-04-03,-218991951129,230267291774,-4617975396,-6657365249
2013-04-04,-467918317180,492364418437,-27803846187,3357744930
2013-04-05,-680362040066,386128277117,288839959555,5393803394
2013-04-08,-366761750530,353447232272,44370121523,-31055603265
2013-04-09,-78184529075,199907922390,-112326042243,-9397351072
2013-04-10,51183050900,-42663918006,-11358346694,2839213800
2013-04-11,261414469589,-217890839070,-12660361809,-30863268710
2013-04-12,-41816332768,-235405147337,295817261675,-18595781570
2013-04-15,-117910155588,-63026487310,178013421224,2923221674
2013-04-16,-240681506367,107150768642,129873778905,3656958820
2013-04-17,-207808486825,110320621740,105884804425,-8396939340
2013-04-18,-235502895829,-37277160652,263014374641,9765681840
2013-04-19,-233789724465,156966929859,76498870631,323923975
2013-04-22,-8599351321,19846886739,-12681037438,1433502020
2013-04-23,-118025549716,36901295728,56226200643,24898053345
2013-04-24,-21373541840,135207909345,-138366233480,24531865975
2013-04-25,50945610605,85530658016,-149998022309,13521753688
2013-04-26,-124793373904,85749671473,41730907604,-2687205173
2013-04-29,-179305007445,157481178166,14549103728,7274725551
2013-04-30,31481441118,403362510806,-356723413014,-78120538910
2013-05-02,-87055464338,-33150462375,138267238253,-18061311540
2013-05-03,-37476149296,141004947730,-96538312424,-6990486010
2013-05-06,-58817170885,-27245213985,100461144747,-14398759877
2013-05-07,-250184066850,107359959400,154592833221,-11768725771
2013-05-08,-267587124120,126448247835,182743127585,-41604251300
2013-05-09,140340479046,182489809611,-321821435111,-1008853546
2013-05-10,-158783573140,-256058707389,414475506959,366773570
2013-05-13,-88360861625,43203876100,57130339210,-11973353685
2013-05-14,161051731580,123576637178,-292551978053,7923609295
2013-05-15,-39239368320,89219457265,-44973757545,-5006331400
2013-05-16,304697065440,168682247640,-464998906030,-8380407050
2013-05-20,90256039604,-140497771485,55962440581,-5720708700
2013-05-21,64305607050,-70017812295,10380652395,-4668447150
2013-05-22,129551141620,114731190684,-230992042564,-13290289740
2013-05-23,-5414227030,-197881922585,205648593805,-2352444190
2013-05-24,-85228526816,6054894645,82303897196,-3130265025
2013-05-27,44038702820,99216443144,-139929160174,-3325985790
2013-05-28,-55649542225,99341946299,-39952595804,-3739808270
2013-05-29,386323035350,-66452179686,-289637348235,-30233507429
2013-05-30,391183396534,-157885913329,-223479597425,-9817885780
2013-05-31,186744543747,18222942831,-206707283978,1739797400
2013-06-03,-8079972826,-55563345737,66321307263,-2677988700
2013-06-04,128366527932,-86912295002,-43668153185,2213920255
2013-06-05,29653430593,-89345046846,72823920033,-13132303780
2013-06-07,-928132185800,347879849733,561682826927,18569509140
2013-06-10,-324772508930,122778493116,199572734294,2421281520
2013-06-11,-570353409948,247701037863,322991154096,-338782011
2013-06-12,-418912232488,226025529322,189755146424,3131556742
2013-06-13,-953634695652,487373029070,447305324227,18956342355
2013-06-14,-370579305711,372627636582,-8474027351,6425696480
2013-06-17,-61808976019,125914497056,-62324566397,-1780954640
2013-06-18,-150612319890,194600167788,-46199673678,2211825780
2013-06-19,-125389132876,7998618012,120278173365,-2887658501
2013-06-20,-456239213085,232752938275,225939824699,-2453549889
2013-06-21,-800935651150,700770247660,103349565520,-3184162030
2013-06-24,-243077615411,93859049013,146101418791,3117147607
2013-06-25,-134888705775,212317820620,-95177963875,17748849030
2013-06-26,-211754704160,21119751758,197277579802,-6642627400
2013-06-27,114725161014,-69938397290,-57866263654,13079499930
2013-06-28,490845824965,-124872819441,-358537273864,-7435731660
2013-07-01,-44390133990,-65649472550,71260189355,38779417185
2013-07-02,46455312576,19631981301,-60736516977,-5350776900
2013-07-03,-233904621389,-33510917059,270604514523,-3188976075
2013-07-04,-77489722316,77996210160,1466387661,-1972875505
2013-07-05,-143770484580,-102545293100,242404348490,3911429190
2013-07-08,-191351820536,154505681100,31737959836,5108179600
2013-07-09,-88523613530,140081364310,-55272108100,3714357320
2013-07-10,-37982337372,3779311455,39666132097,-5463106180
2013-07-11,289958616447,283482802340,-573567459177,126040390
2013-07-12,140782139282,-149860455593,5664568920,3413747391
2013-07-15,111870016121,-39163096180,-62844042186,-9862877755
2013-07-16,31761999310,-103227166003,69369383333,2095783360
2013-07-17,131145294171,230052101030,-357227202666,-3970192535
2013-07-18,-109448409555,-3800106009,115199154764,-1950639200
2013-07-19,-107157617940,70014766032,24228660058,12914191850
2013-07-22,22128839900,143875497784,-151559463374,-14444874310
2013-07-23,312110309398,30418297559,-332169088509,-10359518448
2013-07-24,188849507070,17774585997,-202333052847,-4291040220
2013-07-25,159165379135,-73373644253,-78627678592,-7164056290
2013-07-26,208417146902,-111361705436,-96865461797,-189979669
2013-07-29,81545998806,-136609748801,52881044010,2182705985
2013-07-30,96177552675,237456604000,-314914871395,-18719285280
2013-07-31,12148680000,102569792100,-111170641060,-3547831040
2013-08-01,62112056416,-11199522394,-52449874672,1537340650
2013-08-02,78115255823,-25122904571,-50662912812,-2329438440
2013-08-05,88007598048,-93442960869,3546919166,1888443655
2013-08-06,-152221839117,106883816082,46657010900,-1318987865
2013-08-07,-129813418378,-70625429787,204659734505,-4220886340
2013-08-08,-165554344281,120690345051,36289273090,8574726140
2013-08-09,-50774591897,-4195883000,46190826097,8779648800
2013-08-12,-60039578975,96058197382,-40748897017,4730278610
2013-08-13,165375906444,141557718270,-310994925594,4061300880
2013-08-14,352727435113,-30847176354,-323391870299,1511611540
2013-08-16,218030744834,-9501849190,-194509569284,-14019326360
2013-08-19,128702973270,-196500622794,65856225944,1941423580
2013-08-20,299786649849,-296877543123,2908324084,-5817430810
2013-08-21,-140090900211,81434546068,70857611938,-12201257795
2013-08-22,-95871678655,51169283973,46466728428,-1764333746
2013-08-23,117986321483,-57355313873,-54297254480,-6333753130
2013-08-26,183824543273,38729150813,-200758407394,-21795286692
2013-08-27,111113946108,56042279867,-170777921437,3621695462
2013-08-28,133367701389,73618234319,-189738744478,-17247191230
2013-08-29,462555201140,62215793278,-514741254988,-10029739430
2013-08-30,505421811163,-55015354582,-438591240471,-11815216110
2013-09-02,80916763965,43201160762,-129109459847,4991535120
2013-09-03,252253931090,46076028794,-289536998079,-8792961805
2013-09-04,259040450832,128733624098,-77114101190,-310659973740
2013-09-05,514082378990,-113669684241,-375191412849,-25221281900
2013-09-06,499146025965,-228989075250,-238311898495,-31845052220
2013-09-09,563741607411,-122030830303,-413608911093,-28101866015
2013-09-10,782174011710,-303967605516,-450817305704,-27389100490
2013-09-11,689738636375,-333321407401,-344276195334,-12141033640
2013-09-12,1427874070776,-1031392100786,-355360698170,-41121271820
2013-09-13,412070000466,-373906679758,-12285751793,-25877568915
2013-09-16,508035580176,-204276954123,-286266528783,-17492097270
2013-09-17,391257173750,-320026195069,-78338507191,7107528510
2013-09-23,314217453627,-270103995128,-44112081617,-1376882
2013-09-24,74729373068,-103513046714,44227474551,-15443800905
2013-09-25,239003696639,-330408775212,116824980463,-25419901890
2013-09-26,210176387415,-96709029967,-117078643508,3611286060
2013-09-27,222656578892,-125720141750,-93563718997,-3372718145
2013-09-30,114294535087,-85499973821,3690877541,-32485438807
2013-10-01,187046789755,-27427908722,-148026809393,-11592071640
2013-10-02,224184481126,-226685454784,21027297678,-18526324020
2013-10-04,421403657073,-247767431787,-152220325136,-21415900150
2013-10-07,225986573500,-163191041170,-44920653420,-17874878910
2013-10-08,442082679376,-430876805616,27038154970,-38244028730
2013-10-10,161359776470,-310620708177,158631694469,-9370762762
2013-10-11,280162794859,129516106542,-274992669071,-134686232330
2013-10-14,195635419117,-243895788666,57003558374,-8743188825
2013-10-15,321759898297,-69190163056,-184254588816,-68315146425
2013-10-16,201044978251,-138146528620,-40298694331,-22599755300
2013-10-17,290990005330,-232750179163,-31788640867,-26451185300
2013-10-18,306894632495,-162792406768,-127588458337,-16513767390
2013-10-21,192072724178,-201889942740,14682776995,-4865558433
2013-10-22,153702507966,-6673567303,-131392235873,-15636704790
2013-10-23,592213551884,-717829290709,127904721203,-2288982378
2013-10-24,119638115320,-148967826698,23744413433,5585297945
2013-10-25,11667133454,-179860153130,177475896246,-9282876570
2013-10-28,116315878850,-31576783237,-105914738173,21175642560
2013-10-29,123336208436,-90950961899,-33439298527,1054051990
2013-10-30,147326854050,-67202986125,-82036386215,1912518290
2013-10-31,-24578538126,-228849814820,240478353006,12949999940
2013-11-01,172558173405,-77445614097,-88901015338,-6211543970
2013-11-04,-180400064680,34858575541,151957587319,-6416098180
2013-11-05,-39148676500,-151426786385,199223589265,-8648126380
2013-11-06,-11288292710,-106546438103,112753842853,5080887960
2013-11-07,-56781526350,-115998602164,176458817604,-3678689090
2013-11-08,-269802869250,90155100179,207902805021,-28255035950
2013-11-11,-65174240216,-9370316505,91462175421,-16917618700
2013-11-12,-10097996380,40128194064,-38791561014,8761363330
2013-11-13,-185195395506,-53865081298,231922207736,7138269068
2013-11-14,-65729652521,-86682593145,149371577006,3040668660
2013-11-15,58462204911,186386280630,-243208831553,-1639653988
2013-11-18,-13287825288,61219498106,-45281768657,-2649904161
2013-11-19,245848585079,135465140868,-367863557147,-13450168800
2013-11-20,87223898767,-107431070651,100443565519,-80236393635
2013-11-21,-228264301725,-56084552510,255118469235,29230385000
2013-11-22,-26138768985,104571976286,-83440281631,5007074330
2013-11-25,86298979209,74000931095,-143770012554,-16529897750
2013-11-26,9892173302,20221997854,-36057741666,5943570510
2013-11-27,41893313891,107274897056,-101011401347,-48156809600
2013-11-28,160692939928,269230174950,-417627123013,-12295991865
2013-11-29,90316339778,-49035023908,-52685744310,11404428440
2013-12-02,52819084210,-225015970310,177182975420,-4986089320
2013-12-03,-53197356815,-168357574516,224870205991,-3315274660
2013-12-04,-336611884706,161067340165,298504289926,-122959745385
2013-12-05,-336802421031,53531058213,258117019623,25154343195
2013-12-06,-81350023889,40676001643,30070429841,10603592405
2013-12-09,68124310104,80807896132,-165686364846,16754158610
2013-12-10,-120662995790,111384907254,-2976030304,12254118840
2013-12-11,-207590664997,90779224653,108869613564,7941826780
2013-12-12,-612834070591,593199660258,304574633038,-284940222705
2013-12-13,-270451115088,528298350092,100129102421,-357976337425
2013-12-16,-63507937245,86349677445,-26552121280,3710381080
2013-12-17,48370279040,94482174906,-77116883026,-65735570920
2013-12-18,-133572623944,265186938907,-128468662088,-3145652875
2013-12-19,102996673784,84068857936,-176620020710,-10445511010
2013-12-20,-16210834066,205348611019,-183213726148,-5924050805
2013-12-23,61247346465,223502532850,-263592437850,-21157441465
2013-12-24,-54870111138,456428726925,-385899413317,-15659202470
2013-12-26,-14048367495,628727625416,-614425563751,-253694170
2013-12-27,70113686860,-71044369904,5030160134,-4099477090
2013-12-30,121980635195,19335249713,-143694351713,2378466805
2014-01-02,-306387276570,-174966134780,473282073575,8071337775
2014-01-03,-309109534468,-135433915076,421585728849,22957720695
2014-01-06,52769813190,-114065235820,52248089685,9047332945
2014-01-07,99304870240,-46778327105,-57234064085,4707520950
2014-01-08,161822612867,-117487127616,-51740176626,7404691375
2014-01-09,69199279344,-271888511024,171117924160,31571307520
2014-01-10,-58069207540,-143037310642,178352645132,22753873050
2014-01-13,-90053703835,67311183283,21603632842,1138887710
2014-01-14,-24612674620,-58276451348,66820829668,16068296300
2014-01-15,-36673547608,-23989345733,53866707636,6796185705
2014-01-16,35136692320,54995534803,-62788609548,-27343617575
2014-01-17,-95677521542,337485319,72457057710,22882978513
2014-01-20,-26313091150,47896124861,-30430775741,8847742030
2014-01-21,-14096709414,59236062814,-54660801096,9521447696
2014-01-22,19453683769,49818769117,-74965713516,5693260630
2014-01-23,-158299451235,-38840319013,199357748538,-2217978290
2014-01-24,-145130790613,-77613875151,207370173979,15374491785
2014-01-27,-530773619720,528203107376,-2123398041,4693910385
2014-01-28,-308851353293,289167849511,14545679272,5137824510
2014-01-29,21288624294,180527181521,-206699524213,4883718398
2014-02-03,-406598090865,205206937424,202093101461,-701948020
2014-02-04,-651631181228,261780280282,360855659597,28995241349
2014-02-05,-278839176090,233954559110,44283735935,600881045
2014-02-06,-114896085623,190744737928,-68217314375,-7631337930
2014-02-07,161824216275,-28490123017,-132403416649,-930676609
2014-02-10,-140822538789,112583601667,23841516647,4397420475
2014-02-11,80731558493,-57588522706,-31417402702,8274366915
2014-02-12,-6623299610,55332049828,-39107704323,-9601045895
2014-02-13,-107601517210,9252110375,92265759935,6083646900
2014-02-14,2570753290,18583259151,-25693287045,4539274604
2014-02-17,23677077565,107434565151,-132172560456,1060917740
2014-02-18,-45053474843,-27791784087,79475067270,-6629808340
2014-02-19,-52082222155,-76041408948,117595885498,10527745605
2014-02-20,-173938295682,-20308266358,189621690860,4624871180
2014-02-21,315470177050,-38704296498,-273309518672,-3456361880
2014-02-24,7814671866,-70358104076,62880878504,-337446294
2014-02-25,228532730735,-33817246982,-200868082163,6152598410
2014-02-26,60956610786,109593240580,-167841123916,-2708727450
2014-02-27,140801321069,-47439951522,-74593796428,-18767573119
2014-02-28,233814994250,-155271681165,-32181581895,-46361731190
2014-03-03,-75892216320,-91403237681,162799008256,4496445745
2014-03-04,-149417943176,-40284204708,174598504049,15103643835
2014-03-05,15623702772,67958100731,-92326067864,8744264361
2014-03-06,84701223495,-105336528416,9575787496,11059517425
2014-03-07,200010925600,-197196477217,-12173712303,9359263920
2014-03-10,-33088033790,-265883922921,301453684069,-2481727358
2014-03-11,-42525375315,-80078078989,107557641954,15045812350
2014-03-12,-264850248110,-169406741046,488986413460,-54729424304
2014-03-13,-497292415705,258017861082,225896648139,13377906484
2014-03-14,-476413353345,226484360737,227523763478,22405229130
2014-03-17,-227571321415,170407028070,29040025485,28124267860
2014-03-18,-147925939900,203590421183,-80212902873,24548421590
2014-03-19,-67319686465,55507567372,-14233750497,26045869590
2014-03-20,-210885855765,-42634884916,239757880821,13762859860
2014-03-21,-66880120221,113907827519,-29364289528,-17663417770
2014-03-24,44807948085,51639372574,-109684333669,13237013010
2014-03-25,-87789666535,81223270858,-11371620403,17938016080
2014-03-26,76992774385,203188164580,-300840116195,20659177230
2014-03-27,232086768888,-40907952889,-206559956024,15381140025
2014-03-28,233576691950,-71276172601,-167369637005,5069117656
2014-03-31,317732856435,-103380701002,-185759778628,-28592376805
2014-04-01,213750669965,-105746097390,-108943031195,938458620
2014-04-02,437344387998,-263194264043,-171585804945,-2564319010
2014-04-03,355614729340,-238619897478,-128829274707,11834442845
2014-04-04,114031162906,-55007899038,-70421939135,11398675267
2014-04-07,161928062608,-212828238194,57029615719,-6129440133
2014-04-08,75582032904,21955596420,-91686721358,-5850907966
2014-04-09,360086145020,67550047917,-408386199037,-19249993900
2014-04-10,306724747439,-128519388853,-165643589321,-12561769265
2014-04-11,118996020747,-180765467120,89805575790,-28036129417
2014-04-14,-4835959423,-13379893316,7137165690,11078687049
2014-04-15,119709073445,-311026797439,189107456624,2210267370
2014-04-16,44629889087,-103388617199,58510798493,247929619
2014-04-17,163386128528,-164311953242,-5510025669,6435850383
2014-04-18,116458368376,157041162980,-276514164771,3014633415
2014-04-21,70106983270,-120673829379,49551928149,1014917960
2014-04-22,102665758515,11286299201,-92233432878,-21718624838
2014-04-23,251498193412,34288771679,19550295712,-305337260803
2014-04-24,70589849740,-121112955871,50228318291,294787840
2014-04-25,36583115975,-255637507016,199922853611,19131537430
2014-04-28,-128625982400,73775552208,51136379517,3714050675
2014-04-29,-158868976725,88675103585,57484657960,12709215180
2014-04-30,-81425077410,-20597808125,88685707675,13337177860
2014-05-02,-151580125085,9610199132,132041427733,9928498220
2014-05-07,-326731524230,61044413680,252776095080,12911015470
2014-05-08,-211719931355,39766050429,162693393171,9260487755
2014-05-09,-56838081970,46675583902,-3931218600,14093716668
2014-05-12,-102869102835,83529046018,5763926032,13576130785
2014-05-13,210531493578,132804763775,-353593593263,10257335910
2014-05-14,344694795997,155845125645,-492379122357,-8160799285
2014-05-15,369016223155,-153391140835,-197295628424,-18329453896
2014-05-16,480137342745,-471928300832,5561982367,-13771024280
2014-05-19,180539192574,-89734607780,-90029589054,-774995740
2014-05-20,261273920506,-230820709003,-42506059538,12052848035
2014-05-21,188020551878,-141216518030,-37353282713,-9450751135
2014-05-22,288577477250,-48354080298,-234362335542,-5861061410
2014-05-23,132091115317,-66373417610,-60952756387,-4764941320
2014-05-26,53281846766,-75190255602,24769476046,-2861067210
2014-05-27,19008440761,-87611275848,73739670075,-5136834988
2014-05-28,108568880058,66922919256,-173919847364,-1571951950
2014-05-29,93804378911,-66001776447,-14664013124,-13138589340
2014-05-30,29329530010,32389074527,79856050804,-141574655341
2014-06-02,213165999534,-161115947656,-57491273876,5441221998
2014-06-03,18381791678,-59649359046,44165601979,-2898034611
2014-06-05,64898071370,-434966206528,186742132168,183326002990
2014-06-09,18990288389,-4724846324,-18783191038,4517748973
2014-06-10,212572943063,8354874269,-222676724301,1748906969
2014-06-11,145470841322,-70949546,-127977004307,-17422887469
2014-06-12,11240286080,-159508785841,151957869853,-3689370092
2014-06-13,-255132545302,-84991774925,359761583165,-19637262938
2014-06-16,35349693683,4444957774,-12195195233,-27599456224
2014-06-17,31700530212,-44446890320,11728045030,1018315078
2014-06-18,137409321826,-278632631660,138918063153,2305246681
2014-06-19,-41271532284,60892506527,10422352342,-30043326585
2014-06-20,-91740257570,76719132499,268293925530,-253272800459
2014-06-23,743419307,141217945365,-125992451147,-15968913525
2014-06-24,25266145224,227279881098,-251860571858,-685454464
2014-06-25,-23788271070,19991339636,4933010209,-1136078775
2014-06-26,91286971813,105835407417,-177823334591,-19299044639
2014-06-27,309032523649,164558919932,-466205385918,-7386057663
2014-06-30,189491770510,26577661629,-200557882447,-15511549692
2014-07-01,100617231290,-127874435019,38459444003,-11202240274
2014-07-02,314787273070,-49952018467,-244493825528,-20341429075
2014-07-03,159195354735,-116773473582,-23762058771,-18659822382
2014-07-04,33504122825,-64786563427,31462825266,-180384664
2014-07-07,187529824174,-249486273399,70315010042,-8358560817
2014-07-08,98359080502,-133064399435,27303097540,7402221393
2014-07-09,-68907964026,-108489413943,187088697036,-9691319067
2014-07-10,186934240066,-246932729904,76033737398,-16035247560
2014-07-11,66858236774,-253534535603,203322570346,-16646271517
2014-07-14,-6593704566,-9540913683,23078058946,-6943440697
2014-07-15,281729681388,-148028471856,-140803692055,7102482523
2014-07-16,152953781140,-120255907567,-34924940010,2227066437
2014-07-17,227706027725,-121566467964,-108642917002,2503357241
2014-07-18,121224320644,-253194785555,127970841723,3999623188
2014-07-21,97914589524,-134614093987,42024789834,-5325285371
2014-07-22,132882147755,-70272565169,-58481920836,-4127661750
2014-07-23,99286100050,-29672150547,-63145500035,-6468449468
2014-07-24,174281022693,-167874907050,995222141,-7401337784
2014-07-25,50305174060,96154788638,-80054530976,-66405431722
2014-07-28,175923354265,120530822979,-266174487157,-30279690087
2014-07-29,363204406011,131004438383,-475299595919,-18909248475
2014-07-30,623494077909,-34930949269,-575612980927,-12950147713
2014-07-31,492651771497,-154214032880,-316981006451,-21456732166
2014-08-01,-65038355264,253574037548,-181745383350,-6790298934
2014-08-04,221381671940,-252853528643,25889205276,5582651427
2014-08-05,120320348149,-310400894374,268230508502,-78149962277
2014-08-06,184292965929,7037466879,81104468726,-272434901534
2014-08-07,-50573670558,-130472535582,186189927113,-5143720973
2014-08-08,-208330014824,-43089314823,273373572140,-21954242493
2014-08-11,-14711233570,-33927840855,46665958732,1973115693
2014-08-12,98306169477,-62681149798,-28264118920,-7360900759
2014-08-13,411042951157,-147233121379,-267395634772,3585804994
2014-08-14,192967619617,-140169590470,-22569967133,-30228062014
2014-08-18,1197989549,-163610515497,182656792805,-20244266857
2014-08-19,183146251287,-13215722257,-149928872475,-20001656555
2014-08-20,234509057183,-238362454237,94678435154,-90825038100
2014-08-21,2533922275,-372229459566,381736213238,-12040675947
2014-08-22,105263645679,-48281742729,-33901257830,-23080645120
2014-08-25,-26761226501,94623536010,-62939978921,-4922330588
2014-08-26,100900114069,38737976422,-128311812927,-11326277564
2014-08-27,50918548252,43914053116,-74862246984,-19970354384
2014-08-28,127361622735,-31841813584,-79154716732,-16365092419
2014-08-29,154987062725,-121611752365,20866715274,-54242025634
2014-09-01,63889607412,-77294795389,23389428495,-9984240518
2014-09-02,33298381316,-217308386337,185842548157,-1832543136
2014-09-03,132245620169,-223916081840,124097366531,-32426904860
2014-09-04,69435184387,2676623840,-58444559169,-13667249058
2014-09-05,51092430698,-80960489024,28473553502,1394504824
2014-09-11,-69568229410,-201922548485,262661259374,8829518521
2014-09-12,-58510056131,56268315032,-11911411856,14153152955
2014-09-15,8674260036,-4062801789,-8761388694,4149930447
2014-09-16,-99307662440,150092505481,-65042816080,14257973039
2014-09-17,25948070116,141345037002,-163720189735,-3572917383
2014-09-18,-108609803854,-173961759353,292382547111,-9810983904
2014-09-19,-241579351288,200421191920,105591410357,-64433250989
2014-09-22,-240471806638,32358886511,195466389552,12646530575
2014-09-23,-257977151239,285261670325,-33302065076,6017545990
2014-09-24,-27045652898,129755034902,-110725520854,8016138850
2014-09-25,-126136407907,117534029492,3454988283,5147390132
2014-09-26,-23356031623,19943071523,4384247464,-971287364
2014-09-29,55797645261,-64623124474,-10066868088,18892347301
2014-09-30,184909991255,16428661670,-103504085039,-97834567886
2014-10-01,-197413890244,35152283506,144462505803,17799100935
2014-10-02,-386228877554,259903934486,100236749939,26088193129
2014-10-06,-199771634699,45615536805,139634398075,14521699819
2014-10-07,-179108790160,142074739760,23269017790,13765032610
2014-10-08,-156487864278,75283366101,57372629219,23831868958
2014-10-10,-186648215315,92198408019,84470486609,9979320687
2014-10-13,-316217823858,373898851011,-76224937514,18543910361
2014-10-14,-292427906220,248694295224,29503143804,14230467192
2014-10-15,-181406479175,81477639089,76460539834,23468300252
2014-10-16,-21796823582,83640290682,-65594403202,3750936102
2014-10-17,-309506092584,213505567248,80626187568,15374337768
2014-10-20,20598557413,117543346583,-154439411145,16297507149
2014-10-21,-62915548812,-55158068070,116929682898,1143933984
2014-10-22,43764323707,68441531829,-110264502585,-1941352951
2014-10-23,-194773985064,123138662257,66881635965,4753686842
2014-10-24,355580960537,395162462023,103633767611,-854377190171
2014-10-27,-10205655974,98461688562,-95407246772,7151214184
2014-10-28,-148551430191,43796445840,109182063175,-4427078824
2014-10-29,123820285431,276228720434,-406964928411,6915922546
2014-10-30,-22977878554,-137610433815,147414570843,13173741526
2014-10-31,278430021578,-292301484233,-42399346156,56270808811
2014-11-03,-5196172051,-103393659394,61575235677,47014595768
2014-11-04,-24159186376,-48685044342,35094882694,37749348024
2014-11-05,-137525883717,188145396012,-86893078666,36273566371
2014-11-06,-68368992227,160970408211,-135127783523,42526367539
2014-11-07,-97393634634,76840087175,-4839169032,25392716491
2014-11-10,42366062385,-4825163287,-79628988446,42088089348
2014-11-11,109232796815,-48075378029,-127355105970,66197687184
2014-11-12,-16874503356,-30547167272,-32407256127,79828926755
2014-11-13,111185379238,-203808880192,54928414231,37695086723
2014-11-14,-241200851012,383408077568,-182455578463,40248351907
2014-11-17,-32650562444,168427604239,-177537644697,41760602902
2014-11-18,240173072353,70676360595,-292519398722,-18330034226
2014-11-19,375550007002,6858345033,-58186823388,-324221528647
2014-11-20,385476864838,142549290611,-89165801648,-438860353801
2014-11-21,58077899310,70144891331,-149531926363,21309135722
2014-11-24,349266244762,86567048058,-443369297996,7536005176
2014-11-25,387544276500,42260836545,-415849461744,-13955651301
2014-11-26,76612366002,-6984475562,-69770006739,142116299
2014-11-27,-19220303419,37509981910,-12802969728,-5486708763
2014-11-28,52420922965,-151154771869,94050498198,4683350706
2014-12-01,62175476000,-209634403888,122599056218,24859871670
2014-12-02,43274776979,-89528717530,-36963161623,83217102174
2014-12-03,45998015851,-14507464066,-102712905962,71222354177
2014-12-04,43716910274,199488784772,-267861083771,24655388725
2014-12-05,230381911286,-174765569789,-62608424157,6992082660
2014-12-08,106505623259,-71418451001,-31293393102,-3793779156
2014-12-09,228690910543,-9727460279,-39428018744,-179535431520
2014-12-10,-130928717343,-25873833041,109397430208,47405120176
2014-12-11,-706827255851,200969864840,338256109563,167601281448
2014-12-12,-248816259989,184033816821,-21379468936,86161912104
2014-12-15,-304449730139,165026320219,26068242633,113355167287
2014-12-16,-489897606726,345914150017,120194359808,23789096901
2014-12-17,-408589675047,395152564380,-90414896827,103852007494
2014-12-18,-522004403277,483412746372,-62718802359,101310459264
2014-12-19,-2395346871,183298457777,-182326516464,1423405558
2014-12-22,-55906112362,186873461065,-134847899668,3880550965
2014-12-23,-116628822951,144720678485,-139233541323,111141685789
2014-12-24,53147429844,154248895860,-231674187118,24277861414
2014-12-26,65827299966,299485859664,-368104917110,2791757480
2014-12-29,-119707839715,-165952294601,127270718289,158389416027
2014-12-30,-99163004659,-202602305066,147915705997,153849603728
2015-01-02,28573859036,-204014057405,126418044476,49022153893
2015-01-05,55535022041,-230553689402,57515586061,117503081300
2015-01-06,-330933228371,-80424470524,273114999803,138242699092
2015-01-07,-220961696618,-3702766943,125567412012,99097051549
2015-01-08,193780493350,-26115929442,-148577542732,-19087021176
2015-01-09,159152481302,77809146339,-281624120208,44662492567
2015-01-12,-81387385896,-11660602866,-1897341684,94945330446
2015-01-13,-54079483422,-307939652672,272142810633,89876325461
2015-01-14,-90646091916,-83605648406,71850804496,102400935826
2015-01-15,-206630829454,42529584773,29088882527,135012362154
2015-01-16,-300057015291,-126975116500,268874076240,158158055551
2015-01-19,-25597956969,162818713246,-143751086501,6530330224
2015-01-20,32026813931,170491167158,-211215477314,8697496225
2015-01-21,70414251808,-158708580508,-11372061650,99666390350
2015-01-22,61467585185,-89334924080,-86338150041,114205488936
2015-01-23,98688098280,-95519358574,-110066955059,106898215353
2015-01-26,-109122091452,-84171696585,73540954356,119752833681
2015-01-27,82404572537,102881650427,-202156209376,16869986412
2015-01-28,-69297688620,186264505242,-130705929995,13739113373
2015-01-29,-243151844622,123252902942,108953580238,10945361442
2015-01-30,-95133793345,-32408145514,144094913133,-16552974274
2015-02-02,4211364896,-50623135673,31546039767,14865731010
2015-02-03,-29479249063,14268318833,14519225925,691704305
2015-02-04,224665579731,26805006399,-245016201661,-6454384469
2015-02-05,-114050092770,-109943943688,219278912188,4715124270
2015-02-06,429707138749,471001799607,-912879570103,12170631747
2015-02-09,-107653765791,49418466951,52507604086,5727694754
2015-02-10,-129777157124,39572097025,94398667474,-4193607375
2015-02-11,100019008189,71970264321,-145923746267,-26065526243
2015-02-12,-59209239802,33362923630,23160856007,2685460165
2015-02-13,173501897083,65595805439,-232824176462,-6273526060
2015-02-16,132729567671,-94838914517,-32577702630,-5312950524
2015-02-17,-25566046956,125531895516,-78815118672,-21150729888
2015-02-23,127210738598,-10538235118,-92987553665,-23684949815
2015-02-24,79555786186,48586098565,-120142821663,-7999063088
2015-02-25,207441607885,111842702166,-299583369087,-19700940964
2015-02-26,230762772845,-100610287149,-138824535317,8672049621
2015-02-27,83799461486,-163826470431,84121816497,-4094807552
2015-03-02,158132311324,-105959386029,-50883952167,-1288973128
2015-03-03,179310648523,-181664442144,-4576848021,6930641642
2015-03-04,235343307403,-326465356879,93050752558,-1928703082
2015-03-05,123342938093,-116254982610,27794633148,-34882588631
2015-03-06,282767761665,-151896522368,-140711405124,9840165827
2015-03-09,-62709710328,-183432033861,233265568456,12876175733
2015-03-10,80034126367,-203822189051,118338294603,5449768081
2015-03-11,90295255209,-354743932513,260460015445,3988661859
2015-03-12,-118153214214,-80373238693,181572955555,16953497352
2015-03-13,105034489031,-47611775210,-63463825625,6041111804
2015-03-16,3132983901,-25702366767,7951753827,14617629039
2015-03-17,497081810936,96692383491,-594859390117,1085195690
2015-03-18,329860842556,-242788051337,-60847308411,-26225482808
2015-03-19,399635642084,-143074318866,-232487842762,-24073480456
2015-03-20,218695158549,-221726301803,19144659336,-16113516082
2015-03-23,143652652109,-8554729821,-113823392921,-21274529367
2015-03-24,62994883915,-84913183430,40057512876,-18139213361
2015-03-25,115852947732,-175946667170,101610486177,-41516766739
2015-03-26,-113801151149,-68350382767,187512706383,-5361172467
2015-03-27,-80000975774,-33208019297,154353571612,-41144576541
2015-03-30,76262240163,-78215470252,15984598645,-14031368556
2015-03-31,137403764522,-106824363910,-26671778764,-3907621848
2015-04-01,-70731548053,-82850812659,122291742636,31290618076
2015-04-02,-18277772653,-70464587940,99724967375,-10982606782
2015-04-03,43224590902,89604281645,-131542089708,-1286782839
2015-04-06,-21534884346,-108486617464,121296358334,8725143476
2015-04-07,43992131068,-56995525331,62708124748,-49704730485
2015-04-08,91687794020,59968207917,-136761121167,-14894880770
2015-04-09,153261023091,-228732230310,153390856842,-77919649623
2015-04-10,287934304807,21992435341,-304376160548,-5550579600
2015-04-13,277046680010,-284745079138,22205446683,-14507047555
2015-04-14,392643833192,-148072797551,-221000889455,-23570146186
2015-04-15,322423079079,-344887161535,18244111629,4219970827
2015-04-16,370312190339,-268103499302,-101846584370,-362106667
2015-04-17,281633692391,-108093798596,-148592551004,-24947342791
2015-04-20,283905384809,-304817945871,32430531096,-11517970034
2015-04-21,245175584191,-474770273177,227362158617,2232530369
2015-04-22,743132933412,-395094253895,-333354827879,-14683851638
2015-04-23,439739917610,34258914344,-457725799985,-16273031969
2015-04-24,533889611772,-434743265576,-80489200071,-18657146125
2015-04-27,208030823491,-246183531990,32339516956,5813191543
2015-04-28,-700447103,71355522643,-66267638837,-4387436703
2015-04-29,-60270972632,-137430191442,231674408533,-33973244459
2015-04-30,71646736372,-162835427824,108892490482,-17703799030
2015-05-04,129541012380,-114141398818,-10467096406,-4932517156
2015-05-06,93700124970,-218494704805,110572479716,14222100119
2015-05-07,-67182067497,-108416277623,168527044307,7071300813
2015-05-08,-23946795042,-171492469379,197796233032,-2356968611
2015-05-11,-46123536271,-57016079424,83164029534,19975586161
2015-05-12,5371522961,-92126854049,75540900420,11214430668
2015-05-13,77522862113,-2138547563,-71999145634,-3385168916
2015-05-14,23499310889,-112284807206,112652785345,-23867289028
2015-05-15,479364613955,-65607296233,236418900680,-650176218402
2015-05-18,162147222629,-176776383943,25088582023,-10459420709
2015-05-19,77622552506,-168544816937,88014552866,2907711565
2015-05-20,134385094568,-42512673339,-75522575612,-16349845617
2015-05-21,60802436455,-252084171830,197788768882,-6507033507
2015-05-22,294522611143,45679948103,-346960625115,6758065869
2015-05-26,-10031178704,80237688281,-44986329105,-25220180472
2015-05-27,-230959163794,-202230013928,421461494855,11727682867
2015-05-28,248429711138,-202631452380,-46920932725,1122673967
2015-05-29,255105987181,-82505649529,-170197456435,-2402881217
2015-06-01,39119685306,-89114025573,47617022430,2377317837
2015-06-02,12253557153,-213215664766,224501203630,-23539096017
2015-06-03,149929297502,-74863241330,-88598893034,13532836862
2015-06-04,374637680786,-359811211135,-9920811586,-4905658065
2015-06-05,109353988325,-61429804149,-54326687942,6402503766
2015-06-08,-74102885614,-15899922622,67597825854,22404982382
2015-06-09,-145393663755,-38161350005,161967350754,21587663006
2015-06-10,-196222673098,-85514681432,279333852105,2403502425
2015-06-11,-164157836683,-96791613864,254105855730,6843594817
2015-06-12,-82642970113,-144218638975,221663702210,5197906878
2015-06-15,122535096672,-137436160401,11674949726,3226114003
2015-06-16,-313684717153,120257969550,187008302965,6418444638
2015-06-17,-154526813112,92430036502,63694241319,-1597464709
2015-06-18,-264581496270,258279194076,1369361385,4932940809
2015-06-19,-284153492257,190405831131,111714580770,-17966919644
2015-06-22,-123997419839,26108729033,104801243982,-6912553176
2015-06-23,-10502233704,142887908780,-118089247809,-14296427267
2015-06-24,54102638470,-14795653547,-24553824998,-14753159925
2015-06-25,6147537394,38631250629,-31938464244,-12840323779
2015-06-26,59021204041,-33754419170,-16947970547,-8318814324
2015-06-29,-112473984881,22984784952,92851283831,-3362083902
2015-06-30,-51282489759,83504398448,-31015055519,-1206853170
2015-07-01,6352609454,73574485156,-74846633116,-5080461494
2015-07-02,112677535396,-82521260256,-1994989078,-28161286062
2015-07-03,-11857319631,-70452635878,120967740684,-38657785175
2015-07-06,-280644195444,-218894876772,489059842176,10479230040
2015-07-07,-103288355438,-150920535256,250346222798,3862667896
2015-07-08,-398506238935,114666500423,296286492119,-12446753607
2015-07-09,-349590133984,232405043421,110702608621,6482481942
2015-07-10,-71405175551,-156688918964,232781494511,-4687399996
2015-07-13,4475837415,-10471736415,27301162833,-21305263833
2015-07-14,-38410839485,-121325438275,168183126824,-8446849064
2015-07-15,235119532596,-295218505843,60933864201,-834890954
2015-07-16,181465191696,98770777522,-42344773184,-237891196034
2015-07-17,-75515734844,-292873644244,357528187661,10861191427
2015-07-20,-18953542714,-102366767555,130316548007,-8996237738
2015-07-21,-128517133727,38539484620,93507389441,-3529740334
2015-07-22,-375831710932,-28742888183,422928991228,-18354392113
2015-07-23,-188851965427,5930750920,171685840065,11235374442
2015-07-24,-258500355268,-148751932318,383288848082,23963439504
2015-07-27,-1137134260,36031516108,-71322254419,36427872571
2015-07-28,-125633878619,207061215615,-87503298116,6075961120
2015-07-29,1128690361,-34072643322,3084075605,29859877356
2015-07-30,-81236398119,93260310471,-25211141887,13187229535
2015-07-31,166836833780,-90238083229,-140137455517,63538704966
2015-08-03,-8905187232,-105136784366,55036811460,59005160138
2015-08-04,57276837475,74737362392,-173460772783,41446572916
2015-08-05,-26079072738,17848792643,-64215964717,72446244812
2015-08-06,-100449738052,-143789978051,175899651463,68340064640
2015-08-07,-30748776436,-173131878263,151723209126,52157445573
2015-08-10,-58381125594,-2607726310,67152517825,-6163665921
2015-08-11,-81988036364,-20884748675,75584359887,27288425152
2015-08-12,-303614381537,263457984787,19650580566,20505816184
2015-08-13,-216795393800,199329712799,-27546354966,45012035967
2015-08-17,-322322407172,154308828667,134933574013,33080004492
2015-08-18,-18929011630,83914659456,-101830171961,36844524135
2015-08-19,-25639965503,167461929324,-219248052998,77426089177
2015-08-20,-293588391307,288451583889,-37779409614,42916217032
2015-08-21,-446330268875,923834407187,-532852120012,55347981700
2015-08-24,-729066598773,401010194889,297961962978,30094440906
2015-08-25,-528851023223,214591176991,302662772026,11597074206
2015-08-26,-550504177865,391311734016,110612296457,48580147392
2015-08-27,-348346313858,120485654954,190535110331,37325548573
2015-08-28,-38304103453,115755554784,-59094448302,-18357003029
2015-08-31,-36746334146,33252597153,-6819929701,10313666694
2015-09-01,-7691526624,-278405289781,236827884992,49268931413
2015-09-02,-88522100750,66486343421,-29351611680,51387369009
2015-09-03,-121088960893,-40642451465,142295678482,19435733876
2015-09-04,-23104558376,-222507675935,204124156542,41488077769
2015-09-07,-286713378496,267734770305,-21959330281,40937938472
2015-09-08,-250563132027,174849876347,23479908328,52233347352
2015-09-09,-147714206934,538243732852,-388554618278,-1974907640
2015-09-10,-232295245137,600374110432,-377821596074,9742730779
2015-09-11,-56690751180,-34774959938,32399038531,59066672587
2015-09-14,-59641840926,-31684977920,50330993184,40995825662
2015-09-15,-118347377369,211126500354,-134142427886,41363304901
2015-09-16,218539761605,358992402476,-591064952140,13532788059
2015-09-17,122673610516,134384488351,-268523020897,11464922030
2015-09-18,170276684650,-10499243112,-198098947699,38321506161
2015-09-21,-192553721163,-110625449630,253708385053,49470785740
2015-09-22,-19775897245,112916136997,-101725464350,8585224598
2015-09-23,-299748290345,152644364751,389168017789,-242064092195
2015-09-24,-220303814815,62357413286,590010106343,-432063704814
2015-09-25,-300217973157,151590535448,86106080870,62521356839
2015-09-30,147949580573,-151032072309,-35563280485,38645772221
2015-10-01,100739105177,171173199778,-305521328341,33609023386
2015-10-02,-128047186205,-12384600312,105937866795,34493919722
2015-10-05,-16072486279,73353957079,-135862335397,78580864597
2015-10-06,138024548537,91273983027,-162682048036,-66616483528
2015-10-07,87880376592,87440347714,-210896157641,35575433335
2015-10-08,188523730249,-37782695558,-203093133946,52352099255
2015-10-12,132981113199,85932127812,-267242313001,48329071990
2015-10-13,103956570549,-90092411585,-33114513341,19250354377
2015-10-14,-111434242980,38808610360,53635398468,18990234152
2015-10-15,38215623757,232348979960,-291216645324,20652041607
2015-10-16,-215470856332,124119020487,84861194439,6490641406
2015-10-19,63101675821,-26630672819,-44206250895,7735247893
2015-10-20,37315108656,78181806362,-131233561293,15736646275
2015-10-21,-6043919522,45467235030,-77993970091,38570654583
2015-10-22,-286752146603,25213985283,236824739326,24713421994
2015-10-23,112341504802,162583714093,-281270160316,6344941421
2015-10-26,158889613826,1026655252,-162043525105,2127256027
2015-10-27,-12436890904,-18171496636,27733368964,2875018576
2015-10-28,-221541044309,172162036382,17724041369,31654966558
2015-10-29,-28535423184,-49514397818,73066564097,4983256905
2015-10-30,-27688832592,-129970901505,143829696355,13830037742
2015-11-02,132513800645,-249447785570,-22800674016,139734658941
2015-11-03,29803607278,101416106342,-306596195603,175376481983
2015-11-04,115004321231,-38431797053,-225624015513,149051491335
2015-11-05,-30305426128,-127215377433,45676833002,111843970559
2015-11-06,-51348606116,-137292271863,55218369041,133422508938
2015-11-09,2950137559,-188511870495,73389854350,112171878586
2015-11-10,-67256015296,-168061347434,396943955334,-161626592604
2015-11-11,-224559278798,6469830959,136156684132,81932763707
2015-11-12,-220007709357,-23501202413,105650993026,137857918744
2015-11-13,-210223900220,-44640713657,111147383411,143717230466
2015-11-16,-235578694998,11218613385,116533125267,107826956346
2015-11-17,-165611243339,156930792927,-83506830142,92187280554
2015-11-18,-142632570445,23949691985,40043057306,78639821154
2015-11-19,287610280255,338427254693,-767772969545,141735434597
2015-11-20,-178394644789,144512025134,-117482436563,151365056218
2015-11-23,-105633471736,168108868658,-197989346677,135513949755
2015-11-24,-183104392874,229491472450,-124970240036,78583160460
2015-11-25,-196627919956,75637239625,15295869634,105694810697
2015-11-26,64284355626,159863523490,-290261905747,66114026631
2015-11-27,-30038028591,21336505546,-136425028952,145126551997
2015-11-30,-539387560239,54128809614,365955793344,119302957281
2015-12-01,110675410810,47028730567,-212784195988,55080054611
2015-12-02,-304036567688,7368315600,122136756827,174531495261
2015-12-03,-255623086601,-80499303188,211132398188,124989991601
2015-12-04,-363429911792,65176413621,154188451411,144065046760
2015-12-07,-147806140699,-48074826867,70334667010,125546300556
2015-12-08,-181348759146,25030155571,59761172304,96557431271
2015-12-09,-244314886877,149010638593,-13247924513,108552172797
2015-12-10,-356514701415,230268718994,16549530931,109696451490
2015-12-11,-230604594682,117837907272,-32115464847,144882152257
2015-12-14,-295878432693,343692461951,-147813816921,99999787663
2015-12-15,-356227556166,274998163240,-9166589933,90395982859
2015-12-16,-161015008314,533944469446,-395435831889,22506370757
2015-12-17,-65194504881,177938041573,-176052858050,63309321358
2015-12-18,-142014722606,175902101120,-66304973493,32417594979
2015-12-21,-120832068677,225542762104,-141951414475,37240721048
2015-12-22,-7182729569,216585767939,-271607363584,62204325214
2015-12-23,-6093959670,440373864919,-481046873668,46766968419
2015-12-24,-7119469825,350946960435,-362362158702,18534668092
2015-12-28,-32307841128,149729900821,-195208709795,77786650102
2015-12-29,-93254807826,-277434821846,264305799685,106383829987
2015-12-30,-36511545942,-282228184242,229741239082,88998491102
2016-01-04,-156680906204,-347056898395,415726735542,88011069057
2016-01-05,-189360362819,100047675765,16735453860,72577233194
2016-01-06,164184879114,-69157663148,102872441927,-197899657893
2016-01-07,-267997509972,7926179578,184365472859,75705857535
2016-01-08,-150044027623,123173927776,-47176918078,74047017925
2016-01-11,-113026006958,86091426036,256865736726,-229931155804
2016-01-12,-221320412415,-1542190124,144093922998,78768679541
2016-01-13,-50326861515,220560537637,-188511773704,18278097582
2016-01-14,-372966472150,43585255143,295718431472,33662785535
2016-01-15,-216828795180,-68007298035,251729538404,33106554811
2016-01-18,-346288142692,318559365659,12106982718,15621794315
2016-01-19,-279227243843,177182972194,87872625405,14171646244
2016-01-20,-227776175460,-84229329530,300354764938,11650740052
2016-01-21,-297525478075,315641261586,-27079594804,8963811293
2016-01-22,-157705999634,346110124955,-201345397268,12941271947
2016-01-25,-82555247307,257602338636,-186033349520,10986258191
2016-01-26,-191376279807,-136372956023,317206987165,10542248665
2016-01-27,32205321895,268297407914,-303645417548,3142687739
2016-01-28,-17189776055,1644081512422,-102931381138,-1523960355229
2016-01-29,174967723357,-65173479737,-177088853741,67294610121
2016-02-01,182572687920,3230048199,-239262066616,53459330497
2016-02-02,-32101010202,-54260595923,27745125747,58616480378
2016-02-03,-191159039147,-1159040180,124188450310,68129629017
2016-02-04,148045703505,170253349721,-359852431183,41553377957
2016-02-05,-1399358188,565944656421,-152744663670,-411800634563
2016-02-11,-166153532409,61532092934,43006243770,61615195705
2016-02-12,-301703309400,428672050215,-190257622146,63288881331
2016-02-15,-125741608744,220659091464,-124070429224,29152946504
2016-02-16,81300168550,83662583813,-230740200022,65777447659
2016-02-17,-22050586371,69414083155,-158796783622,111433286838
2016-02-18,85764988838,136764551565,-302040902121,79511361718
2016-02-19,166867960214,-68363391914,-178439342453,79934774153
2016-02-22,33527420064,-47274249685,-53747503469,67494333090
2016-02-23,-6654086740,-52401722970,-15605072499,74660882209
2016-02-24,-19969724660,-16585060764,-32670033805,69224819229
2016-02-25,19738675609,-11223000914,100788604807,-109304279502
2016-02-26,242418540598,163434886018,-42700950399,-363152476217
2016-02-29,171915838790,-189286096284,-53780495849,71150753343
2016-03-02,375963988046,-15437042359,-410955366138,50428420451
2016-03-03,495972758892,-235450066613,-314847753956,54325061677
2016-03-04,159780964630,-132142061837,-45541456904,17902554111
2016-03-07,201059199935,-198815838126,-53559377865,51316016056
2016-03-08,-96053767009,-61306014901,105972727429,51387054481
2016-03-09,-20653092325,-25999915958,-4612398997,51265407280
2016-03-10,650325242029,-581963189595,-121945696757,53583644323
2016-03-11,147513753309,-150104267481,-56797572433,59388086605
2016-03-14,81949625593,-244956846685,135153288073,27853933019
2016-03-15,63055655902,-131398749145,9489600645,58853492598
2016-03-16,97600484546,-90765627127,-45873296131,39038438712
2016-03-17,736402984616,-145450764300,-268476229450,-322475990866
2016-03-18,278254796340,-342916841500,29702459377,34959585783
2016-03-21,135315954352,-313008377806,103476169952,74216253502
2016-03-22,135960660365,-88358195528,-115097352383,67494887546
2016-03-23,11473627066,-45109395399,-43619333710,77255102043
2016-03-24,45515265842,-173235225460,59170143117,68549816501
2016-03-25,-42417304498,40937031115,-70656034613,72136307996
2016-03-28,-12632244372,-31958092112,-25114271426,69704607910
2016-03-29,147431802040,-26497461435,-184533816626,63599476021
2016-03-30,37076550842,6789550581,-126585487215,82719385792
2016-03-31,-209964598605,57479294376,82094560437,70390743792
2016-04-01,-210577409289,-46609652571,285132530635,-27945468775
2016-04-04,57435994972,-193063100484,61493566538,74133538974
2016-04-05,-192618288099,-73324413624,194383490043,71559211680
2016-04-06,117240391277,-299390274089,119625271518,62524611294
2016-04-07,225861200689,-318478449127,29835432684,62781815754
2016-04-08,165081255758,-280000178922,48646399444,66272523720
2016-04-11,-15649146080,-128410921100,81016351264,63043715916
2016-04-12,116001392856,-102770640178,-88491280843,75260528165
2016-04-14,550324941304,174090403656,-791248644888,66833299928
2016-04-15,102801247018,24974612914,-109447191851,-18328668081
2016-04-18,199634758419,-139198497715,-48169684363,-12266576341
2016-04-19,28594160239,139573114975,-152559159270,-15608115944
2016-04-20,111680433149,-58628366930,-45003555003,-8048511216
2016-04-21,159794727836,147865887857,-301975115346,-5685500347
2016-04-22,155055129915,-184652160903,38537949722,-8940918734
2016-04-25,208060320922,-159800188441,-41445799145,-6814333336
2016-04-26,135752262467,-44301236696,-88644350071,-2806675700
2016-04-27,181814048333,-257884225674,77605132974,-1534955633
2016-04-28,-203259756486,116526584695,88277773540,-1544601749
2016-04-29,63853276174,-203104765093,109494312921,29757175998
2016-05-02,-31718850782,-177775791273,180348254183,29146387872
2016-05-03,86789008700,-176970626675,68522997757,21658620218
2016-05-04,171909452307,-490429058554,297763089468,20756516779
2016-05-09,-99087781089,-52737577791,119219347550,32606011330
2016-05-10,35483909026,41030883367,-124815817432,48301025039
2016-05-11,70413880636,-241436913087,130793206554,40229825897
2016-05-12,24267352900,-128255024698,110484869003,-6497197205
2016-05-13,-143724581241,-115563256038,218360051834,40927785445
2016-05-16,15126125224,-39682093534,-5079401540,29635369850
2016-05-17,-53532045283,-52138773886,83188380724,22482438445
2016-05-18,35610006087,-197426116935,121413590091,40402520757
2016-05-19,-20540325638,-42256095959,30986793405,31809628192
2016-05-20,-127660652250,150827293586,-61666829873,38500188537
2016-05-23,2575542862,33376888851,-67517934821,31565503108
2016-05-24,-59787289973,-61393913784,78874240129,42306963628
2016-05-25,124930517203,207569422739,-336335462496,3835522554
2016-05-26,5905170343,64365479506,-95536592829,25265942980
2016-05-27,151364272528,-10695285773,-175972327307,35303340552
2016-05-30,121023199202,-124608885521,-34954780721,38540467040
2016-05-31,-129638540314,210425312232,-160660336367,79873564449
2016-06-01,240141891315,-189489174670,-88529028371,37876311726
2016-06-02,387555402155,-197707094483,-61829893197,-128018414475
2016-06-03,-129592700518,343620029981,-114094136219,-99933193244
2016-06-07,260398348015,147914693160,-435773291870,27460250695
2016-06-08,309514658890,-38408787290,-314530284936,43424413336
2016-06-09,413203464041,-195750135110,-228095601789,10642272858
2016-06-10,-27576847934,89514938999,-114067547175,52129456110
2016-06-13,-147989870591,-73822506033,173690528871,48121847753
2016-06-14,-105821924601,-180608042117,226924801841,59505164877
2016-06-15,-21136227204,-57153333886,168090224512,-89800663422
2016-06-16,44251434087,-209644091676,116389433487,49003224102
2016-06-17,-102242740891,56926342866,-7191928928,52508326953
2016-06-20,18774559871,116117124423,-181221620679,46329936385
2016-06-21,-112023678177,-30444643139,90796852570,51671468746
2016-06-22,28291091306,172909424509,-250797752580,49597236765
2016-06-23,27602552036,189062115538,-264689496718,48024829144
2016-06-24,-146728790246,55335026585,34943325623,56450438038
2016-06-27,-239264963526,408163728688,-216363114013,47464348851
2016-06-28,-368641624036,154183954136,167520594929,46937074971
2016-06-29,56392955779,-63342751689,-22423216048,29373011958
2016-06-30,403965043318,-248587347193,38174157600,-193551853725
2016-07-01,251728370767,-90774590036,-205254945356,44301164625
2016-07-04,160185377655,-145354249222,-66456723135,51625594702
2016-07-05,13448080687,-210789475693,138234319929,59107075077
2016-07-06,-427701230840,-138395863347,511338378539,54758715648
2016-07-07,169324311396,-119613003557,-90287712295,40576404456
2016-07-08,40668803682,-289806008294,204678330820,44458873792
2016-07-11,269777879680,83184959635,-390373333494,37410494179
2016-07-12,192191938222,-48407647563,-194158840356,50374549697
2016-07-13,580208401952,-380276641347,-187398284626,-12533475979
2016-07-14,367545588509,-228119195358,-136720808286,-2705584865
2016-07-15,490250428473,-306601413674,-188160997820,4511983021
2016-07-18,223792906055,-213854012165,-2235648243,-7703245647
2016-07-19,313166527096,-425485086822,117782137355,-5463577629
2016-07-20,179388017791,-221444508577,31979433980,10077056806
2016-07-21,44632764989,-82272803287,33430684054,4209354244
2016-07-22,71958534218,42263542037,-120142526451,5920450196
2016-07-25,193390936316,-107663044854,-81043574945,-4684316517
2016-07-26,192626084854,16762987197,-173313093297,-36075978754
2016-07-27,243622478420,-103482400499,-137867823769,-2272254152
2016-07-28,196116855844,-80137819280,-110091968686,-5887067878
2016-07-29,211485069328,-319605702186,89472650746,18647982112
2016-08-01,307363865459,-296917721365,-104871492249,94425348155
2016-08-02,52787742478,-180642425269,106183738004,21670944787
2016-08-03,-86814003853,-196192729630,253823457503,29183275980
2016-08-04,37574978879,-108989627547,47220931330,24193717338
2016-08-05,246951654399,-72806143361,-198996802684,24851291646
2016-08-08,79726932344,85995411150,-202415490898,36693147404
2016-08-09,207199682808,76213577085,-313971809225,30558549332
2016-08-10,307696486371,-136398343554,-189286610263,17988467446
2016-08-11,-17556752870,-33692160196,25512189221,25736723845
2016-08-12,57769417166,99530507963,-179269984043,21970058914
2016-08-16,33066586151,-20626169896,-36265705992,23825289737
2016-08-17,12763493338,-87607565922,43800012798,31044059786
2016-08-18,188623874261,-184514849377,-8978286378,4869261494
2016-08-19,218618039092,-353906432394,53131939346,82156453956
2016-08-22,-13051679763,-183912250286,86337188311,110626741738
2016-08-23,44973704876,-216275223139,79147569418,92153948845
2016-08-24,-47539058336,-39005575944,-17791318965,104335953245
2016-08-25,-320723501023,253091950985,-3320218651,70951768689
2016-08-26,-384143433881,190492479017,-61354859884,255005814748
2016-08-29,83010574054,-39429412486,-42000945443,-1580216125
2016-08-30,50270817526,127559583636,-172564153174,-5266247988
2016-08-31,20389532369,-9010674307,10478115385,-21856973447
2016-09-01,-140719388598,38489984579,98861695349,3367708670
2016-09-02,216169428530,-193531833452,-17249953129,-5387641949
2016-09-05,269382659324,138661228782,-393833783787,-14210104319
2016-09-06,268786333661,-308927358469,42125851820,-1984827012
2016-09-07,81440525857,-46423463459,-20208472120,-14808590278
2016-09-08,180050751916,-182453635036,4140995967,-1738112847
2016-09-09,-50270603947,-48341001662,91326860390,7284745219
2016-09-12,-218348284667,136324930630,88448094176,-6424740139
2016-09-13,247582314819,-688254634271,298934496265,141737823187
2016-09-19,46901108689,-273304240276,97337588348,129065543239
2016-09-20,98714584851,-345938599340,115489291024,131734723465
2016-09-21,87789727485,-226862007466,13087142065,125985137916
2016-09-22,126618642005,-138763507957,-132037091145,144181957097
2016-09-23,-45998213819,194353511911,-291170179727,142814881635
2016-09-26,-17634090205,-118888624629,-2862153704,139384868538
2016-09-27,22529337357,254665932973,-264554332794,-12640937536
2016-09-28,-116503678717,40433541242,86395926107,-10325788632
2016-09-29,180864029285,25204379770,-213271221722,7202812667
2016-09-30,-155815292646,-238857735798,377932413055,16740615389
2016-10-04,179267594796,-90065407738,-89400094646,197907588
2016-10-05,-2622720312,-110154776656,99189411984,13588084984
2016-10-06,91916207624,-147277198906,47525738217,7835253065
2016-10-07,38529546157,-236907295833,196375060514,2002689162
2016-10-10,-41952020337,323536950342,-303957670221,22372740216
2016-10-11,-336764771858,481849039103,-154195149833,9110882588
2016-10-12,-554380935827,624251563721,-69830085745,-40542149
2016-10-13,194389215850,-570153794285,375442821090,321757345
2016-10-14,32752082829,-962315231,-43741177839,11951410241
2016-10-17,291130389689,-243737484592,-48626241160,1233336063
2016-10-18,187477438773,86428634183,-284364370277,10458297321
2016-10-19,227632204743,-210191770995,-16361878631,-1078555117
2016-10-20,107029845903,17250767862,-122694457443,-1586156322
2016-10-21,43997534519,11109801212,-66968229639,11860893908
2016-10-24,90306823005,158558119412,-255493206919,6628264502
2016-10-25,-67826557092,242363732415,-187823570569,13286395246
2016-10-26,-85742593052,29918221269,57517615985,-1693244202
2016-10-27,27720112700,-23990318930,-3703032949,-26760821
2016-10-28,-33853092491,-13926236559,57027071558,-9247742508
2016-10-31,9670437020,130984004176,-144097704309,3443263113
2016-11-01,14021714132,65897451987,-91162078242,11242912123
2016-11-02,-22404027078,147788568108,-130120478806,4735937776
2016-11-03,-205523134057,339761048777,-135531550562,1293635842
2016-11-04,-191504471930,192532798170,-10995053401,9966727161
2016-11-07,-219115182681,291390916792,-85953428400,13677694289
2016-11-08,-56983342146,12625775617,18708767941,25648798588
2016-11-09,-213160255283,309524557254,-126924933411,30560631440
2016-11-10,48201886495,229457725679,-310146176518,32486564344
2016-11-11,-449541340026,378231593871,89659827180,-18350081025
2016-11-14,-337068441829,278114306889,30684250168,28269884772
2016-11-15,-208337774737,109221678841,71777548948,27338546948
2016-11-16,-9787129605,65737364664,-70977672138,15027437079
2016-11-17,60505497371,-90655623138,7059484312,23090641455
2016-11-18,60960850426,-330978630453,234950241542,35067538485
2016-11-21,66955226822,-48952893536,-39313263529,21310930243
2016-11-22,339683848482,51664973476,-140252908006,-251095913952
2016-11-23,164116996771,406557962854,-216251311983,-354423647642
2016-11-24,-142599436460,104265644702,13837738970,24496052788
2016-11-25,18547809381,-3856969547,-36282255806,21591415972
2016-11-28,206623988085,-204554119516,-19601927213,17532058644
2016-11-29,449358247191,-149290778532,-8262245420,-291805223239
2016-11-30,271436219710,-317619370198,44648448747,1534701741
2016-12-01,31005382616,-52695857499,20943744830,746730053
2016-12-02,-2037755994,-47585093750,22982828413,26640021331
2016-12-05,-4889188944,101270841059,-114366335631,17984683516
2016-12-06,79137559620,292901622439,-360505894732,-11533287327
2016-12-07,78348007732,-90840330204,14053879601,-1561557129
2016-12-08,28313601129,655081381116,-654644561567,-28750420678
2016-12-09,55868208899,58447965896,-117699676911,3383502116
2016-12-12,84718026367,14775545642,-96395594050,-3097977959
2016-12-13,111969536206,-14744020554,-102474335264,5248819612
2016-12-14,176904343227,-189022319731,13195618330,-1077641826
2016-12-15,-3390755712,65991799022,-67648690203,5047646893
2016-12-16,67776048956,-162144715071,25428829844,68939836271
2016-12-19,4866548733,-79480382695,78769725193,-4155891231
2016-12-20,60074862236,-29144881481,-33452086881,2522106126
2016-12-21,77466709307,-69063939343,-8195029388,-207740576
2016-12-22,-53931693463,75944989315,-29652028574,7638732722
2016-12-23,-97681231884,228316011157,-125513497780,-5121281493
2016-12-26,-35322600751,125295720844,-87849579766,-2123540327
2016-12-27,92284668356,173617510820,-258769562265,-7132616911
2016-12-28,130638880155,-414753292834,280980813857,3133598822
2016-12-29,128419432982,-296812260437,156185260037,12207567418
2017-01-02,27470502536,-84688484293,38577059857,18640921900
2017-01-03,171734486979,-174951360355,-11174208514,14391081890
2017-01-04,214706047926,-358257413239,127245594614,16305770699
2017-01-05,86796144641,-164830751314,65492878170,12541728503
2017-01-06,168637369243,-136459999491,-28802766050,-3374603702
2017-01-09,251028620985,-457445590162,193432330743,12984638434
2017-01-10,99621478633,-249773833077,128564901173,21587453271
2017-01-11,483844046969,-55090234809,-430007437573,1253625413
2017-01-12,34162583463,-10396539042,-32124696354,8358651933
2017-01-13,-106577246321,163537367146,-58453486220,1493365395
2017-01-16,-239348371569,184695969773,39987188389,14665213407
2017-01-17,-8134802334,90330242735,-82988741321,793300920
2017-01-18,-19445463430,87378468847,-72301903860,4368898443
2017-01-19,147096687121,-282938180125,128779176193,7062316811
2017-01-20,-46543921455,38045300428,6650062800,1848558227
2017-01-23,117048965552,-109254933487,-11839352707,4045320642
2017-01-24,-13149126952,9208003197,-12496954100,16438077855
2017-01-25,208446827480,-375724399762,109312255824,57965316458
2017-01-26,363961699257,-196008142363,-214798029363,46844472469
2017-01-31,-301785644448,118162511837,132257368594,51365764017
2017-02-01,-12298666053,55086055197,-87087388126,44299998982
2017-02-02,70715588820,-178458399892,61216071257,46526739815
2017-02-03,-108691681870,-59681584198,110862378724,57510887344
2017-02-06,2363971199,63887118579,-113595565806,47344476028
2017-02-07,-158568407069,143743023097,-32010574901,46835958873
2017-02-08,-242475404177,104449414240,93068830168,44957159769
2017-02-09,62387588256,-127752558969,22051173232,43313797481
2017-02-10,-107407343519,313574918137,-247330043989,41162469371
2017-02-13,5354235258,230743743416,-278716280836,42618302162
2017-02-14,-122334856277,265304871534,-136652293631,-6317721626
2017-02-15,-29601007433,159111827745,-175079044539,45568224227
2017-02-16,164853339799,-265423057730,42635010806,57934707125
2017-02-17,289436744712,148544666838,-484149127863,46167716313
2017-02-20,53829776295,-209742723591,103193726644,52719220652
2017-02-21,124332296777,153925367538,-318479311769,40221647454
2017-02-22,453528380140,-198660586010,-93557509239,-161310284891
2017-02-23,35158035481,-58807638074,-27378946303,51028548896
2017-02-24,-5151702740,-51751104523,7832920381,49069886882
2017-02-27,-226216046387,217436865424,-32589421963,41368602926
2017-02-28,64515336026,-27315551118,-116364757879,79164972971
2017-03-02,680181064395,-620638795569,-107142481149,47600212323
2017-03-03,-32364432238,-125263507101,106548059079,51079880260
2017-03-06,256165144214,-263748960718,-48724850881,56308667385
2017-03-07,92374369340,99994900149,-246085068634,53715799145
2017-03-08,153570703769,-196580240715,-17383396821,60392933767
2017-03-09,443444446012,-617495071601,110469050774,63581574815
2017-03-10,158858062608,-278090260528,55270650190,63961547730
2017-03-13,454228513128,-216068987760,-282412315499,44252790131
2017-03-14,406031993878,-406457668370,-50076796174,50502470666
2017-03-15,129190330461,-268795402891,84739720723,54865351707
2017-03-16,277634250004,-89280342923,-237363884243,49009977162
2017-03-17,250351521676,-210426449932,-93522897586,53597825842
2017-03-20,-84439839407,-51727297423,85033857766,51133279064
2017-03-21,361331466439,-189909597127,-234847558086,63425688774
2017-03-22,-95727958638,-116855663235,181320156143,31263465730
2017-03-23,53891536006,18227763937,-128426470179,56307170236
2017-03-24,-90491189137,220738154205,-186767119782,56520154714
2017-03-27,36412050585,-104707739094,16734852569,51560835940
2017-03-28,21585934608,-81824241969,1868744815,58369562546
2017-03-29,-61840777184,-26436859986,36775339434,51502297736
2017-03-30,90194704999,-169222254829,65557460266,13470089564
2017-03-31,26490680836,32923786833,-111045297229,51630829560
2017-04-03,-23343515180,31237340738,-59282035494,51388209936
2017-04-04,-102863584039,-123495887793,179356700909,47002770923
2017-04-05,-7412548534,-167237871707,128009154164,46641266077
2017-04-06,-93306812793,-117865871779,168331713250,42840971322
2017-04-07,-79080044318,103108934068,10400884411,-34429774161
2017-04-10,-54133926278,-4507896481,6409176798,52232645961
2017-04-11,-127565725495,97757339056,31351951385,-1543564946
2017-04-12,74103457765,-104763686438,24793404854,5866823819
2017-04-13,-1896692384,104209655467,-113793636294,11480673211
2017-04-14,-75502037429,22776248766,44421245601,8304543062
2017-04-17,-114566296753,266553382175,-160949228450,8962143028
2017-04-18,9751659350,38534071730,-48200032202,-85698878
2017-04-19,-226237219114,110441511814,115915899925,-120192625
2017-04-20,73896421656,223636734045,-276099457655,-21433698046
2017-04-21,234216357710,89897367519,-316479928404,-7633796825
2017-04-24,335492487373,-72370921960,-249485576767,-13635988646
2017-04-25,648642228806,-281006070757,-367831105536,194947487
2017-04-26,293485004000,76820577361,-368001479972,-2304101389
2017-04-27,11573428130,-158662710203,154931426799,-7842144726
2017-04-28,-16238536620,-354847136828,339920544727,31165128721
2017-05-02,133318757951,-47416308949,-129680744607,43778295605
2017-05-04,361183754971,-333372656817,-70893018870,43081920716
2017-05-08,539422766119,85449915542,-663232734301,38360052640
2017-05-10,111651972477,-46187251991,-100466636607,35001916121
2017-05-11,101736268372,331814983576,-444103287969,10552036021
2017-05-12,-303762712913,-93926041477,363512099577,34176654813
2017-05-15,-97056673928,25230801576,34963652715,36862219637
2017-05-16,234512737772,72954757035,23448266344,-330915761151
2017-05-17,7938253941,-218888510092,161700792968,49249463183
2017-05-18,25947692144,-63810326283,-19094055933,56956690072
2017-05-19,40061619771,-27647939343,-65126200199,52712519771
2017-05-22,288152581415,-260205923020,-88482072893,60535414498
2017-05-23,-54085593396,281245146684,-261636461159,34476907871
2017-05-24,77498708201,-89423170237,-36500389416,48424851452
2017-05-25,118349460012,265596242308,-405323585087,21377882767
2017-05-26,120821858640,85078324468,-258644111601,52743928493
2017-05-29,24050431440,-106856921667,51471569703,31334920524
2017-05-30,-45626691704,-2873973409,13532236325,34968428788
2017-05-31,-362302159836,360939903547,-36944713348,38306969637
2017-06-01,-10332794588,-89290083374,75140992845,24481885117
2017-06-02,447498379268,-251041142941,-240697666802,44240430475
2017-06-05,274012726471,-327808537619,4255252043,49540559105
2017-06-07,114853508713,-296716193044,126513797976,55348886355
2017-06-08,283543232575,-453586586194,97892850980,72150502639
2017-06-09,152538429164,-36966859091,-176338847461,60767277388
2017-06-12,-144536855506,-407831972121,498843644813,53525182814
2017-06-13,-78213366743,162455558350,-121868443203,37626251596
2017-06-14,23610545261,-122125330072,52858597784,45656187027
2017-06-15,12342007587,-305987928932,258667424514,34978496831
2017-06-16,-162894603791,58204199143,55023700860,49666703788
2017-06-19,123468713347,-54534611238,-101851002287,32916900178
2017-06-20,488657176419,-598490851988,358184315966,-248350640397
2017-06-21,-182582655230,-185943702265,294276836371,74249521124
2017-06-22,183122683746,47284415278,75819555646,-306226654670
2017-06-23,166412091838,106066009091,-299446824595,26968723666
2017-06-26,44148304882,-122499179845,22020684405,56330190558
2017-06-27,54106788113,-326042921241,222112898937,49823234191
2017-06-28,-181028182551,-6313042605,133517500602,53823724554
2017-06-29,99883670871,20103705997,-166744402400,46757025532
2017-06-30,-38509165219,-119977673058,108575234347,49911603930
2017-07-03,107586140315,-84522189373,-84305395475,61241444533
2017-07-04,-193559299635,104111587776,44658081209,44789630650
2017-07-05,-6122255617,-81609256732,54014166665,33717345684
2017-07-06,218952868072,-399864337495,129085531492,51825937931
2017-07-07,276551782670,54916473087,63632393944,-395100649701
2017-07-10,-58042735139,77177686046,-46193942764,27058991857
2017-07-11,98165609609,-20385476143,-123692031318,45911897852
2017-07-12,383887408132,-251966909467,180444074259,-312364572924
2017-07-13,340256588525,-186066604053,-206414609622,52224625150
2017-07-14,198885598721,24215250375,-53358457857,-169742391239
2017-07-17,-42754161214,111699062953,-113038235975,44093334236
2017-07-18,-217487400372,122030247310,61000129799,34457023263
2017-07-19,-97824400268,128956698995,-77309564505,46177265778
2017-07-20,58195027626,48437203246,-145134833493,38502602621
2017-07-21,288418206010,-61147925517,-216985067149,-10285213344
2017-07-24,-168326834676,144150115822,20985443453,3191275401
2017-07-25,-341070202310,265740838180,63502603288,11826760842
2017-07-26,-355098871544,459863572917,-100682379142,-4082322231
2017-07-27,-208257512442,358916539130,-136500604781,-14158421907
2017-07-28,-559892538431,482164393855,78886597089,-1158452513
2017-07-31,-255051781664,486127458890,-260579737920,29504060694
2017-08-01,-36203493062,179831266816,-174985688250,31357914496
2017-08-02,135625155301,-170427361003,7257935669,27544270033
2017-08-03,-402654991377,10189419678,357645818232,34819753467
2017-08-04,-163721149214,214835115877,-94721746670,43607780007
2017-08-07,93281003052,-94170196504,-40168224304,41057417756
2017-08-08,91708654369,-150031558561,43144100345,15178803847
2017-08-09,-256300497578,305179126681,-86710826200,37832197097
2017-08-10,-225792628968,427944812814,-170237787955,-31914395891
2017-08-11,-586192756490,622518208443,-70213296429,33887844476
2017-08-14,-258219169521,358642199889,-120444582071,20021551703
2017-08-16,-103768302110,-67035322045,157200411347,13603212808
2017-08-17,174388592264,-230595480509,40737918720,15468969525
2017-08-18,6174706506,-89102688884,53930381448,28997600930
2017-08-21,-21152213588,-77918916281,50819045140,48252084729
2017-08-22,65907316093,88492600757,-168756427641,14356510791
2017-08-23,109119801035,-201650954152,74179783909,18351369208
2017-08-24,17168583834,120762453826,-172050730904,34119693244
2017-08-25,-25917430816,168325481015,-166800552779,24392502580
2017-08-28,-59892037500,119576645955,-92327237076,32642628621
2017-08-29,-264007450249,47246561642,208942962565,7817926042
2017-08-30,-67587518911,184774620639,-127698738862,10511637134
2017-08-31,-109956525228,-54844282610,127682295620,37118512218
2017-09-01,76343945921,-217762089289,103995478491,37422664877
2017-09-04,4332530655,316482538554,-343407763457,22592694248
2017-09-05,-213300459179,242918374759,-66032238834,36414323254
2017-09-06,-325284219857,175519319867,107347564123,42417335867
2017-09-07,72370392179,125074357456,-224647852310,27203102675
2017-09-08,13869413147,-83357151872,45456068726,24031669999
2017-09-11,-150553474745,363786204485,-233204715541,19971985801
2017-09-12,-185890050839,146171565087,-5187407810,44905893562
2017-09-13,-5769392157,41585493378,-60590650715,24774549494
2017-09-14,-23126983292,45490658977,192186019538,-214549695223
2017-09-15,-88073266948,67391355371,10840197000,9841714577
2017-09-18,219564826874,-81869038375,-161477433297,23781644798
2017-09-19,-143389962448,-51165602595,149748855977,44806709066
2017-09-20,-188111490105,57594390468,85825223916,44691875721
2017-09-21,97080232936,-200934846870,180677446048,-76822832114
2017-09-22,25446097618,-114352381234,45078526097,43827757519
2017-09-25,-33498784309,-40779163074,22499253121,51778694262
2017-09-26,-385235650697,506542168198,-157823450449,36516932948
2017-09-27,-280804081193,40691398671,165821277449,74291405073
2017-09-28,-129081272819,-49520073438,118854940986,59746405271
2017-09-29,30949234401,68764333004,-156643264199,56929696794
2017-10-10,817655604877,-561923452792,-310354991914,54622839829
2017-10-11,700677432714,-533930179702,53754679790,-220501932802
2017-10-12,243994747926,-221171439413,-54760655859,31937347346
2017-10-13,-35806703709,109391507148,-113495742343,39910938904
2017-10-16,-27375986412,49349450504,-71654749844,49681285752
2017-10-17,-51491148944,-149729863153,145763562838,55457449259
2017-10-18,-32044642562,-46904342940,-6228257524,85177243026
2017-10-19,2602325697,-15248103651,-2251106114,14896884068
2017-10-20,161548833171,-175132401246,-40713374821,54296942896
2017-10-23,315615425787,-617397937219,204192739660,97589771772
2017-10-24,-101382954162,27026038284,68396027351,5960888527
2017-10-25,111904436626,-166093630615,57062331619,-2873137630
2017-10-26,-26577941296,62634339737,-36255083323,198684882
2017-10-27,96473631057,-95849796666,-12962138292,12338303901
2017-10-30,251712026868,-521659936672,261957090264,7990819540
2017-10-31,419135434236,-395766405794,-24902512495,1533484053
2017-11-01,303249911230,-114364256576,-230492193761,41606539107
2017-11-02,-1242847918,-195190162167,154560923037,41872087048
2017-11-03,-147615936864,272354626730,-168323854390,43585164524
2017-11-06,145595882187,-368137173909,181021436522,41519855200
2017-11-07,244386760438,-70742908872,-74001596691,-99642254875
2017-11-08,54005098376,-70608678195,61687200829,-45083621010
2017-11-09,-66973172323,-185325262381,208983327553,43315107151
2017-11-10,-188940020155,16930911970,143169720236,28839387949
2017-11-13,-64227117531,-226712956045,257901707696,33038365880
2017-11-14,-96904891058,183375735732,-128955406164,42484561490
2017-11-15,-64655271517,80952543144,-36928332727,20631061100
2017-11-16,286234033984,-208924762255,-79757312820,2448041091
2017-11-17,548883713134,-440102287525,-141864224989,33082799380
2017-11-20,215052221432,-339524953297,89935247405,34537484460
2017-11-21,391610207332,98261213968,-508459070957,18587649657
2017-11-22,39685213342,23240998241,-81932476060,19006264477
2017-11-23,-75740729220,41923060794,-2354311606,36171980032
2017-11-24,-110521877409,177309915195,-105858778197,39070740411
2017-11-27,-453573752302,-46953812284,453369826552,47157738034
2017-11-28,-163870751145,203656690016,-376630161526,336844222655
2017-11-29,-162113625207,202503991878,-80592785767,40202419096
2017-11-30,-600025515830,370509970295,193285277412,36230268123
2017-12-01,-193913386292,89764532326,140457726630,-36308872664
2017-12-04,147203990781,88151781911,-258160928301,22805155609
2017-12-05,31796626834,293189885097,-347532304408,22545792477
2017-12-06,-338266538786,37068155366,251473966660,49724416760
2017-12-07,-338390604244,491537260543,-44791287507,-108355368792
2017-12-08,-104194591958,40061382627,38760884766,25372324565
2017-12-11,-166019186104,230561114625,-91637568093,27095639572
2017-12-12,-244510324177,62308276650,147538447199,34663600328
2017-12-13,-205477796308,694771985977,-511946538915,22652349246
2017-12-14,384954485869,-14815010530,-378119809943,7980334604
2017-12-15,-202079742976,421742034169,-256995780379,37333489186
2017-12-18,-167750991178,265504601805,-129443413400,31689802773
2017-12-19,63866670758,284560635684,-357196698235,8769391793
2017-12-20,-307544755897,617481660733,-368069634398,58132729562
2017-12-21,-327496164141,311217272826,-8351431732,24630323047
2017-12-22,131251017096,388221901153,-849097883859,329624965610
2017-12-26,15792144147,872540229717,-894419190845,6086816981
2017-12-27,-109278630691,-375337895074,465879088195,18737437570
2017-12-28,179759418792,30677758162,-212891311193,2454134239
2018-01-02,263433205967,-276231823161,-26748556121,39547173315
2018-01-03,399235993275,-398032953865,-24158623194,22955583784
2018-01-04,335871564713,-384461413994,44246512095,4343337186
2018-01-05,245723401641,102182433145,-370491328497,22585493711
2018-01-08,390830400345,-87326837178,-351177151300,47673588133
2018-01-09,43809316497,212155165869,-260592118210,4627635844
2018-01-10,-278866026705,99336442531,130250802952,49278781222
2018-01-11,175555177186,-544729047711,316957701424,52216169101
2018-01-12,-117585720788,164349920557,-87139619965,40375420196
2018-01-15,24403123198,14535727016,-69810518735,30871668521
2018-01-16,276811459489,-24857431490,-277736441374,25782413375
2018-01-17,68003794732,-288257295262,173347192834,46906307696
2018-01-18,94901733102,-223400980293,91526153794,36973093397
2018-01-19,-81361480750,41414130318,-9120186491,49067536923
2018-01-22,-176227751269,-73507719563,247143831825,2591639007
2018-01-23,216000035457,340536000910,-592549340861,36013304494
2018-01-24,-16028348259,244319869946,-281349704629,53058182942
2018-01-25,375377452658,299911762064,-715449695233,40160480511
2018-01-26,180834282041,116802452821,-385279613288,87642878426
2018-01-29,322570361776,361397457098,-711641473968,27673655094
2018-01-30,-122288650381,-143277214405,253377323465,12188541321
2018-01-31,-664247683642,-184397390546,794061176140,54583898048
2018-02-01,-272216741653,29312155796,217028826019,25875759838
2018-02-02,-463981665986,-280996473408,737354663823,7623475571
2018-02-05,-455389195307,-41884158199,495548145945,1725207561
2018-02-06,-280978893308,107852770327,156458089963,16668033018
2018-02-07,-191424547359,-739545703953,926384323387,4585927925
2018-02-08,90750061581,-348256941181,243688201684,13818677916
2018-02-09,-315160583868,20348155326,276077012394,18735416148
2018-02-12,-78954424580,-17462624268,97113950332,-696901484
2018-02-13,329711638937,-185897696909,-166074831900,22260889872
2018-02-14,103519573600,110989084749,-205360796423,-9147861926
2018-02-19,26348363268,34587059356,-73017993112,12082570488
2018-02-20,28989666090,-297795194247,254966603948,13838924209
2018-02-21,-101562272044,114356907692,7376244403,-20170880051
2018-02-22,-97654961563,-107392773121,199564607240,5483127444
2018-02-23,155586026484,376686569214,-522997093988,-9275501710
2018-02-26,-182399715957,351804523460,-137253244848,-32151562655
2018-02-27,4442890755,204456545960,-189480796347,-19418640368
2018-02-28,143704245912,-264549787755,107480734749,13364807094
2018-03-02,-232744243685,-273158436288,534421454776,-28518774803
2018-03-05,-88930874241,-213549487838,320450095197,-17969733118
2018-03-06,13058498255,160750399947,-171305824785,-2503073417
2018-03-07,-259513063836,-103612316863,358450638799,4674741900
2018-03-08,-174249352145,594849559501,-426412226871,5812019515
2018-03-09,198906660492,291591632841,-490005741265,-492552068
2018-03-12,193801645119,100866653086,-291747478536,-2920819669
2018-03-13,581784209508,-264989943016,-310345932251,-6448334241
2018-03-14,-129464904848,-142948218349,284071432672,-11658309475
2018-03-15,-42076647998,29648365284,19450576970,-7022294256
2018-03-16,163783830612,-59621210213,1235754478,-105398374877
2018-03-19,-83295240813,-53070220213,148272257093,-11906796067
2018-03-20,-123463247916,104669699687,6259221496,12534326733
2018-03-21,-65669720528,129998829684,-63704200360,-624908796
2018-03-22,208149009407,82054747761,-298677543610,8473786442
2018-03-23,-131671760526,-643777544156,751783820094,23665484588
2018-03-26,-101040049029,46486277377,51993777562,2559994090
2018-03-27,14406181377,76216546269,-89781886549,-840841097
2018-03-28,-246379078327,-33053227187,276642064367,2790241147
2018-03-29,-270434251156,33879112807,577799194688,-341244056339
2018-03-30,-171723973628,296635108664,-115339939723,-9571195313
2018-04-02,-26929791747,-21623181151,73817204089,-25264231191
2018-04-03,-106418548613,-16498800674,128923393636,-6006044349
2018-04-04,-198894587111,-348993180583,528579866281,19307901413
2018-04-05,147460412530,120282909607,-273586276349,5842954212
2018-04-06,-239227828021,19405026594,228925523833,-9102722406
2018-04-09,-56527308187,114048527658,-55765159921,-1756059550
2018-04-10,-120717882511,110843317385,32678649210,-22804084084
2018-04-11,463995125358,-98034975850,198066343599,-564026493107
2018-04-12,234569102283,-151831155002,-73055093054,-9682854227
2018-04-13,54332816699,-46985552893,-3577721555,-3769542251
2018-04-16,-36596283354,-10830447330,65763299184,-18336568500
2018-04-17,-275978225798,48656310297,222020778782,5301136719
2018-04-18,343903788857,52493539724,-388213922011,-8183406570
2018-04-19,181440001732,-240578637326,64561413534,-5422777940
2018-04-20,-488362635468,161148023572,342220469750,-15005857854
2018-04-23,-294586624765,9246547497,314326524851,-28986447583
2018-04-24,-438779746409,168374267866,270742148773,-336670230
2018-04-25,-761959775901,6964714760,613747965408,141247095733
2018-04-26,170990147542,-165432684905,1400652630,-6958115267
2018-04-27,161111995515,-411605056291,257644085476,-7151024700
2018-04-30,243215875044,-11213586387,-189190500821,-42811787836
2018-05-02,-163200738862,-120253472624,279085745433,4368466053
2018-05-03,-323933743851,18833020342,259670187911,45430535598
2018-05-04,-22442581052,-725554026929,763958771785,-15962163804
2018-05-08,-33422561818,-125213992734,101524282573,57112271979
2018-05-09,-230319984514,240885182217,-41356093471,30790895768
2018-05-10,-40932313584,80621864628,-72973678181,33284127137
2018-05-11,199010975090,185561900282,-418030974970,33458099598
2018-05-14,-94681012739,169205592021,-101144977687,26620398405
2018-05-15,-238222237476,-196927920979,394900170462,40249987993
2018-05-16,11194263095,248570872558,-175031361495,-84733774158
2018-05-17,-269595710194,105742305411,145549255038,18304149745
2018-05-18,-38705567406,151320766294,-154078838891,41463640003
2018-05-21,-76136462766,33228051977,6872888621,36035522168
2018-05-23,273784916404,-262173415694,-71212925710,59601425000
2018-05-24,32813554450,-205716707067,85055485376,87847667241
2018-05-25,331003689292,120614225340,-480957613142,29339698510
2018-05-28,-161840261219,-138472457974,264864128267,35448590926
2018-05-29,-229410047653,-120495574276,311475810379,38429811550
2018-05-30,-685712060755,-406917519108,1015122722388,77506857475
2018-05-31,950655350924,-1238324961186,241240003056,46429607206
2018-06-01,238891765324,-123403194911,-131487244172,15998673759
2018-06-04,17723445977,54764758317,-91188874845,18700670551
2018-06-05,-8648368726,-94998945453,91985725614,11661588565
2018-06-07,137907286580,172244103527,-316024233487,5872843380
2018-06-08,130381840327,-661608758910,501458378451,29768540132
2018-06-11,-10564650351,281565740495,-257543287271,-13457802873
2018-06-12,-122304196296,125808974267,-9345644938,5840866967
2018-06-14,-470291288676,-53749524672,502061246347,21979567001
2018-06-15,-549989911965,275879342080,267008343601,7102226284
2018-06-18,-320608923826,429264044290,-112378827796,3723707332
2018-06-19,-215077915827,31808646753,140594690233,42674578841
2018-06-20,113645220400,-17469711745,-117866779795,21691271140
2018-06-21,-128215135617,-303689587841,410702024113,21202699345
2018-06-22,6044462273,-24667590721,-8800474127,27423602575
2018-06-25,-110046626568,100161663607,8706416492,1178546469
2018-06-26,-323709252928,267845606821,116872301643,-61008655536
2018-06-27,158748579453,-266032531846,80215273310,27068679083
2018-06-28,-288903152265,140818381666,112977076904,35107693695
2018-06-29,165244947384,-139754346523,-55349164565,29858563704
2018-07-02,115617534879,-400952456427,242713736310,42621185238
2018-07-03,201804959476,-179478787120,-46704853233,24378680877
2018-07-04,977070780,-153569091332,129210862891,23381157661
2018-07-05,-94736147247,45505239678,31874570020,17356337549
2018-07-06,-381977389360,458916632830,-102990399471,26051156001
2018-07-09,-59378806034,122234711830,-75247043004,12391137208
2018-07-10,32933235209,-115771089648,19339704437,63498150002
2018-07-11,201784993053,-125110103382,135077057280,-211751946951
2018-07-12,-17955836355,-85760474012,88019730217,15696580150
2018-07-13,223887305527,-94063981979,-137439670750,7616347202
2018-07-16,-45234217332,-265667316023,288323972644,22577560711
2018-07-17,-88751688590,52179812428,134245701530,-97673825368
2018-07-18,92541450824,-263865051418,163714589044,7609011550
2018-07-19,52465874889,-18764564999,-32090183651,-1611126239
2018-07-20,-121229695972,64979625384,52609433856,3640636732
2018-07-23,-32487350315,233028188023,-141764990449,-58775847259
2018-07-24,63100564189,239716413456,-304315337986,1498360341
2018-07-25,-148583458632,278429591448,-128268583767,-1577549049
2018-07-26,127612989194,40388877022,-170576878745,2575012529
2018-07-27,162643205547,-79889093220,-84495338104,1741225777
2018-07-30,162188952902,-200150617971,3157965250,34803699819
2018-07-31,-74894397214,79837296811,-31745735371,26802835774
2018-08-01,172459734358,-141633916450,-65094331773,34268513865
2018-08-02,-48992659954,-375066135863,373956031062,50102764755
2018-08-03,143342147885,-80370626979,-88645583036,25674062130
2018-08-06,4118460838,-67092153889,17890690428,45083002623
2018-08-07,57664033716,-109708442449,-6234193665,58278602398
2018-08-08,358523008032,-115677571459,-124816029022,-118029407551
2018-08-09,-224331400921,142727609832,13979576082,67624215007
2018-08-10,-114714400052,-85729622587,151878870521,48565152118
2018-08-13,-173830432078,15099810598,102928278361,55802343119
2018-08-14,-12075524733,91843129866,-132053081807,52285476674
2018-08-16,-241681659462,-6988630391,178322855684,70347434169
2018-08-17,101969434589,-253433820187,85927010662,65537374936
2018-08-20,-54902818072,8682364778,-9753875531,55974328825
2018-08-21,106431745845,-17138790097,-151161709422,61868753674
2018-08-22,208239233124,-420617417504,136786723420,75591460960
2018-08-23,175106074626,-193218158970,-44824589188,62936673532
2018-08-24,77010818622,58172000742,-199511462742,64328643378
2018-08-27,237345707605,-43152996008,-242663195045,48470483448
2018-08-28,142556873898,-44922846471,-164698150436,67064123009
2018-08-29,114550750698,428231167087,-221652994989,-321128922796
2018-08-30,222321735880,-321484749874,66032753118,33130260876
2018-08-31,396666121557,-264280772397,-168671825008,36286475848
2018-09-03,-217314332855,-72662257810,237623291842,52353298823
2018-09-04,21879702155,-13298249791,-33950280447,25368828083
2018-09-05,-97123109141,-196729994335,247313946463,46539157013
2018-09-06,-293260803011,113357085297,114775134581,65128583133
2018-09-07,-771897799748,505698330870,219593984167,46605484711
2018-09-10,121141432260,-123936126529,-41161659123,43956353392
2018-09-11,-189139925190,-42979599023,192291038698,39828485515
2018-09-12,-415181894851,198786632415,183983998006,32411264430
2018-09-13,-269030691822,198702189128,38812286828,31516215866
2018-09-14,203564266224,271302967730,-483252841452,8385607498
2018-09-17,175547016571,-274082750689,69048194614,29487539504
2018-09-18,-82830795935,99583288007,-47544937187,30792445115
2018-09-19,386512705282,13714251423,-109452218409,-290774738296
2018-09-20,292916997723,99812266468,-413440822957,20711558766
2018-09-21,823307303368,-77149258096,-202077559567,-544080485705
2018-09-27,228326565527,-129797012882,-136172749215,37643196570
2018-09-28,-224905569969,64765550817,130464399109,29675620043
2018-10-01,-54120854636,-87746785994,124230752306,17636888324
2018-10-02,-241132372929,-84850690188,308923465851,17059597266
2018-10-04,-529372753393,-60216410100,581075277542,8513885951
2018-10-05,-330659453972,111592076752,202433078116,16634299104
2018-10-08,-178161251478,31842916057,132957424530,13360910891
2018-10-10,-229658268646,115620439455,100776242226,13261586965
2018-10-11,-483629867338,243897604979,216487833990,23244428369
2018-10-12,73473556665,-5889893463,-100557176001,32973512799
2018-10-15,22446855429,-327068539078,298979942204,5641741445
2018-10-16,-66419581165,-127144836231,169524970247,24039447149
2018-10-17,6445079403,2668228160,-5084616227,-4028691336
2018-10-18,-53658445843,-216628786650,264138297971,6148934522
2018-10-19,-171489233210,187855146244,-16943376161,577463127
2018-10-22,-111066849282,45043181778,64815861686,1207805818
2018-10-23,-562416465365,-99173469339,641311494236,20278440468
2018-10-24,-330913357655,580919540297,-261219995061,11213812419
2018-10-25,-363059632785,631056411679,-281394829275,13398050381
2018-10-26,-175208267844,103999000908,57260705959,13948560977
2018-10-29,-159334340353,636388987758,-488046119796,10991472391
2018-10-30,-186223010788,519900877977,-358229893699,24552026510
2018-10-31,135531966968,-412339959680,258527157623,18280835089
2018-11-01,292307467614,-420485395981,108781852831,19396075536
2018-11-02,440761065416,12555143223,-463799357119,10483148480
2018-11-05,-63830178672,-472778509437,517454328639,19154359470
2018-11-06,3011938506,-187591332820,171761979616,12817414698
2018-11-07,-63812099945,-60280303841,96875613474,27216790312
2018-11-08,490152284295,-228497508425,-274941916317,13287140447
2018-11-09,47722492352,-309731937207,228827975847,33181469008
2018-11-12,38451603616,67865148179,-115752479982,9435728187
2018-11-13,-303004576357,275499152051,24126561593,3378862713
2018-11-14,-132354746538,18919454051,69933089194,43502203293
2018-11-15,-170043045581,272071466595,-101099876492,-928544522
2018-11-16,-20613311141,9169331426,19205638053,-7761658338
2018-11-19,-92648425809,159411282732,-58445455532,-8317401391
2018-11-20,-255809732527,89713144679,29831309405,136265278443
2018-11-21,-390824689212,327195851667,71591469071,-7962631526
2018-11-22,-43368184739,-100378704476,142224668011,1522221204
2018-11-23,37165056469,-142672639370,96707417544,8800165357
2018-11-26,-37202857315,450630682255,-421671483966,8243659026
2018-11-27,195365873191,19358019496,-216792400986,2068508299
2018-11-28,93231853498,28128658689,-154231938474,32871426287
2018-11-29,325323244232,-55295746154,-271551663858,1524165780
2018-11-30,-36588918425,29310901294,129278179135,-122000162004
2018-12-03,322731738821,132849259066,-454079183866,-1501814021
2018-12-04,123442081709,-360909825329,219846478850,17621264770
2018-12-05,-196692818374,92517193538,105113317292,-937692456
2018-12-06,-382079066287,21408798492,348546790273,12123477522
2018-12-07,28511563458,-58194949878,11577575482,18105810938
2018-12-10,-271561758663,117113961645,133967350608,20480446410
2018-12-11,-176434997922,104813874016,61918077932,9703045974
2018-12-12,-42897129354,308590257582,-268000059551,2306931323
2018-12-13,481839398234,-311971777652,-171587381814,1719761232
2018-12-14,-90597965558,-122106813450,182946102585,29758676423
2018-12-17,65296231092,203900815884,-258190771116,-11006275860
2018-12-18,-170904211912,313887999273,-155095785106,12111997745
2018-12-19,8886109116,255149472626,-254964011171,-9071570571
2018-12-20,-41778816120,63271198690,-9212663654,-12279718916
2018-12-21,-225271277952,495981485108,-254374425203,-16335781953
2018-12-24,6675509941,249070410801,-267451250463,11705329721
2018-12-26,57150577994,379127661941,-471032283526,34754043591
2018-12-27,242035466237,-545903161052,300486062231,3381632584
2018-12-28,202544907783,-163408542567,-34304929116,-4831436100
2019-01-02,-26234353008,-302356707375,309289761048,19301299335
2019-01-03,102287116182,-168426894591,61679610411,4460167998
2019-01-04,-123346214860,226386265600,-104443109160,1403058420
2019-01-07,55869124298,164575042960,-204569757533,-15874409725
2019-01-08,-25661341789,-8739393503,33431077501,969657791
2019-01-09,384588524626,139384949199,-514574930864,-9398542961
2019-01-10,273247622598,-261943269604,-9219283617,-2085069377
2019-01-11,177067582907,-80423349806,-127736860745,31092627644
2019-01-14,94764872666,-179205483422,75769142742,8671468014
2019-01-15,122843765602,288000322071,-411044628167,200540494
2019-01-16,99529914321,-20459500884,-86731171380,7660757943
2019-01-17,234348166464,-211570212117,-13214367472,-9563586875
2019-01-18,111937874840,99646248317,-210048411005,-1535712152
2019-01-21,64661534948,53187438404,-139645845005,21796871653
2019-01-22,134304527164,-124219934593,-18551424735,8466832164
2019-01-23,-100581804247,445760608478,-347266098123,2087293892
2019-01-24,495880482929,-318736757652,-175206162984,-1937562293
2019-01-25,816593164958,87635106280,-883391301135,-20836970103
2019-01-28,357314655650,-305081519832,-42244909546,-9988226272
2019-01-29,190991912461,-207881276408,20120690326,-3231326379
2019-01-30,309902490948,15684878723,-327287509445,1700139774
2019-01-31,283248241896,-174361777768,-114635201819,5748737691
2019-02-01,266762215475,-214493931963,-74934774782,22666491270
2019-02-07,160653491912,-251010268033,69489397769,20867378352
2019-02-08,-280259032809,-72546332158,331271999382,21533365585
2019-02-11,-57340663493,-73260074148,115581612435,15019125206
2019-02-12,-37530351094,46887464654,-14710983697,5353870137
2019-02-13,-30643242333,134305305447,-126050958059,22388894945
2019-02-14,-47598481932,242683671125,-192622047092,-2463142101
2019-02-15,-177735141507,-44941294626,198483974390,24192461743
2019-02-18,45572631937,266392639430,-324089726464,12124455097
2019-02-19,-7595622702,141943794647,-138825492949,4477321004
2019-02-20,434537456972,-7622944609,-430005578127,3091065764
2019-02-21,208350642084,-204832647512,-11715660173,8197665601
2019-02-22,-4489698991,40129915874,-34206063862,-1434153021
2019-02-25,-79616430722,80275227515,9115915650,-9774712443
2019-02-26,52587149454,-11130391018,-29933232288,-11523526148
2019-02-27,-57281941122,151857839470,-111560459992,16984561644
2019-02-28,-253615330622,316907947344,-61784182288,-1508434434
2019-03-04,-131953894891,76676527211,40328329456,14949038224
2019-03-05,-157017695710,-91932649815,244352695932,4597649593
2019-03-06,5960479949,-53182364884,65444620090,-18222735155
2019-03-07,397749809,-112972757189,110774668511,1800338869
2019-03-08,-173863396395,-127447461480,293213295508,8097562367
2019-03-11,-179309876147,16639730580,89359044451,73311101116
2019-03-12,-2304218047,82392482069,-22480661728,-57607602294
2019-03-13,100064556811,-203107947266,95657129720,7386260735
2019-03-14,286699994288,-434371391530,141640536139,6030861103
2019-03-15,-134219016142,628388384084,-496308808713,2139440771
2019-03-18,-48787769406,228677329333,-186777269431,6887709504
2019-03-19,-12413032485,-15797411779,36930310648,-8719866384
2019-03-20,-123654088780,38732175899,85576985458,-655072577
2019-03-21,484065339759,-151526567122,-326383527941,-6155244696
2019-03-22,501319850079,-561768759655,47138478352,13310431224
2019-03-25,-70853127031,-219094912901,269204398460,20743641472
2019-03-26,37396934512,-191513709988,155665665386,-1548889910
2019-03-27,-156137630355,120182884108,19189157579,16765588668
2019-03-28,-13904251094,-83176888246,83696655492,13384483848
2019-03-29,89041649012,59696632751,-156006725386,7268443623
2019-04-01,249088851263,184589671919,-438066169858,4387646676
2019-04-02,273406478933,-150581917969,-103600430646,-19224130318
2019-04-03,143111292991,200828177419,-464376579788,120437109378
2019-04-04,244857022773,137828261411,-379675421091,-3009863093
2019-04-05,99629969828,61566930966,-154424383825,-6772516969
2019-04-08,273084340534,-156559329796,-118114575698,1589564960
2019-04-09,208962853800,-33162736361,-174029817368,-1770300071
2019-04-10,-3263701331,233451456344,-227976572662,-2211182351
2019-04-11,320810018251,-160584461009,-151212427472,-9013129770
2019-04-12,244644342119,-55843655377,-165725108045,-23075578697
2019-04-15,178112279612,-218897655932,46570721080,-5785344760
2019-04-16,152726915563,-53930385890,-94868400197,-3928129476
2019-04-17,75629794263,1430687865,-58901374367,-18159107761
2019-04-18,-132046178719,-129047839794,295948651490,-34854632977
2019-04-19,-56699188826,35110638501,17773810717,3814739608
2019-04-22,-18622408526,-50248894428,70187801687,-1316498733
2019-04-23,40678552070,-70749670286,18049645895,12021472321
2019-04-24,23034738836,-421394870096,403028594977,-4668463717
2019-04-25,-16463182533,-44641373862,62920883969,-1816327574
2019-04-26,35494453987,-184407081264,140108495541,8804131736
2019-04-29,2993104677,278467331316,-283315530073,1855094080
2019-04-30,42947077654,-57260258409,11873487785,2439692970
2019-05-02,68075725901,17008115424,-102498649019,17414807694
2019-05-03,152121718314,-407528974046,241687569701,13719686031
2019-05-07,202645322790,-478652894928,282298936839,-6291364701
2019-05-08,8971530080,-63134781086,49273241101,4890009905
2019-05-09,-201507722282,-646501775948,815694210535,32315287695
2019-05-10,-322345918362,1311518506,296859762301,24174637555
2019-05-13,-137329399592,-131377958377,258103306140,10604051829
2019-05-14,-285078154873,336784716653,-60314280562,8607718782
2019-05-15,-77646339392,-48430506945,108230917953,17845928384
2019-05-16,-467905856517,36705210008,411406769493,19793877016
2019-05-17,-199417320948,4245963256,182498070316,12673287376
2019-05-20,-17762882496,9568855074,37013119336,-28819091914
2019-05-21,74360892295,-73025766952,-9482432039,8147306696
2019-05-22,5300903349,-92457360141,72815872315,14340584477
2019-05-23,80916106150,-96210990635,14972454518,322429967
2019-05-24,-310212212215,306930149255,-1257024852,4539087812
2019-05-27,-193988659151,171052827451,22898140761,37690939
2019-05-28,-719057497035,622718543279,119853124842,-23514171086
2019-05-29,-381531585556,192717021057,193190514658,-4375950159
2019-05-30,48406606231,21685375521,-72021362520,1929380768
2019-05-31,206222820885,-146046289829,-61281395162,1104864106
2019-06-03,291395679762,-98572540911,-193325346081,502207230
2019-06-04,-200164967877,193534502808,3220039078,3410425991
2019-06-05,-155874527876,98474923591,56665914597,733689688
2019-06-07,-33318062866,65786514521,-40059895436,7591443781
2019-06-10,181865828210,167291422679,-338433585668,-10723665221
2019-06-11,69234514513,203477891603,-266518306801,-6194099315
2019-06-12,-2329064115,101634418700,-96265719945,-3039634640
2019-06-13,-165712563303,51511213419,131707587548,-17506237664
2019-06-14,-69368483603,-92172949183,157690404429,3851028357
2019-06-17,-150088594638,140374240557,7838261537,1876092544
2019-06-18,261816928364,86891545505,-129501534187,-219206939682
2019-06-19,300430954174,169276816225,-460489624085,-9218146314
2019-06-20,-18322575414,164450625338,-148542907457,2414857533
2019-06-21,13280881909,-130936554570,118735540006,-1079867345
2019-06-24,-99250349566,163711527766,-72774648738,8313470538
2019-06-25,27387982,8844220728,-21135872689,12264263979
2019-06-26,16452829619,60969038311,-73635556218,-3786311712
2019-06-27,155887532000,267089212849,-405768338937,-17208405912
2019-06-28,312263760802,-109684798220,-199483658718,-3095303864
2019-07-01,154486503785,6138187770,-19121687014,-141503004541
2019-07-02,34321459071,-51500525649,24006908061,-6827841483
2019-07-03,-86012247174,-67521327230,156221433977,-2687859573
2019-07-04,40083736991,-9344958929,-23798375887,-6940402175
2019-07-05,-24977909647,126279454553,-104951571577,3650026671
2019-07-08,1833502367,-49775418771,49854511750,-1912595346
2019-07-09,24025285468,-114909790119,82587375612,8297129039
2019-07-10,203267188727,-188181075739,-1281555185,-13804557803
2019-07-11,364888486088,-178189093206,-199323255339,12623862457
2019-07-12,-5871381643,-6398284301,16783615713,-4513949769
2019-07-15,14282920832,25256521215,-49396899838,9857457791
2019-07-16,251192871117,-31509039054,-215696763724,-3987068339
2019-07-17,23336932616,-74476589980,58683358570,-7543701206
2019-07-18,70847522615,-172882565634,100235358539,1799684480
2019-07-19,130614668832,338128368840,-463186099248,-5556938424
2019-07-22,233499184472,-168552083597,-64682614027,-264486848
2019-07-23,285705105671,3663580547,-283310817272,-6057868946
2019-07-24,58544880573,-113962559883,53253266145,2164413165
2019-07-25,112419778174,-153627893831,45734287679,-4526172022
2019-07-26,118419478003,-103154160451,-22056026426,6790708874
2019-07-29,-62489251406,135001794966,-76722402182,4209858622
2019-07-30,141017930442,3852103061,-146922035051,2052001548
2019-07-31,-49583350880,120876288754,-77404357141,6111419267
2019-08-01,-5092952337,83630987901,-87314908217,8776872653
2019-08-02,-397933068513,362568870372,14287893269,21076304872
2019-08-05,-316921730824,735509370197,-443678573896,25090934523
2019-08-06,-605553038200,1033727530027,-443939223985,15764732158
2019-08-07,-97980977628,-98993496249,176924442075,20050031802
2019-08-08,-101694690381,-141687955340,238953911687,4428734034
2019-08-09,-4334615152,-229155018247,215206061014,18283572385
2019-08-12,-2395929386,-185360740676,184119206841,3637463221
2019-08-13,-176459913402,-2380357390,155826882552,23013388240
2019-08-14,-50129997513,-24330176800,51953202146,22506972167
2019-08-16,-93656571037,15260133268,54935987001,23460450768
2019-08-19,-139177830251,186928491641,-57323479255,9572817865
2019-08-20,113008010709,-72294462481,-59971389966,19257841738
2019-08-21,-127370846222,4752606868,100467451387,22150787967
2019-08-22,-122875847809,-51246331463,161865603724,12256575548
2019-08-23,7492820208,66365573782,-91222239146,17363845156
2019-08-26,-117499577116,70914593951,53432164770,-6847181605
2019-08-27,-118071560217,131310675848,-30920547065,17681431434
2019-08-28,-52144060447,106188638593,-74887457987,20842879841
2019-08-29,-112942804811,45450492044,52354071793,15138240974
2019-08-30,224313278883,165158072830,-398216732876,8745381163
2019-09-02,-124189500551,132218528837,-19632365980,11603337694
2019-09-03,-305062695357,249135022693,40405280337,15522392327
2019-09-04,-350239221648,482953130991,-149628132398,16914223055
2019-09-05,188025900794,92947264356,-284403732799,3430567649
2019-09-06,48317361339,-19925504719,-33833975404,5442118784
2019-09-09,233532689344,-74667972573,-173010797338,14146080567
2019-09-10,14629865416,171307182962,-191938842008,6001793630
2019-09-11,-283727737999,613450656344,-334422549307,4699630962
2019-09-16,-160248644647,198207559509,-45665662398,7706747536
2019-09-17,-80498635244,96187314534,-31324847676,15636168386
2019-09-18,55855959664,107450902103,-161556343485,-1750518282
2019-09-19,218143869174,-99305988401,-101076420785,-17761459988
2019-09-20,44514968772,181593332070,-214725021463,-11383279379
2019-09-23,-68884269086,83893368149,-22347560033,7338460970
2019-09-24,-216239549194,377963881920,-162028737165,304404439
2019-09-25,-366056304034,129146832772,222585025966,14324445296
2019-09-26,315990133016,-384835849198,51752933707,17092782475
2019-09-27,-24901280381,-175507470047,199478946968,929803460
2019-09-30,-475545562,81203653074,-98097153737,17369046225
2019-10-01,-142618642344,295059996594,-158455229247,6013874997
2019-10-02,-112448425614,-380898290327,502162483818,-8815767877
2019-10-04,-149003748294,24266249693,100059578604,24677919997
2019-10-07,-22884907049,44012442552,-42333439977,21205904474
2019-10-08,-46097194977,303487802077,-255102756563,-2287850537
2019-10-10,-137561655865,-95443688689,228096548281,4908796273
2019-10-11,109270821883,43761467629,-156161212685,3128923173
2019-10-14,22134976452,221866040613,-261208486935,17207469870
2019-10-15,-60201552737,10908800101,27165428090,22127324546
2019-10-16,4577206853,144702646598,-177394148252,28114294801
2019-10-17,-94513433384,84331383093,-9579471472,19761521763
2019-10-18,-130164300963,-99977064496,229220320065,921045394
2019-10-21,-120771694742,54174054571,44645087205,21952552966
2019-10-22,86059763079,433521369236,-529237290627,9656158312
2019-10-23,116755434776,-150348286895,30299871445,3292980674
2019-10-24,174125653978,-55967506872,-158707892576,40549745470
2019-10-25,57017451577,41519411582,-107239103045,8702239886
2019-10-28,-55958667346,135903979345,-125464221480,45518909481
2019-10-29,-99643916447,73462745451,-16792808313,42973979309
2019-10-30,10091359734,-224860065364,154415491858,60353213772
2019-10-31,34735932471,59352159748,-149834107990,55746015771
2019-11-01,137809348775,-118443701845,-59365946305,40000299375
2019-11-04,68172775844,464360806837,-512558096678,-19975486003
2019-11-05,321611105712,-133513181420,-211157918083,23059993791
2019-11-06,236949812867,-213635443996,-66776165781,43461796910
2019-11-07,-153251853630,53549902288,64250476063,35451475279
2019-11-08,-103705132195,62993794555,6330602144,34380735496
2019-11-11,-172228741158,-906838044,140467729306,32667849896
2019-11-12,-39480199447,-15128942148,23751026367,30858115228
2019-11-13,-27974666537,-241883637580,227668475510,42189828607
2019-11-14,-208654197370,226055250656,-62021227512,44620174226
2019-11-15,-141601319341,785893880208,-656132858763,11840297896
2019-11-18,-162737154221,63444080729,66501141822,32791931670
2019-11-19,-12765303107,-120251143497,96038130792,36978315812
2019-11-20,-334143015722,-98121543144,360583518252,71681040614
2019-11-21,-570635361755,264547309788,253435776440,52652275527
2019-11-22,-186042384719,91181180853,58259755778,36601448088
2019-11-25,-259477724433,358914415593,-140773018268,41336327108
2019-11-26,-857333987264,763069951315,60411221037,33852814912
2019-11-27,-143091070751,94186142189,18068550372,30836378190
2019-11-28,-116674994355,72029926788,28204891052,16440176515
2019-11-29,-449933226868,-48651688850,443432758845,55152156873
2019-12-02,-392000039710,309396282888,49685807232,32917949590
2019-12-03,-269220100067,114713957776,127267305479,27238836812
2019-12-04,-395335041350,50796622698,320188828334,24349590318
2019-12-05,-67788796908,-24705056508,58967578896,33526274520
2019-12-06,43006416008,160346164515,-220119538277,16766957754
2019-12-09,64964399875,-19757968323,-81820163393,36613731841
2019-12-10,-19309670716,116910381394,-131064343422,33463632744
2019-12-11,-7512087097,144964259752,-176578748780,39126576125
2019-12-12,551191440405,347309840463,-917451418826,18950137958
2019-12-13,513911365518,479693826189,-989159288330,-4445903377
2019-12-16,-191411993552,378053168610,-214873317383,28232142325
2019-12-17,513414323996,11604645050,-529187713228,4168744182
2019-12-18,383323629368,-335847364879,-55997786452,8521521963
2019-12-19,249140767820,-108299101250,-163966770006,23125103436
2019-12-20,155795011754,138946531255,-322100984363,27359441354
2019-12-23,-48941342493,354513842375,-321881133688,16308633806
2019-12-24,-166986286315,258380732062,-108132106245,16737660498
2019-12-26,-40140907947,460475860338,-467323867609,46988915218
2019-12-27,64174016528,-279035235598,192509617780,22351601290
2019-12-30,-340180301791,204247439506,123502263212,12430599073
2020-01-02,-4396399920,-540070217257,530457526563,14009090614
2020-01-03,262296725861,-523884136250,273766831774,-12179421385
2020-01-06,99115046723,-320930439081,236319242074,-14503849716
2020-01-07,195330373094,-45333442471,-167845195241,17848264618
2020-01-08,268398267835,-239966871800,-19155466877,-9275929158
2020-01-09,90846494260,-285057625521,192325767608,1885363653
2020-01-10,378500799585,-363504743048,-23192648206,8196591669
2020-01-13,257405085463,-214789003582,-49085857143,6469775262
2020-01-14,264010106592,-428174844001,133620161831,30544575578
2020-01-15,-84871036427,-243649451517,315550911285,12969576659
2020-01-16,-25762615666,-209922500375,223466949496,12218166545
2020-01-17,94812021873,-296659909335,186067120685,15780766777
2020-01-20,63478836355,-27825198443,-54680450089,19026812177
2020-01-21,-204784021454,-185315141286,360516680460,29582482280
2020-01-22,-73468850503,288502898518,-218208500336,3174452321
2020-01-23,-133364341284,-479548069609,581324527923,31587882970
2020-01-28,-524751655984,-189417830401,667155598342,47013888043
2020-01-29,101184539150,-497605225625,372657488045,23763198430
2020-01-30,-278759369045,-442725449395,663228163087,58256655353
2020-01-31,-425024037117,171695852050,278755703131,-25427518064
2020-02-03,-307932999470,169772629693,118014240745,20146129032
2020-02-04,486279317067,-701979533792,202618717290,13081499435
2020-02-05,460148165299,-908236738398,434095962473,13992610626
2020-02-06,152397473940,516701364159,-688055011816,18956173717
2020-02-07,25242959948,-465953015383,391603567804,49106487631
2020-02-10,-303632489885,-165011544660,435455100181,33188934364
2020-02-11,-94024400619,318224132603,-220390551805,-3809180179
2020-02-12,-217494973012,148865995776,46016579407,22612397829
2020-02-13,276829230650,-327778851315,-3855114377,54804735042
2020-02-14,93686137161,-108624919521,-1135633694,16074416054
2020-02-17,-229392168244,13904907787,195999132568,19488127889
2020-02-18,-305416342384,-528133639236,767090594417,66459387203
2020-02-19,-220343210118,-11774216778,160044611463,72072815433
2020-02-20,111697083258,-335584793568,192439644739,31448065571
2020-02-21,217957881472,-535037459553,283713274730,33366303351
2020-02-24,-781575346266,191646718659,608404299537,-18475671930
2020-02-25,-768793137762,113510820173,610329594445,44952723144
2020-02-26,-873507608057,23675319787,788626814446,61205473824
2020-02-27,-396799886123,-1914523969,346481522844,52232887248
2020-02-28,-633721607966,357636810087,229859076110,46225721769
2020-03-02,-785997257670,270296243288,461573976702,54127037680
2020-03-03,-307155761558,-447359374407,709039361032,45475774933
2020-03-04,150554145265,-170616011356,-3753352061,23815218152
2020-03-05,-145880457754,-201549628502,321308316155,26121770101
2020-03-06,-563665952086,-262500898512,791505202117,34661648481
2020-03-09,-1307493088794,-46335792397,1279952696242,73876184949
2020-03-10,-989663945312,611280071388,311428799305,66955074619
2020-03-11,-683496710798,-483799928785,1088612946059,78683693524
2020-03-12,-889078317706,275640021606,538848382697,74589913403
2020-03-13,-1162850421107,584791380198,446267566799,131791474110
2020-03-16,-678582718915,-346529372751,926253868992,98858222674
2020-03-17,-1003055158526,350227711377,600993518329,51833928820
2020-03-18,-505772529399,-514527352306,913615877804,106684003901
2020-03-19,-614934268089,289838355556,242101933705,82993978828
2020-03-20,-583241267390,311587391119,200391678268,71262198003
2020-03-23,-640488343555,-361146803853,920037692798,81597454610
2020-03-24,-82324403168,502449933822,-462331020121,42205489467
2020-03-25,-323000342459,-94818297972,428336051586,-10517411155
2020-03-26,-530664756139,-213791263604,716581032274,27874987469
2020-03-27,-372351147260,130034446865,173071170465,69245529930
2020-03-30,-427217268818,223597316312,198570827314,5049125192
2020-03-31,-71068610634,-290122645991,384523229125,-23331972500
2020-04-01,-575191824250,-619914062375,1150755681995,44350204630
2020-04-02,-623319508843,359902579736,270032105559,-6615176452
2020-04-03,-288265705409,-83304988529,348684914381,22885779557
2020-04-06,-201917310769,1036094436023,-843017214655,8840089401
2020-04-07,-195110587313,32868874331,149230047248,13011665734
2020-04-08,-134533295640,-281952392785,451982452209,-35496763784
2020-04-09,-178284770844,-129566342887,294057226398,13793887333
2020-04-10,-55835793065,-205919589435,251994761846,9760620654
2020-04-13,-292042275327,-457552761800,758799642450,-9204605323
2020-04-14,-31749385164,467937939436,-453035680022,16847125750
2020-04-16,-568747434203,136273588590,388811930906,43661914707
2020-04-17,318586014752,235638255679,-605701408373,51477137942
2020-04-20,-498011083236,-484863639611,955966963362,26907759485
2020-04-21,-528183819618,-190382282106,709412446501,9153655223
2020-04-22,-35533138241,-309839955445,317798840795,27574252891
2020-04-23,-106228160576,100017962439,-15559604710,21769802847
2020-04-24,-230741717777,-423055701164,632768479972,21028938969
2020-04-27,18318529315,527880882011,-549167669529,2968258203
2020-04-28,-124950696134,23895898352,85632072279,15422725503
2020-04-29,235790015516,252151126667,-487025683524,-915458659
2020-05-04,-942005387746,-805982640812,1700069132970,47918895588
2020-05-06,-314565613287,309038420939,-137608008,5664800356
2020-05-07,-320143283944,56497946828,253438455675,10206881441
2020-05-08,45125905515,170472078580,-243158451676,27560467581
2020-05-11,-170067528550,-363129748429,511225755471,21971521508
2020-05-12,-310539611416,-298521194203,605736767824,3324037795
2020-05-13,-317731541505,93516742613,215359585362,8855213530
2020-05-14,-552090653178,-237226578946,786578039392,2739192732
2020-05-15,-472068067826,242606937006,223427606273,6033524547
2020-05-18,-93061608234,33911282638,30079492180,29070833416
2020-05-19,365835080462,843178638796,-1186900722259,-22112996999
2020-05-20,78842868687,98142343800,-181872162263,4886949776
2020-05-21,76417850146,-388235061502,290409441158,21407770198
2020-05-22,-474899327332,-448465596460,936149677541,-12784753749
2020-05-25,-141547194472,34701699149,95768889265,11076606058
2020-05-26,14145533975,341681140079,-479912160752,124085486698
2020-05-27,-215286813521,-72720682430,321618870256,-33611374305
2020-05-28,60396737233,222516423273,-284186886014,1273725508
2020-05-29,-199895157044,-20124781263,189787229664,30232708643
2020-06-01,110156574694,325037466260,-445530901961,10336861007
2020-06-02,-47242724139,35037735414,-9840607700,22045596425
2020-06-03,204958942708,1134481952076,-1318196503847,-21244390937
2020-06-04,45831149415,297823889364,-334865987661,-8789051118
2020-06-05,-68601827945,405383021872,-319457147553,-17324046374
2020-06-08,7629668974,-371614214904,378966349931,-14981804001
2020-06-09,-19168592523,-399875881523,413187084204,5857389842
2020-06-10,-45031934320,215755738855,-169284682951,-1439121584
2020-06-11,-116277840605,-1184385324203,1271704874846,28958289962
2020-06-12,-264805465532,-286221125269,555869629783,-4843038982
2020-06-15,-474075201480,-761581542088,1237227978389,-1571234821
2020-06-16,102913484232,480015469832,-594899604464,11970650400
2020-06-17,-52797054361,-113671861871,152536319187,13932597045
2020-06-18,-162435284552,-83190463368,294318398319,-48692650399
2020-06-19,51089293961,-216392258894,164729643254,573321679
2020-06-22,-253336858963,-193363924499,430221257026,16479526436
2020-06-23,-52820501442,-281432408867,350375286860,-16122376551
2020-06-24,349953076860,-390261651635,-7258459430,47567034205
2020-06-25,-276357266303,-1045471767908,1301257996361,20571037850
2020-06-26,61628609456,-164743543196,53307786082,49807147658
2020-06-29,-228661053830,-351837187727,575173445882,5324795675
2020-06-30,-71786566687,239755263444,-165191288664,-2777408093
2020-07-01,-163970894681,150777308730,8797460835,4396125116
2020-07-02,-11616153709,216311962565,-213346218143,8650409287
2020-07-03,11871145849,106768206848,-88357891202,-30281461495
2020-07-06,-257382687585,623176899208,-361022041527,-4772170096
2020-07-07,-391500096703,-459366132436,857867310326,-7001081187
2020-07-08,-342087479635,-276769109444,622905832538,-4049243459
2020-07-09,10108448975,-287872735518,316764393215,-39000106672
2020-07-10,-345145721565,-707764620182,1037328317694,15582024053
2020-07-13,102302520950,200832542328,-290767450390,-12367612888
2020-07-14,5019822214,-395811261608,418617880179,-27826440785
2020-07-15,268701878119,334699048716,-599582470493,-3818456342
2020-07-16,-133622210857,-183489846801,300551404732,16560652926
2020-07-17,112797901685,36522676709,-112084425373,-37236153021
2020-07-20,-75328827195,-329214184799,407008944139,-2465932145
2020-07-21,444821164297,143525445522,-567689025876,-20657583943
2020-07-22,-1057886255,-241847438363,260404245931,-17498921313
2020-07-23,-203922981035,-586869770577,776846585462,13946166150
2020-07-24,87638725245,-367832918615,288087581313,-7893387943
2020-07-27,158383068012,139533249862,-299557295661,1640977787
2020-07-28,1306000058395,-221994594444,-1049525454135,-34480009816
2020-07-29,293567289829,-336758096833,47601041896,-4410234892
2020-07-30,224714289648,-234212266663,6450031427,3047945588
2020-07-31,-55628037143,-386083857109,471619381748,-29907487496
2020-08-03,-268738491240,-379533611919,623710512965,24561590194
2020-08-04,-58313438914,-148798651154,184385652051,22726438017
2020-08-05,-51623026945,-366559573837,431506723318,-13324122536
2020-08-06,163846352498,-80091769801,-85024767656,1270184959
2020-08-07,-73656136978,-787043556950,853433435763,7266258165
2020-08-10,-127774742337,-231516300677,352305774375,6985268639
2020-08-11,146762103174,38636084501,-173712910806,-11685276869
2020-08-12,-153807824674,-202547298233,350933116495,5422006412
2020-08-13,-342102345150,187268498785,154253491237,580355128
2020-08-14,-461873161338,-124367569231,596298787649,-10058057080
2020-08-18,73323104119,476094894097,-527155226970,-22262771246
2020-08-19,-266533180733,-202201438096,458350620046,10383998783
2020-08-20,-272760060570,-821380199390,1073877558167,20262701793
2020-08-21,196968089900,-33421460316,-136202612250,-27344017334
2020-08-24,197565880875,4055849047,-259981169589,58359439667
2020-08-25,157011258067,-123348123837,-70910443232,37247309002
2020-08-26,190985316726,-412518942532,192947161665,28586464141
2020-08-27,-24514239181,-472632576265,466361394850,30785420596
2020-08-28,-224246987234,122537180556,115820653261,-14110846583
2020-08-31,-1632635918107,-6599001551,1569558400661,69676518997
2020-09-01,-205749326504,-56606999089,238958352723,23397972870
2020-09-02,-256046503785,-79879863350,334212637947,1713729188
2020-09-03,193875060030,-135099106197,-95201901026,36425947193
2020-09-04,-467758759425,-779810605931,1285426185541,-37856820185
2020-09-07,-250798512237,-297551179416,548283200527,66491126
2020-09-08,-29873452170,-20865928330,35764938244,14974442256
2020-09-09,-111620722798,-429822565646,512931330951,28511957493
2020-09-10,381817441964,-472127797598,66292571917,24017783717
2020-09-11,-149822604987,-310954319404,453333427638,7443496753
2020-09-14,142703639573,107419203766,-287560944297,37438100958
2020-09-15,253219682545,-200154893304,-76467331182,23402541941
2020-09-16,179244347398,-305106264677,143224132799,-17362215520
2020-09-17,-124372046133,-335810774691,458717921215,1464899609
2020-09-18,147325437572,-15783815191,-140544856131,9003233750
2020-09-21,-78290678764,39188313142,41029892805,-1927527183
2020-09-22,-14263176305,-769105401861,991283998907,-207915420741
2020-09-23,-57718864950,-280441773714,325210007216,12950631448
2020-09-24,-192246020354,-157074297365,328908664473,20411653246
2020-09-25,-89798153915,72755992202,19546954304,-2504792591
2020-09-28,-58912921821,150210758338,-105578315538,14280479021
2020-09-29,-73554910326,142443673022,-111424651929,42535889233
2020-10-05,173965662928,385205690497,-550009337543,-9162015882
2020-10-06,172556011712,19781764917,-204480463577,12142686948
2020-10-07,-95339328103,430223933231,-346023285147,11138680019
2020-10-08,760359392161,-614995544716,-165927808651,20563961206
2020-10-12,139242371318,84452092533,-235997292897,12302829046
2020-10-13,213678241081,-177373276294,-33223745889,-3081218898
2020-10-14,-34539123749,-375652821016,412751090394,-2559145629
2020-10-15,-18422667088,-116915990239,328196228522,-192857571195
2020-10-16,-171027496754,-203643669980,489248174810,-114577008076
2020-10-19,34398950576,296817379492,-342443783404,11227453336
2020-10-20,43730294447,260481077745,-292477647727,-11733724465
2020-10-21,-24583366363,142646744307,-128319734838,10256356894
2020-10-22,-73422050889,7595363293,67879728017,-2053040421
2020-10-23,38817404912,233386006513,-272253774693,50363268
2020-10-26,-143711095939,271845359634,-112653406137,-15480857558
2020-10-27,104643702362,-249652819353,106936366999,38072749992
2020-10-28,13347363745,-176715260176,153207305717,10160590714
2020-10-29,-537749269048,-475527196874,981350717091,31925748831
2020-10-30,-978034155491,-443820556939,1414024575940,7830136490
2020-11-02,50660209702,48734612766,-108561931972,9167109504
2020-11-03,213841479225,469424983730,-647167366424,-36099096531
2020-11-04,-218035556012,342734107858,-166101742673,41403190827
2020-11-05,1134855408441,486204864591,-1621833971023,773697991
2020-11-06,790664315607,-4367232346,-797526815084,11229731823
2020-11-09,329082410160,356432228997,-678873118388,-6641520769
2020-11-10,156736327670,-328333401257,187153143951,-15556070364
2020-11-11,816237012136,401886622258,-1190677088010,-27446546384
2020-11-12,491220442922,-860832130484,353716702951,15894984611
2020-11-13,521548179721,94795065930,-589619311795,-26723933856
2020-11-16,461706942983,-285554919864,-153942627410,-22209395709
2020-11-17,357451340872,-503761448494,153056363654,-6746256032
2020-11-18,67621827130,78042606701,-126780514515,-18883919316
2020-11-19,106333217015,-301610826958,201743164772,-6465554829
2020-11-20,103861943365,-226404142293,121621790277,920408651
2020-11-23,983378630247,-60020677386,-873479729013,-49878223848
2020-11-24,726262248091,-694098261947,-24517388941,-7646597203
2020-11-25,-36871688150,-400126336885,506222677117,-69224652082
2020-11-26,253934428042,-518844803720,256918884354,7991491324
2020-11-27,78548380853,-279370092685,194525536441,6296175391
2020-11-30,-2427800814440,204838104699,2220567864701,2394845040
2020-12-01,73467863024,267621058676,-346068327266,4979405566
2020-12-02,517552491493,-250693212908,-244744102494,-22115176091
2020-12-03,209735619249,-384895965163,177989332279,-2828986365
2020-12-04,761041035857,-410098067169,-343244227773,-7698740915
2020-12-07,-62917308890,-923703710729,976772859689,9848159930
2020-12-08,-844954090034,-270134836064,1122804231809,-7715305711
2020-12-09,162551608134,305810543067,-506190656093,37828504892
2020-12-10,-1363633046746,444052293581,891250466228,28330286937
2020-12-11,-162677140596,210054911247,-47653627316,275856665
2020-12-14,-358903304120,-703264130574,1033385039296,28782395398
2020-12-15,-373573380469,-237509716434,607699125959,3383970944
2020-12-16,93352122839,212684733473,-240291300968,-65745555344
2020-12-17,-258398295097,-10699186818,325230471939,-56132990024
2020-12-18,-191764566545,-149740124141,389765116902,-48260426216
2020-12-21,-10731438568,132216431723,-85547699023,-35937294132
2020-12-22,-169595643396,-202876712599,369372343850,3100012145
2020-12-23,82921538609,301661239065,-385892969496,1310191822
2020-12-24,119237494352,629655107873,-803106779612,54214177387
2020-12-28,78012525475,830307875068,-946020028718,37699628175
2020-12-29,-310625348053,-1973366181947,2196938565536,87052964464
2020-12-30,245810649079,195869627789,-491609496526,49929219658
2021-01-04,89697391137,-1189876714363,1031014166618,69165156608
2021-01-05,-208220599741,-536265643081,728387733108,16098509714
2021-01-06,-397475822573,-1369155503764,1729261196142,37370130195
2021-01-07,113375307173,1033917002121,-1183634539101,36342229807
2021-01-08,1643477097660,-1147931424901,-559141825960,63596153201
2021-01-11,-717613160366,-3743203896260,4492145003867,-31327947241
2021-01-12,-618935309579,-1723898682006,2312445113552,30388878033
2021-01-13,193496162646,-372450411172,169086090692,9868157834
2021-01-14,677507176342,-1428981445508,712730906649,38743362517
2021-01-15,-753622445831,-1414745885546,2113924037705,54444293672
2021-01-18,-209413497051,-278880716957,514299140387,-26004926379
2021-01-19,409990175112,593956459208,-1025418915468,21472281148
2021-01-20,-236817416245,-1234485992694,1436793223994,34510184945
2021-01-21,368311395220,-292666343147,-62476631241,-13168420832
2021-01-22,-268005095088,-1364772011847,1608263875827,24513231108
2021-01-25,279275314881,368785130937,-571150115459,-76910330359
2021-01-26,-1969853301708,-2252005935511,4205007202593,16852034626
2021-01-27,-621560961693,-396146276144,1060406027858,-42698790021
2021-01-28,-1567005298418,-379393793518,1929360029656,17039062280
2021-01-29,-1422035460238,-254398314533,1697098079221,-20664304450
2021-02-01,131915231727,689228606693,-782537450858,-38606387562
2021-02-02,196559891400,-13100366881,-188349055464,4889530945
2021-02-03,426513866072,-573962013188,123852528692,23595618424
2021-02-04,-639391030862,-1835747521996,2470362660630,4775892228
2021-02-05,189960227174,234314736295,-402139854093,-22135109376
2021-02-08,-358438027068,280531568170,84664003553,-6757544655
2021-02-09,-222315609299,156805214817,48694619086,16815775396
2021-02-10,751967459592,-916572696792,130200433759,34404803441
2021-02-15,731687603285,-419278004341,-352595606579,40186007635
2021-02-16,241595114779,-668485462163,422611805138,4278542246
2021-02-17,-481497454540,-1346492136688,1810674551375,17315039853
2021-02-18,-857095273285,-613029340414,1467674968982,2449644717
2021-02-19,-298106234374,-65551663392,374174750480,-10516852714
2021-02-22,-315518932669,-460116021311,749700342509,25934611471
2021-02-23,-295508148093,338730955952,77308501258,-120531309117
2021-02-24,636617887644,-82456864723,561382007781,-1115543030702
2021-02-25,970125508977,974912775121,-1936090234334,-8948049764
2021-02-26,-2817359020990,-1030067522830,3778505730591,68920813229
2021-03-02,208144451955,437087116744,-624895295758,-20336272941
2021-03-03,-11935771157,689628178815,-663074214930,-14618192728
2021-03-04,-929266719843,-1283990096176,2199223999589,14032816430
2021-03-05,-373404055717,-804347702052,1193063571870,-15311814101
2021-03-08,-125758253099,-377690185388,525313341590,-21864903103
2021-03-09,-530511669094,291955755541,363104120996,-124548207443
2021-03-10,480322107530,-889148150452,400601043613,8224999309
2021-03-11,1706879707474,-591738966707,-1110986244704,-4154496063
2021-03-12,407001538565,183344925045,-599714024158,9367560548
2021-03-15,-213260834910,-300233103264,510493405890,3000532284
2021-03-16,-26158133439,249118780375,-233972619893,11011972957
2021-03-17,-523994273941,-533899688739,1048292862204,9601100476
2021-03-18,482312354138,134414574483,-617439526888,712598267
2021-03-19,-580565300465,-1001755231858,1602943867602,-20623335279
2021-03-22,-546454598858,-33884483569,583085179071,-2746096644
2021-03-23,-476878322696,-540902078718,1017010724649,769676765
2021-03-24,-478041565158,-433543096135,896286471638,15298189655
2021-03-25,-82663623892,-127272789588,172482983354,37453430126
2021-03-26,295657344791,138944897568,-419534275234,-15067967125
2021-03-29,49621458702,-703117803303,659233753938,-5737409337
2021-03-30,346716611341,253920572772,-604820114938,4182930825
2021-03-31,-293793905699,-348844407696,643522573374,-884259979
2021-04-01,574756082222,-161660852645,-415474481220,2379251643
2021-04-02,563416669238,371463579042,-948754787862,13874539582
2021-04-05,170579094464,-381209381715,212854400002,-2224112751
2021-04-06,581684221922,-513328684602,-37849150779,-30506386541
2021-04-07,324188794995,-326710873264,-21869968117,24392046386
2021-04-08,107895900604,-482071218749,364076696409,10098621736
2021-04-09,-152497594313,-576175666356,718992542634,9680718035
2021-04-12,-324709885245,-386212529333,687791458629,23130955949
2021-04-13,442708925736,8724256396,-464782523913,13349341781
2021-04-14,105005786771,178011104839,-300303701445,17286809835
2021-04-15,263172915288,-504470970841,284932838857,-43634783304
2021-04-16,276518561920,-467440237462,470056762377,-279135086835
2021-04-19,-320081602428,-131351507556,395475673419,55957436565
2021-04-20,328141840451,46335219771,-390154163355,15677103133
2021-04-21,-1428563884279,-1283700548400,2711561538674,702894005
2021-04-22,-153174967002,-232937706105,352708080918,33404592189
2021-04-23,-24045605651,-212266136923,226751787463,9559955111
2021-04-26,392211831100,-46151244464,-338538293306,-7522293330
2021-04-27,-166689446402,-106431302767,448446538004,-175325788835
2021-04-28,-592916547871,-434709664381,1057180936572,-29554724320
2021-04-29,-19160491631,-11465163873,34829414979,-4203759475
2021-04-30,-562753992437,-193431015610,787590371550,-31405363503
2021-05-03,-440361181844,-139150575005,587727725171,-8215968322
2021-05-04,-73025991585,167870865717,-119361043441,24516169309
2021-05-06,-98361799840,200070011047,-89594021291,-12114189916
2021-05-07,-194972711179,348161360062,-145655667489,-7532981394
2021-05-10,235730147846,970526233681,-1198393843374,-7862538153
2021-05-11,-2022153165598,-1351302427950,3560197557437,-186741963889
2021-05-12,-2700520659254,-257437439679,2989497579029,-31539480096
2021-05-13,-1429798167239,2401237331,1442529958002,-15133028094
2021-05-14,-419042048384,39256136373,404382099007,-24596186996
2021-05-17,-600000835910,-144396064415,719741714027,24655186298
2021-05-18,-347286333474,974052685165,-639832791983,13066440292
2021-05-20,-511463799094,-281820417105,822245819356,-28961603157
2021-05-21,-135146222775,56809166475,59408701895,18928354405
2021-05-24,-223331420572,36986706803,176020124461,10324589308
2021-05-25,68269956944,883754095082,-967895765030,15871713004
2021-05-26,-18744479610,287017222240,-239828085770,-28444656860
2021-05-27,-244766882949,235398563985,15522821111,-6154502147
2021-05-28,144738777851,737122269451,-894785119079,12924071777
2021-05-31,519193964245,-774110262639,247679839860,7236458534
2021-06-01,-53906715708,677830568496,-621799653752,-2124199036
2021-06-02,36256762407,-315474749545,310928082086,-31710094948
2021-06-03,236265229198,448187807776,-683563375445,-889661529
2021-06-04,175616804169,-658494766138,469837812490,13040149479
2021-06-07,-183318166757,121623736183,61329730889,364699685
2021-06-08,-206006314119,261926437147,-44714112971,-11206010057
2021-06-09,-329478393792,-458461616927,787086263527,853747192
2021-06-10,717655956931,-1124954892621,387521353714,19777581976
2021-06-11,176446109364,266705878694,-471308481049,28156492991
2021-06-14,-10322277300,-333000304167,351451940652,-8129359185
2021-06-15,-118971468443,-35985016098,199394090806,-44437606265
2021-06-16,286609733501,32705032178,-325932702431,6617936752
2021-06-17,-312576596413,-713193868834,1035557679922,-9787214675
2021-06-18,-707139733915,-178897114123,885936771940,100076098
2021-06-21,-891965514949,-1082409154162,1976996286472,-2621617361
2021-06-22,362457670529,-7116462132,-382558789534,27217581137
2021-06-23,-9791148048,-29389283916,82771977022,-43591545058
2021-06-24,-102828577840,134903993235,-45855258991,13779843596
2021-06-25,245126007676,588470416473,-818965236964,-14631187185
2021-06-28,-84884266491,-305504671326,398827184256,-8438246439
2021-06-29,70772217626,-892893846220,1232045183643,-409923555049
2021-06-30,3942529984,-50593980862,31018915331,15632535547
2021-07-01,-405643340198,-830310113957,1266028348912,-30074894757
2021-07-02,-121237177607,-222565849526,353406255563,-9603228430
2021-07-05,779970922,263400908083,-263258792469,-922086536
2021-07-06,223965729000,69615076407,-292937500751,-643304656
2021-07-07,-338164714070,-834558496105,1163142534699,9580675476
2021-07-08,-498539945492,-625528407266,1094193541867,29874810891
2021-07-09,-1333196984129,-508348999024,1800553898822,40992084331
2021-07-12,39363126216,218299274458,-229572111993,-28090288681
2021-07-13,271260082323,306098415000,-562048646851,-15309850472
2021-07-14,-272582067189,-315851648118,605649568248,-17215852941
2021-07-15,100343011697,207534102727,-339770723745,31893609321
2021-07-16,-89932671744,-571583662932,693600252453,-32083917777
2021-07-19,-454318617188,-455774877052,935939053484,-25845559244
2021-07-20,-180746180242,152058864805,37010763090,-8323447653
2021-07-21,-492250415868,-281396618677,736623898368,37023136177
2021-07-22,58077275933,816112244593,-879158783567,4969263041
2021-07-23,111928350911,-14559163019,-88221864888,-9147323004
2021-07-26,-375393374547,-338198839214,724066160644,-10473946883
2021-07-27,42910465659,223670014055,-275977838282,9397358568
2021-07-28,-421132280036,300099277167,139633101724,-18600098855
2021-07-29,-226149523095,258389552987,-17511545090,-14728484802
2021-07-30,-711796544406,-571234377402,1254776031695,28254890113
2021-08-02,-147234168008,625407915779,-487713843859,9540096088
2021-08-03,662912374192,-34795717950,-670028154633,41911498391
2021-08-04,907455120173,889264034539,-1776551528004,-20167626708
2021-08-05,67299913828,184516206903,-252137306440,321185709
2021-08-06,56864595109,-234371141428,191155983351,-13649437032
2021-08-09,-200520664112,-752683886622,949699301844,3505248890
2021-08-10,-637325523675,-383290989309,1541520555215,-520904042231
2021-08-11,-1613414229206,-192523384068,1785552924081,20384689193
2021-08-12,-1882320137915,52264841932,1830810207700,-754911717
2021-08-13,-2692584855599,-165511775698,2804025921248,54070710049
2021-08-17,-420908486335,-127644738313,586968354139,-38415129491
2021-08-18,-259418966577,410023141328,-128783470320,-21820704431
2021-08-19,-266570991112,-329684030562,802480151052,-206225129378
2021-08-20,-253788436059,-16262100552,271221673549,-1171136938
2021-08-23,-30287442756,609551398503,-576357671460,-2906284287
2021-08-24,153594583765,231465743144,-353211173238,-31849153671
2021-08-25,163378675877,344961569123,-26684623729,-481655621271
2021-08-26,-363191496420,-81422137246,440049831171,4563802495
2021-08-27,-370827157637,732056679957,-343973114787,-17256407533
2021-08-30,-236642169823,252642234837,-57698476549,41698411535
2021-08-31,1123333558771,-134652865595,-993841801343,5161108167
2021-09-01,74785521247,-31598536463,-103027231540,59840246756
2021-09-02,549497759556,-1490238519834,941229219340,-488459062
2021-09-03,584478482290,-76608903301,-469475220581,-38394358408
2021-09-06,62302135591,45721965790,-96558094672,-11466006709
2021-09-07,-310486087546,-120260093576,433689438992,-2943257870
2021-09-08,-222942588903,-183107886063,426944334921,-20893859955
2021-09-09,-317289935731,-931453900149,1202750403666,45993432214
2021-09-10,-517396709262,238309483532,279089709562,-2483832
2021-09-13,144483449740,199606314039,-335511713578,-8578050201
2021-09-14,293899649806,763658005701,-1295113985758,237556330251
2021-09-15,293954953628,-140596187447,-184563077790,31204311609
2021-09-16,26024130997,-516040768216,459278908700,30737728519
2021-09-17,53094799071,-302020155059,223088443091,25836912897
2021-09-23,570903254974,-236142600548,-310609850456,-24150803970
2021-09-24,83511960756,-341855844034,248301684018,10042199260
2021-09-27,339353568589,8307675390,-341575622351,-6085621628
2021-09-28,6022982711,-551626116749,561081980750,-15478846712
2021-09-29,-659800765827,-312573315972,960415683467,11958398332
2021-09-30,39032562456,-217765029364,143547023113,35185443795
2021-10-01,-300038335044,-487272498317,760865762811,26445070550
2021-10-05,-623162882320,236193735394,352955015560,34014131366
2021-10-06,-276048872555,83439506010,171846764516,20762602029
2021-10-07,-107051731042,614307009748,-531657594227,24402315521
2021-10-08,-46314872059,-452736604372,461716538008,37334938423
2021-10-12,-820585336073,-199930817218,979335218146,41180935145
2021-10-13,-271067372258,772426416720,-533216779424,31857734962
2021-10-14,-384898462873,503698618926,-115074866561,-3725289492
2021-10-15,86274847018,213389625953,-300311391983,646919012
2021-10-18,39260011323,-488527483076,424101201007,25166270746
2021-10-19,145533021206,183801742904,-327600281213,-1734482897
2021-10-20,-68944463980,-211412461377,283252868894,-2895943537
2021-10-21,52856548932,118114671153,-159797903339,-11173316746
2021-10-22,-107952624300,185492978407,-67360689092,-10179665015
2021-10-25,36432084179,258825256939,-304623897323,9366556205
2021-10-26,106128682423,347379819950,-475156850406,21648348033
2021-10-27,-284521623914,-349095969135,614175292362,19442300687
2021-10-28,-248443261504,-114542790955,340133930831,22852121628
2021-10-29,-800520807485,-475883970809,1256575179777,19829598517
2021-11-01,-358644213912,636807799220,-265703346149,-12460239159
2021-11-02,316636562821,765402011369,-1075274888969,-6763685221
2021-11-03,-444430187675,-420406615069,839178456518,25658346226
2021-11-04,347410703762,337373201743,-695418701148,10634795643
2021-11-05,102293861962,-445009925767,326183141357,16532922448
2021-11-08,-117396594531,-276092373499,364161959934,29327008096
2021-11-09,-137305951707,274018616800,-156481414236,19768749143
2021-11-10,-17698188468,-234981375168,234146192900,18533370736
2021-11-11,88502043633,-242648241433,131407559227,22738638573
2021-11-12,427073234449,594517451389,-1040199255947,18608570109
2021-11-15,398260275550,414721390104,-813673484040,691818386
2021-11-16,648749568032,-517148635848,-145629513039,14028580855
2021-11-17,109728715223,-875727408050,725989177960,40009514867
2021-11-18,-45662436214,-197360807112,221341637138,21681606188
2021-11-19,232820155094,74996305419,-354223853110,46407392597
2021-11-22,795686887351,567148337556,-1369167055998,6331831091
2021-11-23,279932877274,-696062738664,380165301346,35964560044
2021-11-24,317772064569,-593130866049,239351604453,36007197027
2021-11-25,-94558304315,-150364559212,201202724782,43720138745
2021-11-26,-176901426232,-370954435118,488061834196,59794027154
2021-11-29,39650713613,714313495892,-761931329390,7967119885
2021-11-30,-133206348387,-639988025853,733787485091,39406889149
2021-12-01,942331958236,-110988786005,-1010675470718,179332298487
2021-12-02,885130297365,2888845533,-919866609598,31847466700
2021-12-03,151537941777,88680343989,-265461687059,25243401293
2021-12-06,2016862087,152086458640,-167882637224,13779316497
2021-12-07,207444602199,-75685278353,-139557714969,7798391123
2021-12-08,-78868176571,802671546119,-686223790071,-37579579477
2021-12-09,326127254730,636816072547,-507623000357,-455320326920
2021-12-10,-288726831594,239480743009,14961339030,34284749555
2021-12-13,-138459040528,468761802950,-368324872079,38022109657
2021-12-14,183371305100,-187792172277,-37596000489,42016867666
2021-12-15,-22532546193,-170006870732,166791317664,25748099261
2021-12-16,183456673721,-51540415455,-169220939479,37304681213
2021-12-17,531894544472,-13783615469,-527248081375,9137152372
2021-12-20,-554423897171,-574922466360,1086046250749,43300112782
2021-12-21,29318090553,601792086165,-647604540866,16494364148
2021-12-22,416006150820,61276751259,-499763368515,22480466436
2021-12-23,226103920910,578680091931,-820861701377,16077688536
2021-12-24,189388790347,916149584338,-1132402998839,26864624154
2021-12-27,48618825370,436229067463,-544266094217,59418201384
2021-12-28,448892738919,1518870322640,-1997573869720,29810808161
2021-12-29,-122289848748,-1736020240234,1851902807271,6407281711
2021-12-30,-213767797141,-760566310057,953635633595,20698473603
2022-01-03,265438387872,-811031613112,522981402240,22611823000
2022-01-04,90351076976,-745316705477,645727515712,9238112789
2022-01-05,617516905106,-1322174105667,698354149416,6303051145
2022-01-06,181167593205,-485486519507,284730578787,19588347515
2022-01-07,655435275947,-335729241406,-244197077734,-75508956807
2022-01-10,-81959870617,-499947380505,572888215716,9019035406
2022-01-11,482786321571,-261903590377,-218904012249,-1978718945
2022-01-12,455070979035,605503895874,-1072843549794,12268674885
2022-01-13,369685449507,-303114433217,-93451257011,26880240721
2022-01-14,-245126279953,-595313940320,806922944019,33517276254
2022-01-17,-688830865413,178183156799,481412353708,29235354906
2022-01-18,15699830516,-227403486764,199944961468,11758694780
2022-01-19,34681239657,-11917289962,-29366654082,6602704387
2022-01-20,-277393182687,109130400516,146127547533,22135234638
2022-01-21,-220504543431,-643433831162,895770350171,-31831975578
2022-01-24,-436194483347,593598885427,-137679401948,-19725000132
2022-01-25,-430991687182,-168059581790,573337940107,25713328865
2022-01-26,-241720986735,-15766443109,221781844195,35705585649
2022-01-27,-1705550730890,1847765950908,-139319105814,-2896114204
2022-01-28,-701022816549,392309068388,273539671120,35174077041
2022-02-03,83779713868,49672416467,-133917618628,465488293
2022-02-04,190349846539,214385672337,-414859875910,10124357034
2022-02-07,-6888297437,-832483473207,810876218531,28495552113
2022-02-08,-96099265048,39351820778,45585304372,11162139898
2022-02-09,239634271231,196999455577,-460135944027,23502217219
2022-02-10,834484078721,-541883393697,-306751767943,14151082919
2022-02-11,610261632284,-695298923291,70597026640,14440264367
2022-02-14,66651945195,96097244830,-189316613519,26567423494
2022-02-15,-219173401349,34231456660,170514020452,14427924237
2022-02-16,-44519911761,225360015157,-207952885064,27112781668
2022-02-17,649279652254,434468006027,-1098293810483,14546152202
2022-02-18,-151429438746,103999405425,42178334587,5251698734
2022-02-21,-63419367224,-89599778020,101619954850,51399190394
2022-02-22,-326573888211,-382333654191,671418870013,37488672389
2022-02-23,-266673239547,189572819973,63430291781,13670127793
2022-02-24,-666929855406,-482649104653,1099802224578,49776735481
2022-02-25,-122984845653,194174372833,-85211485726,14021958546
2022-02-28,96622304947,-380093596030,290801138030,-7329846947
2022-03-02,-306370972073,-132216904407,426448134053,12139742427
2022-03-03,133139907901,259123338428,-391177498039,-1085748290
2022-03-04,-586878581763,-425605093937,986843347153,25640328547
2022-03-07,-1181507685187,-959833773047,2115306803491,26034654743
2022-03-08,-473645123116,-291396936373,732044088119,32997971370
2022-03-10,-426990831494,764462711891,-352463717194,14991836797
2022-03-11,-686122603997,-371014608923,1029409471014,27727741906
2022-03-14,-639940267105,5460611501,625037084331,9442571273
2022-03-15,-675254350533,47772680389,598642869045,28838801099
2022-03-16,-134080450398,365628462370,-236339999689,4791987717
2022-03-17,463915719192,250388252272,-695387580355,-18916391109
2022-03-18,-102082642821,-14265814433,135331279822,-18982822568
2022-03-21,-489837378871,-334620689166,805955177103,18502890934
2022-03-22,219766743850,-32274878766,-185451403356,-2040461728
2022-03-23,57151183552,235504479508,-298539394773,5883731713
2022-03-24,1016196138815,-1585856949859,509133183846,60527627198
2022-03-25,-551718869504,-127830711068,663402955889,16146624683
2022-03-28,-262835990892,67596993518,192144350792,3094646582
2022-03-29,-279922924394,326573526113,-8465058715,-38185543004
2022-03-30,-9628159945,159297163945,-137998012903,-11670991097
2022-03-31,-174258526498,188685776995,-12771893415,-1655357082
2022-04-01,-68148756009,-783048631229,846013505676,5183881562
2022-04-04,22337709452,13587375175,-2596676697,-33328407930
2022-04-05,14377268806,-247758437594,238185997388,-4804828600
2022-04-06,-583599819464,-565795866434,1140200006528,9195679370
2022-04-07,-768254809061,-520333048428,1279889827909,8698029580
2022-04-08,-454432744977,9809475596,423363452899,21259816482
2022-04-11,-134300817703,1834232354,125909622613,6556962736
2022-04-12,-465719286708,-120298454589,561356646157,24661095140
2022-04-13,-64907396045,639266067323,-584203124053,9844452775
2022-04-14,-252830127560,154694530524,89756166041,8379430995
2022-04-15,-318077077645,-442555822338,748606029907,12026870076
2022-04-18,-94658284123,-18825448891,102011644822,11472088192
2022-04-19,33137129111,336440824134,-343146980753,-26430972492
2022-04-20,94776108109,-161244332080,73776010429,-7307786458
2022-04-21,-59693763774,636602403172,-566686584781,-10222054617
2022-04-22,-155560556436,-697498180463,836183776077,16874960822
2022-04-25,-722925542850,-347613247823,1063419203205,7119587468
2022-04-26,-246561608955,269698775751,-60844536971,37707370175
2022-04-27,-679722344527,-241839264287,905195029519,16366579295
2022-04-28,-36481001979,194227800946,-168664925741,10918126774
2022-04-29,14353091917,493121485629,-493277024438,-14197553108
2022-05-02,-67494809595,-180611302917,224675045873,23431066639
2022-05-03,119038832237,-214020580539,104166125813,-9184377511
2022-05-04,31392456751,-150152729931,100907677648,17852595532
2022-05-06,-481107687363,-300134662405,764432362017,16809987751
2022-05-09,-195714361000,-176775318439,338077361294,34412318145
2022-05-10,-319648192677,7534075548,285646280926,26467836203
2022-05-11,-288934269950,-89299441565,345287938492,32945773023
2022-05-12,-279728694602,-157534466044,390867022394,46396138252
2022-05-13,64163824783,861774175172,-908157515919,-17780484036
2022-05-16,895092126,-115892143326,65046906793,49950144407
2022-05-17,-54282616428,540889050532,-308276172549,-178330261555
2022-05-18,297328231443,-349586753531,25962260611,26296261477
2022-05-19,-89556537346,-482840373871,516780329874,55616581343
2022-05-20,194327400749,836490356916,-1041213656226,10395898561
2022-05-23,-29989255293,169737223912,-165260947028,25512978409
2022-05-24,-323686200424,-282071819857,578622522848,27135497433
2022-05-25,-166340402014,511224245924,-358124069825,13240225915
2022-05-26,36655795629,-154635591022,93043422055,24936373338
2022-05-27,273896023748,554354708900,-744728157185,-83522575463
2022-05-30,349315061687,420357934610,-802108858710,32435862413
2022-05-31,1058702415695,-585434565666,-508991020406,35723170377
2022-06-02,-86985534703,-748869787728,792765717194,43089605237
2022-06-03,-12612510323,321975044646,-310351813680,989279357
2022-06-07,-204814209455,-822961013221,992406575278,35368647398
2022-06-08,-123026902082,-55381153384,139240024874,39168030592
2022-06-09,-934045319978,555287540214,372976914078,5780865686
2022-06-10,-848262829992,-281363878901,1106628744420,22997964473
2022-06-13,-495505775043,-218144107412,667899143733,45750738722
2022-06-14,-278200562017,195038915366,37321382118,45840264533
2022-06-15,-475458466531,79728628347,346549678279,49180159905
2022-06-16,155109790903,-18655058363,-156028810029,19574077489
2022-06-17,-388072525992,53063840293,275992322486,59016363213
2022-06-20,-662757593070,444823493304,182906269670,35027830096
2022-06-21,-320489755571,540745707410,-233517593286,13261641447
2022-06-22,-320711743726,-79432132546,375593699679,24550176593
2022-06-23,-296070917649,926411245008,-672566841987,42226514628
2022-06-24,-36852597236,641220039888,-624312048107,19944605455
2022-06-27,265519325090,-202602047345,-93130376196,30213098451
2022-06-28,-37591644886,-88477231771,105893603905,20175272752
2022-06-29,-227255682320,-504606196816,695261609603,36600269533
2022-06-30,-233513825228,-320395889056,520800879075,33108835209
2022-07-01,-340409551269,-5789120252,327354704849,18843966672
2022-07-04,-140342216989,310974492738,-182464043419,11831767670
2022-07-05,132999626592,250073768140,-398279492994,15206098262
2022-07-06,-46441001839,-890816407041,896929309005,40328099875
2022-07-07,143052091251,312959283901,-470279922013,14268546861
2022-07-08,247233541834,-183153607758,-87383779264,23303845188
2022-07-11,-18454855037,-188016886877,192225072862,14246669052
2022-07-12,-43999483576,-238768571282,267715363578,15052691280
2022-07-13,-102512341120,356457770567,-255184177083,1238747636
2022-07-14,398799145777,-533532116821,103694723734,31038247310
2022-07-15,263134605165,-262866579347,-20191304812,19923278994
2022-07-18,627501298300,-200001889972,-421402414190,-6096994138
2022-07-19,38449425456,-144121251759,91627586788,14044239515
2022-07-20,-40001914852,-59488213580,64239661940,35250466492
2022-07-21,439259470004,-113321469256,-329500679449,3562678701
2022-07-22,37447550530,-303612837309,252548065098,13617221681
2022-07-25,90088575432,192781994606,-280232842763,-2637727275
2022-07-26,2070218006,45928694255,-48178792880,179880619
2022-07-27,-117205642290,-55247667536,211949598087,-39496288261
2022-07-28,408899458054,-60186556535,-328032525455,-20680376064
2022-07-29,337276463095,147828246119,-493248024998,8143315784
2022-08-01,136179041002,-175526594648,41105154898,-1757601252
2022-08-02,296248370997,-595965265221,292351463472,7365430752
2022-08-03,475740587308,-146529410671,-330862890209,1651713572
2022-08-04,197411761142,-226474541907,12003205660,17059575105
2022-08-05,375548845175,43865805494,-415723242524,-3691408145
2022-08-08,175748138301,-296191538582,83242946166,37200454115
2022-08-09,32948745177,137076191099,-176707155114,6682218838
2022-08-10,-102272984748,-203170431816,262141944860,43301471704
2022-08-11,138608959802,461174277846,-601263233883,1479996235
2022-08-12,-12990461540,202684250831,-224295095758,34601306467
2022-08-16,49043334861,-17358819245,-54262417971,22577902355
2022-08-17,51383520754,-199753473035,154721446900,-6351494619
2022-08-18,303024514077,-443976495898,134437680079,6514301742
2022-08-19,333750321386,-624259363945,270770276857,19738765702
2022-08-22,119234493726,-237473904196,130974949377,-12735538907
2022-08-23,606266538,-130881042878,138741594129,-8466817789
2022-08-24,150538126632,-141075236217,-3688806814,-5774083601
2022-08-25,41882952292,119917424716,-179733401475,17933024467
2022-08-26,240174435678,476796019834,-253880497231,-463089958281
2022-08-29,-58935113711,-556692375896,599580426268,16047063339
2022-08-30,-40336058796,-135410557728,155935254542,19811361982
2022-08-31,744641259770,-228807466171,44621916281,-560455709880
2022-09-01,-288169360189,-887056414522,1148048893974,27176880737
2022-09-02,-173045464480,-142599327626,294858527586,20786264520
2022-09-05,-69301050656,133654227303,-66126328749,1773152102
2022-09-06,-79266309384,-13240871813,85187816264,7319364933
2022-09-07,-488960256252,-226386286825,685974061888,29372481189
2022-09-08,-385653223088,234143626213,140700332764,10809264111
2022-09-13,396877140959,715438745305,-1103034527607,-9281358657
2022-09-14,-163408787813,-239580169297,389660452732,13328504378
2022-09-15,-223113381235,-144013683987,349664504722,17462560500
2022-09-16,-46309767655,-408188482243,444351746710,10146503188
2022-09-19,54611697,-41219333625,27741280209,13423441719
2022-09-20,-58244934871,283303430483,-225194492633,135997021
2022-09-21,-275365798359,-67284682938,329008758879,13641722418
2022-09-22,-58539732724,-281434242772,312630266804,27343708692
2022-09-23,-190483491875,-251013098868,431297128257,10199462486
2022-09-26,-5625566820,276689959362,-242116550770,-28947841772
2022-09-27,-243465162984,257283828277,-30814991397,16996326104
2022-09-28,-142097387704,-180887992451,323641280294,-655900139
2022-09-29,219689324676,-2244578672,-224238040426,6793294422
2022-09-30,164683872077,108188287304,-281595024528,8722865147
2022-10-04,218198901439,-17336850482,-204013679801,3151628844
2022-10-05,78367095683,-551070905687,453068161258,19635648746
2022-10-06,252398947665,-74014141484,-185537943546,7153137365
2022-10-07,100474933630,-153821794520,45832894176,7513966714
2022-10-11,196594384761,-309712815747,108595943559,4522487427
2022-10-12,237961093321,-104996698417,-145972709729,13008314825
2022-10-13,201243933625,-299356284399,72025100991,26087249783
2022-10-14,261829612611,363115555006,-622879616547,-2065551070
2022-10-17,262091751745,-317272537864,54531660012,649126107
2022-10-18,78068056951,154635638466,-227882753220,-4820942197
2022-10-19,149681224836,-82377761337,-91144345531,23840882032
2022-10-20,-23228602845,-409447470756,399926045253,32750028348
2022-10-21,32611400323,8884270087,-69528839515,28033169105
2022-10-24,145259541513,321633046119,-482269700172,15377112540
2022-10-25,73094985364,65734800140,-134208060579,-4621724925
2022-10-26,600311341124,-107839472728,-496988527386,4516658990
2022-10-27,378685173758,514525611128,-903795082860,10584297974
2022-10-28,-192114184577,251964835018,-67947919606,8097269165
2022-10-31,230291852201,-27863564902,-205781425726,3353138427
2022-11-01,492385393777,194279024986,-723357356491,36692937728
2022-11-02,524088786148,-338344833473,-181761343547,-3982609128
2022-11-03,173496919793,-584132018264,387538234835,23096863636
2022-11-04,42045288002,101390485151,-145786057921,2350284768
2022-11-07,111967760075,276716876793,-404991777428,16307140560
2022-11-08,278066097494,436099170689,-723862332406,9697064223
2022-11-09,414667992208,346560189292,-776951940550,15723759050
2022-11-10,-108199287770,-168713591258,239379828580,37533050448
2022-11-11,700348435612,991477109376,-1673170302055,-18655242933
2022-11-14,143156036514,-171341824009,19448751274,8737036221
2022-11-15,-235608245624,-80052587624,325805579538,-10144746290
2022-11-16,88400412467,-230431579124,178235552671,-36204386014
2022-11-17,-382028250257,-120384220280,487911028235,14501442302
2022-11-18,199528706622,-77526128545,-150258100197,28255522120
2022-11-21,-164942247847,79835685465,66294995278,18811567104
2022-11-22,15746929497,-3361651877,-24199658294,11814380674
2022-11-23,90288141439,-24469499016,-96725583194,30906940771
2022-11-24,126296886637,65983066949,-217791661772,25511708186
2022-11-25,313051491814,32896515986,-115887825389,-230060182411
2022-11-28,-122560952733,-266133367950,353372287576,35322033107
2022-11-29,60107569705,317249962820,-390916424186,13558891661
2022-11-30,1128604042919,-497153704321,-610035407669,-21414930929
2022-12-01,32557259031,227623724188,-279287972589,19106989370
2022-12-02,-403398271292,-509245105753,909540494111,3102882934
2022-12-05,-293117555836,-14931609887,302193878312,5855287411
2022-12-06,-96801905132,-306331364678,381059810572,22073459238
2022-12-07,-196152895955,-982084080,181436158746,15698821289
2022-12-08,-476144714000,226040305823,206383686877,43720721300
2022-12-09,99499361711,407631000034,-509640155540,2509793795
2022-12-12,17102994518,-43992760699,-39177250,26928943431
2022-12-13,-111780642444,44095692411,34875157222,32809792811
2022-12-14,231782102504,214225502895,-452214173824,6206568425
2022-12-15,-56186649119,-437088336457,457837183056,35437802520
2022-12-16,292220095129,-351477776302,26264030157,32993651016
2022-12-19,-24134033225,28181736330,-17650725003,13603021898
2022-12-20,-104467040392,-26769051111,103479900151,27756191352
2022-12-21,-103303117895,183918523359,-89186134053,8570728589
2022-12-22,-5702665434,585241924909,-565978861095,-13560398380
2022-12-23,-69634341619,251369151190,-185000411448,3265601877
2022-12-26,-40575203166,660636246444,-614136282318,-5924760960
2022-12-27,48276312234,1048896403181,-1133118124574,35945409159
2022-12-28,-303407800662,-828611007131,1077390868900,54627938893
2022-12-29,-140279847599,-576299671661,670969619714,45609899546
2023-01-02,6601309039,-266420384362,222969530228,36849545095
2023-01-03,91760184681,-355786681450,274820113950,-10793617181
2023-01-04,260666331149,-155571962,-295934452202,35423693015
2023-01-05,503159709100,-351706351490,-164544528705,13091171095
2023-01-06,314059926975,243733364898,-564021112602,6227820729
2023-01-09,651748412281,741931555360,-1395182900215,1502932574
2023-01-10,-2229746295,296871601813,-298768163729,4126308211
2023-01-11,33622070720,174550637628,-206389446341,-1783262007
2023-01-12,484324426507,-437128069092,-48896312759,1699955344
2023-01-13,568166956507,212673442493,-777380012351,-3460386649
2023-01-16,287875008041,221760115487,-490635469163,-18999654365
2023-01-17,177096938359,-309599208464,128211145242,4291124863
2023-01-18,72844202020,-216606531678,148970003594,-5207673936
2023-01-19,570303687240,-314781166766,-260222916333,4700395859
2023-01-20,230833182842,9140626016,-246515509445,6541700587
2023-01-25,764694289172,27569236426,-790316852212,-1946673386
2023-01-26,811983490377,247197174161,-1052283311304,-6897353234
2023-01-27,969598458710,223472347820,-1184837159520,-8233647010
2023-01-30,16391080516,-412396266611,461934929411,-65929743316
2023-01-31,-473355370269,155986944262,307562092182,9806333825
2023-02-01,198273913826,-194933587855,-18286350406,14946024435
2023-02-02,555099941063,-277564748210,-354988673975,77453481122
2023-02-03,586686231099,-194097408740,-416284321787,23695499428
2023-02-06,-310182231439,-506555519572,790363931834,26373819177
2023-02-07,-55328347142,-278769775728,326749537993,7348584877
2023-02-08,579493365644,3996254775,-563986837795,-19502782624
2023-02-09,150225234479,-386297647459,214837750517,21234662463
2023-02-10,51936790066,-626916138858,554865761214,20113587578
2023-02-13,69358354394,-411776898792,342548928758,-130384360
2023-02-14,61184744015,301791681951,-385452768648,22476342682
2023-02-15,-265748633671,-778198391039,1016278291832,27668732878
2023-02-16,63691318850,848483656092,-936636245244,24461270302
2023-02-17,120610149121,-383364023719,223142740889,39611133709
2023-02-20,-311962949072,172812524741,93390639480,45759784851
2023-02-21,20549335163,-93937427474,33458232141,39929860170
2023-02-22,-191202791519,-686572430166,885619893307,-7844671622
2023-02-23,9076158433,300357837718,-331742672815,22308676664
2023-02-24,-298656769406,-95742736699,359830615948,34568890157
2023-02-27,-321694408694,-419993179569,675724500493,65963087770
2023-02-28,-288582881101,410444315754,-145287291999,23425857346
2023-03-02,534022299467,-90257918044,-404297460413,-39466921010
2023-03-03,-90070521836,33558093728,21997023131,34515404977
2023-03-06,323389982256,458255627220,-787681090075,6035480599
2023-03-07,334799088009,-134610749647,-216706676546,16518338184
2023-03-08,64234475542,-951379538172,942829095566,-55684032936
2023-03-09,-972051587495,579864687878,360806322224,31380577393
2023-03-10,-325825928937,-237125513088,513207782291,49743659734
2023-03-13,17922996648,307724447013,-328059038704,2411595043
2023-03-14,-638411190268,26112457174,564947161297,47351571797
2023-03-15,-78134639677,290854530806,-247750503004,35030611875
2023-03-16,-89488413372,-2098699039,70255197293,21331915118
2023-03-17,73512496293,81570314872,-174335830466,19253019301
2023-03-20,-207709532505,106743918178,90055456323,10910158004
2023-03-21,-55337568715,114019690160,-83908965909,25226844464
2023-03-22,203117627539,142784431226,-347093031514,1190972749
2023-03-23,212870664759,214887083171,-412223442655,-15534305275
2023-03-24,128276127713,-215337762391,181709657618,-94648022940
2023-03-27,-94794657278,69706438069,34375535557,-9287316348
2023-03-28,-42754951145,323063218659,-279640574224,-667693290
2023-03-29,24717476574,328328550149,-333949553630,-19096473093
2023-03-30,263706974434,-428858957618,-111452342806,276604325990
2023-03-31,684006549477,36938281445,-721671029874,726198952
2023-04-03,-162417844836,-341204923210,486214710767,17408057279
2023-04-04,-310846072759,214166396805,80558586599,16121089355
2023-04-05,-18579427456,301207942960,-276283287877,-6345227627
2023-04-06,-487858778068,-498106407994,956127980550,29837205512
2023-04-07,693430648897,286288782874,-1016411372708,36691940937
2023-04-10,729530483173,-28340333114,-673611948024,-27578202035
2023-04-11,183486476321,294827688169,-491615242803,13301078313
2023-04-12,233488642833,-146689436501,-108822315329,22023108997
2023-04-13,-346388477469,497599975864,-180492525944,29281027549
2023-04-14,166951231061,261436657452,-436377194725,7989306212
2023-04-17,-13518087397,-323963823969,337783668966,-301757600
2023-04-18,391271160865,-710150562071,363454241285,-44574840079
2023-04-19,-7224746573,44820129822,-38497031148,901647899
2023-04-20,156730640996,-75824732930,-87474723875,6568815809
2023-04-21,280083532807,-84067959927,-194902143346,-1113429534
2023-04-24,-36763630245,104335931039,-82804898268,15232597474
2023-04-25,8622928119,58703069,-2256127154,-6425504034
2023-04-26,-91398463430,-154962435569,221876593242,24484305757
2023-04-27,282605910905,-485106853178,186820560800,15680381473
2023-04-28,300457120499,-355056353256,136008158591,-81408925834
2023-05-02,342133543723,228515111851,-554470216078,-16178439496
2023-05-03,-90570055722,-263296523446,348478029994,5388549174
2023-05-04,40599509979,-269388645728,226686907429,2102228320
2023-05-08,250443761248,449450438150,-698089545405,-1804653993
2023-05-09,115887058991,63625781672,-177406584251,-2106256412
2023-05-10,117133513781,-111132074645,5925875335,-11927314471
2023-05-11,-29090614,84778722112,-84921466428,171834930
2023-05-12,-247854596571,-106637069805,357669949458,-3178283082
2023-05-15,-52579734995,144902429770,-102938951711,10616256936
2023-05-16,228503259750,-57492359093,-128120576786,-42890323871
2023-05-17,164823377602,157436270458,-331833951582,9574303522
2023-05-18,536053635049,-81705726857,-446636295600,-7711612592
2023-05-19,554870540047,558189115976,-1100768240002,-12291416021
2023-05-22,295796051100,533043093661,-787876193809,-40962950952
2023-05-23,-53941365883,399381343204,-338430303849,-7009673472
2023-05-24,46037435480,-185400201263,133128553850,6234211933
2023-05-25,226146904988,-614521014094,383223090532,5151018574
2023-05-26,910267258232,-506191680739,-413072600495,8997023002
2023-05-30,672503629985,-112615399766,-542081387082,-17806843137
2023-05-31,220188491010,-287215146264,46669811555,20356843699
2023-06-01,1282945624,-384707685880,358316514967,25108225289
2023-06-02,379823860761,199982032636,-576199866415,-3606026982
2023-06-05,-22958621572,452841891047,-434543055997,4659786522
2023-06-07,-42718851188,348797936619,-295047492167,-11031593264
2023-06-08,-383311390817,318582119910,66436288731,-1707017824
2023-06-09,476063430296,366456119821,-824044829470,-18474720647
2023-06-12,-339982849850,-14935582944,345883107545,9035325249
2023-06-13,137015632259,133805471196,-249134601581,-21686501874
2023-06-14,112645755649,-128394063390,39312105524,-23563797783
2023-06-15,-62025465767,-190529589592,237051569542,15503485817
2023-06-16,429119971922,-214444978810,-208730073636,-5944919476
2023-06-19,-360295823684,-77326646037,430090784593,7531685128
2023-06-20,-279619771177,-134811547831,408336483074,6094835934
2023-06-21,-196956354432,-133257020022,620753738787,-290540364333
2023-06-22,-109505752551,214064469718,-105564448123,1005730956
2023-06-23,-184363831620,-444658031475,596228049678,32793813417
2023-06-26,12481933361,229842776928,-224709366950,-17615343339
2023-06-27,-102789008092,16061545534,58702039525,28025423033
2023-06-28,-392966685131,58791986147,301984127389,32190571595
2023-06-29,57676595216,-179115545809,130634228363,-9195277770
2023-06-30,-175116682643,229989771966,-70154039623,15280950300
2023-07-03,-14839555452,771128356761,-750265026104,-6023775205
2023-07-04,-58184730327,-298331876448,294231314142,62285292633
2023-07-05,256919376572,-614309095615,321347072408,36042646635
2023-07-06,-166371615680,-421568707176,551302438833,36637884023
2023-07-07,-41420493650,-765049611338,766216252941,40253852047
2023-07-10,-153379993181,-190079509098,311353952762,32105549517
2023-07-11,263320144673,166389104339,-428291049415,-1418199597
2023-07-12,217024802290,28439542389,-266962779501,21498434822
2023-07-13,212103808706,507853355084,-718960217754,-996946036
2023-07-14,614440947497,775688802259,-1328958691769,-61171057987
2023-07-17,-168386479160,-231308628016,425784692381,-26089585205
2023-07-18,-156084804187,-331511199097,477340085664,10255917620
2023-07-19,-47424825239,-325666229365,366842393347,6248661257
2023-07-20,165233451916,-316434395652,150395367783,805575953
2023-07-21,-289156201381,15353799142,281208711073,-7406308834
2023-07-24,-171295019683,-304634417597,471805487121,4123950159
2023-07-25,-1363064373430,-68911122236,1376328343224,55647152442
2023-07-26,-946470642841,-65982473843,993208478192,19244638492
2023-07-27,80309456662,435056153149,-507095039012,-8270570799
2023-07-28,63788756126,-456468854074,392137695080,542402868
2023-07-31,-290734761576,-92093383623,343954076102,38874069097
2023-08-01,191861938672,333204109967,-550875834120,25809785481
2023-08-02,-67562749437,-686620099345,773449064522,-19266215740
2023-08-03,-149176659137,-665854220187,809582821814,5448057510
2023-08-04,-242270702632,-235244574807,474882734584,2632542855
2023-08-07,283022623199,-328566486131,28117361354,17426501578
2023-08-08,-139652595395,-439720177991,556908631641,22464141745
2023-08-09,364057598680,-294277028307,-87609785668,17829215295
2023-08-10,-232401929054,-90686237355,260033395125,63054771284
2023-08-11,-191160234401,-6224384134,182927318195,14457300340
2023-08-14,-118412597128,-332780412875,427697082308,23495927695
2023-08-16,-3300293178,-358186956533,322451894771,39035354940
2023-08-17,2270366877,-97830925105,86129805577,9430752651
2023-08-18,-104698110633,-284309929296,358349652449,30658387480
2023-08-21,-34331991072,26973521187,-11328806555,18687276440
2023-08-22,-15769238210,-6077773615,50961236597,-29114224772
2023-08-23,22958645960,-88536052734,80579090587,-15001683813
2023-08-24,109502511233,293567051960,-395331758237,-7737804956
2023-08-25,-193182784110,-176228722100,379578449946,-10166943736
2023-08-28,-24553071045,304779448313,-270879973359,-9346403909
2023-08-29,-161008689180,65346051254,47729684771,47932953155
2023-08-30,-20881084669,176514730150,-178047129509,22413484028
2023-08-31,-213160384695,160701417920,11987950890,40471015885
2023-09-01,368611986889,-218012302145,-176258789391,25659104647
2023-09-04,407163121961,-42666339267,-388234839495,23738056801
2023-09-05,161253599514,-150527124581,-40313808306,29587333373
2023-09-06,-68939141594,-305686388273,339897057601,34728472266
2023-09-07,-3547667683,-274955813118,247014659126,31488821675
2023-09-08,-354209188974,108282914037,217047964691,28878310246
2023-09-11,22057405978,34041627465,-75375405323,19276371880
2023-09-12,-295171900401,54390088340,219681682323,21100129738
2023-09-13,113190846251,54512211179,-189613936421,21910878991
2023-09-14,-519651489685,1223251617523,-710969070065,7368942227
2023-09-15,47363934165,1067975780361,-1127676824264,12337109738
2023-09-18,-375895772474,-14299457067,391466624096,-1271394555
2023-09-19,2617023146,-384564883556,316482460578,65465399832
2023-09-20,-166339311597,51278288706,88929912256,26131110635
2023-09-21,-66603053773,-722057124859,768093646561,20566532071
2023-09-22,-125284592718,-97903751745,206952651215,16235693248
2023-09-25,-133778302994,69945937884,46634426296,17197938814
2023-09-26,-40150886933,-472919175931,494094003271,18976059593
2023-09-27,-27317664433,-78821633442,90144103268,15995194607
2023-10-04,-417841433695,-449482679316,832662623422,34661489589
2023-10-05,-271088465142,-6013047177,319014129229,-41912616910
2023-10-06,-325366074504,177110363980,141156108739,7099601785
2023-10-10,-208607592031,589804902730,-382069848545,872537846
2023-10-11,-120881479242,622155912761,-509750847808,8476414289
2023-10-12,-61799602476,262436802231,-191566723436,-9070476319
2023-10-13,-157157775541,-284438802046,422100205737,19496371850
2023-10-16,-210040773545,8681152061,194380589550,6979031934
2023-10-17,427478093890,-137531661024,-277900327618,-12046105248
2023-10-18,343409056396,-48175001753,-278575414602,-16658640041
2023-10-19,-132634423972,-247310836068,388539085296,-8593825256
2023-10-20,211863559951,-175845869017,111816022306,-147833713240
2023-10-23,-256292991250,70542958511,164610670624,21139362115
2023-10-24,-155202365116,36194540381,71508300764,47499523971
2023-10-25,-342574755633,-63128064474,361758146450,43944673657
2023-10-26,-478927576946,110829026885,322672081264,45426468797
2023-10-27,-379128321978,221216432154,101355412983,56556476841
2023-10-30,-62610040315,42380059267,-26020226368,46250207416
2023-10-31,-324184328248,-72068894001,343356211871,52897010378
2023-11-01,-126941989996,463114917225,-378442729113,42269801884
2023-11-02,139989044332,272657002205,-436485348885,23839302348
2023-11-03,134843637318,163360812451,-304274663245,6070213476
2023-11-06,704864440468,222222955277,-936046859434,8959463689
2023-11-07,413724144544,-382003041930,458951355107,-490672457721
2023-11-08,-13349084649,75721794911,-27879979918,-34492730344
2023-11-09,278751265250,28360146036,-309689389592,2577978306
2023-11-10,49715946517,-103816763545,27141591312,26959225716
2023-11-13,13115995390,-7441845583,-23414232188,17740082381
2023-11-14,-93798407182,626912884512,-543862390486,10747913156
2023-11-15,549532740206,1091553984298,-1615372866409,-25713858095
2023-11-16,455977790797,-62046018546,-392741398704,-1190373547
2023-11-17,-73047058390,-241221823693,292964585486,21304296597
2023-11-20,96939744263,437881282163,-539382971439,4561945013
2023-11-21,351522548564,110170214654,-438296851264,-23395911954
2023-11-22,143641162432,-153080618410,-5788762618,15228218596
2023-11-23,119897832324,-81006427468,-57056342355,18164937499
2023-11-24,-212568319581,42590459997,152213631379,17764228205
2023-11-27,-107795386399,251988820138,-140967705152,-3225728587
2023-11-28,-94127232091,573526321359,-482039656852,2640567584
2023-11-29,80812887312,-138778490295,68607301554,-10641698571
2023-11-30,122675130424,257207149575,-375435240902,-4447039097
2023-12-01,-177454941894,-414235181765,566470906591,25219217068
2023-12-04,259167513340,171080424191,-413362720533,-16885216998
2023-12-05,29341083635,-176899890946,146568657781,990149530
2023-12-06,-145075988929,240069110144,-95489605547,496484332
2023-12-07,39876671012,-204925669405,151552137017,13496861376
2023-12-08,201286515482,437503104035,-660050158808,21260539291
2023-12-11,4660508804,163273493332,-199531209375,31597207239
2023-12-12,73025598565,593241065526,-689245187765,22978523674
2023-12-13,-131496339299,94826375478,-2709732722,39379696543
2023-12-14,623418944679,706143917907,-1348253580367,18690717781
2023-12-15,848867382426,305106297747,-1145610144314,-8363535859
2023-12-18,61946662572,-205246845623,141193912832,2106270219
2023-12-19,-91328069546,66909132235,30786437898,-6367500587
2023-12-20,473207698175,1154891192844,-1595223729405,-32875161614
2023-12-21,11982511917,39700792744,-54512728029,2829423368
2023-12-22,-36737661236,238636362045,-205925909736,4027208927
2023-12-26,78228166224,970166516657,-1052182206981,3787524100
2023-12-27,226145126521,-440070411410,204316826854,9608458035
2023-12-28,694837177901,660296872732,-1357079352701,1945302068
2024-01-02,226915636760,112165205550,-343870377518,4789535208
2024-01-03,-93578403569,-1222478424264,1314461036518,1595791315
2024-01-04,115091708625,-800059154599,669936052754,15031393220
2024-01-05,-43829693070,-572825427647,598805550604,17849570113
2024-01-08,173391297398,-437470262938,253003263113,11075702427
2024-01-09,68169386750,-64558686301,-7540962126,3930261677
2024-01-10,-21903672357,-141299103243,353715858313,-190513082713
2024-01-11,2298299221416,-3029767531476,718111913540,13356396520
2024-01-12,-214250302246,-193870914795,401723380956,6397836085
2024-01-15,-48325979596,86828057865,-47417861528,8915783259
2024-01-16,-179603934221,-403792210102,582861615875,534528448
2024-01-17,-902306682328,-11238103470,850890869477,62653916321
2024-01-18,-131253470754,-18940939121,121313653887,28880755988
2024-01-19,701519702331,-229395421066,-457867142406,-14257138859
2024-01-22,295302976070,-38795780554,-243169693232,-13337502284
2024-01-23,138294657285,205672111169,-359528878687,15562110233
2024-01-24,72738913664,-97730743825,92153564201,-67161734040
2024-01-25,46659210327,197165965802,-248044298107,4219121978
2024-01-26,377872741120,6851623453,-391514685774,6790321201
2024-01-29,547671000694,214902957610,-726325053520,-36248904784
2024-01-30,-13566313980,192951091544,-188796172903,9411395339
2024-01-31,86691334888,-3888069776,-81778777616,-1024487496
2024-02-01,1039043341559,228639549443,-1210931240973,-56751650029
2024-02-02,1924659458611,647344242524,-2489627234134,-82376467001
2024-02-05,179304082498,-724022499868,511242942890,33475474480
2024-02-06,332009058978,-229489180186,-129393317604,26873438812
2024-02-07,535962643034,626086265559,-1128918309992,-33130598601
2024-02-08,405494724748,305031304916,-720215768832,9689739168
2024-02-13,948793468727,490264070845,-1404472374885,-34585164687
2024-02-14,108756736955,-536223253010,409414137574,18052378481
2024-02-15,-16199985692,-47730606262,33099552139,30831039815
2024-02-16,558199953396,270579672398,-841142039294,12362413500
2024-02-19,613875353366,443320515350,-1017461606967,-39734261749
2024-02-20,108428531888,-344454448112,193243168029,42782748195
2024-02-21,-65205731988,132277912056,-100486894660,33414714592
2024-02-22,165718430268,74605598950,-274404659876,34080630658
2024-02-23,149373969676,-55477547986,-115108408883,21211987193
2024-02-26,114727513316,-85936333896,-42307216920,13516037500
2024-02-27,34747725842,-50684826748,167023390228,-151086289322
2024-02-28,477455900312,38503125927,-570760123850,54801097611
2024-02-29,176022584488,-513749738962,319235333946,18491820528
2024-03-04,767106930412,44534227547,-632730043244,-178911114715
2024-03-05,85517467853,-545147144953,398327517630,61302159470
2024-03-06,-374875367972,-214058403348,535346508903,53587262417
2024-03-07,-325579787711,-23515318766,263224555423,85870551054
2024-03-08,178791369021,697787363613,-906542076433,29963343799
2024-03-11,-105286521450,-112459455848,180343726784,37402250514
2024-03-12,-371913462330,505483923122,-178127286106,44556825314
2024-03-13,333846762866,-110253687387,-251718169028,28125093549
2024-03-14,472248470290,186478065769,-838890702063,180164166004
2024-03-15,-1032318428515,-60970947751,1019313300005,73976076261
2024-03-18,-84700213859,225409959377,-186491942889,45782197371
2024-03-19,-238793432112,-701297446920,922636363349,17454515683
2024-03-20,851617830335,586619789090,-1405421398643,-32816220782
2024-03-21,1870646091760,1050626755705,-2914370470156,-6902377309
2024-03-22,665921459327,-162991770212,-530962597999,28032908884
2024-03-25,-42837283115,-290780764399,330583694030,3034353484
2024-03-26,620793960209,482157224972,-1086065881025,-16885304156
2024-03-27,292020891168,144832473660,-353808903183,-83044461645
2024-03-28,74387714793,-244942287809,64653974293,105900598723
2024-03-29,782981402909,-286603572184,-488181307155,-8196523570
2024-04-01,268285750445,24728156407,-314919033116,21905126264
2024-04-02,1006443887311,-348363309392,-627120735958,-30959841961
2024-04-03,3413056490,-674598846463,677665988602,-6480198629
2024-04-04,587525071540,-14666134853,-564018835153,-8840101534
2024-04-05,-115360818885,-470201520392,613622254364,-28059915087
2024-04-08,206401758298,-112531115902,-93335963366,-534679030
2024-04-09,306914959544,-313183331695,-18279171296,24547543447
2024-04-11,1062811046121,-1080260606349,31121208737,-13671648509
2024-04-12,16642215601,-628447832356,590888631730,20916985025
2024-04-15,-238736895388,-26670786908,244281204894,21126477402
2024-04-16,-267774831203,-236385439990,494345426497,9814844696
2024-04-17,-165070305842,-213859497938,360123439092,18806364688
2024-04-18,574231776236,24653829001,-604754715811,5869110574
2024-04-19,-343622144402,-667219591377,924518037720,86323698059
2024-04-22,-749501327049,783550352926,-58289701400,24240675523
2024-04-23,-24720626213,86531859901,203894130463,-265705364151
2024-04-24,489047921997,362319323719,-866210490512,14843244796
2024-04-25,-284451725729,-507126243200,836868237077,-45290268148
2024-04-26,470446523078,68383583686,-561532306772,22702200008
2024-04-29,342248973706,330806172961,-692179915671,19124769004
2024-04-30,241205355673,283563451333,-529781204264,5012397258
2024-05-02,6348943232,-141785578589,145396843591,-9960208234
2024-05-03,89816766097,-6485441377,-118157047298,34825722578
2024-05-07,1107283187463,774765274188,-1840380841179,-41667620472
2024-05-08,399580748740,41134398071,-404373749308,-36341397503
2024-05-09,-354634955371,-69130702258,414034756954,9730900675
2024-05-10,148201212019,355503191394,-488717359353,-14987044060
2024-05-13,17496585656,16990075437,-17574848948,-16911812145
2024-05-14,80109242962,122643662844,-190807694936,-11945210870
2024-05-16,425869418632,593789205669,-964779168576,-54879455725
2024-05-17,-240947414458,-149625651882,719386315032,-328813248692
2024-05-20,-16860454939,396663307831,-371968515201,-7834337691
2024-05-21,-105786409280,-327244512855,500155148331,-67124226196
2024-05-22,296794681065,-33004053106,-264655909973,865282014
2024-05-23,356730461580,-371055667018,-15925270152,30250475590
2024-05-24,-308015606256,-922091932144,1240624051727,-10516513327
2024-05-27,-141030525725,325928135636,-175991264562,-8906345349
2024-05-28,45320642464,119562079303,-153566604326,-11316117441
2024-05-29,-1022023805644,-258165987157,1272412768705,7777024096
2024-05-30,-777611930364,-447740007232,1190684879313,34667058283
2024-05-31,-1339926320646,1065402833699,281198129004,-6674642057
2024-06-03,182825716466,233850074757,-423020604535,6344813312
2024-06-04,-203754825790,-316037351589,516732180593,3059996786
2024-06-05,590086420293,-259625396366,-330579521499,118497572
2024-06-07,287289126357,158196938516,-471534150374,26048085501
2024-06-10,17914870818,-566989066161,556561083059,-7486887716
2024-06-11,-223451990243,-118424463015,343628522736,-1752069478
2024-06-12,235948295664,9875812280,-242976061851,-2848046093
2024-06-13,1538714211035,-105500000974,-1407226804827,-25987405234
2024-06-14,729520056439,-467226655929,-213615185924,-48678214586
2024-06-17,-137360147446,-139841286505,313127613014,-35926179063
2024-06-18,651082889627,-224025144340,-342793093577,-84264651710
2024-06-19,273595308123,549329338465,-751003482345,-71921164243
2024-06-20,494062977049,165375865951,-584548289495,-74890553505
2024-06-21,-340324269766,-27985802991,379108807991,-10798735234
2024-06-24,-528888575779,45731146521,467342664201,15814765057
2024-06-25,58999284455,243423681516,-297252413252,-5170552719
2024-06-26,433496897099,-304986695243,-155655785247,27145583391
2024-06-27,515565137607,-771142734637,254733099658,844497372
2024-06-28,29510279949,240486036446,-284726571263,14730254868
2024-07-01,-64175374926,54165331598,-7621256353,17631299681
2024-07-02,-30116487666,-351311743383,393176814863,-11748583814
2024-07-03,100726518495,180002050997,-260201999254,-20526570238
2024-07-04,322009945181,1110552657028,-1416737837166,-15824765043
2024-07-05,1308636597977,1256018879130,-2514725846194,-49929630913
2024-07-08,529786835231,-347080987718,-187503307968,4797460455
2024-07-09,327041542043,-28547347150,-296869583551,-1624611342
2024-07-10,527495848626,13766148853,-279338051109,-261923946370
2024-07-11,609857151817,-84858375617,-347640978329,-177357797871
2024-07-12,-551052490049,84229073724,472926949892,-6103533567
2024-07-15,-77420675259,125743887660,-36690686143,-11632526258
2024-07-16,189604215980,96170139632,-290346842349,4572486737
2024-07-17,-254234237913,142005413282,103653547933,8575276698
2024-07-18,-349071254758,13001150173,368863100508,-32792995923
2024-07-19,-422892463376,-363889014721,784819877898,1961600199
2024-07-22,-84460040282,-23790923922,141405528099,-33154563895
2024-07-23,250171854588,-24556182132,-199031488227,-26584184229
2024-07-24,-265378916630,40984241574,234507422587,-10112747531
2024-07-25,-678522847160,-152935749182,826680176096,4778420246
2024-07-26,-47471711193,398295014021,-372977360561,22154057733
2024-07-29,444367252455,76782136485,-484670869905,-36478519035
2024-07-30,-240727282483,-353859202541,726880926800,-132294441776
2024-07-31,150306537994,48307392265,-177183934710,-21429995549
2024-08-01,441188829842,-173786742350,-300547729742,33145642250
2024-08-02,-844884393264,-780729561870,1621448616993,4165338141
2024-08-05,-1519801103814,-269281118374,1694484752138,94597470050
2024-08-06,-167708548070,-325614797419,453390529118,39932816371
2024-08-07,-17491149771,-306452545212,293363963628,30579731355
2024-08-08,-516734412538,-282251882652,796175363017,2810932173
2024-08-09,1720564705,34669431400,-37620048786,1230052681
2024-08-12,78095787111,146940477134,-196754196046,-28282068199
2024-08-13,131829332118,-63241769334,-27434054685,-41153508099
2024-08-14,390109993775,-114347608635,-316247613122,40485227982
2024-08-16,1205453986865,215877724271,-1465806847932,44475136796
2024-08-19,-117550394485,-15549066331,138678018369,-5578557553
2024-08-20,289012417600,3846213945,-279241194929,-13617436616
2024-08-21,31383661658,-26119456676,-13772860551,8508655569
2024-08-22,66147158990,42259682833,-112932957720,4526115897
2024-08-23,-241798908365,345336259549,-103662229899,124878715
2024-08-26,-464813182719,399722184607,98637406839,-33546408727
2024-08-27,-406553972181,370080248927,-4399762509,40873485763
2024-08-28,-339637420644,252779701416,54848608815,32009110413
2024-08-29,-417784361000,-265666066274,619156956398,64293470876
2024-08-30,-380659855005,483079731834,-115249738003,12829861174
2024-09-02,239157125838,-415083139287,157736687859,18189325590
2024-09-03,-287115016969,-247056544378,513365417385,20806143962
2024-09-04,-988578652805,-730211391980,1650229078908,68560965877
2024-09-05,-589901969330,120383926587,465182186414,4335856329
2024-09-06,-264923067951,82946408561,170806962669,11169696721
2024-09-09,-540176017975,45031172502,469404766804,25740078669
2024-09-10,-665386834157,-59972126129,685060268648,40298691638
2024-09-11,-1028361162058,42494840832,890683588689,95182732537
2024-09-12,278526207301,25515213769,-242422102700,-61619318370
2024-09-13,-959633497371,436548652977,403651376774,119433467620
2024-09-19,-1171328271085,879487938161,264072532868,27767800056
2024-09-20,-32650240007,272835510768,-244382937290,4197666529
2024-09-23,-701864193552,344281218702,371259731461,-13676756611
2024-09-24,-378950108572,572131284766,-210094962999,16913786805
2024-09-25,-571826220911,549458509125,34771267495,-12403555709
2024-09-26,490428540742,802355815121,-1263413221214,-29371134649
2024-09-27,265404388073,-431236042375,177610665452,-11779011150
2024-09-30,-1000056524837,-213500112535,1189202174865,24354462507
2024-10-02,-304775953300,-705950584225,986820691453,23905846072
2024-10-04,42836918047,-216841386660,67207152348,106797316265
2024-10-07,29034547534,85602156868,-146227772849,31591068447
2024-10-08,-376603625021,-349792768409,697750579923,28645813507
2024-10-10,160662672339,-295513377764,147663161495,-12812456070
2024-10-11,-596310700164,277514506450,284926485415,33869708299
2024-10-14,90442032953,328183460825,-456192690431,37567196653
2024-10-15,287808619342,11749081731,-343638531900,44080830827
2024-10-16,-657439358842,-40039265717,653521169121,43957455438
2024-10-17,-404448779625,200733176226,161464764275,42250839124
2024-10-18,-477783920768,95039623765,359049281592,23695015411
2024-10-21,18689669392,268299786991,-268391909854,-18597546529
2024-10-22,-280776348551,-307339899033,567207118695,20909128889
2024-10-23,211587850157,299046277243,-514135885833,3501758433
2024-10-24,-604193793697,-53362209119,625365391249,32190611567
2024-10-25,-387187327704,76930960114,297287764139,12968603451
2024-10-28,-139149932066,466329623755,-335636677033,8456985344
2024-10-29,-119073421561,17788629516,109922429192,-8637637147
2024-10-30,-335805013834,41888818795,271122618887,22793576152
2024-10-31,-858274424201,331548012091,557133056330,-30406644220
2024-11-01,-37628239659,-188102839363,212738269933,12992809089
2024-11-04,28423063279,341734557028,-383820595678,13662975371
2024-11-05,-143461810274,-285679130903,388256601844,40884339333
2024-11-06,-102709168740,51976842753,1744126102,48988199885
2024-11-07,107562779532,109774735179,-237609718184,20272203473
2024-11-08,-13078799708,117505106488,-111807635622,7381328842
2024-11-11,-482115100864,-237953779478,676431971494,43636908848
2024-11-12,-309698415907,-31775256965,330930757419,10542915453
2024-11-13,-628127165567,-64236743277,651160289777,41203619067
2024-11-14,-232061616202,282308911722,-114243190559,63995895039
2024-11-15,-61344790777,-30246048235,37885068242,53705770770
2024-11-18,-50332265209,-17057516040,5295971890,62093809359
2024-11-19,-330335810391,458109590236,-169127223730,41353443885
2024-11-20,-183666167317,173660902999,-91038664034,101043928352
2024-11-21,-259962285911,296823436538,-125256570329,88395419702
2024-11-22,116151967266,322612044800,-533187240164,94423228098
2024-11-25,-76773611063,453148641951,-451456051400,75081020512
2024-11-26,-67600393369,-237358108453,186167741381,118790760441
2024-11-27,-334396686262,300428357388,-33034757659,67003086533
2024-11-28,-491391527088,310513252758,79756233267,101122041063
2024-11-29,-748289991699,50891883004,588152993953,109245114742
2024-12-02,-130141451443,389155225218,-320023091335,61009317560
2024-12-03,564512256207,279573700365,-833758455862,-10327500710
2024-12-04,-407964119359,16233457535,339821650307,51909011517
2024-12-05,-316443118315,56210085024,163662995078,96570038213
2024-12-06,-284258264617,825605577043,-581630312427,40283000001
2024-12-09,104877528032,691610151433,-890887866937,94400187472
2024-12-10,-106673721263,459595242775,-420978634102,68057112590
2024-12-11,-141293986510,176488914794,-122733897879,87538969595
2024-12-12,-22687955830,156307495040,-251962013078,118342473868
2024-12-13,-174555966539,139793998615,-82134947562,116896915486
2024-12-16,-432146687084,126762673,366771552852,65248371559
2024-12-17,-701242480684,156602372357,464712331575,79927776752
2024-12-18,392184540472,133871724852,-468393282743,-57662982581
2024-12-19,-428774486152,-509884826185,802366475118,136292837219
2024-12-20,-818078479995,-88317494048,789015526644,117380447399
2024-12-23,144860998476,435171933953,-683638375514,103605443085
2024-12-24,-6623389234,23902776124,-106850051501,89570664611
2024-12-26,19863455137,185774794420,-324234764530,118596514973
2024-12-27,-171568640168,-115903698813,225610035597,61862303384
2024-12-30,-120480086126,55731670240,-30624008629,95372424515
2025-01-02,-238808156594,-258874410234,414314011982,83368554846
2025-01-03,280111930741,320434669266,-698474383288,97927783281
2025-01-06,366240428055,65352493071,-537025903119,105432981993
2025-01-07,158655922238,-42261436468,-204859770038,88465284268
2025-01-08,220899882401,109580929347,-385477969934,54997158186
2025-01-09,748199460921,-505599126176,-327023196650,84422861905
2025-01-10,-1560767087,-397552126513,338109207814,61003685786
2025-01-13,-871743772221,25960951826,748555677036,97227143359
2025-01-14,-294643676338,-57985495095,299229341936,53399829497
2025-01-15,56138744442,-258995317010,123099652010,79756920558
2025-01-16,624434647464,18979488995,-575708075975,-67706060484
2025-01-17,-233065044601,-100657566276,286414640170,47307970707
2025-01-20,-416208092881,66439742491,276664348149,73104002241
2025-01-21,-173124729473,62040445683,53421460208,57662823582
2025-01-22,350002226977,420825500684,-823193950261,52366222600
2025-01-23,-617365995846,-203208485996,759570967501,61003514341
2025-01-24,275148033604,43624234596,-383002909677,64230641477
2025-01-31,-1167900441799,285913588902,962045687957,-80058835060
2025-02-03,-868868766049,-370422089516,1122017573951,117273281614
2025-02-04,79901713570,123061858295,-293175378901,90211807036
2025-02-05,64537100741,31185815254,-192935265838,97212349843
2025-02-06,351596767077,161175589220,-605983406108,93211049811
2025-02-07,-238921877538,-209862347061,330204748922,118579475677
2025-02-10,-278637005116,262648472716,-69984426123,85972958523
2025-02-11,140153875725,243670762416,-469399102312,85574464171
2025-02-12,372912249819,-221735686441,-198187313204,47010749826
2025-02-13,-113833628350,672980387114,-609604568118,50457809354
2025-02-14,-321788789424,366093225236,-65221006215,20916570403
2025-02-17,-222835275993,243084270421,-33570169570,13321175142
2025-02-18,18509465879,164848051186,-188369596315,5012079250
2025-02-19,392742348319,776736685935,-1218619458109,49140423855
2025-02-20,-290360706365,-107929438042,290715744783,107574399624
2025-02-21,-218064383571,118110536250,2781565209,97172282112
2025-02-24,-203979010555,-92519693045,192900573056,103598130544
2025-02-25,-318971095564,-94426591128,312081322979,101316363713
2025-02-26,-322758328153,240366228107,-20123644445,102515744491
2025-02-27,-175355512233,-338877670836,480963608159,33269574910
2025-02-28,-1552444913994,-616687106773,2032382656492,136749364275
2025-03-04,-189645808872,-147320808920,204382469527,132584148265
2025-03-05,-223347606939,47855667126,91066500284,84425439529
2025-03-06,138207974010,156144652402,-369304105752,74951479340
2025-03-07,59605484234,27856131122,-194120499877,106658884521
2025-03-10,-424196449310,142750024810,209667744371,71778680129
2025-03-11,-1537257307360,-238060527473,492939309810,1282378525023
2025-03-12,378982087826,31867264214,-504958414021,94109061981
2025-03-13,-480416738535,444773544214,-73727742866,109370937187
2025-03-14,-289400129540,-20501352189,207853019949,102048461780
2025-03-17,615221716565,494744914949,-1180353839193,70387207679
2025-03-18,440755734243,95013526205,-612601232385,76831971937
2025-03-19,302647861883,287328491126,-674359406045,84383053036
2025-03-20,548668324870,66431924499,-701303580484,86203331115
2025-03-21,847766724707,-401954932372,-537856613617,92044821282
2025-03-24,7650077994,-28815092997,-78072551149,99237566152
2025-03-25,-78712523646,69077231040,-64208792928,73844085534
2025-03-26,350382266536,260278092505,-679767099398,69106740357
2025-03-27,87710525091,-315162549116,119583160856,107868863169
2025-03-28,-640312444210,3124159748,540832139068,96356145394
2025-03-31,-1575449626349,667341521839,789060533771,119047570739
2025-04-01,-390131836623,180611969545,86643959926,122875907152
2025-04-02,-724163135384,147993900540,479139129768,97030105076
2025-04-03,-1375238308994,461007107795,801357568034,112873633165
2025-04-04,-1786867965800,621083532821,1077003876813,88780556166
2025-04-07,-2095740628323,257110500943,1672137875705,166492251675
2025-04-08,-642484237175,-89842804874,602936971302,129390070747
2025-04-09,-1000654553663,-69828647099,938876183274,131607017488
2025-04-10,328744438726,668231509086,-1069273712266,72297764454
2025-04-11,-688820910856,137846685916,433927493486,117046731454
2025-04-14,-241984461732,-6669629343,193924281753,54729809322
2025-04-15,-117717431287,183126814301,-146752801669,81343418655
2025-04-16,-457723440706,-15311474732,383464238589,89570676849
2025-04-17,-351893104994,368859206372,-110217398766,93251297388
2025-04-18,-105169139086,81561573648,-22341226592,45948792030
2025-04-21,-288632483128,23361905583,186369417575,78901159970
2025-04-22,-242999390956,10662675005,166715363052,65621352899
2025-04-23,-197746450834,686622730594,-548474619474,59598339714
2025-04-24,-7708410105,-198709373069,135076872106,71340911068
2025-04-25,612554881277,507219548646,-774123444810,-345650985113
2025-04-28,-85414384607,91552023475,-49615248271,43477609403
2025-04-29,692533312776,-580412351813,-159096949862,46975988899
2025-04-30,-168787890017,-221015660439,305528164765,84275385691
2025-05-02,-170207281085,322822327954,-234941754547,82326707678
2025-05-07,348749980035,86944158905,-464596166854,28902027914
2025-05-08,130292671655,-189768748055,-1272039154,60748115554
2025-05-09,67531039412,-187285680725,63193736999,56560904314
2025-05-12,-7136093983,342908323654,-390677339862,54905110191
2025-05-13,171437557383,-89286152649,-135989591209,53838186475
2025-05-14,470380155005,534775999876,-1002421637348,-2734517533
2025-05-15,272308945480,-368057587851,45998914240,49749728131
2025-05-16,169421760258,113357862684,-282294932328,-484690614
2025-05-19,-113359013566,-194768285181,298602351170,9524947577
2025-05-20,-114478880653,61003199298,20553770476,32921910879
2025-05-21,192024458137,104568454511,-331546163923,34953251275
2025-05-22,-223713281254,-431916913475,684835074401,-29204879672
2025-05-23,-58496023319,-102642931357,134726625712,26412328964
2025-05-26,101519555015,432290131169,-515793878896,-18015807288
2025-05-27,-78150189064,-20103128153,53674718853,44578598364
2025-05-28,299869574185,743757365323,-990695885958,-52931053550
2025-05-29,289704312663,684162754643,-996293425563,22426358257
2025-05-30,-607042486859,-15985412248,605082973403,17944925704
2025-06-02,125015860996,-241471165549,98174472629,18280831924
2025-06-04,1050710507613,204638343689,-1225950250573,-29398600729
2025-06-05,980059256787,220668701678,-1189190568565,-11537389900
2025-06-09,976675894648,-733175769677,-230060856896,-13439268075
2025-06-10,632296769925,14187118504,-626911817020,-19572071409
2025-06-11,166084516892,230383318505,-366279677043,-30188158354
2025-06-12,407286098349,-230429635470,-179372349893,2515887014
2025-06-13,121031913221,-646063384807,467376637111,57654834475
2025-06-16,-322400630611,252399853157,46336398678,23664378776
2025-06-17,-95257934062,-100625902406,224516760159,-28632923691
2025-06-18,287048512142,110118710491,-431823111183,34655888550
2025-06-19,-82587787419,-301775558158,349996172424,34367173153
2025-06-20,562551825000,37228244464,-596587665389,-3192404075
2025-06-23,-366757662037,-948506269171,1379737330900,-64473399692
2025-06-24,438255800267,259382348233,-567559328482,-130078820018
2025-06-25,-110771654554,-588335023653,757991128985,-58884450778
2025-06-26,-579413155371,-408021845323,832543762503,154891238191
2025-06-27,-857960562916,343356203643,486804505568,27799853705
2025-06-30,-648948994942,475723585607,189201924744,-15976515409
2025-07-01,175990491491,474495645350,-640517494119,-9968642722
2025-07-02,-327772625933,72030633422,232887314089,22854678422
2025-07-03,642679905950,548390638149,-1232988586443,41918042344
2025-07-04,162380501500,-382244217520,257471765773,-37608049753
2025-07-07,-93659936327,-81051538440,155829824927,18881649840
2025-07-08,246138541485,-32643905578,-254918918473,41424282566
2025-07-09,-410524785931,-57076587509,430965199985,36636173455
2025-07-10,469370078590,44673595933,-586852576435,72808901912
2025-07-11,325933147798,-74288684251,124981960702,-376626424249
2025-07-14,370654086922,-94654288927,-356839722153,80839924158
2025-07-15,212333725568,-16706567128,-310246142835,114618984395
2025-07-16,55486246323,-552521477568,401643624426,95391606819
2025-07-17,49334506563,158285735249,-335552703118,127932461306
2025-07-18,187843739271,32046643462,-341074144655,121183761922
2025-07-21,893526859257,99433590864,-1057841096072,64880645951
2025-07-22,-128779674000,-412749950778,478049258195,63480366583
2025-07-23,422800798785,191741847080,-698161202640,83618556775
2025-07-24,738622325283,127317870685,-951263341691,85323145723
2025-07-25,270579295376,110011400619,-461583546988,80992850993
2025-07-28,475280012830,452025095461,-997518346048,70213237757
2025-07-29,605394948392,116667598449,-825891434822,103828887981
2025-07-30,578346734768,330708145089,-984432056175,75377176318
2025-07-31,344963126100,-705251647747,223517816286,136770705361
2025-08-01,-652419629727,-1071973959139,1628294453278,96099135588
2025-08-04,82952364051,131617717591,-299575204687,85005123045
2025-08-05,291894192196,94670099779,-478457590780,91893298805
2025-08-06,280383444511,-402029246448,47394406643,74251395294
2025-08-07,-17128043288,109241961820,-204829354872,112715436340
2025-08-08,-157623253174,-131813631998,183521736525,105915148647
2025-08-11,216860026427,-216007804596,-140726036469,139873814638
2025-08-12,-60396471352,-98063778575,63445355515,95014894412
2025-08-13,634925268055,-80912489856,-664773774786,110760996587
2025-08-14,-77938222425,19668852655,-53374019376,111643389146
2025-08-18,-488095860361,81264715972,356968505072,49862639317
2025-08-19,-454392242213,253889827734,90396487472,110105927007
2025-08-20,-218460960217,502399149040,-392911883978,108973695155
2025-08-21,-15219371162,159825369627,-259127569716,114521571251
2025-08-22,182565204518,155607020292,-457174919453,119002694643
2025-08-25,122446679010,154344027863,-385715710412,108925003539
2025-08-26,-683641514506,-265713038035,851938193741,97416358800
2025-08-27,-202259157432,27685143548,56898386694,117675627190
2025-08-28,-24102294620,326383974869,-393854896770,91573216521
2025-08-29,-372371707807,64789068871,235313020436,72269618500
2025-09-01,-271992008594,-194015528758,346926276127,119081261225
2025-09-02,400989246912,-141647061950,-347355381159,88013196197
2025-09-03,435947639055,-375605702502,-156343707045,96001770492
2025-09-04,202512960236,-23218341817,-284749283667,105454665248
2025-09-05,-137436167338,112418902273,-55219557960,80236823025
2025-09-08,230068865375,77834051975,-384846287743,76943370393
2025-09-09,680808624516,280615000953,-1037072124917,75648499448
2025-09-10,1381737748521,904642820662,-2263412257864,-22968311319
2025-09-11,299994315282,822538944315,-1149255055498,26721795901
2025-09-12,1435493080357,611858092630,-2028716674860,-18634498127
2025-09-15,266720651667,-137631875449,-137373876674,8285100456
2025-09-16,1792728813127,108292237478,-1763694208025,-137326842580
2025-09-17,-34737445934,-307531277786,252158813817,90109909903
2025-09-18,285113783983,429405364402,-781575710433,67056562048
2025-09-19,-308043114005,-335726472774,533232416562,110537170217
2025-09-22,565291519475,267154835816,-768202556164,-64243799127
2025-09-23,341364655716,-136325868569,-246208736001,41169948854
2025-09-24,-248646171083,212404698232,1703608564,34537864287
2025-09-25,219607190258,270684199746,-541056676748,50765286744
2025-09-26,-570723467875,-489151538005,1099714578308,-39839572428
2025-09-29,447158464866,301427855442,-747978242746,-608077562
2025-09-30,23010842639,-49701444650,-26459201148,53149803159
2025-10-01,845479306657,220785734133,-1081215968692,14950927902
2025-10-02,3126495557624,-67494864641,-3071501688403,12500995420
2025-10-10,1059155437264,-593625744034,-502205481964,36675788734
2025-10-13,-822045849472,-447053529181,1164887446708,104211931945
2025-10-14,558110342895,-629949724197,2032610895,69806770407
2025-10-15,163126960151,751244684647,-970634907511,56263262713
2025-10-16,653284978657,781334358462,-1393575835595,-41043501524
2025-10-17,443789523706,-168824894252,-312231103199,37266473745
2025-10-20,-249966017836,642782201892,-410871483240,18055299184
2025-10-21,-12356803635,211597377289,-155647822487,-43592751167
2025-10-22,-703276232668,763258177231,-76940439605,16958495042
2025-10-23,-407144363935,-397163655872,750469443686,53838576121
2025-10-24,575575156471,1405424779261,-2000473430059,19473494327
2025-10-27,647078464393,234313115221,-796853163819,-84538415795
2025-10-28,-1637906155102,92515404843,1572810962804,-27420212545
2025-10-29,-106609485622,519641066853,-358345186284,-54686394947
2025-10-30,-117263096807,-837908856533,936318780063,18853173277
2025-10-31,1321168942225,-1106353204612,-201763499630,-13052237983
2025-11-03,-794896105270,184063777621,625562748965,-14730421316
2025-11-04,-2228203062377,-498871597317,2700876159952,26198499742
2025-11-05,-2069528758717,-187678526688,2553806449366,-296599163961
2025-11-06,-1695002510569,830106353177,883953376104,-19057218712
2025-11-07,-455011222242,-244601749401,679058071186,20554900457
2025-11-10,-151023699612,1306560118446,-1160702124044,5165705210
2025-11-11,77010145674,224740119047,-283050576825,-18699687896
2025-11-12,-426514383378,909304152453,-442326009195,-40463759880
2025-11-13,998946017110,-717863772288,-234260918734,-46821326088
2025-11-14,-2357543690043,-900518750937,3234612905719,23449535261
2025-11-17,518857239208,-24507260579,-499983170608,5633191979
2025-11-18,-549994869749,-678836202084,1238200968592,-9369896759
2025-11-19,-1049521678701,625601627343,445030681609,-21110630251
2025-11-20,740564800746,756611433034,-1381721757538,-115454476242
2025-11-21,-2822902740058,493544884258,2269504229455,59853626345
2025-11-24,-799256846123,1271869709365,-461934107492,-10678755750
2025-11-25,4924689852,31536418040,-27561501598,-8899606294
2025-11-26,515757096721,1227984194567,-1804817491682,61076200394
2025-11-27,154561957973,432571516218,-615208082321,28074608130
2025-11-28,-2036874237208,458703640136,1568455037497,9715559575
2025-12-01,223495087548,-233264531773,52849970827,-43080526602
2025-12-02,1214693873468,392876412814,-1576257057999,-31313228283
2025-12-03,281643252127,736412064273,-898436662744,-119618653656
2025-12-04,-696014100343,131833095944,558537402416,5643601983
2025-12-05,993377421609,1152794416606,-2115649355095,-30522483120
2025-12-08,321097925014,-30750010068,-344917673748,54569758802
2025-12-09,-88931140553,49406756729,-13316222951,52840606775
2025-12-10,373916535366,-300289133306,-88919227288,15291825228
2025-12-11,365629542859,-775302720113,392249780953,17423396301
2025-12-12,41438847345,1418401432314,-1462492883754,2652604095
2025-12-15,-956864737233,-480294289107,1421049362377,16109663963
2025-12-16,-1030510184994,-230896622481,1241020412992,20386394483
2025-12-17,-32197418320,335296130468,-337416851824,34318139676
2025-12-18,-345940659358,-100576420243,412953927143,33563152458
2025-12-19,-757252923328,854092561775,-141250142331,44410503884
2025-12-22,1101702306405,1605470286997,-2671442151621,-35730441781
2025-12-23,955107240513,352698589372,-1285301049289,-22504780596
2025-12-24,522500928426,203889109402,-717073555017,-9316482811
2025-12-26,1779048244137,443547202137,-2326467768137,103872321863
2025-12-29,333657871492,-313274790525,66112377803,-86495458770
2025-12-30,-476829899047,-376313975016,844810840951,8333033112
2026-01-02,630930347181,-247657510168,-425191162424,41918325411
2026-01-05,2172631108243,-704560046644,-1514132746064,46061684465
2026-01-06,-618423575211,-66435136390,596306968273,88551743328
2026-01-07,1254771463403,-939719802366,-294372102548,-20679558489
2026-01-08,-97854372084,-1401406595131,1253964269897,245296697318
2026-01-09,-1606829385593,1204591351365,133924237297,268313796931
2026-01-12,-351223680612,210069173736,-101323361161,242477868037
2026-01-13,-279274378089,788132480167,-712512927317,203654825239
2026-01-14,-376006906006,588711206610,-437732748184,225028447580
2026-01-15,344957890535,1290549747197,-1823510023785,188002386053
2026-01-16,434998324075,308347116093,-938252028497,194906588329
2026-01-19,553218192144,-25642092639,-751280291693,223704192188
2026-01-20,123175331239,-649971374712,352440222604,174355820869
2026-01-21,439399466579,321674652597,-996543774982,235469655806
2026-01-22,-243170833470,-156829850910,155544155849,244456528531
2026-01-23,143820244344,478962766496,-723937500239,101154489399
2026-01-26,-158813475105,-1541420013199,1715655293003,-15421804699
2026-01-27,844810737722,247398776513,-1019705108207,-72504406028
2026-01-28,400788090530,-1402102942288,1213077810991,-211762959233
2026-01-29,-1489664191224,-167311965786,1617281206128,39694950882
2026-01-30,-1972888171334,-424097885676,2297931825297,99054231713
2026-02-02,-2516782977501,-2212550033243,4587422032159,141910978585
2026-02-03,703797224072,2170791453382,-2942271907278,67683229824
2026-02-04,-941267105888,1783625006319,-1011873695979,169515795548
2026-02-05,-5010769631710,-2069271187792,6779074094183,300966725319
2026-02-06,-3323262023404,941368676394,2173604694161,208288652849
2026-02-09,432014443684,2712339196769,-3294703632302,150349991849
2026-02-10,147401952607,564307735521,-877983534528,166273846400
2026-02-11,846121628848,692660036532,-1714888617937,176106952557
2026-02-12,2995403902686,1380001667469,-4454691937676,79286367521
2026-02-13,-922032240628,83065545270,714122266181,124844429177
2026-02-19,-939568992599,1654219924740,-860916939279,146266007138
2026-02-20,-742024922789,1614950004823,-987250143135,114325061101
2026-02-23,-1113163675644,-127121967255,1081514407090,158771235809
2026-02-24,-201345293505,2377272957285,-2286114966638,110187302858
2026-02-25,-1308239622357,1470124842242,230708399291,-392593619176
2026-02-26,-2113478953912,1256912628353,649753777013,206812548546
2026-02-27,-7052755917317,566621550399,6249572015585,236562351333
2026-03-03,-5148704880655,-885917938073,5797435116262,237187702466
2026-03-04,230260805890,-597824243365,79581921485,287981515990
2026-03-05,-144564366301,-1718559699122,1822811165903,40312899520
2026-03-06,-1941817020609,-1114155720638,2948792695782,107180045465
2026-03-09,-3173537497780,-1544058422897,4624213469630,93382451047
2026-03-10,1028253956525,916404311114,-1833954520513,-110703747126
2026-03-11,-256257157597,782135420831,-508618474128,-17259789106
2026-03-12,-2383104255114,77530029135,2229145808643,76428417336
2026-03-13,-1450151195302,-1043403661756,2451168486203,42386370855
2026-03-16,-848545681464,91068348977,716354973147,41122359340
2026-03-17,-174045790319,734056815711,-575205789665,15194764273
2026-03-18,880183925497,3109262842413,-3871669299907,-117777468003
2026-03-19,-1876040578471,-664895639966,2411569384552,129366833885
2026-03-20,-1240161564517,-1026015603868,2233843409079,32333759306
2026-03-23,-3675071260972,-3817298062623,7002865842895,489503480700
2026-03-24,-1986273672403,968313589975,726959037961,291001044467
2026-03-25,-1289483771400,2322962665451,-1340225271395,306746377344
2026-03-26,-2937020624064,-299924291183,3059800464740,177144450507
2026-03-27,-3428600198031,778472507114,2259609106954,390518583963
2026-03-30,-2094507403429,844955351237,894519330948,355032721244
2026-03-31,-3838556095940,1025064531679,2439975790640,373515773621
2026-04-01,-641053419155,4041874436569,-3762839014337,362017996923
2026-04-02,-136809850507,-1451708272004,1209746108057,378772014454
2026-04-03,803528807974,738959668798,-2095232844889,552744368117
2026-04-06,-159572530409,837148006190,-1050174737549,372599261768
2026-04-07,370372327760,-400081959661,-342931874097,372641505998
2026-04-08,1908877774595,2726770394776,-5416119637615,780471468244
2026-04-09,1847646992361,-2512488496601,295000823204,369840681036
2026-04-10,1064128295685,-203107649113,-1228043614578,367022968006
2026-04-13,-457899726242,-669837211792,717335465544,410401472490
2026-04-14,827636982525,1254458601698,-2391883308222,309787723999
2026-04-15,497336112981,36807337289,-940028174882,405884724612
2026-04-16,481387272077,1078312991155,-1804981758958,245281495726
2026-04-17,-1997433022616,150108474594,1446409451303,400915096719
2026-04-20,-233789885590,293793137597,-315833698549,255830446542
2026-04-21,1156458688355,918068087791,-1920425893772,-154100882374
2026-04-22,-676199166361,-404586193903,1198372279038,-117586918774
2026-04-23,-82029475914,-296549298520,451363565012,-72784790578
2026-04-24,-1949625431536,805313238881,1183246082455,-38933889800
2026-04-27,856309564362,1134930690491,-1975755229902,-15485024951
2026-04-28,-184346135074,353200924898,-130556926957,-38297862867
2026-04-29,-607069645305,477066017809,168131255833,-38127628337
2026-04-30,-1455932900363,283792403208,1182435282900,-10294785745
2026-05-04,2930781046308,2009778368731,-4793554205749,-147005209290
2026-05-06,3108504156023,-2289423705027,-571460160923,-247620290073
2026-05-07,-6698677511479,891693196851,5992456051002,-185471736374
2026-05-08,-5296666497319,1254235715271,3970674545455,71756236593
2026-05-11,-2814735320009,-45811812144,2866857948477,-6310816324
2026-05-12,-5608972221835,-1213799406510,6681827189926,140944438419
2026-05-13,-3722651041632,1687602172993,1886837224070,148211644569
2026-05-14,-2144998926181,192721414900,1849914672172,102362839109
2026-05-15,-5603949473238,-1734715679164,7230783541527,107881610875
2026-05-18,-3649181592018,1390378624453,2209432084781,49370882784
2026-05-19,-5724241885627,157475263234,5628947333872,-62180711479
2026-05-20,-2930951913359,1106962003097,1710442795942,113547114320
2026-05-21,-221187255471,2900833284774,-2675362676372,-4283352931
2026-05-22,-1922137348806,758319231649,1065462936426,98355180731
2026-05-26,-132057162469,816766462945,-574538032703,-110171267773
2026-05-27,-249283661778,-12554928224,406440673710,-144602083708
2026-05-28,-2741423356812,-1042161646858,3614582923426,169002080244
2026-05-29,-1042061224509,2368782530707,-1405413404417,78692098219
2026-06-01,-2821919938662,2442734402012,386231493075,-7045956425
2026-06-02,-6303527747372,-54581539354,6353747500232,4361786494
2026-06-04,-6666258812628,1525451417948,5013493246131,127314148549
2026-06-05,-2763793534728,-1380859195556,4223997369786,-79344639502
2026-06-08,-264434687569,-1716421115525,1762763256491,218092546603
2026-06-09,-2006385462049,2504819861719,-616691027307,118256627637
2026-06-10,-2775388676477,-2266525448946,4864291077283,177623048140
2026-06-11,-1464016783153,-756138214272,2080253723825,139901273600
2026-06-12,2204090964626,2286978507345,-4317449210947,-173620261024
2026-06-15,1077439453261,446150928645,-1512354476864,-11235905042
2026-06-16,1535308337697,707639486920,-2184145612019,-58802212598
2026-06-17,-995168911131,595662689477,525407174087,-125900952433
2026-06-18,1277623506364,-768222503858,-415616109847,-93784892659
2026-06-19,-355511281466,-1224429261550,1647837497702,-67896954686
2026-06-22,-2546552111684,303392723767,2150592309455,92567078462
2026-06-23,-4204745511304,-4476010594245,8590959838666,89796266883
2026-06-24,-4654581482884,1909547585373,2631247369628,113786527883
2026-06-25,-875357677161,3324420926752,-2413628428783,-35434820808
2026-06-26,-4290583447403,-4122382290990,8191914462922,221051275471
2026-06-29,-7733173563449,2932671361947,4597523451051,202978750451
2026-06-30,-3799200281467,2933197152517,840145149876,25857979074
2026-07-01,-1702844682265,-69989140851,1736962309714,35871513402
2026-07-02,-4370568861758,-2082530852810,6241276991124,211822723444
2026-07-03,-2175019501794,4407883765211,-2294244849992,61380586575
2026-07-06,-1314367605093,-1461842879984,2682906194491,93304290586
2026-07-07,-2917227300818,-310762059568,3135872544572,92116815814
2026-07-08,343684749277,-355216418536,-35780410059,47312079318
2026-07-09,134309337529,1288449517552,-1327759149575,-94999705506
2026-07-10,-322774928477,1131391195463,-780456198835,-28160068151
2026-07-13,-1670548199599,-2233823130778,3886877194117,17494136260
2026-07-14,956508341713,3211674893321,-4141089409066,-27093825968
2026-07-15,2303147161905,199209399429,-2466617983510,-35738577824
2026-07-16,-1366513327563,-2383101440612,3664672283347,84942484828
2026-07-20,519818325536,-923489562779,349006643501,54664593742
2026-07-21,295156052056,1374442420812,-1642051190963,-27547281905
2026-07-22,2621088153737,-1396304121066,-1217613031947,-7171000724
2026-07-23,2135890428708,97550761999,-2207706846282,-25734344425
2026-07-24,-3268336059869,-1951440805082,5178227576349,41549288602
2026-07-27,-2881111306323,859536458189,1978839287911,42735560223
2026-07-28,-4500876590236,183030837507,4315196845084,2648907645
2026-07-29,-1250217230563,3176944556864,-1970097761933,43370435632
2026-07-30,1328009849612,80522818815,-1430884319848,22351651421
2026-07-31,7240983259815,1150288377561,-8283997766512,-107273870864
2026-08-03,-2822020992412,-1951626631819,4652309467002,121338157229
2026-08-04,-371610123888,-538461970735,818661597786,91410496837
2026-08-05,1446367785275,-283756507370,-1184395808956,21784531051
2026-08-06,-3289273582814,-121432979716,3336698439523,74008123007
2026-08-07,-865101351861,585372759153,267529553591,12199039117
2026-08-10,-1490868124271,569154428443,900252155268,21461540560
2026-08-11,53515660549,21247714866,-70758520471,-4004854944
2026-08-12,2835391684751,527900780018,-3191075700212,-172216764557
2026-08-13,2110210322563,683411217345,-2741033003861,-52588536047
2026-08-14,3038710607036,-1029822538789,-1982030091838,-26857976409
2026-08-18,91404379484,-795137033261,741996842982,-38264189205
2026-08-19,-3472598237304,-1338951727811,4635672224050,175877741065
2026-08-20,1706838874475,-489513680779,-2271236483543,1053911289847
2026-08-21,-175962421089,248081816300,-1165243517771,1093124122560
2026-08-24,-3669086244766,-1290118569223,3321735158691,1637469655298
2026-08-25,-3813987991652,1171082954788,1050905481654,1591999555210
2026-08-26,-114831684860,761514681877,-2246091857589,1599408860572
2026-08-27,133282442497,183528283004,-1911574582153,1594763856652
2026-08-28,-852451551905,-1187553242961,419377763150,1620627031716
2026-08-31,-643444956971,-789140666263,-146406223015,1578991846249
2026-09-01,-496839782219,-628605211641,-540202924233,1665647918093
2026-09-02,-1917255370179,-2036139637417,2302860310409,1650534697187
2026-09-03,41438637419,914345120731,-955168464632,-615293518
2026-09-04,479608076393,1669408339768,-3722938092663,1573921676502
2026-09-07,2553157939517,2649064891596,-6837380848446,1635158017333
2026-09-08,631626318962,642690024599,-3032904557567,1758588214006
2026-09-09,-434806890268,942233200073,-2287862391327,1780436081522
2026-09-10,-2621661091263,574361497881,380191051049,1667108542333
2026-09-11,-2298412183919,-1218393578242,1867544350120,1649261412041
2026-09-14,-3337504400011,-1186864099559,3035111621789,1489256877781
2026-09-15,-1552064643513,-952218923730,859552718734,1644730848509
2026-09-16,-1684607655738,1237139898695,-1206133558537,1653601315580
2026-09-17,-2632087782348,249709158339,676051975431,1706326648578
2026-09-18,448632681000,1532172432891,-3635922044615,1655116930724
2026-09-21,7098635960,1518954122664,-3185044203744,1658991445120
2026-09-22,47857003584,-129463809862,-1562730219855,1644337026133
2026-09-23,-498704319619,323346912673,-1454310590589,1629667997535
2026-09-28,-3268199819441,-1016882972663,2646668396520,1638414395584
