date,close,지표,Daily 1배 포지션,Daily 1배 일수익,Daily 1배 누적,Daily 2배 포지션,Daily 2배 일수익,Daily 2배 누적,Weekly 1배 포지션,Weekly 1배 일수익,Weekly 1배 누적,Weekly 2배 포지션,Weekly 2배 일수익,Weekly 2배 누적,단순보유 일수익,단순보유 누적
2010-01-04,1696.14,3.48,1.0,0.007945,1.0079,1.0,0.015811,1.0158,1.0,0.007945,1.0079,1.0,0.015811,1.0158,0.007945,1.0079
2010-01-05,1690.62,2.61,1.0,-0.003254,1.0047,1.0,-0.006588,1.0091,1.0,-0.003254,1.0047,1.0,-0.006588,1.0091,-0.003254,1.0047
2010-01-06,1705.32,2.78,1.0,0.008695,1.0134,1.0,0.017311,1.0266,1.0,0.008695,1.0134,1.0,0.017311,1.0266,0.008695,1.0134
2010-01-07,1683.45,3.28,1.0,-0.012825,1.0004,1.0,-0.025729,1.0002,1.0,-0.012825,1.0004,1.0,-0.025729,1.0002,-0.012825,1.0004
2010-01-08,1695.26,3.78,1.0,0.007015,1.0074,1.0,0.013951,1.0141,1.0,0.007015,1.0074,1.0,0.013951,1.0141,0.007015,1.0074
2010-01-11,1694.12,3.82,1.0,-0.000672,1.0067,1.0,-0.001424,1.0127,1.0,-0.000672,1.0067,1.0,-0.001424,1.0127,-0.000672,1.0067
2010-01-12,1698.64,4.14,1.0,0.002668,1.0094,1.0,0.005257,1.018,1.0,0.002668,1.0094,1.0,0.005257,1.018,0.002668,1.0094
2010-01-13,1671.41,4.54,1.0,-0.01603,0.9932,1.0,-0.03214,0.9853,1.0,-0.01603,0.9932,1.0,-0.03214,0.9853,-0.01603,0.9932
2010-01-14,1685.77,3.84,1.0,0.008592,1.0018,1.0,0.017104,1.0021,1.0,0.008592,1.0018,1.0,0.017104,1.0021,0.008592,1.0018
2010-01-15,1701.8,3.8,1.0,0.009509,1.0113,1.0,0.018939,1.0211,1.0,0.009509,1.0113,1.0,0.018939,1.0211,0.009509,1.0113
2010-01-18,1711.78,4.14,1.0,0.005864,1.0172,1.0,0.011649,1.033,1.0,0.005864,1.0172,1.0,0.011649,1.033,0.005864,1.0172
2010-01-19,1710.22,3.28,1.0,-0.000911,1.0163,1.0,-0.001902,1.0311,1.0,-0.000911,1.0163,1.0,-0.001902,1.0311,-0.000911,1.0163
2010-01-20,1714.38,3.59,1.0,0.002432,1.0188,1.0,0.004786,1.036,1.0,0.002432,1.0188,1.0,0.004786,1.036,0.002432,1.0188
2010-01-21,1722.01,3.67,1.0,0.004451,1.0233,1.0,0.008822,1.0451,1.0,0.004451,1.0233,1.0,0.008822,1.0451,0.004451,1.0233
2010-01-22,1684.35,3.6,1.0,-0.02187,1.0009,1.0,-0.043819,0.9993,1.0,-0.02187,1.0009,1.0,-0.043819,0.9993,-0.02187,1.0009
2010-01-25,1670.2,2.69,1.0,-0.008401,0.9925,1.0,-0.016881,0.9825,1.0,-0.008401,0.9925,1.0,-0.016881,0.9825,-0.008401,0.9925
2010-01-26,1637.34,2.72,1.0,-0.019674,0.973,1.0,-0.039428,0.9437,1.0,-0.019674,0.973,1.0,-0.039428,0.9437,-0.019674,0.973
2010-01-27,1625.48,3.07,1.0,-0.007243,0.966,1.0,-0.014566,0.93,1.0,-0.007243,0.966,1.0,-0.014566,0.93,-0.007243,0.966
2010-01-28,1642.43,2.62,1.0,0.010428,0.976,1.0,0.020776,0.9493,1.0,0.010428,0.976,1.0,0.020776,0.9493,0.010428,0.976
2010-01-29,1602.43,2.57,1.0,-0.024354,0.9523,1.0,-0.048788,0.903,1.0,-0.024354,0.9523,1.0,-0.048788,0.903,-0.024354,0.9523
2010-02-01,1606.44,2.66,1.0,0.002502,0.9546,1.0,0.004926,0.9074,1.0,0.002502,0.9546,1.0,0.004926,0.9074,0.002502,0.9546
2010-02-02,1595.81,2.52,1.0,-0.006617,0.9483,1.0,-0.013314,0.8953,1.0,-0.006617,0.9483,1.0,-0.013314,0.8953,-0.006617,0.9483
2010-02-03,1615.02,2.33,1.0,0.012038,0.9597,1.0,0.023996,0.9168,1.0,0.012038,0.9597,1.0,0.023996,0.9168,0.012038,0.9597
2010-02-04,1616.42,1.96,1.0,0.000867,0.9606,1.0,0.001654,0.9184,1.0,0.000867,0.9606,1.0,0.001654,0.9184,0.000867,0.9606
2010-02-05,1567.12,2.4,1.0,-0.030499,0.9313,1.0,-0.061078,0.8623,1.0,-0.030499,0.9313,1.0,-0.061078,0.8623,-0.030499,0.9313
2010-02-08,1552.79,2.88,1.0,-0.009144,0.9228,1.0,-0.018368,0.8464,1.0,-0.009144,0.9228,1.0,-0.018368,0.8464,-0.009144,0.9228
2010-02-09,1570.49,3.71,1.0,0.011399,0.9333,1.0,0.022718,0.8657,1.0,0.011399,0.9333,1.0,0.022718,0.8657,0.011399,0.9333
2010-02-10,1570.12,3.36,1.0,-0.000236,0.9331,1.0,-0.000551,0.8652,1.0,-0.000236,0.9331,1.0,-0.000551,0.8652,-0.000236,0.9331
2010-02-11,1597.81,3.87,1.0,0.017636,0.9495,1.0,0.035192,0.8956,1.0,0.017636,0.9495,1.0,0.035192,0.8956,0.017636,0.9495
2010-02-12,1593.66,3.61,1.0,-0.002597,0.947,1.0,-0.005274,0.8909,1.0,-0.002597,0.947,1.0,-0.005274,0.8909,-0.002597,0.947
2010-02-16,1601.05,3.3,1.0,0.004637,0.9514,1.0,0.009195,0.8991,1.0,0.004637,0.9514,1.0,0.009195,0.8991,0.004637,0.9514
2010-02-17,1627.43,3.25,1.0,0.016477,0.9671,1.0,0.032874,0.9286,1.0,0.016477,0.9671,1.0,0.032874,0.9286,0.016477,0.9671
2010-02-18,1621.19,3.65,1.0,-0.003834,0.9634,1.0,-0.007748,0.9215,1.0,-0.003834,0.9634,1.0,-0.007748,0.9215,-0.003834,0.9634
2010-02-19,1593.9,3.47,1.0,-0.016833,0.9472,1.0,-0.033746,0.8904,1.0,-0.016833,0.9472,1.0,-0.033746,0.8904,-0.016833,0.9472
2010-02-22,1627.1,3.56,1.0,0.020829,0.9669,1.0,0.041579,0.9274,1.0,0.020829,0.9669,1.0,0.041579,0.9274,0.020829,0.9669
2010-02-23,1628.9,4.77,1.0,0.001106,0.968,1.0,0.002133,0.9294,1.0,0.001106,0.968,1.0,0.002133,0.9294,0.001106,0.968
2010-02-24,1612.83,4.61,1.0,-0.009866,0.9584,1.0,-0.01981,0.9109,1.0,-0.009866,0.9584,1.0,-0.01981,0.9109,-0.009866,0.9584
2010-02-25,1587.51,5.48,1.0,-0.015699,0.9434,1.0,-0.031478,0.8823,1.0,-0.015699,0.9434,1.0,-0.031478,0.8823,-0.015699,0.9434
2010-02-26,1594.58,4.64,1.0,0.004454,0.9476,1.0,0.008828,0.8901,1.0,0.004454,0.9476,1.0,0.008828,0.8901,0.004454,0.9476
2010-03-02,1615.12,4.59,1.0,0.012881,0.9598,1.0,0.025683,0.9129,1.0,0.012881,0.9598,1.0,0.025683,0.9129,0.012881,0.9598
2010-03-03,1622.44,3.97,1.0,0.004532,0.9641,1.0,0.008985,0.9211,1.0,0.004532,0.9641,1.0,0.008985,0.9211,0.004532,0.9641
2010-03-04,1618.2,3.89,1.0,-0.002613,0.9616,1.0,-0.005306,0.9162,1.0,-0.002613,0.9616,1.0,-0.005306,0.9162,-0.002613,0.9616
2010-03-05,1634.57,3.88,1.0,0.010116,0.9714,1.0,0.020153,0.9347,1.0,0.010116,0.9714,1.0,0.020153,0.9347,0.010116,0.9714
2010-03-08,1660.04,4.7,1.0,0.015582,0.9865,1.0,0.031085,0.9638,1.0,0.015582,0.9865,1.0,0.031085,0.9638,0.015582,0.9865
2010-03-09,1660.83,4.2,1.0,0.000476,0.987,1.0,0.000872,0.9646,1.0,0.000476,0.987,1.0,0.000872,0.9646,0.000476,0.987
2010-03-10,1662.24,4.14,1.0,0.000849,0.9878,1.0,0.001619,0.9662,1.0,0.000849,0.9878,1.0,0.001619,0.9662,0.000849,0.9878
2010-03-11,1656.62,4.55,1.0,-0.003381,0.9845,1.0,-0.006841,0.9595,1.0,-0.003381,0.9845,1.0,-0.006841,0.9595,-0.003381,0.9845
2010-03-12,1662.74,4.87,1.0,0.003694,0.9881,1.0,0.007309,0.9666,1.0,0.003694,0.9881,1.0,0.007309,0.9666,0.003694,0.9881
2010-03-15,1649.5,5.12,1.0,-0.007963,0.9802,1.0,-0.016005,0.9511,1.0,-0.007963,0.9802,1.0,-0.016005,0.9511,-0.007963,0.9802
2010-03-16,1648.01,5.06,1.0,-0.000903,0.9793,1.0,-0.001886,0.9493,1.0,-0.000903,0.9793,1.0,-0.001886,0.9493,-0.000903,0.9793
2010-03-17,1682.86,4.65,1.0,0.021147,1.0001,1.0,0.042214,0.9894,1.0,0.021147,1.0001,1.0,0.042214,0.9894,0.021147,1.0001
2010-03-18,1675.17,4.21,1.0,-0.00457,0.9955,1.0,-0.009219,0.9802,1.0,-0.00457,0.9955,1.0,-0.009219,0.9802,-0.00457,0.9955
2010-03-19,1686.11,4.03,1.0,0.006531,1.002,1.0,0.012982,0.993,1.0,0.006531,1.002,1.0,0.012982,0.993,0.006531,1.002
2010-03-22,1672.67,3.78,1.0,-0.007971,0.994,1.0,-0.016021,0.9771,1.0,-0.007971,0.994,1.0,-0.016021,0.9771,-0.007971,0.994
2010-03-23,1681.82,3.92,1.0,0.00547,0.9994,1.0,0.010861,0.9877,1.0,0.00547,0.9994,1.0,0.010861,0.9877,0.00547,0.9994
2010-03-24,1681.01,3.64,1.0,-0.000482,0.999,1.0,-0.001043,0.9866,1.0,-0.000482,0.999,1.0,-0.001043,0.9866,-0.000482,0.999
2010-03-25,1688.39,3.55,1.0,0.00439,1.0033,1.0,0.008701,0.9952,1.0,0.00439,1.0033,1.0,0.008701,0.9952,0.00439,1.0033
2010-03-26,1697.72,3.57,1.0,0.005526,1.0089,1.0,0.010973,1.0062,1.0,0.005526,1.0089,1.0,0.010973,1.0062,0.005526,1.0089
2010-03-29,1691.99,3.74,1.0,-0.003375,1.0055,1.0,-0.00683,0.9993,1.0,-0.003375,1.0055,1.0,-0.00683,0.9993,-0.003375,1.0055
2010-03-30,1700.19,3.6,1.0,0.004846,1.0104,1.0,0.009613,1.0089,1.0,0.004846,1.0104,1.0,0.009613,1.0089,0.004846,1.0104
2010-03-31,1692.85,3.75,1.0,-0.004317,1.006,1.0,-0.008714,1.0001,1.0,-0.004317,1.006,1.0,-0.008714,1.0001,-0.004317,1.006
2010-04-01,1719.17,3.24,1.0,0.015548,1.0216,1.0,0.031016,1.0311,1.0,0.015548,1.0216,1.0,0.031016,1.0311,0.015548,1.0216
2010-04-02,1723.49,3.56,1.0,0.002513,1.0242,1.0,0.004946,1.0362,1.0,0.002513,1.0242,1.0,0.004946,1.0362,0.002513,1.0242
2010-04-05,1724.99,2.97,1.0,0.00087,1.0251,1.0,0.001661,1.0379,1.0,0.00087,1.0251,1.0,0.001661,1.0379,0.00087,1.0251
2010-04-06,1726.09,2.05,1.0,0.000638,1.0257,1.0,0.001196,1.0392,1.0,0.000638,1.0257,1.0,0.001196,1.0392,0.000638,1.0257
2010-04-07,1726.6,2.19,1.0,0.000295,1.026,1.0,0.000512,1.0397,1.0,0.000295,1.026,1.0,0.000512,1.0397,0.000295,1.026
2010-04-08,1733.78,2.21,1.0,0.004158,1.0303,1.0,0.008238,1.0483,1.0,0.004158,1.0303,1.0,0.008238,1.0483,0.004158,1.0303
2010-04-09,1724.47,1.12,1.0,-0.00537,1.0248,1.0,-0.010819,1.0369,1.0,-0.00537,1.0248,1.0,-0.010819,1.0369,-0.00537,1.0248
2010-04-12,1710.3,0.84,1.0,-0.008217,1.0164,1.0,-0.016513,1.0198,1.0,-0.008217,1.0164,1.0,-0.016513,1.0198,-0.008217,1.0164
2010-04-13,1710.59,0.81,1.0,0.00017,1.0165,0.9,-4e-05,1.0198,1.0,0.00017,1.0165,0.9,-4e-05,1.0198,0.00017,1.0165
2010-04-14,1735.33,0.99,1.0,0.014463,1.0312,0.9,0.025962,1.0462,1.0,0.014463,1.0312,0.9,0.025962,1.0462,0.014463,1.0312
2010-04-15,1743.91,0.12,1.0,0.004944,1.0363,0.8,0.008528,1.0552,1.0,0.004944,1.0363,0.9,0.008828,1.0555,0.004944,1.0363
2010-04-16,1734.49,-0.27,1.0,-0.005402,1.0307,0.7,-0.009006,1.0457,1.0,-0.005402,1.0307,0.9,-0.009794,1.0451,-0.005402,1.0307
2010-04-19,1705.3,0.04,1.0,-0.016829,1.0134,0.7,-0.023616,1.021,1.0,-0.016829,1.0134,0.9,-0.030364,1.0134,-0.016829,1.0134
2010-04-20,1718.03,0.05,0.9,0.007315,1.0208,0.6,0.010095,1.0313,0.9,0.007315,1.0208,0.6,0.012466,1.026,0.007465,1.021
2010-04-21,1747.58,0.64,0.9,0.01548,1.0366,0.6,0.020592,1.0525,0.9,0.01548,1.0366,0.6,0.020592,1.0472,0.0172,1.0385
2010-04-22,1739.52,1.28,0.9,-0.004151,1.0323,0.5,-0.005882,1.0463,0.9,-0.004151,1.0323,0.6,-0.005582,1.0413,-0.004612,1.0337
2010-04-23,1737.03,0.81,0.9,-0.001288,1.031,0.6,-0.001771,1.0445,0.9,-0.001288,1.031,0.6,-0.001765,1.0395,-0.001431,1.0322
2010-04-26,1752.2,0.57,1.0,0.00771,1.0389,0.7,0.010132,1.055,0.9,0.00786,1.0391,0.6,0.010432,1.0503,0.008733,1.0413
2010-04-27,1749.55,0.98,1.0,-0.001512,1.0373,0.7,-0.002173,1.0528,1.0,-0.001511,1.0375,0.7,-0.002162,1.0481,-0.001512,1.0397
2010-04-28,1733.91,1.03,1.0,-0.008939,1.0281,0.8,-0.012871,1.0392,1.0,-0.008939,1.0282,0.7,-0.012571,1.0349,-0.008939,1.0304
2010-04-29,1728.42,0.46,1.0,-0.003166,1.0248,0.8,-0.005129,1.0339,1.0,-0.003166,1.025,0.7,-0.004488,1.0302,-0.003166,1.0271
2010-04-30,1741.56,1.41,1.0,0.007602,1.0326,0.7,0.0118,1.0461,1.0,0.007602,1.0328,0.7,0.010588,1.0411,0.007602,1.0349
2010-05-03,1721.21,1.91,1.0,-0.011685,1.0205,0.8,-0.016714,1.0286,1.0,-0.011685,1.0207,0.7,-0.016414,1.0241,-0.011685,1.0228
2010-05-04,1718.75,1.13,1.0,-0.001429,1.0191,0.8,-0.00235,1.0262,1.0,-0.001429,1.0192,0.8,-0.002356,1.0216,-0.001429,1.0214
2010-05-06,1684.71,1.66,1.0,-0.019805,0.9989,0.8,-0.031752,0.9936,1.0,-0.019805,0.9991,0.8,-0.031752,0.9892,-0.019805,1.0012
2010-05-07,1647.5,0.48,1.0,-0.022087,0.9768,0.9,-0.035703,0.9581,1.0,-0.022087,0.977,0.8,-0.035403,0.9542,-0.022087,0.979
2010-05-10,1677.63,3.73,1.0,0.018288,0.9947,0.9,0.032848,0.9896,1.0,0.018288,0.9949,0.8,0.029198,0.982,0.018288,0.9969
2010-05-11,1670.24,5.49,1.0,-0.004405,0.9903,0.9,-0.008,0.9817,1.0,-0.004405,0.9905,0.9,-0.007412,0.9748,-0.004405,0.9926
2010-05-12,1663.03,4.07,1.0,-0.004317,0.986,0.9,-0.007842,0.974,1.0,-0.004317,0.9862,0.9,-0.007842,0.9671,-0.004317,0.9883
2010-05-13,1694.58,3.59,1.0,0.018971,1.0048,0.9,0.034077,1.0072,1.0,0.018971,1.0049,0.9,0.034077,1.0001,0.018971,1.007
2010-05-14,1695.63,2.5,1.0,0.00062,1.0054,0.9,0.001044,1.0082,1.0,0.00062,1.0055,0.9,0.001044,1.0011,0.00062,1.0076
2010-05-17,1651.51,3.75,1.0,-0.02602,0.9792,1.0,-0.047207,0.9606,1.0,-0.02602,0.9794,0.9,-0.046907,0.9542,-0.02602,0.9814
2010-05-18,1643.24,3.2,1.0,-0.005008,0.9743,1.0,-0.010094,0.9509,1.0,-0.005008,0.9745,1.0,-0.009385,0.9452,-0.005008,0.9765
2010-05-19,1630.08,4.03,1.0,-0.008009,0.9665,1.0,-0.016097,0.9356,1.0,-0.008009,0.9667,1.0,-0.016097,0.93,-0.008009,0.9687
2010-05-20,1600.18,3.89,1.0,-0.018343,0.9488,1.0,-0.036765,0.9012,1.0,-0.018343,0.9489,1.0,-0.036765,0.8958,-0.018343,0.9509
2010-05-24,1604.93,3.49,1.0,0.002968,0.9516,1.0,0.005857,0.9065,1.0,0.002968,0.9517,1.0,0.005857,0.901,0.002968,0.9537
2010-05-25,1560.83,3.97,1.0,-0.027478,0.9255,1.0,-0.055035,0.8566,1.0,-0.027478,0.9256,1.0,-0.055035,0.8515,-0.027478,0.9275
2010-05-26,1582.12,4.21,1.0,0.01364,0.9381,1.0,0.027201,0.8799,1.0,0.01364,0.9382,1.0,0.027201,0.8746,0.01364,0.9402
2010-05-27,1607.5,5.53,1.0,0.016042,0.9531,1.0,0.032004,0.9081,1.0,0.016042,0.9533,1.0,0.032004,0.9026,0.016042,0.9553
2010-05-28,1622.78,5.71,1.0,0.009505,0.9622,1.0,0.018932,0.9253,1.0,0.009505,0.9623,1.0,0.018932,0.9197,0.009505,0.9644
2010-05-31,1641.25,6.26,1.0,0.011382,0.9731,1.0,0.022684,0.9463,1.0,0.011382,0.9733,1.0,0.022684,0.9406,0.011382,0.9753
2010-06-01,1630.4,5.58,1.0,-0.006611,0.9667,1.0,-0.013301,0.9337,1.0,-0.006611,0.9668,1.0,-0.013301,0.9281,-0.006611,0.9689
2010-06-03,1661.84,5.4,1.0,0.019284,0.9853,1.0,0.038488,0.9696,1.0,0.019284,0.9855,1.0,0.038488,0.9638,0.019284,0.9876
2010-06-04,1664.13,5.11,1.0,0.001378,0.9867,1.0,0.002677,0.9722,1.0,0.001378,0.9868,1.0,0.002677,0.9663,0.001378,0.9889
2010-06-07,1637.97,5.49,1.0,-0.01572,0.9712,1.0,-0.031519,0.9416,1.0,-0.01572,0.9713,1.0,-0.031519,0.9359,-0.01572,0.9734
2010-06-08,1651.48,4.22,1.0,0.008248,0.9792,1.0,0.016417,0.957,1.0,0.008248,0.9793,1.0,0.016417,0.9513,0.008248,0.9814
2010-06-09,1647.22,4.48,1.0,-0.00258,0.9767,1.0,-0.005238,0.952,1.0,-0.00258,0.9768,1.0,-0.005238,0.9463,-0.00258,0.9789
2010-06-10,1651.7,4.33,1.0,0.00272,0.9793,1.0,0.00536,0.9571,1.0,0.00272,0.9795,1.0,0.00536,0.9513,0.00272,0.9815
2010-06-11,1675.34,3.83,1.0,0.014313,0.9933,1.0,0.028546,0.9844,1.0,0.014313,0.9935,1.0,0.028546,0.9785,0.014313,0.9956
2010-06-14,1690.6,2.61,1.0,0.009109,1.0024,1.0,0.018138,1.0023,1.0,0.009109,1.0025,1.0,0.018138,0.9962,0.009109,1.0047
2010-06-15,1690.03,1.85,1.0,-0.000337,1.0021,1.0,-0.000754,1.0015,1.0,-0.000337,1.0022,1.0,-0.000754,0.9955,-0.000337,1.0043
2010-06-16,1705.33,1.05,1.0,0.009053,1.0111,1.0,0.018027,1.0196,1.0,0.009053,1.0113,1.0,0.018027,1.0134,0.009053,1.0134
2010-06-17,1707.92,1.46,1.0,0.001519,1.0127,1.0,0.002958,1.0226,1.0,0.001519,1.0128,1.0,0.002958,1.0164,0.001519,1.0149
2010-06-18,1711.95,2.05,1.0,0.00236,1.0151,1.0,0.00464,1.0273,1.0,0.00236,1.0152,1.0,0.00464,1.0212,0.00236,1.0173
2010-06-21,1739.68,1.45,1.0,0.016198,1.0315,1.0,0.032316,1.0605,1.0,0.016198,1.0317,1.0,0.032316,1.0542,0.016198,1.0338
2010-06-22,1731.48,1.96,1.0,-0.004714,1.0266,0.9,-0.009806,1.0501,1.0,-0.004714,1.0268,0.9,-0.009806,1.0438,-0.004714,1.0289
2010-06-23,1725.82,1.9,1.0,-0.003269,1.0233,0.9,-0.005955,1.0439,1.0,-0.003269,1.0234,0.9,-0.005955,1.0376,-0.003269,1.0256
2010-06-24,1739.87,1.21,1.0,0.008141,1.0316,1.0,0.014282,1.0588,1.0,0.008141,1.0318,0.9,0.014582,1.0527,0.008141,1.0339
2010-06-25,1729.84,1.26,1.0,-0.005765,1.0257,1.0,-0.011609,1.0465,1.0,-0.005765,1.0258,0.9,-0.010448,1.0417,-0.005765,1.028
2010-06-28,1732.03,0.5,1.0,0.001266,1.027,0.9,0.002153,1.0488,1.0,0.001266,1.0271,0.9,0.002207,1.044,0.001266,1.0293
2010-06-29,1707.76,0.16,1.0,-0.014012,1.0126,0.9,-0.025294,1.0222,1.0,-0.014012,1.0127,0.9,-0.025294,1.0176,-0.014012,1.0149
2010-06-30,1698.29,0.61,1.0,-0.005545,1.007,0.8,-0.010353,1.0116,1.0,-0.005545,1.0071,0.9,-0.010053,1.0074,-0.005545,1.0092
2010-07-01,1686.24,0.94,1.0,-0.007095,0.9998,0.7,-0.011716,0.9998,1.0,-0.007095,1.0,0.9,-0.012843,0.9945,-0.007095,1.0021
2010-07-02,1671.82,0.61,1.0,-0.008552,0.9913,0.7,-0.012028,0.9878,1.0,-0.008552,0.9914,0.9,-0.015464,0.9791,-0.008552,0.9935
2010-07-05,1675.37,1.25,1.0,0.002123,0.9934,0.7,0.002917,0.9906,1.0,0.002123,0.9935,0.9,0.003751,0.9828,0.002123,0.9956
2010-07-06,1684.94,0.06,1.0,0.005712,0.999,0.7,0.007941,0.9985,1.0,0.005712,0.9992,0.7,0.00961,0.9922,0.005712,1.0013
2010-07-07,1675.65,-1.02,1.0,-0.005514,0.9935,0.7,-0.007775,0.9907,1.0,-0.005514,0.9937,0.7,-0.007775,0.9845,-0.005514,0.9958
2010-07-08,1698.64,-1.6,0.9,0.01357,1.007,0.6,0.018853,1.0094,1.0,0.01372,1.0073,0.7,0.019153,1.0033,0.01372,1.0094
2010-07-09,1723.01,-1.54,0.8,0.012762,1.0199,0.5,0.016869,1.0265,1.0,0.014347,1.0218,0.7,0.02003,1.0234,0.014347,1.0239
2010-07-12,1734.05,-2.15,0.7,0.004976,1.0249,0.3,0.005768,1.0324,1.0,0.006407,1.0283,0.7,0.008915,1.0326,0.006407,1.0305
2010-07-13,1735.08,-2.98,0.5,0.000116,1.0251,0.2,3.3e-05,1.0324,0.5,-0.000156,1.0282,0.2,-0.000724,1.0318,0.000594,1.0311
2010-07-14,1758.01,-2.06,0.3,0.006308,1.0315,0.1,0.00497,1.0375,0.5,0.006608,1.0349,0.2,0.00527,1.0373,0.013216,1.0447
2010-07-15,1751.29,-1.17,0.3,-0.001147,1.0303,0.0,-0.001072,1.0364,0.5,-0.001911,1.033,0.2,-0.001545,1.0356,-0.003823,1.0407
2010-07-16,1738.45,-0.47,0.3,-0.0022,1.0281,0.0,0.0,1.0364,0.5,-0.003666,1.0292,0.2,-0.002949,1.0326,-0.007332,1.0331
2010-07-19,1731.95,0.56,0.4,-0.001272,1.0268,0.1,-0.0003,1.0361,0.5,-0.001869,1.0273,0.2,-0.001511,1.031,-0.003739,1.0292
2010-07-20,1736.77,1.74,0.5,0.000963,1.0278,0.2,0.000249,1.0364,0.5,0.001391,1.0287,0.2,0.001097,1.0322,0.002783,1.0321
2010-07-21,1748.78,1.48,0.7,0.003158,1.031,0.4,0.00215,1.0386,0.5,0.003458,1.0322,0.2,0.00275,1.035,0.006915,1.0392
2010-07-22,1735.53,1.31,0.9,-0.005604,1.0252,0.6,-0.006693,1.0317,0.5,-0.003788,1.0283,0.2,-0.003047,1.0319,-0.007577,1.0314
2010-07-23,1758.06,0.6,1.0,0.011533,1.037,0.8,0.01493,1.0471,0.5,0.006491,1.035,0.2,0.005177,1.0372,0.012982,1.0447
2010-07-26,1769.07,-0.47,1.0,0.006263,1.0435,0.8,0.009957,1.0575,0.5,0.003131,1.0382,0.2,0.002489,1.0398,0.006263,1.0513
2010-07-27,1768.31,-0.8,1.0,-0.00043,1.0431,0.8,-0.000751,1.0567,1.0,-0.000965,1.0372,0.8,-0.001988,1.0377,-0.00043,1.0508
2010-07-28,1773.47,-0.73,0.9,0.002768,1.046,0.6,0.004005,1.0609,1.0,0.002918,1.0403,0.8,0.004605,1.0425,0.002918,1.0539
2010-07-29,1770.88,-0.28,0.8,-0.001464,1.0445,0.5,-0.0021,1.0587,1.0,-0.00146,1.0388,0.8,-0.0024,1.04,-0.00146,1.0524
2010-07-30,1759.33,-0.9,0.8,-0.005218,1.039,0.4,-0.006862,1.0514,1.0,-0.006522,1.032,0.8,-0.010499,1.0291,-0.006522,1.0455
2010-08-02,1782.27,-0.2,0.7,0.010281,1.0497,0.3,0.010099,1.062,1.0,0.013039,1.0454,0.8,0.020799,1.0505,0.013039,1.0591
2010-08-03,1790.6,0.49,0.7,0.003272,1.0531,0.3,0.00278,1.065,0.7,0.004224,1.0499,0.3,0.005915,1.0567,0.004674,1.0641
2010-08-04,1789.26,-0.24,0.8,-0.000674,1.0524,0.4,-0.000773,1.0642,0.7,-0.000524,1.0493,0.3,-0.000473,1.0562,-0.000748,1.0633
2010-08-05,1783.86,-1.3,0.8,-0.002414,1.0499,0.4,-0.002446,1.0616,0.7,-0.002113,1.0471,0.3,-0.001835,1.0542,-0.003018,1.0601
2010-08-06,1783.83,-0.04,0.8,-1.3e-05,1.0499,0.4,-4.5e-05,1.0615,0.7,-1.2e-05,1.0471,0.3,-3.4e-05,1.0542,-1.7e-05,1.0601
2010-08-09,1790.17,0.68,0.8,0.002843,1.0528,0.4,0.002812,1.0645,0.7,0.002488,1.0497,0.3,0.002109,1.0564,0.003554,1.0638
2010-08-10,1781.13,1.61,0.8,-0.00404,1.0486,0.5,-0.004372,1.0599,0.8,-0.003685,1.0458,0.5,-0.003654,1.0526,-0.00505,1.0585
2010-08-11,1758.19,-1.98,0.8,-0.010304,1.0378,0.5,-0.012919,1.0462,0.8,-0.010304,1.035,0.5,-0.012919,1.039,-0.012879,1.0448
2010-08-12,1721.75,-4.14,0.7,-0.016731,1.0204,0.5,-0.020766,1.0244,0.8,-0.016581,1.0179,0.5,-0.020766,1.0174,-0.020726,1.0232
2010-08-13,1746.24,-0.98,0.6,0.009807,1.0304,0.4,0.013884,1.0387,0.8,0.011379,1.0295,0.5,0.014184,1.0318,0.014224,1.0377
2010-08-16,1743.31,0.65,0.6,-0.001007,1.0294,0.4,-0.001374,1.0372,0.8,-0.001342,1.0281,0.5,-0.001718,1.0301,-0.001678,1.036
2010-08-17,1755.03,-0.23,0.6,0.004034,1.0335,0.4,0.005347,1.0428,0.6,0.005078,1.0333,0.4,0.006383,1.0366,0.006723,1.0429
2010-08-18,1761.99,-2.99,0.5,0.002229,1.0358,0.3,0.002841,1.0457,0.6,0.002379,1.0358,0.4,0.003141,1.0399,0.003966,1.0471
2010-08-19,1779.64,-2.33,0.5,0.005009,1.041,0.3,0.005986,1.052,0.6,0.00601,1.042,0.4,0.007982,1.0482,0.010017,1.0576
2010-08-20,1775.54,-3.13,0.5,-0.001152,1.0398,0.3,-0.001406,1.0505,0.6,-0.001382,1.0405,0.4,-0.001875,1.0462,-0.002304,1.0551
2010-08-23,1767.71,-3.58,0.4,-0.002355,1.0374,0.2,-0.00297,1.0474,0.6,-0.002646,1.0378,0.4,-0.00356,1.0425,-0.00441,1.0505
2010-08-24,1760.53,-1.31,0.2,-0.001925,1.0354,0.1,-0.001941,1.0454,0.2,-0.003037,1.0346,0.1,-0.004181,1.0381,-0.004062,1.0462
2010-08-25,1734.79,0.23,0.1,-0.003074,1.0322,0.0,-0.003232,1.042,0.2,-0.002924,1.0316,0.1,-0.002932,1.0351,-0.014621,1.0309
2010-08-26,1729.76,0.34,0.3,-0.00059,1.0316,0.1,-0.0003,1.0417,0.2,-0.00058,1.031,0.1,-0.000588,1.0345,-0.002899,1.0279
2010-08-27,1729.56,-0.45,0.5,-0.000335,1.0313,0.3,-0.000631,1.041,0.2,-2.3e-05,1.031,0.1,-3.1e-05,1.0345,-0.000116,1.0278
2010-08-30,1760.13,-0.75,0.6,0.008688,1.0402,0.3,0.010581,1.052,0.2,0.003535,1.0346,0.1,0.003527,1.0381,0.017675,1.046
2010-08-31,1742.75,-4.37,0.8,-0.006225,1.0337,0.4,-0.006248,1.0455,0.8,-0.002875,1.0317,0.4,-0.002883,1.0351,-0.009874,1.0356
2010-09-01,1764.69,-3.16,0.7,0.009921,1.044,0.4,0.01004,1.056,0.8,0.010071,1.042,0.4,0.01004,1.0455,0.012589,1.0487
2010-09-02,1775.73,-2.81,0.5,0.004079,1.0482,0.2,0.004373,1.0606,0.8,0.005005,1.0473,0.4,0.004973,1.0507,0.006256,1.0552
2010-09-03,1780.02,-2.36,0.3,0.000908,1.0492,0.1,0.00065,1.0613,0.8,0.001933,1.0493,0.4,0.001901,1.0527,0.002416,1.0578
2010-09-06,1792.42,-1.36,0.2,0.00194,1.0512,0.1,0.001385,1.0627,0.8,0.005573,1.0551,0.4,0.005541,1.0585,0.006966,1.0652
2010-09-07,1787.74,-1.68,0.1,-0.000672,1.0505,0.0,-0.00083,1.0619,0.1,-0.003139,1.0518,0.0,-0.003321,1.055,-0.002611,1.0624
2010-09-08,1779.22,-1.8,0.2,-0.000627,1.0499,0.0,0.0,1.0619,0.1,-0.000477,1.0513,0.0,0.0,1.055,-0.004766,1.0573
2010-09-09,1784.36,-1.1,0.3,0.000428,1.0503,0.0,0.0,1.0619,0.1,0.000289,1.0516,0.0,0.0,1.055,0.002889,1.0604
2010-09-10,1802.58,0.76,0.4,0.002913,1.0534,0.1,-0.0003,1.0615,0.1,0.001021,1.0527,0.0,0.0,1.055,0.010211,1.0712
2010-09-13,1818.86,1.23,0.6,0.003313,1.0569,0.2,0.001498,1.0631,0.1,0.000903,1.0536,0.0,0.0,1.055,0.009031,1.0809
2010-09-14,1815.25,0.08,0.7,-0.001341,1.0555,0.4,-0.00141,1.0616,0.7,-0.001098,1.0525,0.4,-0.0012,1.0538,-0.001985,1.0787
2010-09-15,1823.88,-1.45,0.8,0.003178,1.0588,0.5,0.003472,1.0653,0.7,0.003328,1.056,0.4,0.003772,1.0577,0.004754,1.0839
2010-09-16,1811.85,1.15,0.8,-0.005277,1.0532,0.5,-0.006636,1.0582,0.7,-0.004617,1.0511,0.4,-0.005308,1.0521,-0.006596,1.0767
2010-09-17,1827.35,-0.49,0.9,0.006694,1.0603,0.6,0.008215,1.0669,0.7,0.005988,1.0574,0.4,0.006812,1.0593,0.008555,1.0859
2010-09-20,1832.63,-1.15,0.8,0.00245,1.0629,0.5,0.00312,1.0703,0.7,0.002023,1.0595,0.4,0.00228,1.0617,0.002889,1.0891
2010-09-24,1846.6,-1.57,0.7,0.005948,1.0692,0.4,0.007283,1.0781,0.7,0.005336,1.0652,0.4,0.006067,1.0681,0.007623,1.0974
2010-09-27,1860.83,-2.1,0.6,0.005244,1.0748,0.3,0.005833,1.0844,0.7,0.005394,1.0709,0.4,0.006133,1.0747,0.007706,1.1058
2010-09-28,1855.97,-0.25,0.6,-0.001567,1.0731,0.3,-0.001591,1.0826,0.6,-0.001978,1.0688,0.3,-0.002421,1.0721,-0.002612,1.1029
2010-09-29,1866.45,0.28,0.6,0.003388,1.0767,0.2,0.003064,1.0859,0.6,0.003388,1.0725,0.3,0.003364,1.0757,0.005647,1.1092
2010-09-30,1872.81,1.42,0.6,0.002045,1.079,0.2,0.001347,1.0874,0.6,0.002045,1.0746,0.3,0.002021,1.0779,0.003408,1.1129
2010-10-01,1876.73,1.47,0.7,0.001106,1.0801,0.4,0.000221,1.0876,0.6,0.001256,1.076,0.3,0.001232,1.0792,0.002093,1.1153
2010-10-04,1879.29,-0.33,0.8,0.000805,1.081,0.6,0.00046,1.0881,0.6,0.000818,1.0769,0.3,0.000795,1.0801,0.001364,1.1168
2010-10-05,1878.94,-2.22,0.9,-0.000299,1.0807,0.7,-0.000571,1.0875,0.9,-0.000562,1.0763,0.7,-0.001336,1.0786,-0.000186,1.1166
2010-10-06,1903.95,0.18,0.8,0.01183,1.0935,0.6,0.018279,1.1074,0.9,0.01198,1.0892,0.7,0.018579,1.0986,0.013311,1.1314
2010-10-07,1900.85,-0.02,0.8,-0.001303,1.092,0.6,-0.002001,1.1052,0.9,-0.001465,1.0876,0.7,-0.002335,1.0961,-0.001628,1.1296
2010-10-08,1897.07,1.54,0.8,-0.001591,1.0903,0.5,-0.002734,1.1022,0.9,-0.00179,1.0856,0.7,-0.00284,1.093,-0.001989,1.1273
2010-10-11,1889.91,1.12,0.8,-0.003019,1.087,0.5,-0.003814,1.098,0.9,-0.003397,1.0819,0.7,-0.005339,1.0871,-0.003774,1.1231
2010-10-12,1868.04,2.9,0.8,-0.009258,1.077,0.6,-0.011912,1.0849,0.8,-0.010565,1.0705,0.6,-0.016556,1.0691,-0.011572,1.1101
2010-10-13,1876.15,2.18,1.0,0.003173,1.0804,0.8,0.004562,1.0898,0.8,0.003473,1.0742,0.6,0.005162,1.0747,0.004341,1.1149
2010-10-14,1899.76,2.31,1.0,0.012584,1.094,0.9,0.019771,1.1114,0.8,0.010067,1.085,0.6,0.015054,1.0908,0.012584,1.1289
2010-10-15,1902.29,3.0,1.0,0.001332,1.0954,1.0,0.002026,1.1136,0.8,0.001065,1.0862,0.6,0.00155,1.0925,0.001332,1.1305
2010-10-18,1875.42,2.59,1.0,-0.014125,1.08,1.0,-0.02833,1.0821,0.8,-0.0113,1.0739,0.6,-0.016998,1.074,-0.014125,1.1145
2010-10-19,1857.32,-0.21,1.0,-0.009651,1.0695,1.0,-0.019382,1.0611,1.0,-0.008021,1.0653,1.0,-0.012829,1.0602,-0.009651,1.1037
2010-10-20,1870.44,-0.07,1.0,0.007064,1.0771,0.9,0.013749,1.0757,1.0,0.007064,1.0728,1.0,0.014049,1.0751,0.007064,1.1115
2010-10-21,1874.69,-1.95,0.9,0.002122,1.0794,0.8,0.003719,1.0797,1.0,0.002272,1.0753,1.0,0.004465,1.0799,0.002272,1.1141
2010-10-22,1897.31,-2.92,0.8,0.010709,1.0909,0.6,0.018642,1.0998,1.0,0.012066,1.0882,1.0,0.024053,1.1058,0.012066,1.1275
2010-10-25,1915.71,-2.11,0.6,0.007458,1.0991,0.4,0.01099,1.1119,1.0,0.009698,1.0988,1.0,0.019317,1.1272,0.009698,1.1384
2010-10-26,1919.41,-4.36,0.5,0.001009,1.1002,0.2,0.000913,1.1129,0.5,0.001181,1.1001,0.2,0.001383,1.1288,0.001931,1.1406
2010-10-27,1909.54,-3.48,0.3,-0.002871,1.097,0.1,-0.002373,1.1103,0.5,-0.002571,1.0973,0.2,-0.002073,1.1264,-0.005142,1.1348
2010-10-28,1907.87,-3.48,0.1,-0.000562,1.0964,0.0,-0.000483,1.1098,0.5,-0.000437,1.0968,0.2,-0.000366,1.126,-0.000875,1.1338
2010-10-29,1882.95,-0.78,0.1,-0.001306,1.095,0.0,0.0,1.1098,0.5,-0.006531,1.0896,0.2,-0.005241,1.1201,-0.013062,1.119
2010-11-01,1914.74,-4.19,0.2,0.001538,1.0967,0.1,-0.0003,1.1094,0.5,0.008442,1.0988,0.2,0.006737,1.1277,0.016883,1.1379
2010-11-02,1918.04,-3.61,0.1,0.000195,1.0969,0.1,0.000337,1.1098,0.1,0.000262,1.0991,0.1,0.000374,1.1281,0.001723,1.1398
2010-11-03,1935.97,-2.84,0.1,0.000935,1.0979,0.1,0.001862,1.1119,0.1,0.000935,1.1001,0.1,0.001862,1.1302,0.009348,1.1505
2010-11-04,1942.5,-4.7,0.1,0.000337,1.0983,0.1,0.000667,1.1126,0.1,0.000337,1.1005,0.1,0.000667,1.1309,0.003373,1.1543
2010-11-05,1938.96,-5.79,0.1,-0.000182,1.0981,0.1,-0.000372,1.1122,0.1,-0.000182,1.1003,0.1,-0.000372,1.1305,-0.001822,1.1522
2010-11-08,1942.41,-7.17,0.0,2.8e-05,1.0981,0.0,4.8e-05,1.1122,0.1,0.000178,1.1005,0.1,0.000348,1.1309,0.001779,1.1543
2010-11-09,1947.46,-6.98,0.0,0.0,1.0981,0.0,0.0,1.1122,0.0,0.00011,1.1006,0.0,0.000212,1.1311,0.0026,1.1573
2010-11-10,1967.85,-6.28,0.0,0.0,1.0981,0.0,0.0,1.1122,0.0,0.0,1.1006,0.0,0.0,1.1311,0.01047,1.1694
2010-11-11,1914.73,-6.21,0.0,0.0,1.0981,0.0,0.0,1.1122,0.0,0.0,1.1006,0.0,0.0,1.1311,-0.026994,1.1378
2010-11-12,1913.12,-5.48,0.0,0.0,1.0981,0.0,0.0,1.1122,0.0,0.0,1.1006,0.0,0.0,1.1311,-0.000841,1.1369
2010-11-15,1913.81,-5.19,0.0,0.0,1.0981,0.0,0.0,1.1122,0.0,0.0,1.1006,0.0,0.0,1.1311,0.000361,1.1373
2010-11-16,1899.13,-4.41,0.0,0.0,1.0981,0.0,0.0,1.1122,0.0,0.0,1.1006,0.0,0.0,1.1311,-0.007671,1.1286
2010-11-17,1897.11,-6.13,0.0,0.0,1.0981,0.0,0.0,1.1122,0.0,0.0,1.1006,0.0,0.0,1.1311,-0.001064,1.1274
2010-11-18,1927.86,-6.05,0.0,0.0,1.0981,0.0,0.0,1.1122,0.0,0.0,1.1006,0.0,0.0,1.1311,0.016209,1.1456
2010-11-19,1940.96,-4.0,0.0,0.0,1.0981,0.0,0.0,1.1122,0.0,0.0,1.1006,0.0,0.0,1.1311,0.006795,1.1534
2010-11-22,1944.34,-3.73,0.0,0.0,1.0981,0.0,0.0,1.1122,0.0,0.0,1.1006,0.0,0.0,1.1311,0.001741,1.1554
2010-11-23,1928.94,-5.95,0.0,0.0,1.0981,0.0,0.0,1.1122,0.0,0.0,1.1006,0.0,0.0,1.1311,-0.00792,1.1463
2010-11-24,1925.98,-5.15,0.0,0.0,1.0981,0.0,0.0,1.1122,0.0,0.0,1.1006,0.0,0.0,1.1311,-0.001535,1.1445
2010-11-25,1927.68,-3.05,0.0,0.0,1.0981,0.0,0.0,1.1122,0.0,0.0,1.1006,0.0,0.0,1.1311,0.000883,1.1455
2010-11-26,1901.8,-1.12,0.0,0.0,1.0981,0.0,0.0,1.1122,0.0,0.0,1.1006,0.0,0.0,1.1311,-0.013425,1.1302
2010-11-29,1895.54,-1.69,0.1,-0.00015,1.0979,0.0,0.0,1.1122,0.0,0.0,1.1006,0.0,0.0,1.1311,-0.003292,1.1264
2010-11-30,1904.63,-0.99,0.2,0.00033,1.0983,0.0,0.0,1.1122,0.2,-0.0003,1.1003,0.0,0.0,1.1311,0.004795,1.1318
2010-12-01,1929.32,-1.77,0.3,0.002443,1.101,0.1,-0.0003,1.1119,0.2,0.002593,1.1031,0.0,0.0,1.1311,0.012963,1.1465
2010-12-02,1950.26,0.01,0.4,0.003106,1.1044,0.1,0.002163,1.1143,0.2,0.002171,1.1055,0.0,0.0,1.1311,0.010854,1.159
2010-12-03,1957.26,1.38,0.6,0.001136,1.1056,0.2,0.00041,1.1148,0.2,0.000718,1.1063,0.0,0.0,1.1311,0.003589,1.1631
2010-12-06,1953.64,1.48,0.7,-0.00126,1.1043,0.3,-0.001056,1.1136,0.2,-0.00037,1.1059,0.0,0.0,1.1311,-0.00185,1.161
2010-12-07,1962.52,-1.14,0.8,0.003032,1.1076,0.5,0.002103,1.1159,0.8,9e-06,1.1059,0.5,-0.0015,1.1294,0.004545,1.1662
2010-12-08,1955.72,-0.09,0.8,-0.002772,1.1045,0.5,-0.003505,1.112,0.8,-0.002772,1.1029,0.5,-0.003505,1.1255,-0.003465,1.1622
2010-12-09,1988.96,-1.77,0.9,0.013447,1.1194,0.6,0.016657,1.1305,0.8,0.013597,1.1179,0.5,0.016957,1.1446,0.016996,1.182
2010-12-10,1986.14,-2.53,0.8,-0.001426,1.1178,0.5,-0.002049,1.1282,0.8,-0.001134,1.1166,0.5,-0.001458,1.1429,-0.001418,1.1803
2010-12-13,1996.59,-3.59,0.6,0.003909,1.1222,0.3,0.004622,1.1334,0.8,0.004209,1.1213,0.5,0.005222,1.1489,0.005261,1.1865
2010-12-14,2009.05,-3.97,0.4,0.003444,1.126,0.1,0.003121,1.137,0.4,0.004393,1.1262,0.1,0.005001,1.1546,0.006241,1.1939
2010-12-15,2017.48,-1.09,0.3,0.001528,1.1277,0.1,0.000831,1.1379,0.4,0.001678,1.1281,0.1,0.000831,1.1556,0.004196,1.1989
2010-12-16,2009.24,-3.0,0.2,-0.001375,1.1262,0.0,-0.001125,1.1366,0.4,-0.001634,1.1263,0.1,-0.000825,1.1546,-0.004084,1.194
2010-12-17,2026.3,-3.65,0.1,0.001548,1.1279,0.0,0.0,1.1366,0.4,0.003396,1.1301,0.1,0.00169,1.1566,0.008491,1.2041
2010-12-20,2020.28,-2.77,0.1,-0.000297,1.1276,0.0,0.0,1.1366,0.4,-0.001188,1.1287,0.1,-0.000602,1.1559,-0.002971,1.2006
2010-12-21,2037.09,-6.02,0.1,0.000832,1.1285,0.0,0.0,1.1366,0.1,0.002878,1.132,0.0,0.001356,1.1574,0.008321,1.2106
2010-12-22,2038.11,-4.37,0.1,5e-05,1.1286,0.0,0.0,1.1366,0.1,5e-05,1.1321,0.0,0.0,1.1574,0.000501,1.2112
2010-12-23,2037.53,-3.92,0.0,-0.000178,1.1284,0.0,0.0,1.1366,0.1,-2.8e-05,1.132,0.0,0.0,1.1574,-0.000285,1.2108
2010-12-24,2029.6,-2.39,0.0,0.0,1.1284,0.0,0.0,1.1366,0.1,-0.000389,1.1316,0.0,0.0,1.1574,-0.003892,1.2061
2010-12-27,2022.19,-5.72,0.1,-0.00015,1.1282,0.0,0.0,1.1366,0.1,-0.000365,1.1312,0.0,0.0,1.1574,-0.003651,1.2017
2010-12-28,2033.32,-7.04,0.0,0.0004,1.1287,0.0,0.0,1.1366,0.0,0.0004,1.1316,0.0,0.0,1.1574,0.005504,1.2083
2010-12-29,2043.49,-7.79,0.0,0.0,1.1287,0.0,0.0,1.1366,0.0,0.0,1.1316,0.0,0.0,1.1574,0.005002,1.2144
2010-12-30,2051.0,-6.75,0.0,0.0,1.1287,0.0,0.0,1.1366,0.0,0.0,1.1316,0.0,0.0,1.1574,0.003675,1.2188
2011-01-03,2070.08,-8.34,0.0,0.0,1.1287,0.0,0.0,1.1366,0.0,0.0,1.1316,0.0,0.0,1.1574,0.009303,1.2302
2011-01-04,2085.14,-7.88,0.0,0.0,1.1287,0.0,0.0,1.1366,0.0,0.0,1.1316,0.0,0.0,1.1574,0.007275,1.2391
2011-01-05,2082.55,-6.45,0.0,0.0,1.1287,0.0,0.0,1.1366,0.0,0.0,1.1316,0.0,0.0,1.1574,-0.001242,1.2376
2011-01-06,2077.61,-6.23,0.0,0.0,1.1287,0.0,0.0,1.1366,0.0,0.0,1.1316,0.0,0.0,1.1574,-0.002372,1.2346
2011-01-07,2086.2,-6.14,0.0,0.0,1.1287,0.0,0.0,1.1366,0.0,0.0,1.1316,0.0,0.0,1.1574,0.004135,1.2397
2011-01-10,2080.81,-3.41,0.0,0.0,1.1287,0.0,0.0,1.1366,0.0,0.0,1.1316,0.0,0.0,1.1574,-0.002584,1.2365
2011-01-11,2088.32,-3.63,0.0,0.0,1.1287,0.0,0.0,1.1366,0.0,0.0,1.1316,0.0,0.0,1.1574,0.003609,1.241
2011-01-12,2094.95,-3.2,0.0,0.0,1.1287,0.0,0.0,1.1366,0.0,0.0,1.1316,0.0,0.0,1.1574,0.003175,1.2449
2011-01-13,2089.48,-2.04,0.0,0.0,1.1287,0.0,0.0,1.1366,0.0,0.0,1.1316,0.0,0.0,1.1574,-0.002611,1.2417
2011-01-14,2108.17,-1.84,0.1,-0.00015,1.1285,0.0,0.0,1.1366,0.0,0.0,1.1316,0.0,0.0,1.1574,0.008945,1.2528
2011-01-17,2099.85,-1.78,0.1,-0.000395,1.1281,0.0,0.0,1.1366,0.0,0.0,1.1316,0.0,0.0,1.1574,-0.003947,1.2479
2011-01-18,2096.48,-2.29,0.2,-0.00031,1.1277,0.0,0.0,1.1366,0.2,-0.0003,1.1313,0.0,0.0,1.1574,-0.001605,1.2459
2011-01-19,2115.69,-2.79,0.2,0.001833,1.1298,0.0,0.0,1.1366,0.2,0.001833,1.1334,0.0,0.0,1.1574,0.009163,1.2573
2011-01-20,2106.66,-2.79,0.3,-0.001004,1.1286,0.0,0.0,1.1366,0.2,-0.000854,1.1324,0.0,0.0,1.1574,-0.004268,1.2519
2011-01-21,2069.92,-4.22,0.2,-0.005382,1.1226,0.0,0.0,1.1366,0.2,-0.003488,1.1284,0.0,0.0,1.1574,-0.01744,1.2301
2011-01-24,2082.16,-4.01,0.1,0.001033,1.1237,0.0,0.0,1.1366,0.2,0.001183,1.1298,0.0,0.0,1.1574,0.005913,1.2373
2011-01-25,2086.67,-5.1,0.1,0.000217,1.124,0.0,0.0,1.1366,0.1,0.000283,1.1301,0.0,0.0,1.1574,0.002166,1.24
2011-01-26,2110.46,-3.84,0.0,0.00099,1.1251,0.0,0.0,1.1366,0.1,0.00114,1.1314,0.0,0.0,1.1574,0.011401,1.2542
2011-01-27,2115.01,-5.49,0.0,0.0,1.1251,0.0,0.0,1.1366,0.1,0.000216,1.1316,0.0,0.0,1.1574,0.002156,1.2569
2011-01-28,2107.87,-5.68,0.0,0.0,1.1251,0.0,0.0,1.1366,0.1,-0.000338,1.1312,0.0,0.0,1.1574,-0.003376,1.2526
2011-01-31,2069.73,-6.47,0.0,0.0,1.1251,0.0,0.0,1.1366,0.1,-0.001809,1.1292,0.0,0.0,1.1574,-0.018094,1.23
2011-02-01,2072.03,-5.58,0.0,0.0,1.1251,0.0,0.0,1.1366,0.0,-3.9e-05,1.1292,0.0,0.0,1.1574,0.001111,1.2313
2011-02-07,2081.74,-2.18,0.0,0.0,1.1251,0.0,0.0,1.1366,0.0,0.0,1.1292,0.0,0.0,1.1574,0.004686,1.2371
2011-02-08,2069.7,-5.65,0.0,0.0,1.1251,0.0,0.0,1.1366,0.0,0.0,1.1292,0.0,0.0,1.1574,-0.005784,1.2299
2011-02-09,2045.58,-4.98,0.0,0.0,1.1251,0.0,0.0,1.1366,0.0,0.0,1.1292,0.0,0.0,1.1574,-0.011654,1.2156
2011-02-10,2008.5,-5.55,0.0,0.0,1.1251,0.0,0.0,1.1366,0.0,0.0,1.1292,0.0,0.0,1.1574,-0.018127,1.1936
2011-02-11,1977.19,-2.31,0.0,0.0,1.1251,0.0,0.0,1.1366,0.0,0.0,1.1292,0.0,0.0,1.1574,-0.015589,1.175
2011-02-14,2014.59,-1.33,0.1,-0.00015,1.1249,0.0,0.0,1.1366,0.0,0.0,1.1292,0.0,0.0,1.1574,0.018916,1.1972
2011-02-15,2010.52,-2.66,0.1,-0.000202,1.1247,0.0,0.0,1.1366,0.1,-0.00015,1.129,0.0,0.0,1.1574,-0.00202,1.1948
2011-02-16,1989.11,-4.7,0.2,-0.001215,1.1233,0.0,0.0,1.1366,0.1,-0.001065,1.1278,0.0,0.0,1.1574,-0.010649,1.182
2011-02-17,1977.22,-5.11,0.2,-0.001196,1.122,0.0,0.0,1.1366,0.1,-0.000598,1.1271,0.0,0.0,1.1574,-0.005978,1.175
2011-02-18,2013.14,-4.63,0.2,0.003633,1.1261,0.0,0.0,1.1366,0.1,0.001817,1.1292,0.0,0.0,1.1574,0.018167,1.1963
2011-02-21,2005.3,-3.95,0.1,-0.000929,1.125,0.0,0.0,1.1366,0.1,-0.000389,1.1287,0.0,0.0,1.1574,-0.003894,1.1917
2011-02-22,1969.92,-2.65,0.0,-0.001914,1.1229,0.0,0.0,1.1366,0.0,-0.001914,1.1266,0.0,0.0,1.1574,-0.017643,1.1706
2011-02-23,1961.63,-2.71,0.0,0.0,1.1229,0.0,0.0,1.1366,0.0,0.0,1.1266,0.0,0.0,1.1574,-0.004208,1.1657
2011-02-24,1949.88,-3.15,0.0,0.0,1.1229,0.0,0.0,1.1366,0.0,0.0,1.1266,0.0,0.0,1.1574,-0.00599,1.1587
2011-02-25,1963.43,-1.77,0.0,0.0,1.1229,0.0,0.0,1.1366,0.0,0.0,1.1266,0.0,0.0,1.1574,0.006949,1.1668
2011-02-28,1939.3,0.42,0.1,-0.00015,1.1227,0.0,0.0,1.1366,0.0,0.0,1.1266,0.0,0.0,1.1574,-0.01229,1.1524
2011-03-02,1928.24,-1.11,0.3,-0.00087,1.1217,0.1,-0.0003,1.1363,0.0,0.0,1.1266,0.0,0.0,1.1574,-0.005703,1.1459
2011-03-03,1970.66,2.11,0.4,0.00645,1.1289,0.2,0.004092,1.141,0.0,0.0,1.1266,0.0,0.0,1.1574,0.021999,1.1711
2011-03-04,2004.68,-0.07,0.6,0.006605,1.1364,0.4,0.006289,1.1481,0.0,0.0,1.1266,0.0,0.0,1.1574,0.017263,1.1913
2011-03-07,1980.27,0.23,0.8,-0.007606,1.1278,0.5,-0.010073,1.1366,0.0,0.0,1.1266,0.0,0.0,1.1574,-0.012177,1.1768
2011-03-08,1996.32,-0.36,0.9,0.006334,1.1349,0.6,0.007765,1.1454,0.9,-0.00135,1.125,0.6,-0.0018,1.1554,0.008105,1.1863
2011-03-09,2001.47,1.38,0.8,0.002172,1.1374,0.5,0.002748,1.1485,0.9,0.002322,1.1276,0.6,0.003048,1.1589,0.00258,1.1894
2011-03-10,1981.58,3.31,0.9,-0.0081,1.1282,0.7,-0.010577,1.1364,0.9,-0.008944,1.1176,0.6,-0.011973,1.145,-0.009938,1.1776
2011-03-11,1955.54,3.38,0.9,-0.011827,1.1148,0.7,-0.018453,1.1154,0.9,-0.011827,1.1043,0.6,-0.015817,1.1269,-0.013141,1.1621
2011-03-14,1971.23,4.21,1.0,0.007071,1.1227,0.8,0.010877,1.1276,0.9,0.007221,1.1123,0.6,0.00958,1.1377,0.008023,1.1714
2011-03-15,1923.92,5.37,1.0,-0.024,1.0958,0.9,-0.038764,1.0838,1.0,-0.02175,1.0881,0.9,-0.029748,1.1039,-0.024,1.1433
2011-03-16,1957.97,4.18,1.0,0.017698,1.1151,1.0,0.031485,1.118,1.0,0.017698,1.1074,0.9,0.031785,1.1389,0.017698,1.1635
2011-03-17,1959.03,6.19,1.0,0.000541,1.1157,1.0,0.001003,1.1191,1.0,0.000541,1.108,0.9,0.000903,1.14,0.000541,1.1642
2011-03-18,1981.13,6.58,1.0,0.011281,1.1283,1.0,0.022483,1.1443,1.0,0.011281,1.1205,0.9,0.020235,1.163,0.011281,1.1773
2011-03-21,2003.42,6.63,1.0,0.011251,1.141,1.0,0.022423,1.1699,1.0,0.011251,1.1331,0.9,0.020181,1.1865,0.011251,1.1905
2011-03-22,2013.66,6.96,1.0,0.005111,1.1469,1.0,0.010143,1.1818,1.0,0.005111,1.1389,1.0,0.008829,1.197,0.005111,1.1966
2011-03-23,2012.18,5.85,1.0,-0.000735,1.146,1.0,-0.001549,1.1799,1.0,-0.000735,1.138,1.0,-0.001549,1.1951,-0.000735,1.1958
2011-03-24,2036.78,6.17,1.0,0.012226,1.16,1.0,0.024372,1.2087,1.0,0.012226,1.152,1.0,0.024372,1.2243,0.012226,1.2104
2011-03-25,2054.04,6.1,1.0,0.008474,1.1699,1.0,0.016869,1.2291,1.0,0.008474,1.1617,1.0,0.016869,1.2449,0.008474,1.2206
2011-03-28,2056.39,5.85,1.0,0.001144,1.1712,1.0,0.002209,1.2318,1.0,0.001144,1.163,1.0,0.002209,1.2477,0.001144,1.222
2011-03-29,2072.13,6.1,1.0,0.007654,1.1802,1.0,0.015229,1.2506,1.0,0.007654,1.1719,1.0,0.015229,1.2667,0.007654,1.2314
2011-03-30,2091.38,5.01,1.0,0.00929,1.1911,1.0,0.018501,1.2737,1.0,0.00929,1.1828,1.0,0.018501,1.2901,0.00929,1.2428
2011-03-31,2106.7,4.44,1.0,0.007325,1.1999,1.0,0.014571,1.2923,1.0,0.007325,1.1915,1.0,0.014571,1.3089,0.007325,1.2519
2011-04-01,2121.01,2.64,1.0,0.006793,1.208,1.0,0.013506,1.3097,1.0,0.006793,1.1996,1.0,0.013506,1.3266,0.006793,1.2604
2011-04-04,2115.87,4.3,1.0,-0.002423,1.2051,1.0,-0.004926,1.3033,1.0,-0.002423,1.1967,1.0,-0.004926,1.32,-0.002423,1.2574
2011-04-05,2130.43,5.12,1.0,0.006881,1.2134,1.0,0.013683,1.3211,1.0,0.006881,1.2049,1.0,0.013683,1.3381,0.006881,1.266
2011-04-06,2126.71,7.08,1.0,-0.001746,1.2112,1.0,-0.003572,1.3164,1.0,-0.001746,1.2028,1.0,-0.003572,1.3333,-0.001746,1.2638
2011-04-07,2122.14,5.32,1.0,-0.002149,1.2086,1.0,-0.004377,1.3106,1.0,-0.002149,1.2002,1.0,-0.004377,1.3275,-0.002149,1.2611
2011-04-08,2127.97,5.6,1.0,0.002747,1.212,1.0,0.005415,1.3177,1.0,0.002747,1.2035,1.0,0.005415,1.3347,0.002747,1.2646
2011-04-11,2122.39,6.85,1.0,-0.002622,1.2088,1.0,-0.005324,1.3107,1.0,-0.002622,1.2004,1.0,-0.005324,1.3276,-0.002622,1.2612
2011-04-12,2089.4,5.44,1.0,-0.015544,1.19,1.0,-0.031167,1.2698,1.0,-0.015544,1.1817,1.0,-0.031167,1.2862,-0.015544,1.2416
2011-04-13,2121.92,4.04,1.0,0.015564,1.2085,1.0,0.031049,1.3093,1.0,0.015564,1.2001,1.0,0.031049,1.3261,0.015564,1.261
2011-04-14,2141.06,3.16,1.0,0.00902,1.2194,1.0,0.017961,1.3328,1.0,0.00902,1.2109,1.0,0.017961,1.3499,0.00902,1.2723
2011-04-15,2140.5,0.19,1.0,-0.000262,1.2191,1.0,-0.000602,1.332,1.0,-0.000262,1.2106,1.0,-0.000602,1.3491,-0.000262,1.272
2011-04-18,2137.72,2.3,1.0,-0.001299,1.2175,0.9,-0.002977,1.328,1.0,-0.001299,1.209,1.0,-0.002677,1.3455,-0.001299,1.2704
2011-04-19,2122.68,-0.28,1.0,-0.007036,1.209,0.9,-0.012735,1.3111,1.0,-0.007036,1.2005,0.9,-0.01445,1.3261,-0.007036,1.2614
2011-04-20,2169.91,-0.28,1.0,0.02225,1.2359,0.8,0.039679,1.3631,1.0,0.02225,1.2273,0.9,0.039979,1.3791,0.02225,1.2895
2011-04-21,2198.54,0.01,0.9,0.013044,1.252,0.7,0.020747,1.3914,1.0,0.013194,1.2434,0.9,0.023678,1.4117,0.013194,1.3065
2011-04-22,2197.82,-2.1,0.9,-0.000295,1.2516,0.6,-0.000814,1.3903,1.0,-0.000327,1.243,0.9,-0.000661,1.4108,-0.000327,1.3061
2011-04-25,2216.0,-4.0,0.8,0.007295,1.2607,0.5,0.009579,1.4036,1.0,0.008272,1.2533,0.9,0.014818,1.4317,0.008272,1.3169
2011-04-26,2206.3,-0.98,0.6,-0.003802,1.2559,0.3,-0.005017,1.3966,0.6,-0.004977,1.2471,0.3,-0.00975,1.4178,-0.004377,1.3111
2011-04-27,2206.7,-0.79,0.5,-4.1e-05,1.2559,0.2,-0.000215,1.3963,0.6,0.000109,1.2472,0.3,8.5e-05,1.4179,0.000181,1.3113
2011-04-28,2208.35,-0.21,0.5,0.000374,1.2564,0.2,0.000283,1.3967,0.6,0.000449,1.2478,0.3,0.000425,1.4185,0.000748,1.3123
2011-04-29,2192.36,0.38,0.5,-0.00362,1.2518,0.2,-0.002912,1.3926,0.6,-0.004344,1.2424,0.3,-0.004368,1.4123,-0.007241,1.3028
2011-05-02,2228.96,-0.62,0.6,0.008197,1.2621,0.3,0.006362,1.4014,0.6,0.010017,1.2548,0.3,0.009993,1.4264,0.016694,1.3246
2011-05-03,2200.73,1.46,0.8,-0.007899,1.2521,0.4,-0.007923,1.3903,0.8,-0.007899,1.2449,0.4,-0.007923,1.4151,-0.012665,1.3078
2011-05-04,2180.64,1.02,0.8,-0.007303,1.243,0.5,-0.007635,1.3797,0.8,-0.007303,1.2358,0.4,-0.007335,1.4047,-0.009129,1.2959
2011-05-06,2147.45,0.61,0.9,-0.012326,1.2276,0.6,-0.01556,1.3583,0.8,-0.012176,1.2207,0.4,-0.012208,1.3876,-0.01522,1.2761
2011-05-09,2139.17,1.54,0.9,-0.00347,1.2234,0.7,-0.004975,1.3515,0.8,-0.003085,1.217,0.4,-0.003116,1.3832,-0.003856,1.2712
2011-05-11,2166.63,-0.54,0.9,0.011553,1.2375,0.7,0.017916,1.3757,0.8,0.010269,1.2295,0.4,0.010238,1.3974,0.012837,1.2875
2011-05-12,2122.65,-3.03,0.9,-0.018269,1.2149,0.7,-0.028474,1.3365,0.8,-0.016239,1.2095,0.4,-0.016271,1.3747,-0.020299,1.2614
2011-05-13,2120.08,-1.2,0.7,-0.00139,1.2132,0.6,-0.002051,1.3338,0.8,-0.000969,1.2083,0.4,-0.001,1.3733,-0.001211,1.2599
2011-05-16,2104.18,0.66,0.7,-0.00525,1.2068,0.4,-0.009647,1.3209,0.8,-0.006,1.2011,0.4,-0.006032,1.365,-0.0075,1.2504
2011-05-17,2102.41,2.83,0.7,-0.000589,1.2061,0.4,-0.000705,1.32,0.7,-0.000823,1.2001,0.4,-0.000705,1.364,-0.000841,1.2494
2011-05-18,2135.78,-1.47,0.7,0.011111,1.2195,0.4,0.012666,1.3367,0.7,0.011111,1.2134,0.4,0.012666,1.3813,0.015872,1.2692
2011-05-19,2095.51,-1.98,0.6,-0.013348,1.2033,0.4,-0.015116,1.3165,0.7,-0.013198,1.1974,0.4,-0.015116,1.3604,-0.018855,1.2453
2011-05-20,2111.5,-3.14,0.7,0.004428,1.2086,0.4,0.006073,1.3245,0.7,0.005341,1.2038,0.4,0.006073,1.3687,0.007631,1.2548
2011-05-23,2055.71,-0.73,0.6,-0.018645,1.1861,0.4,-0.021169,1.2965,0.7,-0.018495,1.1816,0.4,-0.021169,1.3397,-0.026422,1.2216
2011-05-24,2061.76,-0.01,0.5,0.001616,1.188,0.3,0.002023,1.2991,0.5,0.00176,1.1836,0.3,0.002023,1.3424,0.002943,1.2252
2011-05-25,2035.87,2.42,0.5,-0.006279,1.1805,0.2,-0.007858,1.2889,0.5,-0.006279,1.1762,0.3,-0.007558,1.3323,-0.012557,1.2098
2011-05-26,2091.91,2.96,0.6,0.013613,1.1966,0.4,0.010395,1.3023,0.5,0.013763,1.1924,0.3,0.016492,1.3543,0.027526,1.2431
2011-05-27,2100.24,2.58,0.7,0.002239,1.1993,0.6,0.002554,1.3056,0.5,0.001991,1.1948,0.3,0.002365,1.3575,0.003982,1.2481
2011-05-30,2093.79,3.08,0.9,-0.00245,1.1963,0.8,-0.004333,1.3,0.5,-0.001536,1.1929,0.3,-0.001866,1.3549,-0.003071,1.2443
2011-05-31,2142.47,2.04,1.0,0.020775,1.2212,0.9,0.036836,1.3478,1.0,0.010875,1.2059,0.9,0.012126,1.3714,0.02325,1.2732
2011-06-01,2141.34,4.42,1.0,-0.000527,1.2205,1.0,-0.001321,1.3461,1.0,-0.000527,1.2053,0.9,-0.001021,1.37,-0.000527,1.2725
2011-06-02,2114.2,4.57,1.0,-0.012674,1.2051,1.0,-0.025428,1.3118,1.0,-0.012674,1.19,0.9,-0.022885,1.3386,-0.012674,1.2564
2011-06-03,2113.47,4.76,1.0,-0.000345,1.2046,1.0,-0.00077,1.3108,1.0,-0.000345,1.1896,0.9,-0.000693,1.3377,-0.000345,1.2559
2011-06-07,2099.71,7.3,1.0,-0.006511,1.1968,1.0,-0.013101,1.2936,1.0,-0.006511,1.1818,1.0,-0.012091,1.3215,-0.006511,1.2478
2011-06-08,2083.35,6.38,1.0,-0.007792,1.1875,1.0,-0.015662,1.2734,1.0,-0.007792,1.1726,1.0,-0.015662,1.3008,-0.007792,1.238
2011-06-09,2071.42,5.74,1.0,-0.005726,1.1807,1.0,-0.011532,1.2587,1.0,-0.005726,1.1659,1.0,-0.011532,1.2858,-0.005726,1.231
2011-06-10,2046.67,6.26,1.0,-0.011948,1.1666,1.0,-0.023976,1.2285,1.0,-0.011948,1.152,1.0,-0.023976,1.255,-0.011948,1.2163
2011-06-13,2048.74,6.05,1.0,0.001011,1.1677,1.0,0.001943,1.2309,1.0,0.001011,1.1531,1.0,0.001943,1.2574,0.001011,1.2175
2011-06-14,2076.83,3.89,1.0,0.013711,1.1838,1.0,0.027342,1.2646,1.0,0.013711,1.169,1.0,0.027342,1.2918,0.013711,1.2342
2011-06-15,2086.53,2.97,1.0,0.004671,1.1893,1.0,0.009262,1.2763,1.0,0.004671,1.1744,1.0,0.009262,1.3038,0.004671,1.2399
2011-06-16,2046.63,1.32,1.0,-0.019123,1.1665,1.0,-0.038325,1.2274,1.0,-0.019123,1.152,1.0,-0.038325,1.2538,-0.019123,1.2162
2011-06-17,2031.93,3.82,1.0,-0.007183,1.1582,1.0,-0.014444,1.2096,1.0,-0.007183,1.1437,1.0,-0.014444,1.2357,-0.007183,1.2075
2011-06-20,2019.65,4.83,1.0,-0.006044,1.1512,1.0,-0.012166,1.1949,1.0,-0.006044,1.1368,1.0,-0.012166,1.2207,-0.006044,1.2002
2011-06-21,2048.17,4.26,1.0,0.014121,1.1674,1.0,0.028163,1.2286,1.0,0.014121,1.1528,1.0,0.028163,1.255,0.014121,1.2171
2011-06-22,2063.9,3.86,1.0,0.00768,1.1764,1.0,0.015281,1.2473,1.0,0.00768,1.1617,1.0,0.015281,1.2742,0.00768,1.2265
2011-06-23,2055.86,3.53,1.0,-0.003896,1.1718,1.0,-0.00787,1.2375,1.0,-0.003896,1.1572,1.0,-0.00787,1.2642,-0.003896,1.2217
2011-06-24,2090.81,2.37,1.0,0.017,1.1917,1.0,0.033921,1.2795,1.0,0.017,1.1768,1.0,0.033921,1.3071,0.017,1.2425
2011-06-27,2070.29,3.68,1.0,-0.009814,1.18,1.0,-0.019708,1.2543,1.0,-0.009814,1.1653,1.0,-0.019708,1.2813,-0.009814,1.2303
2011-06-28,2062.91,3.54,1.0,-0.003565,1.1758,1.0,-0.007209,1.2452,1.0,-0.003565,1.1611,1.0,-0.007209,1.2721,-0.003565,1.2259
2011-06-29,2094.42,4.23,1.0,0.015275,1.1938,1.0,0.03047,1.2832,1.0,0.015275,1.1789,1.0,0.03047,1.3108,0.015275,1.2446
2011-06-30,2100.69,4.77,1.0,0.002994,1.1974,1.0,0.005908,1.2908,1.0,0.002994,1.1824,1.0,0.005908,1.3186,0.002994,1.2484
2011-07-01,2125.74,3.58,1.0,0.011925,1.2116,1.0,0.02377,1.3215,1.0,0.011925,1.1965,1.0,0.02377,1.3499,0.011925,1.2632
2011-07-04,2145.3,4.12,1.0,0.009202,1.2228,1.0,0.018324,1.3457,1.0,0.009202,1.2075,1.0,0.018324,1.3746,0.009202,1.2749
2011-07-05,2161.75,5.53,1.0,0.007668,1.2322,1.0,0.015256,1.3662,1.0,0.007668,1.2168,1.0,0.015256,1.3956,0.007668,1.2846
2011-07-06,2171.19,7.13,1.0,0.004367,1.2375,1.0,0.008654,1.378,1.0,0.004367,1.2221,1.0,0.008654,1.4077,0.004367,1.2902
2011-07-07,2180.59,7.39,1.0,0.004329,1.2429,1.0,0.008579,1.3898,1.0,0.004329,1.2274,1.0,0.008579,1.4198,0.004329,1.2958
2011-07-08,2180.35,7.77,1.0,-0.00011,1.2428,1.0,-0.000299,1.3894,1.0,-0.00011,1.2272,1.0,-0.000299,1.4194,-0.00011,1.2957
2011-07-11,2157.16,6.98,1.0,-0.010636,1.2295,1.0,-0.021351,1.3598,1.0,-0.010636,1.2142,1.0,-0.021351,1.389,-0.010636,1.2819
2011-07-12,2109.73,6.96,1.0,-0.021987,1.2025,1.0,-0.044054,1.2999,1.0,-0.021987,1.1875,1.0,-0.044054,1.3279,-0.021987,1.2537
2011-07-13,2129.64,7.94,1.0,0.009437,1.2139,1.0,0.018795,1.3243,1.0,0.009437,1.1987,1.0,0.018795,1.3528,0.009437,1.2656
2011-07-14,2130.07,7.47,1.0,0.000202,1.2141,1.0,0.000324,1.3247,1.0,0.000202,1.1989,1.0,0.000324,1.3532,0.000202,1.2658
2011-07-15,2145.2,7.91,1.0,0.007103,1.2227,1.0,0.014127,1.3434,1.0,0.007103,1.2074,1.0,0.014127,1.3724,0.007103,1.2748
2011-07-18,2130.48,7.8,1.0,-0.006862,1.2143,1.0,-0.013803,1.3249,1.0,-0.006862,1.1992,1.0,-0.013803,1.3534,-0.006862,1.2661
2011-07-19,2130.21,6.97,1.0,-0.000127,1.2142,1.0,-0.000333,1.3244,1.0,-0.000127,1.199,1.0,-0.000333,1.353,-0.000127,1.2659
2011-07-20,2154.95,5.17,1.0,0.011614,1.2283,1.0,0.023148,1.3551,1.0,0.011614,1.2129,1.0,0.023148,1.3843,0.011614,1.2806
2011-07-21,2145.04,4.87,1.0,-0.004599,1.2226,1.0,-0.009277,1.3425,1.0,-0.004599,1.2073,1.0,-0.009277,1.3715,-0.004599,1.2747
2011-07-22,2171.23,5.56,1.0,0.01221,1.2376,1.0,0.02434,1.3752,1.0,0.01221,1.2221,1.0,0.02434,1.4048,0.01221,1.2903
2011-07-25,2150.48,5.64,1.0,-0.009557,1.2257,1.0,-0.019193,1.3488,1.0,-0.009557,1.2104,1.0,-0.019193,1.3779,-0.009557,1.2779
2011-07-26,2168.7,6.08,1.0,0.008473,1.2361,1.0,0.016866,1.3716,1.0,0.008473,1.2207,1.0,0.016866,1.4011,0.008473,1.2888
2011-07-27,2174.31,6.51,1.0,0.002587,1.2393,1.0,0.005094,1.3786,1.0,0.002587,1.2238,1.0,0.005094,1.4082,0.002587,1.2921
2011-07-28,2155.85,7.97,1.0,-0.00849,1.2288,1.0,-0.017059,1.355,1.0,-0.00849,1.2134,1.0,-0.017059,1.3842,-0.00849,1.2811
2011-07-29,2133.21,6.84,1.0,-0.010502,1.2159,1.0,-0.021083,1.3265,1.0,-0.010502,1.2007,1.0,-0.021083,1.355,-0.010502,1.2677
2011-08-01,2172.31,6.87,1.0,0.018329,1.2382,1.0,0.036579,1.375,1.0,0.018329,1.2227,1.0,0.036579,1.4046,0.018329,1.2909
2011-08-02,2121.27,7.8,1.0,-0.023496,1.2091,1.0,-0.047071,1.3103,1.0,-0.023496,1.194,1.0,-0.047071,1.3385,-0.023496,1.2606
2011-08-03,2066.26,7.68,1.0,-0.025933,1.1777,1.0,-0.051945,1.2422,1.0,-0.025933,1.163,1.0,-0.051945,1.269,-0.025933,1.2279
2011-08-04,2018.47,8.57,1.0,-0.023129,1.1505,1.0,-0.046337,1.1846,1.0,-0.023129,1.1361,1.0,-0.046337,1.2102,-0.023129,1.1995
2011-08-05,1943.75,9.24,1.0,-0.037018,1.1079,1.0,-0.074116,1.0968,1.0,-0.037018,1.0941,1.0,-0.074116,1.1205,-0.037018,1.1551
2011-08-08,1869.45,9.68,1.0,-0.038225,1.0656,1.0,-0.07653,1.0129,1.0,-0.038225,1.0522,1.0,-0.07653,1.0347,-0.038225,1.1109
2011-08-09,1801.35,9.75,1.0,-0.036428,1.0267,1.0,-0.072935,0.939,1.0,-0.036428,1.0139,1.0,-0.072935,0.9593,-0.036428,1.0705
2011-08-10,1806.24,9.81,1.0,0.002715,1.0295,1.0,0.00535,0.9441,1.0,0.002715,1.0167,1.0,0.00535,0.9644,0.002715,1.0734
2011-08-11,1817.44,9.81,1.0,0.006201,1.0359,1.0,0.012322,0.9557,1.0,0.006201,1.023,1.0,0.012322,0.9763,0.006201,1.08
2011-08-12,1793.31,9.8,1.0,-0.013277,1.0222,1.0,-0.026633,0.9302,1.0,-0.013277,1.0094,1.0,-0.026633,0.9503,-0.013277,1.0657
2011-08-16,1879.87,9.8,1.0,0.048268,1.0715,1.0,0.096457,1.02,1.0,0.048268,1.0581,1.0,0.096457,1.0419,0.048268,1.1171
2011-08-17,1892.67,9.79,1.0,0.006809,1.0788,1.0,0.013539,1.0338,1.0,0.006809,1.0653,1.0,0.013539,1.056,0.006809,1.1247
2011-08-18,1860.58,9.8,1.0,-0.016955,1.0605,0.8,-0.034589,0.998,1.0,-0.016955,1.0472,1.0,-0.033989,1.0201,-0.016955,1.1057
2011-08-19,1744.88,9.77,0.7,-0.062635,0.9941,0.6,-0.100159,0.8981,1.0,-0.062185,0.9821,1.0,-0.124449,0.8932,-0.062185,1.0369
2011-08-22,1710.7,9.75,0.9,-0.014012,0.9801,0.6,-0.023554,0.8769,1.0,-0.019589,0.9629,1.0,-0.039257,0.8581,-0.019589,1.0166
2011-08-23,1776.68,9.76,0.7,0.034412,1.0139,0.4,0.045635,0.9169,0.7,0.038119,0.9996,0.4,0.075259,0.9227,0.038569,1.0558
2011-08-24,1754.78,9.76,0.7,-0.008628,1.0051,0.4,-0.009893,0.9078,0.7,-0.008628,0.991,0.4,-0.009893,0.9136,-0.012326,1.0428
2011-08-25,1764.58,9.75,0.7,0.003909,1.0091,0.4,0.004436,0.9119,0.7,0.003909,0.9948,0.4,0.004436,0.9176,0.005585,1.0486
2011-08-26,1778.95,9.73,0.6,0.005551,1.0147,0.2,0.005883,0.9172,0.7,0.005701,1.0005,0.4,0.006483,0.9236,0.008144,1.0572
2011-08-29,1829.5,9.74,0.6,0.017049,1.032,0.2,0.01135,0.9276,0.7,0.019891,1.0204,0.4,0.022701,0.9445,0.028416,1.0872
2011-08-30,1843.82,9.74,0.6,0.004696,1.0368,0.2,0.003115,0.9305,0.6,0.005329,1.0258,0.2,0.00563,0.9499,0.007827,1.0957
2011-08-31,1880.11,9.7,0.3,0.011359,1.0486,0.0,0.007257,0.9373,0.6,0.011809,1.038,0.2,0.007857,0.9573,0.019682,1.1173
2011-09-01,1880.7,9.73,0.3,9.4e-05,1.0487,0.0,0.0,0.9373,0.6,0.000188,1.0382,0.2,0.00011,0.9574,0.000314,1.1176
2011-09-02,1867.75,9.7,0.3,-0.002066,1.0465,0.0,0.0,0.9373,0.6,-0.004131,1.0339,0.2,-0.00277,0.9548,-0.006886,1.1099
2011-09-05,1785.83,9.69,0.3,-0.013158,1.0327,0.0,0.0,0.9373,0.6,-0.026316,1.0067,0.2,-0.01756,0.938,-0.04386,1.0612
2011-09-06,1766.71,9.64,0.6,-0.003662,1.029,0.2,-0.0006,0.9367,0.6,-0.006424,1.0002,0.2,-0.004298,0.934,-0.010707,1.0499
2011-09-07,1833.46,9.58,0.6,0.022669,1.0523,0.2,0.015097,0.9509,0.6,0.022669,1.0229,0.2,0.015097,0.9481,0.037782,1.0895
2011-09-08,1846.64,9.58,0.6,0.004313,1.0568,0.2,0.00286,0.9536,0.6,0.004313,1.0273,0.2,0.00286,0.9508,0.007189,1.0974
2011-09-09,1812.93,9.61,0.6,-0.010953,1.0453,0.2,-0.007318,0.9466,0.6,-0.010953,1.016,0.2,-0.007318,0.9438,-0.018255,1.0773
2011-09-14,1749.16,9.52,0.6,-0.021105,1.0232,0.2,-0.014086,0.9333,0.6,-0.021105,0.9946,0.2,-0.014086,0.9305,-0.035175,1.0395
2011-09-15,1774.08,9.35,0.6,0.008548,1.0319,0.2,0.005683,0.9386,0.6,0.008548,1.0031,0.2,0.005683,0.9358,0.014247,1.0543
2011-09-16,1840.1,9.5,0.6,0.022328,1.055,0.2,0.01487,0.9525,0.6,0.022328,1.0255,0.2,0.01487,0.9497,0.037214,1.0935
2011-09-19,1820.94,9.57,0.6,-0.006247,1.0484,0.2,-0.004181,0.9486,0.6,-0.006247,1.0191,0.2,-0.004181,0.9458,-0.010412,1.0821
2011-09-20,1837.97,9.38,0.6,0.005611,1.0543,0.2,0.003725,0.9521,0.6,0.005611,1.0248,0.2,0.003725,0.9493,0.009352,1.0922
2011-09-21,1854.28,9.32,0.6,0.005324,1.0599,0.2,0.003534,0.9555,0.6,0.005324,1.0302,0.2,0.003534,0.9526,0.008874,1.1019
2011-09-22,1800.55,9.35,0.3,-0.017836,1.041,0.0,-0.012206,0.9438,0.6,-0.017386,1.0123,0.2,-0.011606,0.9416,-0.028976,1.07
2011-09-23,1697.44,9.33,0.3,-0.01718,1.0231,0.0,0.0,0.9438,0.6,-0.03436,0.9775,0.2,-0.022922,0.92,-0.057266,1.0087
2011-09-26,1652.71,9.35,0.6,-0.008355,1.0145,0.2,-0.0006,0.9432,0.6,-0.015811,0.9621,0.2,-0.010556,0.9103,-0.026351,0.9821
2011-09-27,1735.71,9.57,0.6,0.030132,1.0451,0.2,0.020072,0.9622,0.6,0.030132,0.9911,0.2,0.020072,0.9286,0.050221,1.0315
2011-09-28,1723.09,9.47,0.6,-0.004362,1.0406,0.2,-0.002924,0.9593,0.6,-0.004362,0.9868,0.2,-0.002924,0.9259,-0.007271,1.024
2011-09-29,1769.29,9.23,0.6,0.016087,1.0573,0.2,0.010709,0.9696,0.6,0.016087,1.0026,0.2,0.010709,0.9358,0.026812,1.0514
2011-09-30,1769.65,9.37,0.6,0.000122,1.0574,0.2,6.6e-05,0.9697,0.6,0.000122,1.0028,0.2,6.6e-05,0.9358,0.000203,1.0516
2011-10-04,1706.19,9.35,0.6,-0.021516,1.0347,0.2,-0.01436,0.9558,0.6,-0.021516,0.9812,0.2,-0.01436,0.9224,-0.03586,1.0139
2011-10-05,1666.52,9.27,0.3,-0.0144,1.0198,0.0,-0.009916,0.9463,0.6,-0.01395,0.9675,0.2,-0.009316,0.9138,-0.023251,0.9903
2011-10-06,1710.32,9.38,0.6,0.007435,1.0274,0.2,-0.0006,0.9457,0.6,0.015769,0.9828,0.2,0.010497,0.9234,0.026282,1.0164
2011-10-07,1759.77,9.46,0.6,0.017348,1.0452,0.2,0.011549,0.9566,0.6,0.017348,0.9998,0.2,0.011549,0.9341,0.028913,1.0458
2011-10-10,1766.44,9.33,0.6,0.002274,1.0476,0.2,0.0015,0.9581,0.6,0.002274,1.0021,0.2,0.0015,0.9355,0.00379,1.0497
2011-10-11,1795.02,9.19,0.6,0.009708,1.0577,0.2,0.006456,0.9643,0.6,0.009708,1.0118,0.2,0.006456,0.9415,0.016179,1.0667
2011-10-12,1809.5,9.22,0.6,0.00484,1.0628,0.2,0.003211,0.9673,0.6,0.00484,1.0167,0.2,0.003211,0.9445,0.008067,1.0753
2011-10-13,1823.1,9.19,0.3,0.00406,1.0672,0.0,0.00239,0.9697,0.6,0.00451,1.0213,0.2,0.00299,0.9473,0.007516,1.0834
2011-10-14,1835.4,9.11,0.4,0.001874,1.0692,0.2,-0.0006,0.9691,0.6,0.004048,1.0254,0.2,0.002683,0.9499,0.006747,1.0907
2011-10-17,1865.18,9.14,0.6,0.00619,1.0758,0.4,0.005874,0.9748,0.6,0.009735,1.0354,0.2,0.006474,0.956,0.016225,1.1084
2011-10-18,1838.9,9.0,0.7,-0.008604,1.0665,0.6,-0.011904,0.9632,0.7,-0.008604,1.0265,0.6,-0.006852,0.9495,-0.01409,1.0928
2011-10-19,1855.92,8.96,0.9,0.006179,1.0731,0.8,0.010459,0.9732,0.7,0.006479,1.0331,0.6,0.011059,0.96,0.009256,1.1029
2011-10-20,1805.09,8.9,1.0,-0.024799,1.0465,1.0,-0.044484,0.9299,0.7,-0.019172,1.0133,0.6,-0.032913,0.9284,-0.027388,1.0727
2011-10-21,1838.38,8.8,1.0,0.018442,1.0658,1.0,0.036805,0.9642,0.7,0.01291,1.0264,0.6,0.022083,0.9489,0.018442,1.0925
2011-10-24,1898.32,8.69,1.0,0.032605,1.1006,1.0,0.06513,1.027,0.7,0.022823,1.0498,0.6,0.039078,0.986,0.032605,1.1281
2011-10-25,1888.65,8.99,1.0,-0.005094,1.0949,1.0,-0.010267,1.0164,1.0,-0.004016,1.0456,1.0,-0.00736,0.9787,-0.005094,1.1223
2011-10-26,1894.31,8.67,1.0,0.002997,1.0982,1.0,0.005914,1.0224,1.0,0.002997,1.0488,1.0,0.005914,0.9845,0.002997,1.1257
2011-10-27,1922.04,8.38,1.0,0.014639,1.1143,1.0,0.029198,1.0523,1.0,0.014639,1.0641,1.0,0.029198,1.0132,0.014639,1.1422
2011-10-28,1929.48,8.51,1.0,0.003871,1.1186,1.0,0.007662,1.0604,1.0,0.003871,1.0682,1.0,0.007662,1.021,0.003871,1.1466
2011-10-31,1909.03,8.44,1.0,-0.010599,1.1068,1.0,-0.021277,1.0378,1.0,-0.010599,1.0569,1.0,-0.021277,0.9993,-0.010599,1.1345
2011-11-01,1909.63,8.07,1.0,0.000314,1.1071,1.0,0.000549,1.0384,1.0,0.000314,1.0572,1.0,0.000549,0.9998,0.000314,1.1348
2011-11-02,1898.01,7.78,1.0,-0.006085,1.1004,1.0,-0.012249,1.0256,1.0,-0.006085,1.0508,1.0,-0.012249,0.9876,-0.006085,1.1279
2011-11-03,1869.96,7.91,1.0,-0.014779,1.0841,1.0,-0.029637,0.9952,1.0,-0.014779,1.0353,1.0,-0.029637,0.9583,-0.014779,1.1112
2011-11-04,1928.41,7.48,1.0,0.031257,1.118,1.0,0.062435,1.0574,1.0,0.031257,1.0676,1.0,0.062435,1.0181,0.031257,1.146
2011-11-07,1919.1,7.43,1.0,-0.004828,1.1126,1.0,-0.009735,1.0471,1.0,-0.004828,1.0625,1.0,-0.009735,1.0082,-0.004828,1.1404
2011-11-08,1903.14,7.04,1.0,-0.008316,1.1033,1.0,-0.016712,1.0296,1.0,-0.008316,1.0536,1.0,-0.016712,0.9914,-0.008316,1.131
2011-11-09,1907.53,6.64,1.0,0.002307,1.1059,1.0,0.004534,1.0343,1.0,0.002307,1.0561,1.0,0.004534,0.9959,0.002307,1.1336
2011-11-10,1813.25,7.14,1.0,-0.049425,1.0512,1.0,-0.09893,0.9319,1.0,-0.049425,1.0039,1.0,-0.09893,0.8974,-0.049425,1.0775
2011-11-11,1863.45,6.58,1.0,0.027685,1.0803,1.0,0.055291,0.9835,1.0,0.027685,1.0317,1.0,0.055291,0.947,0.027685,1.1074
2011-11-14,1902.81,6.58,1.0,0.021122,1.1032,1.0,0.042165,1.0249,1.0,0.021122,1.0535,1.0,0.042165,0.9869,0.021122,1.1308
2011-11-15,1886.12,6.38,1.0,-0.008771,1.0935,1.0,-0.017622,1.0069,1.0,-0.008771,1.0442,1.0,-0.017622,0.9695,-0.008771,1.1208
2011-11-16,1856.07,5.19,1.0,-0.015932,1.0761,1.0,-0.031944,0.9747,1.0,-0.015932,1.0276,1.0,-0.031944,0.9385,-0.015932,1.103
2011-11-17,1876.67,3.25,1.0,0.011099,1.088,1.0,0.022118,0.9963,1.0,0.011099,1.039,1.0,0.022118,0.9593,0.011099,1.1152
2011-11-18,1839.17,3.61,1.0,-0.019982,1.0663,1.0,-0.040044,0.9564,1.0,-0.019982,1.0182,1.0,-0.040044,0.9209,-0.019982,1.0929
2011-11-21,1820.03,3.64,1.0,-0.010407,1.0552,1.0,-0.020893,0.9364,1.0,-0.010407,1.0076,1.0,-0.020893,0.9016,-0.010407,1.0816
2011-11-22,1826.28,3.53,1.0,0.003434,1.0588,1.0,0.006789,0.9428,1.0,0.003434,1.0111,1.0,0.006789,0.9078,0.003434,1.0853
2011-11-23,1783.1,3.72,1.0,-0.023644,1.0338,1.0,-0.047367,0.8981,1.0,-0.023644,0.9872,1.0,-0.047367,0.8648,-0.023644,1.0596
2011-11-24,1795.06,2.64,1.0,0.006707,1.0407,1.0,0.013335,0.9101,1.0,0.006707,0.9938,1.0,0.013335,0.8763,0.006707,1.0667
2011-11-25,1776.4,2.14,1.0,-0.010395,1.0299,1.0,-0.02087,0.8911,1.0,-0.010395,0.9835,1.0,-0.02087,0.858,-0.010395,1.0556
2011-11-28,1815.28,1.99,1.0,0.021887,1.0524,1.0,0.043695,0.93,1.0,0.021887,1.005,1.0,0.043695,0.8955,0.021887,1.0787
2011-11-29,1856.52,2.54,1.0,0.022718,1.0763,1.0,0.045357,0.9722,1.0,0.022718,1.0278,1.0,0.045357,0.9361,0.022718,1.1033
2011-11-30,1847.51,3.29,1.0,-0.004853,1.0711,1.0,-0.009786,0.9627,1.0,-0.004853,1.0229,1.0,-0.009786,0.927,-0.004853,1.0979
2011-12-01,1916.18,2.68,1.0,0.037169,1.1109,1.0,0.074259,1.0342,1.0,0.037169,1.0609,1.0,0.074259,0.9958,0.037169,1.1387
2011-12-02,1916.04,4.57,1.0,-7.3e-05,1.1108,1.0,-0.000225,1.0339,1.0,-7.3e-05,1.0608,1.0,-0.000225,0.9956,-7.3e-05,1.1386
2011-12-05,1922.9,4.85,1.0,0.00358,1.1148,1.0,0.007081,1.0413,1.0,0.00358,1.0646,1.0,0.007081,1.0026,0.00358,1.1427
2011-12-06,1902.82,5.43,1.0,-0.010443,1.1032,1.0,-0.020964,1.0194,1.0,-0.010443,1.0535,1.0,-0.020964,0.9816,-0.010443,1.1308
2011-12-07,1919.42,6.11,1.0,0.008724,1.1128,1.0,0.017368,1.0371,1.0,0.008724,1.0627,1.0,0.017368,0.9987,0.008724,1.1406
2011-12-08,1912.39,5.96,1.0,-0.003663,1.1087,1.0,-0.007404,1.0295,1.0,-0.003663,1.0588,1.0,-0.007404,0.9913,-0.003663,1.1365
2011-12-09,1874.75,5.87,1.0,-0.019682,1.0869,1.0,-0.039444,0.9889,1.0,-0.019682,1.0379,1.0,-0.039444,0.9522,-0.019682,1.1141
2011-12-12,1899.76,5.14,1.0,0.01334,1.1014,1.0,0.026602,1.0152,1.0,0.01334,1.0518,1.0,0.026602,0.9775,0.01334,1.1289
2011-12-13,1864.06,4.91,1.0,-0.018792,1.0807,1.0,-0.037663,0.9769,1.0,-0.018792,1.032,1.0,-0.037663,0.9407,-0.018792,1.1077
2011-12-14,1857.75,4.98,1.0,-0.003385,1.077,1.0,-0.00685,0.9702,1.0,-0.003385,1.0285,1.0,-0.00685,0.9342,-0.003385,1.104
2011-12-15,1819.11,4.93,1.0,-0.020799,1.0546,1.0,-0.041678,0.9298,1.0,-0.020799,1.0071,1.0,-0.041678,0.8953,-0.020799,1.081
2011-12-16,1839.96,5.25,1.0,0.011462,1.0667,1.0,0.022844,0.951,1.0,0.011462,1.0187,1.0,0.022844,0.9157,0.011462,1.0934
2011-12-19,1776.93,4.87,1.0,-0.034256,1.0302,1.0,-0.068592,0.8858,1.0,-0.034256,0.9838,1.0,-0.068592,0.8529,-0.034256,1.056
2011-12-20,1793.06,4.12,1.0,0.009077,1.0395,1.0,0.018076,0.9018,1.0,0.009077,0.9927,1.0,0.018076,0.8683,0.009077,1.0655
2011-12-21,1848.41,4.77,1.0,0.030869,1.0716,1.0,0.061659,0.9574,1.0,0.030869,1.0233,1.0,0.061659,0.9219,0.030869,1.0984
2011-12-22,1847.49,4.76,1.0,-0.000498,1.0711,1.0,-0.001075,0.9564,1.0,-0.000498,1.0228,1.0,-0.001075,0.9209,-0.000498,1.0979
2011-12-23,1867.22,4.37,1.0,0.010679,1.0825,1.0,0.021279,0.9767,1.0,0.010679,1.0338,1.0,0.021279,0.9405,0.010679,1.1096
2011-12-26,1856.7,4.8,1.0,-0.005634,1.0764,1.0,-0.011347,0.9657,1.0,-0.005634,1.0279,1.0,-0.011347,0.9298,-0.005634,1.1034
2011-12-27,1842.02,4.07,1.0,-0.007907,1.0679,1.0,-0.015892,0.9503,1.0,-0.007907,1.0198,1.0,-0.015892,0.915,-0.007907,1.0946
2011-12-28,1825.12,3.09,1.0,-0.009175,1.0581,1.0,-0.018429,0.9328,1.0,-0.009175,1.0105,1.0,-0.018429,0.8982,-0.009175,1.0846
2011-12-29,1825.74,2.79,1.0,0.00034,1.0585,1.0,0.0006,0.9334,1.0,0.00034,1.0108,1.0,0.0006,0.8987,0.00034,1.085
2012-01-02,1826.37,2.58,1.0,0.000345,1.0588,1.0,0.000611,0.9339,1.0,0.000345,1.0111,1.0,0.000611,0.8993,0.000345,1.0853
2012-01-03,1875.41,1.06,1.0,0.026851,1.0873,1.0,0.053623,0.984,1.0,0.026851,1.0383,1.0,0.053623,0.9475,0.026851,1.1145
2012-01-04,1866.22,1.51,1.0,-0.0049,1.0819,1.0,-0.00988,0.9743,1.0,-0.0049,1.0332,1.0,-0.00988,0.9381,-0.0049,1.109
2012-01-05,1863.74,1.98,1.0,-0.001329,1.0805,1.0,-0.002737,0.9716,1.0,-0.001329,1.0318,1.0,-0.002737,0.9356,-0.001329,1.1075
2012-01-06,1843.14,1.51,1.0,-0.011053,1.0686,1.0,-0.022185,0.9501,1.0,-0.011053,1.0204,1.0,-0.022185,0.9148,-0.011053,1.0953
2012-01-09,1826.49,1.65,1.0,-0.009033,1.0589,0.9,-0.018446,0.9325,1.0,-0.009033,1.0112,1.0,-0.018146,0.8982,-0.009033,1.0854
2012-01-10,1853.22,1.8,1.0,0.014635,1.0744,0.9,0.026271,0.957,1.0,0.014635,1.026,0.9,0.02889,0.9242,0.014635,1.1013
2012-01-11,1845.55,2.44,1.0,-0.004139,1.07,1.0,-0.007821,0.9496,1.0,-0.004139,1.0218,0.9,-0.007521,0.9172,-0.004139,1.0967
2012-01-12,1864.57,1.5,1.0,0.010306,1.081,1.0,0.020532,0.969,1.0,0.010306,1.0323,0.9,0.018479,0.9342,0.010306,1.108
2012-01-13,1875.68,0.34,1.0,0.005958,1.0874,1.0,0.011838,0.9805,1.0,0.005958,1.0384,0.9,0.010654,0.9441,0.005958,1.1146
2012-01-16,1859.27,1.9,1.0,-0.008749,1.0779,0.9,-0.017877,0.963,1.0,-0.008749,1.0294,0.9,-0.015819,0.9292,-0.008749,1.1049
2012-01-17,1892.74,1.28,1.0,0.018002,1.0973,0.9,0.032332,0.9941,1.0,0.018002,1.0479,0.9,0.032332,0.9592,0.018002,1.1248
2012-01-18,1892.39,2.05,1.0,-0.000185,1.0971,0.9,-0.000404,0.9937,1.0,-0.000185,1.0477,0.9,-0.000404,0.9588,-0.000185,1.1246
2012-01-19,1914.97,1.77,1.0,0.011932,1.1102,0.9,0.021406,1.015,1.0,0.011932,1.0602,0.9,0.021406,0.9794,0.011932,1.138
2012-01-20,1949.89,1.39,1.0,0.018235,1.1304,0.9,0.032752,1.0482,1.0,0.018235,1.0795,0.9,0.032752,1.0114,0.018235,1.1587
2012-01-25,1952.23,1.59,1.0,0.0012,1.1318,1.0,0.001789,1.0501,1.0,0.0012,1.0808,1.0,0.001789,1.0132,0.0012,1.1601
2012-01-26,1957.18,1.12,1.0,0.002536,1.1347,1.0,0.004992,1.0554,1.0,0.002536,1.0836,1.0,0.004992,1.0183,0.002536,1.1631
2012-01-27,1964.83,1.05,1.0,0.003909,1.1391,0.9,0.007438,1.0632,1.0,0.003909,1.0878,1.0,0.007738,1.0262,0.003909,1.1676
2012-01-30,1940.55,1.23,1.0,-0.012357,1.125,0.9,-0.022315,1.0395,1.0,-0.012357,1.0744,1.0,-0.024794,1.0007,-0.012357,1.1532
2012-01-31,1955.79,1.73,1.0,0.007853,1.1339,0.9,0.014065,1.0541,1.0,0.007853,1.0828,0.9,0.015328,1.0161,0.007853,1.1622
2012-02-01,1959.24,1.31,1.0,0.001764,1.1359,0.9,0.003104,1.0574,1.0,0.001764,1.0847,0.9,0.003104,1.0192,0.001764,1.1643
2012-02-02,1984.3,0.94,1.0,0.012791,1.1504,0.9,0.022952,1.0816,1.0,0.012791,1.0986,0.9,0.022952,1.0426,0.012791,1.1792
2012-02-03,1972.34,0.53,1.0,-0.006027,1.1435,0.9,-0.010921,1.0698,1.0,-0.006027,1.092,0.9,-0.010921,1.0312,-0.006027,1.1721
2012-02-06,1973.13,0.37,1.0,0.000401,1.1439,0.8,0.00035,1.0702,1.0,0.000401,1.0924,0.9,0.00065,1.0319,0.000401,1.1725
2012-02-07,1981.59,0.24,1.0,0.004288,1.1488,0.8,0.006797,1.0775,1.0,0.004288,1.0971,0.8,0.007346,1.0395,0.004288,1.1776
2012-02-08,2003.73,0.69,1.0,0.011173,1.1617,0.7,0.017513,1.0963,1.0,0.011173,1.1093,0.8,0.017813,1.058,0.011173,1.1907
2012-02-09,2014.62,0.3,1.0,0.005435,1.168,0.7,0.007553,1.1046,1.0,0.005435,1.1154,0.8,0.008632,1.0671,0.005435,1.1972
2012-02-10,1993.71,0.2,1.0,-0.010379,1.1559,0.6,-0.014886,1.0882,1.0,-0.010379,1.1038,0.8,-0.01667,1.0493,-0.010379,1.1848
2012-02-13,2005.74,0.23,1.0,0.006034,1.1628,0.6,0.007193,1.096,1.0,0.006034,1.1105,0.8,0.009591,1.0594,0.006034,1.1919
2012-02-14,2002.64,-0.34,1.0,-0.001546,1.161,0.6,-0.001902,1.0939,1.0,-0.001546,1.1087,0.6,-0.003136,1.0561,-0.001546,1.1901
2012-02-15,2025.32,-0.7,0.9,0.011175,1.174,0.6,0.013542,1.1087,1.0,0.011325,1.1213,0.6,0.013542,1.0704,0.011325,1.2036
2012-02-16,1997.45,-1.53,0.9,-0.012385,1.1595,0.5,-0.016861,1.09,1.0,-0.013761,1.1059,0.6,-0.016561,1.0527,-0.013761,1.187
2012-02-17,2023.47,-2.09,0.8,0.011574,1.1729,0.4,0.012687,1.1039,1.0,0.013027,1.1203,0.6,0.015584,1.0691,0.013027,1.2025
2012-02-20,2024.9,-1.63,0.6,0.000265,1.1732,0.3,0.000234,1.1041,1.0,0.000707,1.1211,0.6,0.0008,1.0699,0.000707,1.2033
2012-02-21,2024.24,-1.49,0.5,-0.000346,1.1728,0.1,-0.000819,1.1032,0.5,-0.001076,1.1199,0.1,-0.001939,1.0678,-0.000326,1.2029
2012-02-22,2028.65,-2.45,0.5,0.001089,1.1741,0.1,0.000428,1.1037,0.5,0.001089,1.1211,0.1,0.000428,1.0683,0.002179,1.2055
2012-02-23,2007.8,-2.2,0.3,-0.005439,1.1677,0.0,-0.002363,1.1011,0.5,-0.005139,1.1153,0.1,-0.002063,1.0661,-0.010278,1.1932
2012-02-24,2019.89,-2.67,0.3,0.001806,1.1698,0.0,0.0,1.1011,0.5,0.003011,1.1187,0.1,0.001196,1.0674,0.006022,1.2003
2012-02-27,1991.16,-2.31,0.3,-0.004267,1.1648,0.0,0.0,1.1011,0.5,-0.007112,1.1107,0.1,-0.002853,1.0643,-0.014224,1.1833
2012-02-28,2003.69,-2.31,0.2,0.001738,1.1668,0.0,0.0,1.1011,0.2,0.002696,1.1137,0.0,0.000951,1.0653,0.006293,1.1907
2012-02-29,2030.25,-2.27,0.2,0.002651,1.1699,0.0,0.0,1.1011,0.2,0.002651,1.1167,0.0,0.0,1.0653,0.013256,1.2065
2012-03-02,2034.63,-1.49,0.2,0.000431,1.1704,0.0,0.0,1.1011,0.2,0.000431,1.1171,0.0,0.0,1.0653,0.002157,1.2091
2012-03-05,2016.06,-1.87,0.2,-0.001825,1.1683,0.0,0.0,1.1011,0.2,-0.001825,1.1151,0.0,0.0,1.0653,-0.009127,1.1981
2012-03-06,2000.36,-2.58,0.3,-0.001707,1.1663,0.0,0.0,1.1011,0.3,-0.001707,1.1132,0.0,0.0,1.0653,-0.007787,1.1887
2012-03-07,1982.15,-2.65,0.3,-0.002731,1.1631,0.0,0.0,1.1011,0.3,-0.002731,1.1102,0.0,0.0,1.0653,-0.009103,1.1779
2012-03-08,2000.76,-3.38,0.2,0.002667,1.1662,0.0,0.0,1.1011,0.3,0.002817,1.1133,0.0,0.0,1.0653,0.009389,1.189
2012-03-09,2018.3,-4.01,0.2,0.001753,1.1683,0.0,0.0,1.1011,0.3,0.00263,1.1162,0.0,0.0,1.0653,0.008767,1.1994
2012-03-12,2002.5,-4.48,0.1,-0.001716,1.1662,0.0,0.0,1.1011,0.3,-0.002349,1.1136,0.0,0.0,1.0653,-0.007828,1.19
2012-03-13,2025.04,-5.49,0.0,0.000976,1.1674,0.0,0.0,1.1011,0.0,0.002927,1.1169,0.0,0.0,1.0653,0.011256,1.2034
2012-03-14,2045.08,-5.55,0.0,0.0,1.1674,0.0,0.0,1.1011,0.0,0.0,1.1169,0.0,0.0,1.0653,0.009896,1.2153
2012-03-15,2043.76,-5.37,0.0,0.0,1.1674,0.0,0.0,1.1011,0.0,0.0,1.1169,0.0,0.0,1.0653,-0.000645,1.2145
2012-03-16,2034.44,-5.44,0.0,0.0,1.1674,0.0,0.0,1.1011,0.0,0.0,1.1169,0.0,0.0,1.0653,-0.00456,1.209
2012-03-19,2047.0,-5.04,0.0,0.0,1.1674,0.0,0.0,1.1011,0.0,0.0,1.1169,0.0,0.0,1.0653,0.006174,1.2164
2012-03-20,2042.15,-4.99,0.0,0.0,1.1674,0.0,0.0,1.1011,0.0,0.0,1.1169,0.0,0.0,1.0653,-0.002369,1.2136
2012-03-21,2027.23,-4.53,0.0,0.0,1.1674,0.0,0.0,1.1011,0.0,0.0,1.1169,0.0,0.0,1.0653,-0.007306,1.2047
2012-03-22,2026.12,-4.73,0.0,0.0,1.1674,0.0,0.0,1.1011,0.0,0.0,1.1169,0.0,0.0,1.0653,-0.000548,1.204
2012-03-23,2026.83,-4.58,0.0,0.0,1.1674,0.0,0.0,1.1011,0.0,0.0,1.1169,0.0,0.0,1.0653,0.00035,1.2045
2012-03-26,2019.19,-4.14,0.0,0.0,1.1674,0.0,0.0,1.1011,0.0,0.0,1.1169,0.0,0.0,1.0653,-0.003769,1.1999
2012-03-27,2039.76,-5.13,0.0,0.0,1.1674,0.0,0.0,1.1011,0.0,0.0,1.1169,0.0,0.0,1.0653,0.010187,1.2121
2012-03-28,2031.74,-4.98,0.0,0.0,1.1674,0.0,0.0,1.1011,0.0,0.0,1.1169,0.0,0.0,1.0653,-0.003932,1.2074
2012-03-29,2014.41,-5.15,0.0,0.0,1.1674,0.0,0.0,1.1011,0.0,0.0,1.1169,0.0,0.0,1.0653,-0.00853,1.1971
2012-03-30,2014.04,-5.57,0.0,0.0,1.1674,0.0,0.0,1.1011,0.0,0.0,1.1169,0.0,0.0,1.0653,-0.000184,1.1969
2012-04-02,2029.29,-5.25,0.0,0.0,1.1674,0.0,0.0,1.1011,0.0,0.0,1.1169,0.0,0.0,1.0653,0.007572,1.2059
2012-04-03,2049.28,-4.75,0.0,0.0,1.1674,0.0,0.0,1.1011,0.0,0.0,1.1169,0.0,0.0,1.0653,0.009851,1.2178
2012-04-04,2018.61,-4.6,0.0,0.0,1.1674,0.0,0.0,1.1011,0.0,0.0,1.1169,0.0,0.0,1.0653,-0.014966,1.1996
2012-04-05,2028.77,-4.42,0.0,0.0,1.1674,0.0,0.0,1.1011,0.0,0.0,1.1169,0.0,0.0,1.0653,0.005033,1.2056
2012-04-06,2029.03,-4.22,0.0,0.0,1.1674,0.0,0.0,1.1011,0.0,0.0,1.1169,0.0,0.0,1.0653,0.000128,1.2058
2012-04-09,1997.08,-4.26,0.0,0.0,1.1674,0.0,0.0,1.1011,0.0,0.0,1.1169,0.0,0.0,1.0653,-0.015746,1.1868
2012-04-10,1994.41,-4.4,0.0,0.0,1.1674,0.0,0.0,1.1011,0.0,0.0,1.1169,0.0,0.0,1.0653,-0.001337,1.1852
2012-04-12,1986.63,-4.62,0.0,0.0,1.1674,0.0,0.0,1.1011,0.0,0.0,1.1169,0.0,0.0,1.0653,-0.003901,1.1806
2012-04-13,2008.91,-4.95,0.0,0.0,1.1674,0.0,0.0,1.1011,0.0,0.0,1.1169,0.0,0.0,1.0653,0.011215,1.1938
2012-04-16,1992.63,-4.33,0.0,0.0,1.1674,0.0,0.0,1.1011,0.0,0.0,1.1169,0.0,0.0,1.0653,-0.008104,1.1841
2012-04-17,1985.3,-4.45,0.0,0.0,1.1674,0.0,0.0,1.1011,0.0,0.0,1.1169,0.0,0.0,1.0653,-0.003679,1.1798
2012-04-18,2004.53,-4.0,0.0,0.0,1.1674,0.0,0.0,1.1011,0.0,0.0,1.1169,0.0,0.0,1.0653,0.009686,1.1912
2012-04-19,1999.86,-3.56,0.0,0.0,1.1674,0.0,0.0,1.1011,0.0,0.0,1.1169,0.0,0.0,1.0653,-0.00233,1.1884
2012-04-20,1974.65,-4.19,0.0,0.0,1.1674,0.0,0.0,1.1011,0.0,0.0,1.1169,0.0,0.0,1.0653,-0.012606,1.1735
2012-04-23,1972.63,-4.33,0.0,0.0,1.1674,0.0,0.0,1.1011,0.0,0.0,1.1169,0.0,0.0,1.0653,-0.001023,1.1723
2012-04-24,1963.42,-4.3,0.0,0.0,1.1674,0.0,0.0,1.1011,0.0,0.0,1.1169,0.0,0.0,1.0653,-0.004669,1.1668
2012-04-25,1961.98,-3.82,0.0,0.0,1.1674,0.0,0.0,1.1011,0.0,0.0,1.1169,0.0,0.0,1.0653,-0.000733,1.1659
2012-04-26,1964.04,-3.89,0.0,0.0,1.1674,0.0,0.0,1.1011,0.0,0.0,1.1169,0.0,0.0,1.0653,0.00105,1.1671
2012-04-27,1975.35,-3.92,0.0,0.0,1.1674,0.0,0.0,1.1011,0.0,0.0,1.1169,0.0,0.0,1.0653,0.005759,1.1739
2012-04-30,1981.99,-4.03,0.0,0.0,1.1674,0.0,0.0,1.1011,0.0,0.0,1.1169,0.0,0.0,1.0653,0.003361,1.1778
2012-05-02,1999.07,-4.42,0.0,0.0,1.1674,0.0,0.0,1.1011,0.0,0.0,1.1169,0.0,0.0,1.0653,0.008618,1.188
2012-05-03,1995.11,-4.28,0.0,0.0,1.1674,0.0,0.0,1.1011,0.0,0.0,1.1169,0.0,0.0,1.0653,-0.001981,1.1856
2012-05-04,1989.15,-3.53,0.0,0.0,1.1674,0.0,0.0,1.1011,0.0,0.0,1.1169,0.0,0.0,1.0653,-0.002987,1.1821
2012-05-07,1956.44,-4.05,0.0,0.0,1.1674,0.0,0.0,1.1011,0.0,0.0,1.1169,0.0,0.0,1.0653,-0.016444,1.1626
2012-05-08,1967.01,-4.15,0.0,0.0,1.1674,0.0,0.0,1.1011,0.0,0.0,1.1169,0.0,0.0,1.0653,0.005403,1.1689
2012-05-09,1950.29,-3.63,0.0,0.0,1.1674,0.0,0.0,1.1011,0.0,0.0,1.1169,0.0,0.0,1.0653,-0.0085,1.159
2012-05-10,1944.93,-3.51,0.0,0.0,1.1674,0.0,0.0,1.1011,0.0,0.0,1.1169,0.0,0.0,1.0653,-0.002748,1.1558
2012-05-11,1917.13,-4.01,0.0,0.0,1.1674,0.0,0.0,1.1011,0.0,0.0,1.1169,0.0,0.0,1.0653,-0.014294,1.1393
2012-05-14,1913.73,-4.43,0.0,0.0,1.1674,0.0,0.0,1.1011,0.0,0.0,1.1169,0.0,0.0,1.0653,-0.001773,1.1372
2012-05-15,1898.96,-4.54,0.0,0.0,1.1674,0.0,0.0,1.1011,0.0,0.0,1.1169,0.0,0.0,1.0653,-0.007718,1.1285
2012-05-16,1840.53,-4.32,0.0,0.0,1.1674,0.0,0.0,1.1011,0.0,0.0,1.1169,0.0,0.0,1.0653,-0.030769,1.0938
2012-05-17,1845.24,-4.06,0.0,0.0,1.1674,0.0,0.0,1.1011,0.0,0.0,1.1169,0.0,0.0,1.0653,0.002559,1.0965
2012-05-18,1782.46,-3.66,0.0,0.0,1.1674,0.0,0.0,1.1011,0.0,0.0,1.1169,0.0,0.0,1.0653,-0.034023,1.0592
2012-05-21,1799.13,-3.5,0.0,0.0,1.1674,0.0,0.0,1.1011,0.0,0.0,1.1169,0.0,0.0,1.0653,0.009352,1.0691
2012-05-22,1828.69,-2.94,0.0,0.0,1.1674,0.0,0.0,1.1011,0.0,0.0,1.1169,0.0,0.0,1.0653,0.01643,1.0867
2012-05-23,1808.62,-2.66,0.0,0.0,1.1674,0.0,0.0,1.1011,0.0,0.0,1.1169,0.0,0.0,1.0653,-0.010975,1.0748
2012-05-24,1814.47,-2.68,0.0,0.0,1.1674,0.0,0.0,1.1011,0.0,0.0,1.1169,0.0,0.0,1.0653,0.003235,1.0783
2012-05-25,1824.17,-2.35,0.0,0.0,1.1674,0.0,0.0,1.1011,0.0,0.0,1.1169,0.0,0.0,1.0653,0.005346,1.084
2012-05-29,1849.91,-1.95,0.1,-0.00015,1.1672,0.0,0.0,1.1011,0.1,-0.00015,1.1167,0.0,0.0,1.0653,0.014111,1.0993
2012-05-30,1844.86,-1.77,0.1,-0.000273,1.1669,0.0,0.0,1.1011,0.1,-0.000273,1.1164,0.0,0.0,1.0653,-0.00273,1.0963
2012-05-31,1843.47,-1.19,0.2,-0.000225,1.1666,0.0,0.0,1.1011,0.1,-7.5e-05,1.1163,0.0,0.0,1.0653,-0.000753,1.0955
2012-06-01,1834.51,-1.52,0.3,-0.001122,1.1653,0.0,0.0,1.1011,0.1,-0.000486,1.1158,0.0,0.0,1.0653,-0.00486,1.0902
2012-06-04,1783.13,-0.8,0.4,-0.008552,1.1554,0.0,0.0,1.1011,0.1,-0.002801,1.1126,0.0,0.0,1.0653,-0.028007,1.0596
2012-06-05,1801.85,-0.36,0.5,0.004049,1.16,0.1,-0.0003,1.1008,0.5,0.00045,1.1131,0.1,-0.0003,1.065,0.010498,1.0708
2012-06-07,1847.95,0.52,0.6,0.012642,1.1747,0.2,0.004809,1.1061,0.5,0.012792,1.1274,0.1,0.005109,1.0705,0.025585,1.0982
2012-06-08,1835.64,0.76,0.7,-0.004147,1.1698,0.3,-0.00298,1.1028,0.5,-0.003331,1.1236,0.1,-0.00134,1.069,-0.006661,1.0908
2012-06-11,1867.04,1.07,0.8,0.011824,1.1837,0.4,0.00994,1.1137,0.5,0.008553,1.1332,0.1,0.003413,1.0727,0.017106,1.1095
2012-06-12,1854.74,1.3,0.9,-0.00542,1.1772,0.6,-0.005902,1.1071,0.9,-0.003894,1.1288,0.6,-0.002826,1.0696,-0.006588,1.1022
2012-06-13,1859.32,1.86,1.0,0.002072,1.1797,0.7,0.002616,1.11,0.9,0.002222,1.1313,0.6,0.002916,1.0728,0.002469,1.1049
2012-06-14,1871.48,1.83,1.0,0.00654,1.1874,0.8,0.0088,1.1198,0.9,0.005886,1.138,0.6,0.0078,1.0811,0.00654,1.1121
2012-06-15,1858.16,1.92,1.0,-0.007117,1.1789,0.9,-0.011751,1.1067,0.9,-0.006406,1.1307,0.6,-0.008588,1.0718,-0.007117,1.1042
2012-06-18,1891.71,2.49,1.0,0.018055,1.2002,0.9,0.032428,1.1425,0.9,0.01625,1.1491,0.6,0.021619,1.095,0.018055,1.1242
2012-06-19,1891.77,2.9,1.0,3.2e-05,1.2003,1.0,-0.000314,1.1422,1.0,-0.000121,1.1489,1.0,-0.00121,1.0937,3.2e-05,1.1242
2012-06-20,1904.12,3.17,1.0,0.006528,1.2081,1.0,0.012977,1.157,1.0,0.006528,1.1564,1.0,0.012977,1.1079,0.006528,1.1315
2012-06-21,1889.15,3.43,1.0,-0.007862,1.1986,1.0,-0.015803,1.1387,1.0,-0.007862,1.1473,1.0,-0.015803,1.0904,-0.007862,1.1226
2012-06-22,1847.39,3.66,1.0,-0.022105,1.1721,1.0,-0.04429,1.0883,1.0,-0.022105,1.122,1.0,-0.04429,1.0421,-0.022105,1.0978
2012-06-25,1825.38,2.9,1.0,-0.011914,1.1581,1.0,-0.023908,1.0623,1.0,-0.011914,1.1086,1.0,-0.023908,1.0172,-0.011914,1.0847
2012-06-26,1817.81,3.04,1.0,-0.004147,1.1533,1.0,-0.008374,1.0534,1.0,-0.004147,1.104,1.0,-0.008374,1.0087,-0.004147,1.0802
2012-06-27,1817.65,3.1,1.0,-8.8e-05,1.1532,1.0,-0.000255,1.0531,1.0,-8.8e-05,1.1039,1.0,-0.000255,1.0084,-8.8e-05,1.0802
2012-06-28,1819.18,2.42,1.0,0.000842,1.1542,1.0,0.001604,1.0548,1.0,0.000842,1.1048,1.0,0.001604,1.01,0.000842,1.0811
2012-06-29,1854.01,2.13,1.0,0.019146,1.1763,1.0,0.038213,1.0951,1.0,0.019146,1.126,1.0,0.038213,1.0486,0.019146,1.1018
2012-07-02,1851.65,2.88,1.0,-0.001273,1.1748,1.0,-0.002625,1.0922,1.0,-0.001273,1.1246,1.0,-0.002625,1.0459,-0.001273,1.1004
2012-07-03,1867.82,2.16,1.0,0.008733,1.1851,1.0,0.017386,1.1112,1.0,0.008733,1.1344,1.0,0.017386,1.064,0.008733,1.11
2012-07-04,1874.45,2.82,1.0,0.00355,1.1893,1.0,0.00702,1.119,1.0,0.00355,1.1384,1.0,0.00702,1.0715,0.00355,1.1139
2012-07-05,1875.49,2.35,1.0,0.000555,1.1899,1.0,0.00103,1.1202,1.0,0.000555,1.139,1.0,0.00103,1.0726,0.000555,1.1145
2012-07-06,1858.2,2.16,1.0,-0.009219,1.179,1.0,-0.018517,1.0994,1.0,-0.009219,1.1285,1.0,-0.018517,1.0528,-0.009219,1.1043
2012-07-09,1836.13,1.87,1.0,-0.011877,1.165,1.0,-0.023834,1.0732,1.0,-0.011877,1.1151,1.0,-0.023834,1.0277,-0.011877,1.0911
2012-07-10,1829.45,1.85,1.0,-0.003638,1.1607,1.0,-0.007356,1.0653,1.0,-0.003638,1.1111,1.0,-0.007356,1.0201,-0.003638,1.0872
2012-07-11,1826.39,2.07,1.0,-0.001673,1.1588,1.0,-0.003425,1.0617,1.0,-0.001673,1.1092,1.0,-0.003425,1.0166,-0.001673,1.0853
2012-07-12,1785.39,1.41,1.0,-0.022449,1.1328,1.0,-0.044977,1.0139,1.0,-0.022449,1.0843,1.0,-0.044977,0.9709,-0.022449,1.061
2012-07-13,1812.89,0.24,1.0,0.015403,1.1502,1.0,0.030726,1.0451,1.0,0.015403,1.101,1.0,0.030726,1.0007,0.015403,1.0773
2012-07-16,1817.79,0.7,1.0,0.002703,1.1533,0.9,0.005026,1.0503,1.0,0.002703,1.104,1.0,0.005326,1.006,0.002703,1.0802
2012-07-17,1821.96,0.7,1.0,0.002294,1.156,0.8,0.003758,1.0543,1.0,0.002294,1.1065,0.8,0.003909,1.01,0.002294,1.0827
2012-07-18,1794.91,1.11,1.0,-0.014847,1.1388,0.8,-0.023818,1.0292,1.0,-0.014847,1.0901,0.8,-0.023818,0.9859,-0.014847,1.0666
2012-07-19,1822.96,0.95,1.0,0.015628,1.1566,0.7,0.024641,1.0545,1.0,0.015628,1.1071,0.8,0.024941,1.0105,0.015628,1.0833
2012-07-20,1822.93,0.82,1.0,-1.6e-05,1.1566,0.7,-7.9e-05,1.0544,1.0,-1.6e-05,1.1071,0.8,-9e-05,1.0104,-1.6e-05,1.0833
2012-07-23,1789.44,1.44,1.0,-0.018372,1.1353,0.8,-0.026076,1.027,1.0,-0.018372,1.0868,0.8,-0.029458,0.9807,-0.018372,1.0634
2012-07-24,1793.93,1.12,1.0,0.002509,1.1382,0.8,0.003951,1.031,1.0,0.002509,1.0895,0.8,0.003951,0.9845,0.002509,1.0661
2012-07-25,1769.31,2.12,1.0,-0.013724,1.1226,0.8,-0.022022,1.0083,1.0,-0.013724,1.0746,0.8,-0.022022,0.9628,-0.013724,1.0514
2012-07-26,1782.47,2.25,1.0,0.007438,1.1309,0.9,0.011537,1.0199,1.0,0.007438,1.0825,0.8,0.011837,0.9742,0.007438,1.0592
2012-07-27,1829.16,2.22,1.0,0.026194,1.1605,0.9,0.047078,1.068,1.0,0.026194,1.1109,0.8,0.041847,1.015,0.026194,1.087
2012-07-30,1843.79,2.27,1.0,0.007998,1.1698,1.0,0.014025,1.0829,1.0,0.007998,1.1198,0.8,0.012734,1.0279,0.007998,1.0957
2012-07-31,1881.99,1.93,1.0,0.020718,1.1941,1.0,0.041357,1.1277,1.0,0.020718,1.143,1.0,0.032486,1.0613,0.020718,1.1184
2012-08-01,1879.93,2.31,1.0,-0.001095,1.1928,1.0,-0.002269,1.1252,1.0,-0.001095,1.1417,1.0,-0.002269,1.0589,-0.001095,1.1172
2012-08-02,1869.4,3.3,1.0,-0.005601,1.1861,1.0,-0.011282,1.1125,1.0,-0.005601,1.1353,1.0,-0.011282,1.047,-0.005601,1.1109
2012-08-03,1848.68,3.8,1.0,-0.011084,1.1729,1.0,-0.022247,1.0877,1.0,-0.011084,1.1228,1.0,-0.022247,1.0237,-0.011084,1.0986
2012-08-06,1885.88,4.4,1.0,0.020122,1.1965,1.0,0.040166,1.1314,1.0,0.020122,1.1453,1.0,0.040166,1.0648,0.020122,1.1207
2012-08-07,1886.8,4.55,1.0,0.000488,1.1971,1.0,0.000896,1.1324,1.0,0.000488,1.1459,1.0,0.000896,1.0658,0.000488,1.1212
2012-08-08,1903.23,4.8,1.0,0.008708,1.2075,1.0,0.017336,1.1521,1.0,0.008708,1.1559,1.0,0.017336,1.0842,0.008708,1.131
2012-08-09,1940.59,5.61,1.0,0.01963,1.2312,1.0,0.03918,1.1972,1.0,0.01963,1.1786,1.0,0.03918,1.1267,0.01963,1.1532
2012-08-10,1946.4,6.1,1.0,0.002994,1.2349,1.0,0.005909,1.2043,1.0,0.002994,1.1821,1.0,0.005909,1.1334,0.002994,1.1567
2012-08-13,1932.44,5.3,1.0,-0.007172,1.2261,1.0,-0.014424,1.1869,1.0,-0.007172,1.1736,1.0,-0.014424,1.117,-0.007172,1.1484
2012-08-14,1956.96,5.66,1.0,0.012689,1.2416,1.0,0.025298,1.2169,1.0,0.012689,1.1885,1.0,0.025298,1.1453,0.012689,1.1629
2012-08-16,1957.91,6.36,1.0,0.000485,1.2422,1.0,0.000892,1.218,1.0,0.000485,1.1891,1.0,0.000892,1.1463,0.000485,1.1635
2012-08-17,1946.54,6.31,1.0,-0.005807,1.235,1.0,-0.011694,1.2038,1.0,-0.005807,1.1822,1.0,-0.011694,1.1329,-0.005807,1.1567
2012-08-20,1946.31,6.41,1.0,-0.000118,1.2349,1.0,-0.000316,1.2034,1.0,-0.000118,1.182,1.0,-0.000316,1.1325,-0.000118,1.1566
2012-08-21,1943.22,6.23,1.0,-0.001588,1.2329,1.0,-0.003255,1.1995,1.0,-0.001588,1.1802,1.0,-0.003255,1.1289,-0.001588,1.1548
2012-08-22,1935.19,6.19,1.0,-0.004132,1.2278,1.0,-0.008344,1.1895,1.0,-0.004132,1.1753,1.0,-0.008344,1.1194,-0.004132,1.15
2012-08-23,1942.54,6.18,1.0,0.003798,1.2325,1.0,0.007517,1.1984,1.0,0.003798,1.1798,1.0,0.007517,1.1279,0.003798,1.1544
2012-08-24,1919.81,6.21,1.0,-0.011701,1.2181,1.0,-0.023482,1.1703,1.0,-0.011701,1.166,1.0,-0.023482,1.1014,-0.011701,1.1409
2012-08-27,1917.87,5.94,1.0,-0.001011,1.2168,1.0,-0.0021,1.1678,1.0,-0.001011,1.1648,1.0,-0.0021,1.0991,-0.001011,1.1397
2012-08-28,1916.33,5.49,1.0,-0.000803,1.2159,1.0,-0.001685,1.1658,1.0,-0.000803,1.1638,1.0,-0.001685,1.0972,-0.000803,1.1388
2012-08-29,1928.54,5.68,1.0,0.006372,1.2236,1.0,0.012664,1.1806,1.0,0.006372,1.1713,1.0,0.012664,1.1111,0.006372,1.1461
2012-08-30,1906.38,5.23,1.0,-0.011491,1.2095,1.0,-0.02306,1.1534,1.0,-0.011491,1.1578,1.0,-0.02306,1.0855,-0.011491,1.1329
2012-08-31,1905.12,4.72,1.0,-0.000661,1.2087,1.0,-0.001401,1.1518,1.0,-0.000661,1.157,1.0,-0.001401,1.084,-0.000661,1.1321
2012-09-03,1912.71,4.14,1.0,0.003984,1.2136,1.0,0.007889,1.1608,1.0,0.003984,1.1616,1.0,0.007889,1.0925,0.003984,1.1366
2012-09-04,1907.13,4.0,1.0,-0.002917,1.21,1.0,-0.005914,1.154,1.0,-0.002917,1.1583,1.0,-0.005914,1.086,-0.002917,1.1333
2012-09-05,1874.03,3.24,1.0,-0.017356,1.189,1.0,-0.034791,1.1138,1.0,-0.017356,1.1382,1.0,-0.034791,1.0483,-0.017356,1.1137
2012-09-06,1881.24,2.21,1.0,0.003847,1.1936,1.0,0.007615,1.1223,1.0,0.003847,1.1425,1.0,0.007615,1.0562,0.003847,1.1179
2012-09-07,1929.58,1.25,1.0,0.025696,1.2243,1.0,0.051312,1.1799,1.0,0.025696,1.1719,1.0,0.051312,1.1104,0.025696,1.1467
2012-09-10,1924.7,1.21,1.0,-0.002529,1.2212,1.0,-0.005137,1.1738,1.0,-0.002529,1.1689,1.0,-0.005137,1.1047,-0.002529,1.1438
2012-09-11,1920.0,0.44,1.0,-0.002442,1.2182,0.9,-0.005263,1.1677,1.0,-0.002442,1.1661,0.9,-0.005263,1.0989,-0.002442,1.141
2012-09-12,1950.03,0.18,1.0,0.015641,1.2372,0.9,0.028082,1.2004,1.0,0.015641,1.1843,0.9,0.028082,1.1298,0.015641,1.1588
2012-09-13,1950.69,0.72,1.0,0.000338,1.2377,0.8,0.000238,1.2007,1.0,0.000338,1.1847,0.9,0.000538,1.1304,0.000338,1.1592
2012-09-14,2007.58,0.65,1.0,0.029164,1.2737,0.7,0.046299,1.2563,1.0,0.029164,1.2193,0.9,0.052424,1.1896,0.029164,1.193
2012-09-17,2002.35,0.84,1.0,-0.002605,1.2704,0.7,-0.003703,1.2517,1.0,-0.002605,1.2161,0.9,-0.004761,1.184,-0.002605,1.1899
2012-09-18,2004.96,0.32,1.0,0.001303,1.2721,0.7,0.001769,1.2539,1.0,0.001303,1.2177,0.7,0.001675,1.186,0.001303,1.1915
2012-09-19,2007.88,0.77,1.0,0.001456,1.2739,0.7,0.001983,1.2564,1.0,0.001456,1.2194,0.7,0.001983,1.1883,0.001456,1.1932
2012-09-20,1990.33,1.25,1.0,-0.008741,1.2628,0.7,-0.012292,1.2409,1.0,-0.008741,1.2088,0.7,-0.012292,1.1737,-0.008741,1.1828
2012-09-21,2002.37,0.59,1.0,0.006049,1.2704,0.7,0.008413,1.2514,1.0,0.006049,1.2161,0.7,0.008413,1.1836,0.006049,1.1899
2012-09-24,2003.44,0.24,1.0,0.000534,1.2711,0.7,0.000693,1.2522,1.0,0.000534,1.2167,0.7,0.000693,1.1844,0.000534,1.1906
2012-09-25,1991.41,0.02,1.0,-0.006005,1.2635,0.7,-0.008462,1.2416,1.0,-0.006005,1.2094,0.7,-0.008462,1.1744,-0.006005,1.1834
2012-09-26,1980.44,-0.24,1.0,-0.005509,1.2565,0.7,-0.007768,1.232,1.0,-0.005509,1.2028,0.7,-0.007768,1.1653,-0.005509,1.1769
2012-09-27,1988.7,-0.48,0.9,0.004021,1.2616,0.6,0.005484,1.2388,1.0,0.004171,1.2078,0.7,0.005784,1.172,0.004171,1.1818
2012-09-28,1996.21,0.2,0.9,0.003399,1.2659,0.5,0.004184,1.2439,1.0,0.003776,1.2124,0.7,0.005231,1.1781,0.003776,1.1863
2012-10-02,1996.03,0.09,0.9,-8.1e-05,1.2658,0.5,-0.00013,1.2438,0.9,-0.00024,1.2121,0.5,-0.000782,1.1772,-9e-05,1.1862
2012-10-04,1992.68,-0.11,0.9,-0.00151,1.2639,0.5,-0.001718,1.2416,0.9,-0.00151,1.2102,0.5,-0.001718,1.1752,-0.001678,1.1842
2012-10-05,1995.17,1.43,0.9,0.001125,1.2653,0.5,0.00121,1.2431,0.9,0.001125,1.2116,0.5,0.00121,1.1766,0.00125,1.1856
2012-10-08,1981.89,1.11,0.9,-0.00599,1.2577,0.6,-0.006996,1.2344,0.9,-0.00599,1.2043,0.5,-0.006696,1.1687,-0.006656,1.1778
2012-10-09,1979.04,-0.17,1.0,-0.001444,1.2559,0.7,-0.002073,1.2319,1.0,-0.001444,1.2026,0.7,-0.002078,1.1663,-0.001438,1.1761
2012-10-10,1948.22,-0.67,0.9,-0.015723,1.2361,0.6,-0.022158,1.2046,1.0,-0.015573,1.1839,0.7,-0.021858,1.1408,-0.015573,1.1577
2012-10-11,1933.09,-1.32,0.9,-0.006989,1.2275,0.6,-0.009367,1.1933,1.0,-0.007766,1.1747,0.7,-0.010928,1.1283,-0.007766,1.1488
2012-10-12,1933.26,-1.89,0.8,-7.1e-05,1.2274,0.5,-0.000242,1.193,1.0,8.8e-05,1.1748,0.7,6.8e-05,1.1284,8.8e-05,1.1489
2012-10-15,1925.59,-1.72,0.7,-0.003324,1.2233,0.3,-0.004607,1.1875,1.0,-0.003967,1.1701,0.7,-0.00561,1.1221,-0.003967,1.1443
2012-10-16,1941.54,-0.97,0.6,0.005648,1.2302,0.2,0.004646,1.193,0.6,0.007683,1.1791,0.2,0.010041,1.1334,0.008283,1.1538
2012-10-17,1955.15,-2.17,0.5,0.004056,1.2352,0.1,0.002488,1.196,0.6,0.004206,1.1841,0.2,0.002788,1.1365,0.00701,1.1619
2012-10-18,1959.12,-3.06,0.4,0.000865,1.2363,0.1,0.000398,1.1965,0.6,0.001218,1.1855,0.2,0.000796,1.1374,0.002031,1.1642
2012-10-19,1943.84,-1.75,0.3,-0.00327,1.2323,0.0,-0.001868,1.1942,0.6,-0.00468,1.18,0.2,-0.003136,1.1339,-0.007799,1.1551
2012-10-22,1941.59,-2.08,0.3,-0.000347,1.2318,0.0,0.0,1.1942,0.6,-0.000695,1.1791,0.2,-0.000479,1.1333,-0.001158,1.1538
2012-10-23,1926.81,-2.62,0.3,-0.002284,1.229,0.0,0.0,1.1942,0.3,-0.005017,1.1732,0.0,-0.003661,1.1292,-0.007612,1.145
2012-10-24,1913.96,-1.8,0.2,-0.002151,1.2264,0.0,0.0,1.1942,0.3,-0.002001,1.1709,0.0,0.0,1.1292,-0.006669,1.1374
2012-10-25,1924.5,-1.56,0.2,0.001101,1.2277,0.0,0.0,1.1942,0.3,0.001652,1.1728,0.0,0.0,1.1292,0.005507,1.1437
2012-10-26,1891.43,-1.56,0.3,-0.003587,1.2233,0.0,0.0,1.1942,0.3,-0.005155,1.1668,0.0,0.0,1.1292,-0.017184,1.124
2012-10-29,1891.52,-1.91,0.3,1.4e-05,1.2233,0.0,0.0,1.1942,0.3,1.4e-05,1.1668,0.0,0.0,1.1292,4.8e-05,1.1241
2012-10-30,1899.58,-2.47,0.3,0.001278,1.2249,0.0,0.0,1.1942,0.3,0.001278,1.1683,0.0,0.0,1.1292,0.004261,1.1288
2012-10-31,1912.06,-0.81,0.3,0.001971,1.2273,0.0,0.0,1.1942,0.3,0.001971,1.1706,0.0,0.0,1.1292,0.00657,1.1363
2012-11-01,1898.44,-1.68,0.4,-0.002287,1.2245,0.1,-0.0003,1.1939,0.3,-0.002137,1.1681,0.0,0.0,1.1292,-0.007123,1.1282
2012-11-02,1918.72,-2.69,0.4,0.004273,1.2297,0.1,0.002129,1.1964,0.3,0.003205,1.1718,0.0,0.0,1.1292,0.010682,1.1402
2012-11-05,1908.22,-0.68,0.3,-0.002339,1.2269,0.1,-0.001102,1.1951,0.3,-0.001642,1.1699,0.0,0.0,1.1292,-0.005472,1.134
2012-11-06,1928.17,-1.39,0.4,0.002986,1.2305,0.1,0.002083,1.1976,0.4,0.002986,1.1734,0.1,-0.0003,1.1288,0.010455,1.1458
2012-11-07,1937.55,-2.0,0.5,0.001796,1.2327,0.1,0.000965,1.1988,0.4,0.001946,1.1757,0.1,0.000965,1.1299,0.004865,1.1514
2012-11-08,1914.41,-3.65,0.4,-0.006121,1.2252,0.1,-0.002397,1.1959,0.4,-0.004777,1.1701,0.1,-0.002397,1.1272,-0.011943,1.1377
2012-11-09,1904.41,-3.74,0.3,-0.002239,1.2224,0.1,-0.001053,1.1946,0.4,-0.002089,1.1676,0.1,-0.001053,1.126,-0.005224,1.1317
2012-11-12,1900.87,-3.64,0.3,-0.000558,1.2218,0.1,-0.00038,1.1942,0.4,-0.000744,1.1667,0.1,-0.00038,1.1256,-0.001859,1.1296
2012-11-13,1889.7,-4.78,0.2,-0.001913,1.2194,0.0,-0.001483,1.1924,0.2,-0.002651,1.1636,0.0,-0.001483,1.1239,-0.005876,1.123
2012-11-14,1894.04,-5.66,0.1,0.000309,1.2198,0.0,0.0,1.1924,0.2,0.000459,1.1642,0.0,0.0,1.1239,0.002297,1.1255
2012-11-15,1870.72,-5.68,0.0,-0.001381,1.2181,0.0,0.0,1.1924,0.2,-0.002462,1.1613,0.0,0.0,1.1239,-0.012312,1.1117
2012-11-16,1860.83,-6.02,0.0,0.0,1.2181,0.0,0.0,1.1924,0.2,-0.001057,1.1601,0.0,0.0,1.1239,-0.005287,1.1058
2012-11-19,1878.1,-5.45,0.0,0.0,1.2181,0.0,0.0,1.1924,0.2,0.001856,1.1622,0.0,0.0,1.1239,0.009281,1.1161
2012-11-20,1890.18,-6.15,0.0,0.0,1.2181,0.0,0.0,1.1924,0.0,0.000986,1.1634,0.0,0.0,1.1239,0.006432,1.1233
2012-11-21,1884.04,-6.38,0.0,0.0,1.2181,0.0,0.0,1.1924,0.0,0.0,1.1634,0.0,0.0,1.1239,-0.003248,1.1196
2012-11-22,1899.5,-5.94,0.0,0.0,1.2181,0.0,0.0,1.1924,0.0,0.0,1.1634,0.0,0.0,1.1239,0.008206,1.1288
2012-11-23,1911.33,-5.61,0.0,0.0,1.2181,0.0,0.0,1.1924,0.0,0.0,1.1634,0.0,0.0,1.1239,0.006228,1.1358
2012-11-26,1908.51,-5.7,0.0,0.0,1.2181,0.0,0.0,1.1924,0.0,0.0,1.1634,0.0,0.0,1.1239,-0.001475,1.1341
2012-11-27,1925.2,-5.81,0.0,0.0,1.2181,0.0,0.0,1.1924,0.0,0.0,1.1634,0.0,0.0,1.1239,0.008745,1.1441
2012-11-28,1912.78,-5.14,0.0,0.0,1.2181,0.0,0.0,1.1924,0.0,0.0,1.1634,0.0,0.0,1.1239,-0.006451,1.1367
2012-11-29,1934.85,-4.48,0.0,0.0,1.2181,0.0,0.0,1.1924,0.0,0.0,1.1634,0.0,0.0,1.1239,0.011538,1.1498
2012-11-30,1932.9,-3.84,0.0,0.0,1.2181,0.0,0.0,1.1924,0.0,0.0,1.1634,0.0,0.0,1.1239,-0.001008,1.1486
2012-12-03,1940.02,-3.44,0.0,0.0,1.2181,0.0,0.0,1.1924,0.0,0.0,1.1634,0.0,0.0,1.1239,0.003684,1.1529
2012-12-04,1935.18,-3.84,0.0,0.0,1.2181,0.0,0.0,1.1924,0.0,0.0,1.1634,0.0,0.0,1.1239,-0.002495,1.15
2012-12-05,1947.04,-1.19,0.0,0.0,1.2181,0.0,0.0,1.1924,0.0,0.0,1.1634,0.0,0.0,1.1239,0.006129,1.157
2012-12-06,1949.62,-0.94,0.1,-0.00015,1.2179,0.0,0.0,1.1924,0.0,0.0,1.1634,0.0,0.0,1.1239,0.001325,1.1586
2012-12-07,1957.45,-1.12,0.2,0.000252,1.2182,0.1,-0.0003,1.192,0.0,0.0,1.1634,0.0,0.0,1.1239,0.004016,1.1632
2012-12-10,1957.42,-1.25,0.3,-0.000153,1.2181,0.1,-1.1e-05,1.192,0.0,0.0,1.1634,0.0,0.0,1.1239,-1.5e-05,1.1632
2012-12-11,1964.62,-0.49,0.4,0.000953,1.2192,0.1,0.000728,1.1929,0.4,-0.0006,1.1627,0.1,-0.0003,1.1236,0.003678,1.1675
2012-12-12,1975.44,-0.3,0.6,0.001903,1.2215,0.2,0.000794,1.1938,0.4,0.002203,1.1653,0.1,0.001094,1.1248,0.005507,1.1739
2012-12-13,2002.77,1.25,0.7,0.008151,1.2315,0.3,0.005218,1.2001,0.4,0.005534,1.1717,0.1,0.002759,1.1279,0.013835,1.1902
2012-12-14,1995.04,1.9,0.7,-0.002702,1.2282,0.4,-0.00264,1.1969,0.4,-0.001544,1.1699,0.1,-0.00078,1.127,-0.00386,1.1856
2012-12-17,1983.07,2.09,0.8,-0.00435,1.2228,0.6,-0.005432,1.1904,0.4,-0.0024,1.1671,0.1,-0.001208,1.1257,-0.006,1.1785
2012-12-18,1993.09,1.05,0.9,0.003892,1.2276,0.7,0.005716,1.1972,0.9,0.001271,1.1686,0.7,-0.000797,1.1248,0.005053,1.1844
2012-12-20,1999.5,0.95,1.0,0.002745,1.231,0.8,0.004147,1.2022,0.9,0.002895,1.1719,0.7,0.004447,1.1298,0.003216,1.1882
2012-12-21,1980.42,1.23,1.0,-0.009542,1.2192,0.9,-0.015631,1.1834,0.9,-0.008588,1.1619,0.7,-0.013415,1.1146,-0.009542,1.1769
2012-12-24,1981.82,0.9,1.0,0.000707,1.2201,0.9,0.001201,1.1848,0.9,0.000636,1.1626,0.7,0.000934,1.1157,0.000707,1.1777
2012-12-26,1982.25,0.33,1.0,0.000217,1.2203,0.8,1.9e-05,1.1848,0.9,0.000195,1.1629,0.7,0.000248,1.1159,0.000217,1.178
2012-12-27,1987.35,3.35,1.0,0.002573,1.2235,0.8,0.004053,1.1896,0.9,0.002316,1.1655,0.7,0.003546,1.1199,0.002573,1.181
2012-12-28,1997.05,2.59,1.0,0.004881,1.2294,0.8,0.007746,1.1988,0.9,0.004393,1.1707,0.7,0.006778,1.1275,0.004881,1.1868
2013-01-02,2031.1,3.45,1.0,0.01705,1.2504,0.8,0.027217,1.2315,1.0,0.015195,1.1885,0.8,0.023515,1.154,0.01705,1.207
2013-01-03,2019.41,3.72,1.0,-0.005756,1.2432,0.9,-0.009572,1.2197,1.0,-0.005756,1.1816,0.8,-0.009272,1.1433,-0.005756,1.2001
2013-01-04,2011.94,3.69,1.0,-0.003699,1.2386,0.9,-0.00673,1.2115,1.0,-0.003699,1.1772,0.8,-0.005982,1.1365,-0.003699,1.1956
2013-01-07,2011.25,3.95,1.0,-0.000343,1.2382,1.0,-0.000989,1.2103,1.0,-0.000343,1.1768,0.8,-0.000612,1.1358,-0.000343,1.1952
2013-01-08,1997.94,3.97,1.0,-0.006618,1.23,1.0,-0.013315,1.1942,1.0,-0.006618,1.169,1.0,-0.011252,1.123,-0.006618,1.1873
2013-01-09,1991.81,3.14,1.0,-0.003068,1.2262,1.0,-0.006216,1.1867,1.0,-0.003068,1.1655,1.0,-0.006216,1.116,-0.003068,1.1836
2013-01-10,2006.8,1.67,1.0,0.007526,1.2354,1.0,0.014972,1.2045,1.0,0.007526,1.1742,1.0,0.014972,1.1327,0.007526,1.1926
2013-01-11,1996.67,2.02,1.0,-0.005048,1.2292,1.0,-0.010175,1.1922,1.0,-0.005048,1.1683,1.0,-0.010175,1.1212,-0.005048,1.1865
2013-01-14,2007.04,3.41,1.0,0.005194,1.2356,1.0,0.010308,1.2045,1.0,0.005194,1.1744,1.0,0.010308,1.1327,0.005194,1.1927
2013-01-15,1983.74,2.76,1.0,-0.011609,1.2213,1.0,-0.023298,1.1765,1.0,-0.011609,1.1607,1.0,-0.023298,1.1064,-0.011609,1.1789
2013-01-16,1977.45,3.05,1.0,-0.003171,1.2174,1.0,-0.006421,1.1689,1.0,-0.003171,1.1571,1.0,-0.006421,1.0993,-0.003171,1.1751
2013-01-17,1974.27,3.73,1.0,-0.001608,1.2154,1.0,-0.003296,1.1651,1.0,-0.001608,1.1552,1.0,-0.003296,1.0956,-0.001608,1.1732
2013-01-18,1987.85,3.39,1.0,0.006878,1.2238,1.0,0.013678,1.181,1.0,0.006878,1.1631,1.0,0.013678,1.1106,0.006878,1.1813
2013-01-21,1986.86,2.43,1.0,-0.000498,1.2232,1.0,-0.001075,1.1797,1.0,-0.000498,1.1626,1.0,-0.001075,1.1094,-0.000498,1.1807
2013-01-22,1996.52,3.42,1.0,0.004862,1.2291,1.0,0.009645,1.1911,1.0,0.004862,1.1682,1.0,0.009645,1.1201,0.004862,1.1864
2013-01-23,1980.41,3.69,1.0,-0.008069,1.2192,1.0,-0.016217,1.1718,1.0,-0.008069,1.1588,1.0,-0.016217,1.102,-0.008069,1.1769
2013-01-24,1964.48,2.62,1.0,-0.008044,1.2094,1.0,-0.016167,1.1529,1.0,-0.008044,1.1495,1.0,-0.016167,1.0841,-0.008044,1.1674
2013-01-25,1946.69,2.75,1.0,-0.009056,1.1984,1.0,-0.018191,1.1319,1.0,-0.009056,1.1391,1.0,-0.018191,1.0644,-0.009056,1.1568
2013-01-28,1939.71,2.41,1.0,-0.003586,1.1941,1.0,-0.007251,1.1237,1.0,-0.003586,1.135,1.0,-0.007251,1.0567,-0.003586,1.1527
2013-01-29,1955.96,2.46,1.0,0.008378,1.2041,1.0,0.016676,1.1424,1.0,0.008378,1.1445,1.0,0.016676,1.0743,0.008378,1.1623
2013-01-30,1964.43,3.03,1.0,0.00433,1.2094,1.0,0.008581,1.1522,1.0,0.00433,1.1494,1.0,0.008581,1.0835,0.00433,1.1674
2013-01-31,1961.94,3.37,1.0,-0.001268,1.2078,1.0,-0.002614,1.1492,1.0,-0.001268,1.148,1.0,-0.002614,1.0807,-0.001268,1.1659
2013-02-01,1957.79,1.35,1.0,-0.002115,1.2053,1.0,-0.00431,1.1442,1.0,-0.002115,1.1456,1.0,-0.00431,1.0761,-0.002115,1.1634
2013-02-04,1953.21,1.68,1.0,-0.002339,1.2025,1.0,-0.004758,1.1388,1.0,-0.002339,1.1429,1.0,-0.004758,1.0709,-0.002339,1.1607
2013-02-05,1938.18,2.31,1.0,-0.007695,1.1932,1.0,-0.015469,1.1212,1.0,-0.007695,1.1341,1.0,-0.015469,1.0544,-0.007695,1.1518
2013-02-06,1936.19,4.34,1.0,-0.001027,1.192,1.0,-0.002133,1.1188,1.0,-0.001027,1.1329,1.0,-0.002133,1.0521,-0.001027,1.1506
2013-02-07,1931.77,3.92,1.0,-0.002283,1.1893,1.0,-0.004645,1.1136,1.0,-0.002283,1.1303,1.0,-0.004645,1.0472,-0.002283,1.148
2013-02-08,1950.9,2.54,1.0,0.009903,1.201,1.0,0.019726,1.1356,1.0,0.009903,1.1415,1.0,0.019726,1.0679,0.009903,1.1593
2013-02-12,1945.79,1.33,1.0,-0.002619,1.1979,1.0,-0.005318,1.1295,1.0,-0.002619,1.1385,1.0,-0.005318,1.0622,-0.002619,1.1563
2013-02-13,1976.07,0.81,1.0,0.015562,1.2165,1.0,0.031044,1.1646,1.0,0.015562,1.1563,1.0,0.031044,1.0952,0.015562,1.1743
2013-02-14,1979.61,2.2,1.0,0.001791,1.2187,0.9,0.003204,1.1683,1.0,0.001791,1.1583,1.0,0.003504,1.099,0.001791,1.1764
2013-02-15,1981.18,2.94,1.0,0.000793,1.2197,0.9,0.001356,1.1699,1.0,0.000793,1.1592,1.0,0.001507,1.1007,0.000793,1.1773
2013-02-18,1981.91,2.55,1.0,0.000368,1.2201,0.9,0.000592,1.1706,1.0,0.000368,1.1597,1.0,0.000658,1.1014,0.000368,1.1778
2013-02-19,1985.83,3.44,1.0,0.001978,1.2225,0.9,0.003489,1.1747,1.0,0.001978,1.162,0.9,0.003576,1.1053,0.001978,1.1801
2013-02-20,2024.64,4.57,1.0,0.019543,1.2464,0.9,0.035107,1.2159,1.0,0.019543,1.1847,0.9,0.035107,1.1441,0.019543,1.2032
2013-02-21,2015.22,3.81,1.0,-0.004653,1.2406,1.0,-0.008746,1.2053,1.0,-0.004653,1.1792,0.9,-0.008446,1.1345,-0.004653,1.1976
2013-02-22,2018.89,3.53,1.0,0.001821,1.2429,1.0,0.003563,1.2096,1.0,0.001821,1.1813,0.9,0.003207,1.1381,0.001821,1.1997
2013-02-25,2009.52,3.82,1.0,-0.004641,1.2371,1.0,-0.009362,1.1983,1.0,-0.004641,1.1758,0.9,-0.008426,1.1285,-0.004641,1.1942
2013-02-26,2000.01,4.65,1.0,-0.004732,1.2313,1.0,-0.009544,1.1868,1.0,-0.004732,1.1703,1.0,-0.00889,1.1185,-0.004732,1.1885
2013-02-27,2004.04,3.83,1.0,0.002015,1.2337,1.0,0.003951,1.1915,1.0,0.002015,1.1726,1.0,0.003951,1.1229,0.002015,1.1909
2013-02-28,2026.49,4.96,1.0,0.011202,1.2476,1.0,0.022325,1.2181,1.0,0.011202,1.1858,1.0,0.022325,1.148,0.011202,1.2043
2013-03-04,2013.15,4.16,1.0,-0.006583,1.2394,1.0,-0.013245,1.202,1.0,-0.006583,1.1779,1.0,-0.013245,1.1328,-0.006583,1.1963
2013-03-05,2016.61,2.03,1.0,0.001719,1.2415,1.0,0.003358,1.206,1.0,0.001719,1.18,1.0,0.003358,1.1366,0.001719,1.1984
2013-03-06,2020.74,3.52,1.0,0.002048,1.244,1.0,0.004017,1.2109,1.0,0.002048,1.1824,1.0,0.004017,1.1412,0.002048,1.2008
2013-03-07,2004.4,3.47,1.0,-0.008086,1.234,1.0,-0.016252,1.1912,1.0,-0.008086,1.1728,1.0,-0.016252,1.1226,-0.008086,1.1911
2013-03-08,2006.01,2.67,1.0,0.000803,1.235,1.0,0.001527,1.193,1.0,0.000803,1.1738,1.0,0.001527,1.1243,0.000803,1.1921
2013-03-11,2003.35,2.9,1.0,-0.001326,1.2333,1.0,-0.002731,1.1897,1.0,-0.001326,1.1722,1.0,-0.002731,1.1212,-0.001326,1.1905
2013-03-12,1993.34,2.71,1.0,-0.004997,1.2272,1.0,-0.010073,1.1778,1.0,-0.004997,1.1664,1.0,-0.010073,1.11,-0.004997,1.1846
2013-03-13,1999.73,2.7,1.0,0.003206,1.2311,1.0,0.006332,1.1852,1.0,0.003206,1.1701,1.0,0.006332,1.117,0.003206,1.1884
2013-03-14,2002.13,1.6,1.0,0.0012,1.2326,1.0,0.002321,1.188,1.0,0.0012,1.1715,1.0,0.002321,1.1196,0.0012,1.1898
2013-03-15,1986.5,0.49,1.0,-0.007807,1.2229,1.0,-0.015693,1.1693,1.0,-0.007807,1.1624,1.0,-0.015693,1.102,-0.007807,1.1805
2013-03-18,1968.18,2.32,1.0,-0.009222,1.2117,0.9,-0.018824,1.1473,1.0,-0.009222,1.1516,1.0,-0.018524,1.0816,-0.009222,1.1696
2013-03-19,1978.56,2.38,1.0,0.005274,1.2181,0.9,0.009422,1.1581,1.0,0.005274,1.1577,0.9,0.010168,1.0926,0.005274,1.1758
2013-03-20,1959.41,0.97,1.0,-0.009679,1.2063,0.9,-0.017493,1.1379,1.0,-0.009679,1.1465,0.9,-0.017493,1.0735,-0.009679,1.1644
2013-03-21,1950.82,1.3,1.0,-0.004384,1.201,0.9,-0.007963,1.1288,1.0,-0.004384,1.1415,0.9,-0.007963,1.0649,-0.004384,1.1593
2013-03-22,1948.71,-0.43,1.0,-0.001082,1.1997,0.9,-0.002018,1.1265,1.0,-0.001082,1.1402,0.9,-0.002018,1.0628,-0.001082,1.158
2013-03-25,1977.67,-1.17,1.0,0.014861,1.2175,0.8,0.026379,1.1562,1.0,0.014861,1.1572,0.9,0.026679,1.0911,0.014861,1.1752
2013-03-26,1983.7,-2.95,0.9,0.002899,1.221,0.6,0.004215,1.1611,0.9,0.002899,1.1605,0.6,0.004517,1.0961,0.003049,1.1788
2013-03-27,1993.44,-1.75,0.7,0.004119,1.2261,0.4,0.005244,1.1672,0.9,0.004419,1.1657,0.6,0.005844,1.1025,0.00491,1.1846
2013-03-28,1993.52,-0.17,0.5,-0.000272,1.2257,0.3,-0.0003,1.1669,0.9,3.6e-05,1.1657,0.6,1e-06,1.1025,4e-05,1.1847
2013-03-29,2004.89,-1.21,0.5,0.002852,1.2292,0.2,0.003098,1.1705,0.9,0.005133,1.1717,0.6,0.006797,1.11,0.005703,1.1914
2013-04-01,1995.99,-0.07,0.5,-0.00222,1.2265,0.1,-0.002092,1.168,0.9,-0.003995,1.167,0.6,-0.005375,1.104,-0.004439,1.1861
2013-04-02,1986.15,-1.82,0.5,-0.002465,1.2235,0.2,-0.001294,1.1665,0.5,-0.005037,1.1611,0.2,-0.007163,1.0961,-0.00493,1.1803
2013-04-03,1983.22,-2.42,0.6,-0.000888,1.2224,0.2,-0.000606,1.1658,0.5,-0.000738,1.1603,0.2,-0.000606,1.0954,-0.001475,1.1785
2013-04-04,1959.45,-1.27,0.6,-0.007191,1.2136,0.2,-0.00481,1.1602,0.5,-0.005993,1.1533,0.2,-0.00481,1.0902,-0.011986,1.1644
2013-04-05,1927.23,-1.07,0.5,-0.010016,1.2015,0.1,-0.006893,1.1522,0.5,-0.008222,1.1438,0.2,-0.006593,1.083,-0.016443,1.1453
2013-04-08,1918.69,0.61,0.5,-0.002216,1.1988,0.2,-0.001194,1.1508,0.5,-0.002216,1.1413,0.2,-0.001788,1.081,-0.004431,1.1402
2013-04-09,1920.74,-0.52,0.5,0.000534,1.1994,0.2,0.000412,1.1513,0.5,0.000534,1.1419,0.2,0.000412,1.0815,0.001068,1.1414
2013-04-10,1935.58,-0.06,0.6,0.003713,1.2039,0.3,0.002775,1.1545,0.5,0.003863,1.1463,0.2,0.003075,1.0848,0.007726,1.1502
2013-04-11,1949.8,-0.83,0.7,0.004258,1.209,0.4,0.004084,1.1592,0.5,0.003673,1.1505,0.2,0.002923,1.088,0.007347,1.1587
2013-04-12,1924.23,-0.09,0.8,-0.00933,1.1977,0.4,-0.010523,1.147,0.5,-0.006557,1.143,0.2,-0.005262,1.0822,-0.013114,1.1435
2013-04-15,1920.45,0.71,0.8,-0.001572,1.1958,0.4,-0.001603,1.1452,0.5,-0.000982,1.1419,0.2,-0.000802,1.0814,-0.001964,1.1412
2013-04-16,1922.21,1.14,0.8,0.000733,1.1967,0.5,0.000401,1.1456,0.8,8e-06,1.1419,0.5,-0.000549,1.0808,0.000916,1.1423
2013-04-17,1923.84,3.37,0.9,0.000528,1.1974,0.6,0.000508,1.1462,0.8,0.000678,1.1427,0.5,0.000808,1.0817,0.000848,1.1433
2013-04-18,1900.06,1.9,0.9,-0.011125,1.184,0.7,-0.01518,1.1288,0.8,-0.009889,1.1314,0.5,-0.0124,1.0682,-0.012361,1.1291
2013-04-19,1906.75,2.1,1.0,0.003019,1.1876,0.8,0.004574,1.134,0.8,0.002817,1.1345,0.5,0.003481,1.072,0.003521,1.1331
2013-04-22,1926.31,-0.06,1.0,0.010258,1.1998,0.9,0.01605,1.1522,0.8,0.008207,1.1439,0.5,0.010219,1.0829,0.010258,1.1447
2013-04-23,1918.63,-0.59,1.0,-0.003987,1.195,0.9,-0.007248,1.1438,1.0,-0.00349,1.1399,0.9,-0.005227,1.0773,-0.003987,1.1402
2013-04-24,1935.31,0.74,0.9,0.008544,1.2052,0.8,0.015277,1.1613,1.0,0.008694,1.1498,0.9,0.015577,1.094,0.008694,1.1501
2013-04-25,1951.6,-0.22,0.9,0.007576,1.2143,0.7,0.013104,1.1765,1.0,0.008417,1.1595,0.9,0.01508,1.1105,0.008417,1.1598
2013-04-26,1944.56,-0.85,0.9,-0.003247,1.2104,0.6,-0.005406,1.1702,1.0,-0.003607,1.1553,0.9,-0.006565,1.1032,-0.003607,1.1556
2013-04-29,1940.7,0.49,0.8,-0.001937,1.2081,0.4,-0.00303,1.1666,1.0,-0.001985,1.153,0.9,-0.003644,1.0992,-0.001985,1.1533
2013-04-30,1963.95,0.03,0.8,0.009584,1.2196,0.5,0.009252,1.1774,0.8,0.01168,1.1664,0.5,0.020293,1.1215,0.01198,1.1671
2013-05-02,1957.21,1.77,0.9,-0.002895,1.2161,0.5,-0.003472,1.1733,0.8,-0.002745,1.1632,0.5,-0.003472,1.1176,-0.003432,1.1631
2013-05-03,1965.71,-0.32,0.9,0.003909,1.2209,0.6,0.004003,1.178,0.8,0.003474,1.1673,0.5,0.004303,1.1224,0.004343,1.1681
2013-05-06,1961.48,-0.72,0.9,-0.001937,1.2185,0.6,-0.00263,1.1749,0.8,-0.001722,1.1653,0.5,-0.002192,1.12,-0.002152,1.1656
2013-05-07,1954.35,-1.14,0.9,-0.003272,1.2145,0.6,-0.00441,1.1697,0.9,-0.003058,1.1617,0.6,-0.003975,1.1155,-0.003635,1.1614
2013-05-08,1956.45,1.11,0.8,0.000817,1.2155,0.5,0.000942,1.1708,0.9,0.000967,1.1628,0.6,0.001242,1.1169,0.001075,1.1626
2013-05-09,1979.45,-0.78,0.8,0.009405,1.2269,0.5,0.011716,1.1846,0.9,0.01058,1.1751,0.6,0.01406,1.1326,0.011756,1.1763
2013-05-10,1944.75,-1.65,0.7,-0.014174,1.2095,0.4,-0.01787,1.1634,0.9,-0.015777,1.1566,0.6,-0.021084,1.1087,-0.01753,1.1557
2013-05-13,1948.7,-2.72,0.7,0.001422,1.2113,0.3,0.001293,1.1649,0.9,0.001828,1.1587,0.6,0.00239,1.1114,0.002031,1.158
2013-05-14,1968.83,-0.99,0.5,0.006931,1.2197,0.3,0.006174,1.1721,0.5,0.008697,1.1688,0.3,0.011448,1.1241,0.01033,1.17
2013-05-15,1971.26,-0.44,0.6,0.000467,1.2202,0.3,0.000717,1.1729,0.5,0.000617,1.1695,0.3,0.000717,1.1249,0.001234,1.1714
2013-05-16,1986.81,-1.16,0.5,0.004583,1.2258,0.2,0.004409,1.1781,0.5,0.003944,1.1741,0.3,0.004709,1.1302,0.007888,1.1807
2013-05-20,1982.43,-1.81,0.5,-0.001102,1.2245,0.1,-0.001198,1.1767,0.5,-0.001102,1.1728,0.3,-0.001347,1.1287,-0.002205,1.1781
2013-05-21,1981.09,-3.26,0.5,-0.000338,1.2241,0.1,-0.000143,1.1765,0.5,-0.000338,1.1724,0.1,-0.001029,1.1275,-0.000676,1.1773
2013-05-22,1993.83,-3.06,0.5,0.003215,1.228,0.1,0.001278,1.178,0.5,0.003215,1.1762,0.1,0.001278,1.129,0.006431,1.1848
2013-05-23,1969.19,-2.05,0.3,-0.006479,1.22,0.1,-0.00248,1.1751,0.5,-0.006179,1.1689,0.1,-0.00248,1.1262,-0.012358,1.1702
2013-05-24,1973.45,-3.5,0.2,0.000499,1.2206,0.0,0.000125,1.1752,0.5,0.001082,1.1702,0.1,0.000425,1.1267,0.002163,1.1727
2013-05-27,1979.97,-4.28,0.1,0.000511,1.2213,0.0,0.0,1.1752,0.5,0.001652,1.1721,0.1,0.000653,1.1274,0.003304,1.1766
2013-05-28,1986.22,-2.99,0.1,0.000316,1.2217,0.0,0.0,1.1752,0.1,0.000978,1.1733,0.0,0.000323,1.1278,0.003157,1.1803
2013-05-29,2001.2,-3.96,0.1,0.000754,1.2226,0.0,0.0,1.1752,0.1,0.000754,1.1742,0.0,0.0,1.1278,0.007542,1.1892
2013-05-30,2000.1,-5.33,0.1,-5.5e-05,1.2225,0.0,0.0,1.1752,0.1,-5.5e-05,1.1741,0.0,0.0,1.1278,-0.00055,1.1886
2013-05-31,2001.05,-5.88,0.0,-0.000103,1.2224,0.0,0.0,1.1752,0.1,4.7e-05,1.1742,0.0,0.0,1.1278,0.000475,1.1891
2013-06-03,1989.57,-5.51,0.0,0.0,1.2224,0.0,0.0,1.1752,0.1,-0.000574,1.1735,0.0,0.0,1.1278,-0.005737,1.1823
2013-06-04,1989.51,-6.58,0.0,0.0,1.2224,0.0,0.0,1.1752,0.0,-0.000153,1.1733,0.0,0.0,1.1278,-3e-05,1.1823
2013-06-05,1959.19,-3.98,0.0,0.0,1.2224,0.0,0.0,1.1752,0.0,0.0,1.1733,0.0,0.0,1.1278,-0.01524,1.1643
2013-06-07,1923.85,-4.02,0.0,0.0,1.2224,0.0,0.0,1.1752,0.0,0.0,1.1733,0.0,0.0,1.1278,-0.018038,1.1433
2013-06-10,1932.7,-5.84,0.0,0.0,1.2224,0.0,0.0,1.1752,0.0,0.0,1.1733,0.0,0.0,1.1278,0.0046,1.1485
2013-06-11,1920.68,-5.15,0.0,0.0,1.2224,0.0,0.0,1.1752,0.0,0.0,1.1733,0.0,0.0,1.1278,-0.006219,1.1414
2013-06-12,1909.91,-4.4,0.0,0.0,1.2224,0.0,0.0,1.1752,0.0,0.0,1.1733,0.0,0.0,1.1278,-0.005607,1.135
2013-06-13,1882.73,-4.89,0.0,0.0,1.2224,0.0,0.0,1.1752,0.0,0.0,1.1733,0.0,0.0,1.1278,-0.014231,1.1188
2013-06-14,1889.24,-4.41,0.0,0.0,1.2224,0.0,0.0,1.1752,0.0,0.0,1.1733,0.0,0.0,1.1278,0.003458,1.1227
2013-06-17,1883.1,-2.74,0.0,0.0,1.2224,0.0,0.0,1.1752,0.0,0.0,1.1733,0.0,0.0,1.1278,-0.00325,1.119
2013-06-18,1900.62,-4.65,0.0,0.0,1.2224,0.0,0.0,1.1752,0.0,0.0,1.1733,0.0,0.0,1.1278,0.009304,1.1295
2013-06-19,1888.31,-4.14,0.0,0.0,1.2224,0.0,0.0,1.1752,0.0,0.0,1.1733,0.0,0.0,1.1278,-0.006477,1.1221
2013-06-20,1850.49,-4.27,0.0,0.0,1.2224,0.0,0.0,1.1752,0.0,0.0,1.1733,0.0,0.0,1.1278,-0.020028,1.0997
2013-06-21,1822.83,-3.01,0.0,0.0,1.2224,0.0,0.0,1.1752,0.0,0.0,1.1733,0.0,0.0,1.1278,-0.014947,1.0832
2013-06-24,1799.01,-0.78,0.0,0.0,1.2224,0.0,0.0,1.1752,0.0,0.0,1.1733,0.0,0.0,1.1278,-0.013068,1.0691
2013-06-25,1780.63,0.11,0.1,-0.00015,1.2222,0.1,-0.0003,1.1749,0.1,-0.00015,1.1731,0.1,-0.0003,1.1274,-0.010217,1.0582
2013-06-26,1783.45,0.75,0.3,-0.000142,1.222,0.2,9e-06,1.1749,0.1,0.000158,1.1733,0.1,0.000309,1.1278,0.001584,1.0598
2013-06-27,1834.7,4.26,0.5,0.008321,1.2322,0.3,0.011179,1.188,0.1,0.002874,1.1767,0.1,0.005739,1.1342,0.028736,1.0903
2013-06-28,1863.32,5.56,0.7,0.0075,1.2414,0.5,0.008736,1.1984,0.1,0.00156,1.1785,0.1,0.003112,1.1378,0.015599,1.1073
2013-07-01,1855.73,6.9,0.9,-0.003151,1.2375,0.7,-0.004713,1.1928,0.1,-0.000407,1.178,0.1,-0.000823,1.1368,-0.004073,1.1028
2013-07-02,1855.02,4.59,1.0,-0.000494,1.2369,0.9,-0.001191,1.1913,1.0,-0.001388,1.1764,0.9,-0.002484,1.134,-0.000383,1.1024
2013-07-03,1824.66,8.11,1.0,-0.016366,1.2167,0.9,-0.029531,1.1562,1.0,-0.016366,1.1572,0.9,-0.029531,1.1005,-0.016366,1.0843
2013-07-04,1839.14,6.3,1.0,0.007936,1.2263,1.0,0.013913,1.1722,1.0,0.007936,1.1663,0.9,0.014213,1.1162,0.007936,1.0929
2013-07-05,1833.31,6.06,1.0,-0.00317,1.2224,1.0,-0.006419,1.1647,1.0,-0.00317,1.1626,0.9,-0.005777,1.1097,-0.00317,1.0895
2013-07-08,1816.85,5.49,1.0,-0.008978,1.2115,1.0,-0.018036,1.1437,1.0,-0.008978,1.1522,0.9,-0.016232,1.0917,-0.008978,1.0797
2013-07-09,1830.35,5.87,1.0,0.00743,1.2205,1.0,0.014782,1.1606,1.0,0.00743,1.1608,1.0,0.013003,1.1059,0.00743,1.0877
2013-07-10,1824.16,5.5,1.0,-0.003382,1.2163,1.0,-0.006843,1.1527,1.0,-0.003382,1.1568,1.0,-0.006843,1.0983,-0.003382,1.084
2013-07-11,1877.6,2.34,1.0,0.029296,1.252,1.0,0.058512,1.2201,1.0,0.029296,1.1907,1.0,0.058512,1.1626,0.029296,1.1158
2013-07-12,1869.98,3.53,1.0,-0.004058,1.2469,1.0,-0.008196,1.2101,1.0,-0.004058,1.1859,1.0,-0.008196,1.1531,-0.004058,1.1113
2013-07-15,1875.16,3.13,1.0,0.00277,1.2503,1.0,0.005461,1.2167,1.0,0.00277,1.1892,1.0,0.005461,1.1594,0.00277,1.1143
2013-07-16,1866.36,2.93,1.0,-0.004693,1.2445,1.0,-0.009465,1.2052,1.0,-0.004693,1.1836,1.0,-0.009465,1.1484,-0.004693,1.1091
2013-07-17,1887.49,4.14,1.0,0.011322,1.2586,1.0,0.022564,1.2324,1.0,0.011322,1.197,1.0,0.022564,1.1743,0.011322,1.1217
2013-07-18,1875.48,3.33,1.0,-0.006363,1.2506,1.0,-0.012805,1.2166,1.0,-0.006363,1.1894,1.0,-0.012805,1.1593,-0.006363,1.1145
2013-07-19,1871.41,1.35,1.0,-0.00217,1.2478,1.0,-0.00442,1.2113,1.0,-0.00217,1.1868,1.0,-0.00442,1.1541,-0.00217,1.1121
2013-07-22,1880.35,-1.73,1.0,0.004777,1.2538,1.0,0.009475,1.2227,1.0,0.004777,1.1925,1.0,0.009475,1.1651,0.004777,1.1174
2013-07-23,1904.15,-0.01,0.9,0.012507,1.2695,0.8,0.024635,1.2529,0.9,0.012507,1.2074,0.8,0.024635,1.1938,0.012657,1.1316
2013-07-24,1912.08,-0.68,0.9,0.003748,1.2742,0.7,0.0063,1.2607,0.9,0.003748,1.2119,0.8,0.0066,1.2017,0.004165,1.1363
2013-07-25,1909.61,-0.79,0.8,-0.001313,1.2726,0.5,-0.002464,1.2576,0.9,-0.001163,1.2105,0.8,-0.00213,1.1991,-0.001292,1.1348
2013-07-26,1910.81,-0.59,0.7,0.000353,1.273,0.4,0.000289,1.258,0.9,0.000566,1.2112,0.8,0.000942,1.2002,0.000628,1.1355
2013-07-29,1899.89,1.53,0.7,-0.004,1.2679,0.3,-0.004904,1.2518,0.9,-0.005143,1.205,0.8,-0.009207,1.1892,-0.005715,1.129
2013-07-30,1917.05,2.07,0.8,0.006172,1.2758,0.5,0.004795,1.2578,0.8,0.007979,1.2146,0.5,0.013488,1.2052,0.009032,1.1392
2013-07-31,1914.03,-0.44,0.8,-0.00126,1.2741,0.6,-0.001915,1.2554,0.8,-0.00126,1.213,0.5,-0.001615,1.2033,-0.001575,1.1374
2013-08-01,1920.74,-0.35,0.8,0.002805,1.2777,0.6,0.004159,1.2606,0.8,0.002805,1.2164,0.5,0.003466,1.2074,0.003506,1.1414
2013-08-02,1923.38,-1.27,0.9,0.00095,1.2789,0.6,0.001602,1.2627,0.8,0.0011,1.2178,0.5,0.001335,1.2091,0.001374,1.143
2013-08-05,1916.22,-0.04,0.8,-0.0035,1.2745,0.6,-0.004515,1.257,0.8,-0.002978,1.2142,0.5,-0.003762,1.2045,-0.003723,1.1387
2013-08-06,1906.62,0.79,0.8,-0.004008,1.2693,0.5,-0.006359,1.249,0.8,-0.004008,1.2093,0.5,-0.00505,1.1984,-0.00501,1.133
2013-08-07,1878.33,0.57,0.8,-0.01187,1.2543,0.4,-0.015177,1.23,0.8,-0.01187,1.1949,0.5,-0.014877,1.1806,-0.014838,1.1162
2013-08-08,1883.97,-0.54,0.8,0.002402,1.2573,0.5,0.00207,1.2326,0.8,0.002402,1.1978,0.5,0.002963,1.1841,0.003003,1.1196
2013-08-09,1880.71,-1.77,0.8,-0.001384,1.2556,0.5,-0.00177,1.2304,0.8,-0.001384,1.1961,0.5,-0.00177,1.182,-0.00173,1.1176
2013-08-12,1884.83,-0.31,0.8,0.001753,1.2578,0.4,0.001851,1.2327,0.8,0.001753,1.1982,0.5,0.002151,1.1845,0.002191,1.1201
2013-08-13,1913.03,-1.58,0.8,0.011969,1.2728,0.4,0.011938,1.2474,0.8,0.011969,1.2126,0.4,0.014622,1.2019,0.014962,1.1368
2013-08-14,1923.91,-0.81,0.7,0.0044,1.2784,0.3,0.004218,1.2526,0.8,0.00455,1.2181,0.4,0.004518,1.2073,0.005687,1.1433
2013-08-16,1920.11,-1.51,0.6,-0.001533,1.2764,0.2,-0.001509,1.2507,0.8,-0.00158,1.2162,0.4,-0.001612,1.2053,-0.001975,1.141
2013-08-19,1917.64,-1.62,0.5,-0.000922,1.2753,0.1,-0.00083,1.2497,0.8,-0.001029,1.2149,0.4,-0.001061,1.2041,-0.001286,1.1396
2013-08-20,1887.85,-0.21,0.6,-0.007917,1.2652,0.2,-0.003415,1.2454,0.6,-0.012728,1.1995,0.2,-0.01306,1.1883,-0.015535,1.1219
2013-08-21,1867.46,-0.41,0.6,-0.00648,1.257,0.2,-0.004336,1.24,0.6,-0.00648,1.1917,0.2,-0.004336,1.1832,-0.010801,1.1098
2013-08-22,1849.12,2.38,0.6,-0.005892,1.2496,0.2,-0.003944,1.2351,0.6,-0.005892,1.1847,0.2,-0.003944,1.1785,-0.009821,1.0989
2013-08-23,1870.16,2.87,0.7,0.006677,1.2579,0.4,0.003935,1.24,0.6,0.006827,1.1928,0.2,0.004535,1.1839,0.011378,1.1114
2013-08-26,1887.86,1.29,0.8,0.006475,1.2661,0.6,0.00694,1.2486,0.6,0.005679,1.1995,0.2,0.00377,1.1883,0.009464,1.1219
2013-08-27,1885.84,2.05,0.9,-0.001006,1.2648,0.7,-0.001632,1.2466,0.9,-0.001092,1.1982,0.7,-0.001944,1.186,-0.00107,1.1207
2013-08-28,1884.52,2.14,1.0,-0.00078,1.2638,0.9,-0.001635,1.2445,0.9,-0.00063,1.1975,0.7,-0.001035,1.1848,-0.0007,1.1199
2013-08-29,1907.54,0.79,1.0,0.012215,1.2792,1.0,0.021616,1.2714,0.9,0.010994,1.2106,0.7,0.017046,1.205,0.012215,1.1336
2013-08-30,1926.36,2.23,1.0,0.009866,1.2919,0.9,0.019353,1.296,0.9,0.008879,1.2214,0.7,0.013757,1.2216,0.009866,1.1448
2013-09-02,1924.81,3.03,1.0,-0.000805,1.2908,0.9,-0.00152,1.2941,0.9,-0.000724,1.2205,0.7,-0.001182,1.2201,-0.000805,1.1438
2013-09-03,1933.74,2.67,1.0,0.004639,1.2968,0.9,0.00828,1.3048,1.0,0.004025,1.2254,0.9,0.00584,1.2272,0.004639,1.1491
2013-09-04,1933.03,5.51,1.0,-0.000367,1.2963,0.9,-0.000732,1.3038,1.0,-0.000367,1.225,0.9,-0.000732,1.2263,-0.000367,1.1487
2013-09-05,1951.65,6.03,1.0,0.009633,1.3088,0.9,0.017267,1.3263,1.0,0.009633,1.2368,0.9,0.017267,1.2475,0.009633,1.1598
2013-09-06,1955.31,4.34,1.0,0.001875,1.3113,1.0,0.003004,1.3303,1.0,0.001875,1.2391,0.9,0.003304,1.2516,0.001875,1.162
2013-09-09,1974.67,4.56,1.0,0.009901,1.3243,1.0,0.019723,1.3566,1.0,0.009901,1.2513,0.9,0.017751,1.2739,0.009901,1.1735
2013-09-10,1994.06,4.2,1.0,0.009819,1.3373,1.0,0.019559,1.3831,1.0,0.009819,1.2636,1.0,0.017303,1.2959,0.009819,1.185
2013-09-11,2003.85,4.2,1.0,0.00491,1.3438,1.0,0.00974,1.3966,1.0,0.00491,1.2698,1.0,0.00974,1.3085,0.00491,1.1908
2013-09-12,2004.06,3.63,1.0,0.000105,1.344,1.0,0.00013,1.3968,1.0,0.000105,1.27,1.0,0.00013,1.3087,0.000105,1.1909
2013-09-13,1994.32,2.89,1.0,-0.00486,1.3374,1.0,-0.0098,1.3831,1.0,-0.00486,1.2638,1.0,-0.0098,1.2959,-0.00486,1.1851
2013-09-16,2013.37,2.57,1.0,0.009552,1.3502,1.0,0.019025,1.4094,1.0,0.009552,1.2759,1.0,0.019025,1.3205,0.009552,1.1965
2013-09-17,2005.58,2.09,1.0,-0.003869,1.345,1.0,-0.007818,1.3984,1.0,-0.003869,1.2709,1.0,-0.007818,1.3102,-0.003869,1.1918
2013-09-23,2009.41,3.53,1.0,0.00191,1.3476,1.0,0.00374,1.4036,1.0,0.00191,1.2734,1.0,0.00374,1.3151,0.00191,1.1941
2013-09-24,2007.1,2.34,1.0,-0.00115,1.346,1.0,-0.002379,1.4003,1.0,-0.00115,1.2719,1.0,-0.002379,1.312,-0.00115,1.1927
2013-09-25,1998.06,2.33,1.0,-0.004504,1.3399,1.0,-0.009087,1.3875,1.0,-0.004504,1.2662,1.0,-0.009087,1.3,-0.004504,1.1874
2013-09-26,2007.32,0.97,1.0,0.004634,1.3461,1.0,0.00919,1.4003,1.0,0.004634,1.272,1.0,0.00919,1.312,0.004634,1.1929
2013-09-27,2011.8,-1.56,1.0,0.002232,1.3492,1.0,0.004384,1.4064,1.0,0.002232,1.2749,1.0,0.004384,1.3177,0.002232,1.1955
2013-09-30,1996.96,-2.66,0.9,-0.007526,1.339,0.8,-0.015432,1.3847,1.0,-0.007376,1.2655,1.0,-0.014832,1.2982,-0.007376,1.1867
2013-10-01,1998.87,-4.29,0.7,0.000561,1.3397,0.6,0.000867,1.3859,0.7,0.000506,1.2661,0.6,0.000634,1.299,0.000956,1.1878
2013-10-02,1999.47,-6.23,0.5,-9e-05,1.3396,0.4,-0.000287,1.3855,0.7,0.00021,1.2664,0.6,0.000313,1.2994,0.0003,1.1882
2013-10-04,1996.98,-6.23,0.3,-0.000923,1.3384,0.2,-0.001628,1.3833,0.7,-0.000872,1.2653,0.6,-0.001542,1.2974,-0.001245,1.1867
2013-10-07,1994.42,-6.18,0.1,-0.000685,1.3375,0.0,-0.001129,1.3817,0.7,-0.000897,1.2641,0.6,-0.001586,1.2954,-0.001282,1.1852
2013-10-08,2002.76,-6.88,0.0,0.000268,1.3378,0.0,0.0,1.3817,0.0,0.001877,1.2665,0.0,0.00317,1.2995,0.004182,1.1902
2013-10-10,2001.4,-8.33,0.0,0.0,1.3378,0.0,0.0,1.3817,0.0,0.0,1.2665,0.0,0.0,1.2995,-0.000679,1.1893
2013-10-11,2024.9,-8.08,0.0,0.0,1.3378,0.0,0.0,1.3817,0.0,0.0,1.2665,0.0,0.0,1.2995,0.011742,1.2033
2013-10-14,2020.27,-7.89,0.0,0.0,1.3378,0.0,0.0,1.3817,0.0,0.0,1.2665,0.0,0.0,1.2995,-0.002287,1.2006
2013-10-15,2040.96,-8.05,0.0,0.0,1.3378,0.0,0.0,1.3817,0.0,0.0,1.2665,0.0,0.0,1.2995,0.010241,1.2129
2013-10-16,2034.61,-8.53,0.0,0.0,1.3378,0.0,0.0,1.3817,0.0,0.0,1.2665,0.0,0.0,1.2995,-0.003111,1.2091
2013-10-17,2040.61,-7.22,0.0,0.0,1.3378,0.0,0.0,1.3817,0.0,0.0,1.2665,0.0,0.0,1.2995,0.002949,1.2126
2013-10-18,2052.4,-7.43,0.0,0.0,1.3378,0.0,0.0,1.3817,0.0,0.0,1.2665,0.0,0.0,1.2995,0.005778,1.2197
2013-10-21,2053.01,-7.57,0.0,0.0,1.3378,0.0,0.0,1.3817,0.0,0.0,1.2665,0.0,0.0,1.2995,0.000297,1.22
2013-10-22,2056.12,-7.46,0.0,0.0,1.3378,0.0,0.0,1.3817,0.0,0.0,1.2665,0.0,0.0,1.2995,0.001515,1.2219
2013-10-23,2035.75,-7.37,0.0,0.0,1.3378,0.0,0.0,1.3817,0.0,0.0,1.2665,0.0,0.0,1.2995,-0.009907,1.2098
2013-10-24,2046.69,-8.18,0.0,0.0,1.3378,0.0,0.0,1.3817,0.0,0.0,1.2665,0.0,0.0,1.2995,0.005374,1.2163
2013-10-25,2034.39,-8.07,0.0,0.0,1.3378,0.0,0.0,1.3817,0.0,0.0,1.2665,0.0,0.0,1.2995,-0.00601,1.209
2013-10-28,2048.14,-7.41,0.0,0.0,1.3378,0.0,0.0,1.3817,0.0,0.0,1.2665,0.0,0.0,1.2995,0.006759,1.2171
2013-10-29,2051.76,-7.67,0.0,0.0,1.3378,0.0,0.0,1.3817,0.0,0.0,1.2665,0.0,0.0,1.2995,0.001767,1.2193
2013-10-30,2059.58,-7.78,0.0,0.0,1.3378,0.0,0.0,1.3817,0.0,0.0,1.2665,0.0,0.0,1.2995,0.003811,1.2239
2013-10-31,2030.09,-6.46,0.0,0.0,1.3378,0.0,0.0,1.3817,0.0,0.0,1.2665,0.0,0.0,1.2995,-0.014318,1.2064
2013-11-01,2039.42,-7.47,0.0,0.0,1.3378,0.0,0.0,1.3817,0.0,0.0,1.2665,0.0,0.0,1.2995,0.004596,1.2119
2013-11-04,2025.17,-8.13,0.0,0.0,1.3378,0.0,0.0,1.3817,0.0,0.0,1.2665,0.0,0.0,1.2995,-0.006987,1.2035
2013-11-05,2013.93,-7.18,0.0,0.0,1.3378,0.0,0.0,1.3817,0.0,0.0,1.2665,0.0,0.0,1.2995,-0.00555,1.1968
2013-11-06,2013.67,-8.21,0.0,0.0,1.3378,0.0,0.0,1.3817,0.0,0.0,1.2665,0.0,0.0,1.2995,-0.000129,1.1966
2013-11-07,2004.04,-8.03,0.0,0.0,1.3378,0.0,0.0,1.3817,0.0,0.0,1.2665,0.0,0.0,1.2995,-0.004782,1.1909
2013-11-08,1984.87,-8.08,0.0,0.0,1.3378,0.0,0.0,1.3817,0.0,0.0,1.2665,0.0,0.0,1.2995,-0.009566,1.1795
2013-11-11,1977.3,-8.23,0.0,0.0,1.3378,0.0,0.0,1.3817,0.0,0.0,1.2665,0.0,0.0,1.2995,-0.003814,1.175
2013-11-12,1995.48,-8.56,0.0,0.0,1.3378,0.0,0.0,1.3817,0.0,0.0,1.2665,0.0,0.0,1.2995,0.009194,1.1858
2013-11-13,1963.56,-8.46,0.0,0.0,1.3378,0.0,0.0,1.3817,0.0,0.0,1.2665,0.0,0.0,1.2995,-0.015996,1.1669
2013-11-14,1967.56,-8.26,0.0,0.0,1.3378,0.0,0.0,1.3817,0.0,0.0,1.2665,0.0,0.0,1.2995,0.002037,1.1692
2013-11-15,2005.64,-8.07,0.0,0.0,1.3378,0.0,0.0,1.3817,0.0,0.0,1.2665,0.0,0.0,1.2995,0.019354,1.1919
2013-11-18,2010.81,-7.49,0.0,0.0,1.3378,0.0,0.0,1.3817,0.0,0.0,1.2665,0.0,0.0,1.2995,0.002578,1.1949
2013-11-19,2031.64,-7.42,0.0,0.0,1.3378,0.0,0.0,1.3817,0.0,0.0,1.2665,0.0,0.0,1.2995,0.010359,1.2073
2013-11-20,2017.24,-7.59,0.0,0.0,1.3378,0.0,0.0,1.3817,0.0,0.0,1.2665,0.0,0.0,1.2995,-0.007088,1.1988
2013-11-21,1993.78,-7.39,0.0,0.0,1.3378,0.0,0.0,1.3817,0.0,0.0,1.2665,0.0,0.0,1.2995,-0.01163,1.1848
2013-11-22,2006.23,-6.56,0.0,0.0,1.3378,0.0,0.0,1.3817,0.0,0.0,1.2665,0.0,0.0,1.2995,0.006244,1.1922
2013-11-25,2015.98,-6.35,0.0,0.0,1.3378,0.0,0.0,1.3817,0.0,0.0,1.2665,0.0,0.0,1.2995,0.00486,1.198
2013-11-26,2022.64,-7.23,0.0,0.0,1.3378,0.0,0.0,1.3817,0.0,0.0,1.2665,0.0,0.0,1.2995,0.003304,1.202
2013-11-27,2028.81,-6.87,0.0,0.0,1.3378,0.0,0.0,1.3817,0.0,0.0,1.2665,0.0,0.0,1.2995,0.00305,1.2056
2013-11-28,2045.77,-7.69,0.0,0.0,1.3378,0.0,0.0,1.3817,0.0,0.0,1.2665,0.0,0.0,1.2995,0.00836,1.2157
2013-11-29,2044.87,-7.68,0.0,0.0,1.3378,0.0,0.0,1.3817,0.0,0.0,1.2665,0.0,0.0,1.2995,-0.00044,1.2152
2013-12-02,2030.78,-7.01,0.0,0.0,1.3378,0.0,0.0,1.3817,0.0,0.0,1.2665,0.0,0.0,1.2995,-0.00689,1.2068
2013-12-03,2009.36,-6.57,0.0,0.0,1.3378,0.0,0.0,1.3817,0.0,0.0,1.2665,0.0,0.0,1.2995,-0.010548,1.1941
2013-12-04,1986.8,-5.91,0.0,0.0,1.3378,0.0,0.0,1.3817,0.0,0.0,1.2665,0.0,0.0,1.2995,-0.011227,1.1807
2013-12-05,1984.77,-4.48,0.0,0.0,1.3378,0.0,0.0,1.3817,0.0,0.0,1.2665,0.0,0.0,1.2995,-0.001022,1.1795
2013-12-06,1980.41,-6.03,0.0,0.0,1.3378,0.0,0.0,1.3817,0.0,0.0,1.2665,0.0,0.0,1.2995,-0.002197,1.1769
2013-12-09,2000.38,-6.99,0.0,0.0,1.3378,0.0,0.0,1.3817,0.0,0.0,1.2665,0.0,0.0,1.2995,0.010084,1.1887
2013-12-10,1993.45,-7.16,0.0,0.0,1.3378,0.0,0.0,1.3817,0.0,0.0,1.2665,0.0,0.0,1.2995,-0.003464,1.1846
2013-12-11,1977.97,-8.19,0.0,0.0,1.3378,0.0,0.0,1.3817,0.0,0.0,1.2665,0.0,0.0,1.2995,-0.007765,1.1754
2013-12-12,1967.93,-8.32,0.0,0.0,1.3378,0.0,0.0,1.3817,0.0,0.0,1.2665,0.0,0.0,1.2995,-0.005076,1.1695
2013-12-13,1962.91,-7.66,0.0,0.0,1.3378,0.0,0.0,1.3817,0.0,0.0,1.2665,0.0,0.0,1.2995,-0.002551,1.1665
2013-12-16,1961.15,-7.03,0.0,0.0,1.3378,0.0,0.0,1.3817,0.0,0.0,1.2665,0.0,0.0,1.2995,-0.000897,1.1654
2013-12-17,1965.74,-6.61,0.0,0.0,1.3378,0.0,0.0,1.3817,0.0,0.0,1.2665,0.0,0.0,1.2995,0.00234,1.1682
2013-12-18,1974.63,-7.95,0.0,0.0,1.3378,0.0,0.0,1.3817,0.0,0.0,1.2665,0.0,0.0,1.2995,0.004522,1.1734
2013-12-19,1975.65,-7.57,0.0,0.0,1.3378,0.0,0.0,1.3817,0.0,0.0,1.2665,0.0,0.0,1.2995,0.000517,1.174
2013-12-20,1983.35,-7.59,0.0,0.0,1.3378,0.0,0.0,1.3817,0.0,0.0,1.2665,0.0,0.0,1.2995,0.003897,1.1786
2013-12-23,1996.89,-7.65,0.0,0.0,1.3378,0.0,0.0,1.3817,0.0,0.0,1.2665,0.0,0.0,1.2995,0.006827,1.1867
2013-12-24,2001.59,-7.06,0.0,0.0,1.3378,0.0,0.0,1.3817,0.0,0.0,1.2665,0.0,0.0,1.2995,0.002354,1.1895
2013-12-26,1999.3,-6.56,0.0,0.0,1.3378,0.0,0.0,1.3817,0.0,0.0,1.2665,0.0,0.0,1.2995,-0.001144,1.1881
2013-12-27,2002.28,-5.41,0.0,0.0,1.3378,0.0,0.0,1.3817,0.0,0.0,1.2665,0.0,0.0,1.2995,0.001491,1.1899
2013-12-30,2011.34,-5.29,0.0,0.0,1.3378,0.0,0.0,1.3817,0.0,0.0,1.2665,0.0,0.0,1.2995,0.004525,1.1953
2014-01-02,1967.19,-3.56,0.0,0.0,1.3378,0.0,0.0,1.3817,0.0,0.0,1.2665,0.0,0.0,1.2995,-0.021951,1.169
2014-01-03,1946.14,-2.21,0.0,0.0,1.3378,0.0,0.0,1.3817,0.0,0.0,1.2665,0.0,0.0,1.2995,-0.010701,1.1565
2014-01-06,1953.28,2.05,0.0,0.0,1.3378,0.0,0.0,1.3817,0.0,0.0,1.2665,0.0,0.0,1.2995,0.003669,1.1608
2014-01-07,1959.44,2.35,0.2,-0.0003,1.3374,0.2,-0.0006,1.3809,0.2,-0.0003,1.2661,0.2,-0.0006,1.2987,0.003154,1.1644
2014-01-08,1958.96,0.33,0.4,-0.000349,1.337,0.4,-0.000714,1.3799,0.2,-4.9e-05,1.2661,0.2,-0.000114,1.2985,-0.000245,1.1641
2014-01-09,1946.11,-1.62,0.6,-0.002924,1.3331,0.5,-0.005579,1.3722,0.2,-0.001312,1.2644,0.2,-0.00264,1.2951,-0.00656,1.1565
2014-01-10,1938.54,-3.56,0.7,-0.002484,1.3297,0.5,-0.003929,1.3668,0.2,-0.000778,1.2634,0.2,-0.001572,1.2931,-0.00389,1.152
2014-01-13,1948.92,-2.83,0.7,0.003748,1.3347,0.5,0.005315,1.3741,0.2,0.001071,1.2648,0.2,0.002126,1.2958,0.005355,1.1582
2014-01-14,1946.07,-2.1,0.5,-0.001324,1.333,0.3,-0.002102,1.3712,0.5,-0.000742,1.2638,0.3,-0.000901,1.2947,-0.001462,1.1565
2014-01-15,1953.28,-1.79,0.3,0.001552,1.335,0.1,0.001599,1.3734,0.5,0.001852,1.2662,0.3,0.002199,1.2975,0.003705,1.1608
2014-01-16,1957.32,-0.79,0.2,0.00047,1.3357,0.0,0.000106,1.3735,0.5,0.001034,1.2675,0.3,0.001217,1.2991,0.002068,1.1632
2014-01-17,1944.48,-1.73,0.3,-0.001462,1.3337,0.1,-0.0003,1.3731,0.5,-0.00328,1.2633,0.3,-0.00396,1.2939,-0.00656,1.1555
2014-01-20,1953.78,-2.66,0.3,0.001435,1.3356,0.1,0.000949,1.3744,0.5,0.002391,1.2663,0.3,0.002846,1.2976,0.004783,1.161
2014-01-21,1963.89,-4.66,0.4,0.001402,1.3375,0.1,0.001027,1.3758,0.4,0.002437,1.2694,0.1,0.002481,1.3008,0.005175,1.1671
2014-01-22,1970.42,-3.77,0.3,0.00118,1.3391,0.1,0.000657,1.3767,0.4,0.00133,1.2711,0.1,0.000657,1.3017,0.003325,1.1709
2014-01-23,1947.59,-3.34,0.2,-0.003626,1.3342,0.1,-0.002325,1.3735,0.4,-0.004635,1.2652,0.1,-0.002325,1.2987,-0.011586,1.1574
2014-01-24,1940.56,-2.67,0.1,-0.000872,1.3331,0.0,-0.00103,1.3721,0.4,-0.001444,1.2634,0.1,-0.00073,1.2977,-0.00361,1.1532
2014-01-27,1910.34,-2.74,0.0,-0.001707,1.3308,0.0,0.0,1.3721,0.4,-0.006229,1.2555,0.1,-0.003123,1.2937,-0.015573,1.1352
2014-01-28,1916.93,-2.77,0.0,0.0,1.3308,0.0,0.0,1.3721,0.0,0.00078,1.2565,0.0,0.000382,1.2942,0.00345,1.1392
2014-01-29,1941.15,-1.33,0.0,0.0,1.3308,0.0,0.0,1.3721,0.0,0.0,1.2565,0.0,0.0,1.2942,0.012635,1.1535
2014-02-03,1919.96,-1.06,0.1,-0.00015,1.3306,0.0,0.0,1.3721,0.0,0.0,1.2565,0.0,0.0,1.2942,-0.010916,1.141
2014-02-04,1886.85,-0.45,0.3,-0.002025,1.3279,0.1,-0.0003,1.3717,0.3,-0.00045,1.2559,0.1,-0.0003,1.2938,-0.017245,1.1213
2014-02-05,1891.32,1.76,0.4,0.000561,1.3286,0.1,0.000466,1.3723,0.3,0.000711,1.2568,0.1,0.000466,1.2944,0.002369,1.1239
2014-02-06,1907.89,2.6,0.6,0.003204,1.3329,0.3,0.001144,1.3739,0.3,0.002628,1.2601,0.1,0.001744,1.2966,0.008761,1.1338
2014-02-07,1922.5,2.58,0.8,0.004295,1.3386,0.5,0.003971,1.3794,0.3,0.002297,1.263,0.1,0.001524,1.2986,0.007658,1.1425
2014-02-10,1923.3,1.61,0.9,0.000183,1.3389,0.7,-0.000224,1.379,0.3,0.000125,1.2632,0.1,7.5e-05,1.2987,0.000416,1.1429
2014-02-11,1932.06,-0.85,1.0,0.003949,1.3441,0.9,0.005721,1.3869,1.0,0.000316,1.2636,0.9,-0.001497,1.2968,0.004555,1.1481
2014-02-12,1935.84,1.0,0.9,0.001806,1.3466,0.8,0.00315,1.3913,1.0,0.001956,1.2661,0.9,0.00345,1.3012,0.001956,1.1504
2014-02-13,1926.96,2.45,0.9,-0.004128,1.341,0.8,-0.007403,1.381,1.0,-0.004587,1.2603,0.9,-0.008328,1.2904,-0.004587,1.1451
2014-02-14,1940.28,3.19,0.9,0.006221,1.3494,0.8,0.010996,1.3962,1.0,0.006912,1.269,0.9,0.012371,1.3064,0.006912,1.153
2014-02-17,1946.36,3.79,0.9,0.00282,1.3532,0.8,0.00495,1.4031,1.0,0.003134,1.2729,0.9,0.005569,1.3136,0.003134,1.1566
2014-02-18,1946.91,2.24,0.9,0.000254,1.3535,0.8,0.000389,1.4036,0.9,0.000133,1.2731,0.8,0.000137,1.3138,0.000283,1.157
2014-02-19,1942.93,2.22,1.0,-0.00199,1.3508,1.0,-0.003934,1.3981,0.9,-0.00184,1.2708,0.8,-0.003334,1.3094,-0.002044,1.1546
2014-02-20,1930.57,3.3,1.0,-0.006362,1.3422,1.0,-0.012802,1.3802,0.9,-0.005725,1.2635,0.8,-0.010242,1.296,-0.006362,1.1473
2014-02-21,1957.83,1.42,1.0,0.01412,1.3612,1.0,0.028161,1.4191,0.9,0.012708,1.2796,0.8,0.022529,1.3252,0.01412,1.1635
2014-02-24,1949.05,0.65,1.0,-0.004485,1.3551,1.0,-0.009048,1.4063,0.9,-0.004036,1.2744,0.8,-0.007239,1.3156,-0.004485,1.1582
2014-02-25,1964.86,0.01,1.0,0.008112,1.3661,0.9,0.015844,1.4285,1.0,0.00715,1.2835,0.9,0.012615,1.3322,0.008112,1.1676
2014-02-26,1970.77,0.82,1.0,0.003008,1.3702,0.8,0.005043,1.4357,1.0,0.003008,1.2874,0.9,0.005343,1.3394,0.003008,1.1711
2014-02-27,1978.43,1.36,1.0,0.003887,1.3755,0.8,0.006155,1.4446,1.0,0.003887,1.2924,0.9,0.006925,1.3486,0.003887,1.1757
2014-02-28,1979.99,1.5,1.0,0.000789,1.3766,0.8,0.001198,1.4463,1.0,0.000789,1.2934,0.9,0.001348,1.3504,0.000789,1.1766
2014-03-03,1964.69,0.67,1.0,-0.007727,1.3659,0.8,-0.012427,1.4283,1.0,-0.007727,1.2834,0.9,-0.013981,1.3316,-0.007727,1.1675
2014-03-04,1954.11,0.01,1.0,-0.005385,1.3586,0.8,-0.00868,1.4159,1.0,-0.005385,1.2765,0.8,-0.010065,1.3182,-0.005385,1.1612
2014-03-05,1971.24,0.72,1.0,0.008766,1.3705,0.8,0.013962,1.4357,1.0,0.008766,1.2877,0.8,0.013962,1.3366,0.008766,1.1714
2014-03-06,1975.62,0.98,1.0,0.002222,1.3735,0.8,0.003492,1.4407,1.0,0.002222,1.2905,0.8,0.003492,1.3412,0.002222,1.174
2014-03-07,1974.68,0.42,1.0,-0.000476,1.3729,0.7,-0.001125,1.4391,1.0,-0.000476,1.2899,0.8,-0.000825,1.3401,-0.000476,1.1735
2014-03-10,1954.42,-0.7,1.0,-0.01026,1.3588,0.7,-0.014419,1.4183,1.0,-0.01026,1.2767,0.8,-0.016479,1.318,-0.01026,1.1614
2014-03-11,1963.87,-1.99,0.9,0.004685,1.3652,0.6,0.006414,1.4274,0.9,0.004685,1.2827,0.6,0.007073,1.3274,0.004835,1.167
2014-03-12,1932.54,0.07,0.8,-0.014508,1.3454,0.5,-0.019491,1.3996,0.9,-0.014358,1.2643,0.6,-0.019191,1.3019,-0.015953,1.1484
2014-03-13,1934.38,-0.92,0.8,0.000762,1.3464,0.4,0.000612,1.4005,0.9,0.000857,1.2653,0.6,0.001095,1.3033,0.000952,1.1495
2014-03-14,1919.9,-1.99,0.7,-0.006138,1.3381,0.3,-0.00632,1.3916,0.9,-0.006737,1.2568,0.6,-0.00903,1.2916,-0.007486,1.1409
2014-03-17,1927.53,-0.15,0.6,0.002632,1.3416,0.2,0.002061,1.3945,0.9,0.003577,1.2613,0.6,0.004721,1.2977,0.003974,1.1455
2014-03-18,1940.21,-2.05,0.6,0.003947,1.3469,0.2,0.002615,1.3981,0.6,0.005471,1.2682,0.2,0.006646,1.3063,0.006578,1.153
2014-03-19,1937.68,-0.66,0.6,-0.000782,1.3459,0.2,-0.000537,1.3974,0.6,-0.000782,1.2672,0.2,-0.000537,1.3056,-0.001304,1.1515
2014-03-20,1919.52,-0.52,0.6,-0.005623,1.3383,0.2,-0.003765,1.3921,0.6,-0.005623,1.2601,0.2,-0.003765,1.3007,-0.009372,1.1407
2014-03-21,1934.94,-2.27,0.6,0.00482,1.3448,0.2,0.003197,1.3966,0.6,0.00482,1.2662,0.2,0.003197,1.3048,0.008033,1.1499
2014-03-24,1945.55,-3.29,0.6,0.00329,1.3492,0.2,0.002177,1.3996,0.6,0.00329,1.2703,0.2,0.002177,1.3077,0.005483,1.1562
2014-03-25,1941.25,-4.56,0.4,-0.001626,1.347,0.1,-0.0012,1.3979,0.4,-0.001626,1.2683,0.1,-0.0012,1.3061,-0.00221,1.1536
2014-03-26,1964.31,-2.88,0.3,0.004602,1.3532,0.1,0.002368,1.4013,0.4,0.004752,1.2743,0.1,0.002368,1.3092,0.011879,1.1673
2014-03-27,1977.97,-2.5,0.2,0.001936,1.3558,0.1,0.001383,1.4032,0.4,0.002782,1.2778,0.1,0.001383,1.311,0.006954,1.1754
2014-03-28,1981.0,-0.97,0.1,0.000156,1.356,0.0,-2e-06,1.4032,0.4,0.000613,1.2786,0.1,0.000298,1.3114,0.001532,1.1772
2014-03-31,1985.61,-2.25,0.2,8.3e-05,1.3561,0.0,0.0,1.4032,0.4,0.000931,1.2798,0.1,0.000457,1.312,0.002327,1.18
2014-04-01,1991.98,-1.82,0.2,0.000642,1.357,0.0,0.0,1.4032,0.2,0.000983,1.2811,0.0,0.000334,1.3124,0.003208,1.1838
2014-04-02,1997.25,-3.27,0.3,0.000379,1.3575,0.0,0.0,1.4032,0.2,0.000529,1.2817,0.0,0.0,1.3124,0.002646,1.1869
2014-04-03,1993.7,0.38,0.3,-0.000533,1.3568,0.0,0.0,1.4032,0.2,-0.000355,1.2813,0.0,0.0,1.3124,-0.001777,1.1848
2014-04-04,1988.09,-3.2,0.4,-0.000994,1.3555,0.2,-0.0006,1.4023,0.2,-0.000563,1.2806,0.0,0.0,1.3124,-0.002814,1.1814
2014-04-07,1989.7,-3.65,0.3,0.000174,1.3557,0.1,8e-06,1.4024,0.2,0.000162,1.2808,0.0,0.0,1.3124,0.00081,1.1824
2014-04-08,1993.03,-4.28,0.3,0.000502,1.3564,0.1,0.000327,1.4028,0.3,0.000185,1.281,0.1,-0.0003,1.312,0.001674,1.1844
2014-04-09,1998.95,-6.01,0.2,0.000741,1.3574,0.1,0.000586,1.4036,0.3,0.000891,1.2821,0.1,0.000586,1.3128,0.00297,1.1879
2014-04-10,2008.61,-4.77,0.2,0.000967,1.3587,0.1,0.000959,1.405,0.3,0.00145,1.284,0.1,0.000959,1.3141,0.004833,1.1936
2014-04-11,1997.44,-3.85,0.0,-0.001412,1.3568,0.0,-0.00142,1.403,0.3,-0.001668,1.2819,0.1,-0.00112,1.3126,-0.005561,1.187
2014-04-14,1997.02,-2.65,0.0,0.0,1.3568,0.0,0.0,1.403,0.3,-6.3e-05,1.2818,0.1,-5e-05,1.3125,-0.00021,1.1867
2014-04-15,1992.27,-0.01,0.0,0.0,1.3568,0.0,0.0,1.403,0.0,-0.001164,1.2803,0.0,-0.000784,1.3115,-0.002379,1.1839
2014-04-16,1992.21,1.22,0.2,-0.0003,1.3564,0.1,-0.0003,1.4026,0.0,0.0,1.2803,0.0,0.0,1.3115,-3e-05,1.1839
2014-04-17,1992.05,0.06,0.4,-0.000316,1.3559,0.3,-0.000624,1.4017,0.0,0.0,1.2803,0.0,0.0,1.3115,-8e-05,1.1838
2014-04-18,2004.28,-1.96,0.6,0.002156,1.3589,0.4,0.00336,1.4064,0.0,0.0,1.2803,0.0,0.0,1.3115,0.006139,1.1911
2014-04-21,1999.22,-2.76,0.6,-0.001515,1.3568,0.4,-0.002051,1.4035,0.0,0.0,1.2803,0.0,0.0,1.3115,-0.002525,1.1881
2014-04-22,2004.22,-2.28,0.6,0.001501,1.3588,0.4,0.001969,1.4063,0.6,-0.0009,1.2791,0.4,-0.0012,1.3099,0.002501,1.191
2014-04-23,2000.37,-1.31,0.5,-0.001303,1.3571,0.3,-0.001869,1.4037,0.6,-0.001153,1.2777,0.4,-0.001569,1.3079,-0.001921,1.1887
2014-04-24,1998.34,-0.91,0.4,-0.000657,1.3562,0.1,-0.001233,1.4019,0.6,-0.000609,1.2769,0.4,-0.000844,1.3068,-0.001015,1.1875
2014-04-25,1971.66,-0.75,0.3,-0.00549,1.3487,0.1,-0.002678,1.3982,0.6,-0.008011,1.2667,0.4,-0.010713,1.2928,-0.013351,1.1717
2014-04-28,1969.26,-0.78,0.4,-0.000515,1.348,0.1,-0.000251,1.3978,0.6,-0.00073,1.2657,0.4,-0.001006,1.2915,-0.001217,1.1702
2014-04-29,1964.77,-0.82,0.5,-0.001062,1.3466,0.2,-0.000764,1.3967,0.5,-0.001518,1.2638,0.2,-0.002456,1.2883,-0.00228,1.1676
2014-04-30,1961.79,0.26,0.6,-0.000908,1.3454,0.2,-0.000623,1.3959,0.5,-0.000758,1.2629,0.2,-0.000623,1.2875,-0.001517,1.1658
2014-05-02,1959.44,0.56,0.7,-0.000869,1.3442,0.3,-0.000795,1.3948,0.5,-0.000599,1.2621,0.2,-0.000495,1.2868,-0.001198,1.1644
2014-05-07,1939.88,-1.42,0.8,-0.007138,1.3346,0.4,-0.006313,1.386,0.8,-0.005441,1.2552,0.4,-0.004609,1.2809,-0.009982,1.1528
2014-05-08,1950.6,-1.83,0.8,0.004421,1.3405,0.4,0.004389,1.392,0.8,0.004421,1.2608,0.4,0.004389,1.2865,0.005526,1.1592
2014-05-09,1956.55,0.07,0.7,0.00229,1.3436,0.3,0.002109,1.395,0.8,0.00244,1.2639,0.4,0.002409,1.2896,0.00305,1.1627
2014-05-12,1964.94,-0.48,0.7,0.003002,1.3476,0.4,0.002249,1.3981,0.8,0.003431,1.2682,0.4,0.003399,1.294,0.004288,1.1677
2014-05-13,1982.93,-4.3,0.7,0.006409,1.3563,0.3,0.006993,1.4079,0.7,0.007174,1.2773,0.3,0.006993,1.3031,0.009155,1.1784
2014-05-14,2010.83,-4.09,0.5,0.009549,1.3692,0.2,0.008118,1.4193,0.7,0.009849,1.2899,0.3,0.008418,1.314,0.01407,1.195
2014-05-15,2010.2,-1.89,0.4,-0.000307,1.3688,0.2,-0.000141,1.4191,0.7,-0.000219,1.2896,0.3,-0.000212,1.3138,-0.000313,1.1946
2014-05-16,2013.44,-0.61,0.4,0.000645,1.3697,0.2,0.000629,1.42,0.7,0.001128,1.291,0.3,0.000943,1.315,0.001612,1.1965
2014-05-19,2015.14,-1.91,0.4,0.000338,1.3701,0.1,2.2e-05,1.42,0.7,0.000591,1.2918,0.3,0.000483,1.3156,0.000844,1.1975
2014-05-20,2011.26,-2.31,0.3,-0.00092,1.3689,0.1,-0.000393,1.4195,0.3,-0.001948,1.2893,0.1,-0.001779,1.3133,-0.001925,1.1952
2014-05-21,2008.33,-2.61,0.3,-0.000437,1.3683,0.1,-0.000299,1.4191,0.3,-0.000437,1.2887,0.1,-0.000299,1.3129,-0.001457,1.1935
2014-05-22,2015.59,-1.69,0.3,0.001084,1.3698,0.1,0.000715,1.4201,0.3,0.001084,1.2901,0.1,0.000715,1.3138,0.003615,1.1978
2014-05-23,2017.17,-1.42,0.4,8.5e-05,1.3699,0.1,0.000149,1.4203,0.3,0.000235,1.2904,0.1,0.000149,1.314,0.000784,1.1987
2014-05-26,2010.35,-2.03,0.3,-0.001502,1.3678,0.0,-0.000984,1.4189,0.3,-0.001014,1.2891,0.1,-0.000684,1.3131,-0.003381,1.1947
2014-05-27,1997.63,-3.29,0.3,-0.001898,1.3652,0.0,0.0,1.4189,0.3,-0.001898,1.2867,0.0,-0.001573,1.3111,-0.006327,1.1871
2014-05-28,2017.06,-0.78,0.3,0.002918,1.3692,0.0,0.0,1.4189,0.3,0.002918,1.2904,0.0,0.0,1.3111,0.009727,1.1987
2014-05-29,2012.26,0.86,0.4,-0.000864,1.368,0.1,-0.0003,1.4185,0.3,-0.000714,1.2895,0.0,0.0,1.3111,-0.00238,1.1958
2014-05-30,1994.96,1.08,0.5,-0.003589,1.3631,0.2,-0.002027,1.4156,0.3,-0.002579,1.2862,0.0,0.0,1.3111,-0.008597,1.1855
2014-06-02,2002.0,0.13,0.6,0.001614,1.3653,0.4,0.000796,1.4167,0.3,0.001059,1.2875,0.0,0.0,1.3111,0.003529,1.1897
2014-06-03,2008.56,-1.46,0.7,0.001816,1.3678,0.5,0.00229,1.42,0.7,0.000383,1.288,0.5,-0.0015,1.3091,0.003277,1.1936
2014-06-05,1995.48,-0.87,0.8,-0.004708,1.3613,0.5,-0.006552,1.4107,0.7,-0.004558,1.2822,0.5,-0.006552,1.3005,-0.006512,1.1858
2014-06-09,1990.04,-2.49,0.8,-0.002181,1.3584,0.5,-0.002766,1.4068,0.7,-0.001908,1.2797,0.5,-0.002766,1.2969,-0.002726,1.1826
2014-06-10,2011.8,0.62,0.6,0.008448,1.3699,0.3,0.010295,1.4212,0.6,0.007504,1.2893,0.3,0.010295,1.3103,0.010934,1.1955
2014-06-11,2014.67,-2.14,0.6,0.000856,1.371,0.3,0.000832,1.4224,0.6,0.000856,1.2904,0.3,0.000832,1.3114,0.001427,1.1972
2014-06-12,2011.65,-2.86,0.5,-0.001049,1.3696,0.2,-0.001223,1.4207,0.6,-0.000899,1.2893,0.3,-0.000923,1.3102,-0.001499,1.1954
2014-06-13,1990.85,-1.82,0.4,-0.00532,1.3623,0.2,-0.004152,1.4148,0.6,-0.006204,1.2813,0.3,-0.006228,1.302,-0.01034,1.1831
2014-06-16,1993.59,0.34,0.4,0.000551,1.363,0.1,0.000235,1.4151,0.6,0.000826,1.2823,0.3,0.000802,1.303,0.001376,1.1847
2014-06-17,2001.55,1.21,0.5,0.001447,1.365,0.3,0.000191,1.4154,0.5,0.002246,1.2852,0.3,0.002372,1.3061,0.003993,1.1894
2014-06-18,1989.49,-1.79,0.5,-0.003013,1.3609,0.3,-0.003639,1.4102,0.5,-0.003013,1.2813,0.3,-0.003639,1.3014,-0.006025,1.1823
2014-06-19,1992.03,-3.19,0.6,0.000488,1.3616,0.3,0.000742,1.4113,0.5,0.000638,1.2821,0.3,0.000742,1.3023,0.001277,1.1838
2014-06-20,1968.07,-1.99,0.5,-0.007367,1.3515,0.3,-0.007241,1.4011,0.5,-0.006014,1.2744,0.3,-0.007241,1.2929,-0.012028,1.1695
2014-06-23,1974.92,-2.2,0.5,0.00174,1.3539,0.3,0.002065,1.404,0.5,0.00174,1.2767,0.3,0.002065,1.2956,0.003481,1.1736
2014-06-24,1994.35,0.34,0.4,0.004769,1.3604,0.2,0.005579,1.4118,0.4,0.004769,1.2827,0.2,0.005579,1.3028,0.009838,1.1852
2014-06-25,1981.77,0.26,0.4,-0.002523,1.3569,0.1,-0.002839,1.4078,0.4,-0.002523,1.2795,0.2,-0.002539,1.2995,-0.006308,1.1777
2014-06-26,1995.05,-1.44,0.5,0.00253,1.3604,0.2,0.001032,1.4092,0.4,0.00268,1.2829,0.2,0.002665,1.303,0.006701,1.1856
2014-06-27,1988.51,-0.24,0.6,-0.001789,1.3579,0.2,-0.001327,1.4074,0.4,-0.001311,1.2813,0.2,-0.001327,1.3012,-0.003278,1.1817
2014-06-30,2002.21,2.3,0.7,0.003984,1.3633,0.3,0.00244,1.4108,0.4,0.002756,1.2848,0.2,0.00274,1.3048,0.00689,1.1898
2014-07-01,1999.0,3.42,0.9,-0.001422,1.3614,0.5,-0.001586,1.4086,0.9,-0.001391,1.283,0.5,-0.001557,1.3028,-0.001603,1.1879
2014-07-02,2015.28,1.8,0.9,0.00733,1.3714,0.6,0.007804,1.4196,0.9,0.00733,1.2924,0.5,0.008104,1.3133,0.008144,1.1976
2014-07-03,2010.97,3.26,0.9,-0.001925,1.3687,0.7,-0.002914,1.4154,0.9,-0.001925,1.2899,0.5,-0.002178,1.3105,-0.002139,1.195
2014-07-04,2009.66,0.62,1.0,-0.000736,1.3677,0.9,-0.001568,1.4132,0.9,-0.000586,1.2892,0.5,-0.000691,1.3096,-0.000651,1.1943
2014-07-07,2005.12,2.8,1.0,-0.002259,1.3646,0.9,-0.004138,1.4074,0.9,-0.002033,1.2865,0.5,-0.002299,1.3066,-0.002259,1.1916
2014-07-08,2006.66,0.51,1.0,0.000768,1.3657,0.9,0.001311,1.4092,1.0,0.000541,1.2872,0.9,-0.000472,1.3059,0.000768,1.1925
2014-07-09,2000.5,2.05,1.0,-0.00307,1.3615,0.9,-0.005597,1.4013,1.0,-0.00307,1.2833,0.9,-0.005597,1.2986,-0.00307,1.1888
2014-07-10,2002.84,-1.76,1.0,0.00117,1.3631,0.9,0.002034,1.4042,1.0,0.00117,1.2848,0.9,0.002034,1.3013,0.00117,1.1902
2014-07-11,1988.74,0.81,0.9,-0.00719,1.3533,0.7,-0.013343,1.3854,1.0,-0.00704,1.2757,0.9,-0.012743,1.2847,-0.00704,1.1818
2014-07-14,1993.88,0.82,0.9,0.002326,1.3564,0.7,0.003563,1.3904,1.0,0.002585,1.279,0.9,0.004581,1.2906,0.002585,1.1849
2014-07-15,2012.72,1.14,0.9,0.008504,1.368,0.6,0.012873,1.4083,0.9,0.009299,1.2909,0.6,0.016037,1.3113,0.009449,1.1961
2014-07-16,2013.48,-0.24,0.9,0.00034,1.3684,0.7,0.000105,1.4084,0.9,0.00034,1.2914,0.6,0.000405,1.3118,0.000378,1.1965
2014-07-17,2020.9,-0.82,0.8,0.003167,1.3728,0.6,0.004804,1.4152,0.9,0.003317,1.2956,0.6,0.004375,1.3175,0.003685,1.2009
2014-07-18,2019.42,-1.47,0.9,-0.000736,1.3718,0.6,-0.000926,1.4139,0.9,-0.000659,1.2948,0.6,-0.000926,1.3163,-0.000732,1.2001
2014-07-21,2018.5,-2.23,0.8,-0.00056,1.371,0.5,-0.000894,1.4126,0.9,-0.00041,1.2943,0.6,-0.000594,1.3155,-0.000456,1.1995
2014-07-22,2028.93,-3.17,0.6,0.003834,1.3762,0.3,0.004528,1.419,0.6,0.0042,1.2997,0.3,0.005253,1.3224,0.005167,1.2057
2014-07-23,2028.32,-4.88,0.4,-0.00048,1.3756,0.1,-0.000804,1.4179,0.6,-0.00018,1.2995,0.3,-0.000204,1.3222,-0.000301,1.2053
2014-07-24,2026.62,-4.67,0.3,-0.000485,1.3749,0.1,-0.000176,1.4176,0.6,-0.000503,1.2988,0.3,-0.000527,1.3215,-0.000838,1.2043
2014-07-25,2033.85,-3.5,0.1,0.00077,1.376,0.0,0.000406,1.4182,0.6,0.002141,1.3016,0.3,0.002117,1.3243,0.003568,1.2086
2014-07-28,2048.81,-2.92,0.0,0.000586,1.3768,0.0,0.0,1.4182,0.6,0.004413,1.3073,0.3,0.004389,1.3301,0.007356,1.2175
2014-07-29,2061.97,-3.37,0.0,0.0,1.3768,0.0,0.0,1.4182,0.0,0.002954,1.3112,0.0,0.00293,1.334,0.006423,1.2253
2014-07-30,2082.61,-1.24,0.0,0.0,1.3768,0.0,0.0,1.4182,0.0,0.0,1.3112,0.0,0.0,1.334,0.01001,1.2376
2014-07-31,2076.12,0.53,0.1,-0.00015,1.3766,0.0,0.0,1.4182,0.0,0.0,1.3112,0.0,0.0,1.334,-0.003116,1.2338
2014-08-01,2073.1,-0.64,0.3,-0.000445,1.376,0.2,-0.0006,1.4173,0.0,0.0,1.3112,0.0,0.0,1.334,-0.001455,1.232
2014-08-04,2080.42,-0.46,0.5,0.000759,1.377,0.2,0.001397,1.4193,0.0,0.0,1.3112,0.0,0.0,1.334,0.003531,1.2363
2014-08-05,2066.26,0.48,0.6,-0.003553,1.3721,0.3,-0.003038,1.415,0.6,-0.0009,1.31,0.3,-0.0009,1.3328,-0.006806,1.2279
2014-08-06,2060.73,0.15,0.8,-0.001906,1.3695,0.4,-0.00193,1.4123,0.6,-0.001606,1.3079,0.3,-0.00163,1.3306,-0.002676,1.2246
2014-08-07,2054.51,1.17,0.9,-0.002565,1.366,0.5,-0.002746,1.4084,0.6,-0.001811,1.3055,0.3,-0.001835,1.3282,-0.003018,1.2209
2014-08-08,2031.1,0.2,0.9,-0.010255,1.352,0.5,-0.011434,1.3923,0.6,-0.006837,1.2966,0.3,-0.00686,1.3191,-0.011394,1.207
2014-08-11,2039.37,2.48,0.9,0.003665,1.3569,0.6,0.003732,1.3975,0.6,0.002443,1.2998,0.3,0.002419,1.3223,0.004072,1.2119
2014-08-12,2041.47,-0.53,1.0,0.000777,1.358,0.7,0.000888,1.3987,1.0,1.8e-05,1.2998,0.7,-0.000606,1.3215,0.00103,1.2132
2014-08-13,2062.36,-0.42,0.9,0.010083,1.3717,0.7,0.01427,1.4187,1.0,0.010233,1.3131,0.7,0.01427,1.3403,0.010233,1.2256
2014-08-14,2063.22,0.17,0.9,0.000375,1.3722,0.6,0.000228,1.419,1.0,0.000417,1.3137,0.7,0.000528,1.341,0.000417,1.2261
2014-08-18,2053.13,0.05,0.9,-0.004401,1.3661,0.6,-0.005916,1.4106,1.0,-0.00489,1.3072,0.7,-0.006902,1.3318,-0.00489,1.2201
2014-08-19,2071.14,-0.26,0.9,0.007895,1.3769,0.6,0.010479,1.4254,0.9,0.008622,1.3185,0.6,0.011925,1.3476,0.008772,1.2308
2014-08-20,2072.78,1.03,0.8,0.000563,1.3777,0.4,0.000303,1.4258,0.9,0.000713,1.3194,0.6,0.000903,1.3489,0.000792,1.2318
2014-08-21,2044.21,-0.05,0.9,-0.011177,1.3623,0.5,-0.011358,1.4096,0.9,-0.012405,1.3031,0.6,-0.016588,1.3265,-0.013783,1.2148
2014-08-22,2056.7,-0.26,0.9,0.005499,1.3698,0.6,0.00577,1.4178,0.9,0.005499,1.3102,0.6,0.007284,1.3362,0.00611,1.2222
2014-08-25,2060.89,-0.4,0.9,0.001834,1.3723,0.5,0.002097,1.4207,0.9,0.001834,1.3126,0.6,0.002397,1.3394,0.002037,1.2247
2014-08-26,2068.05,-1.95,0.9,0.003127,1.3766,0.5,0.003435,1.4256,0.9,0.003127,1.3168,0.5,0.003821,1.3445,0.003474,1.229
2014-08-27,2074.93,-1.83,0.8,0.002844,1.3805,0.4,0.002987,1.4299,0.9,0.002994,1.3207,0.5,0.003287,1.3489,0.003327,1.233
2014-08-28,2075.76,-1.55,0.6,2e-05,1.3805,0.3,-1.2e-05,1.4299,0.9,0.00036,1.3212,0.5,0.00036,1.3494,0.0004,1.2335
2014-08-29,2068.54,-1.43,0.5,-0.002237,1.3775,0.2,-0.002411,1.4264,0.9,-0.00313,1.317,0.5,-0.003518,1.3446,-0.003478,1.2292
2014-09-01,2067.86,-2.45,0.5,-0.000164,1.3772,0.1,-0.000447,1.4258,0.9,-0.000296,1.3166,0.5,-0.000368,1.3441,-0.000329,1.2288
2014-09-02,2051.58,-3.82,0.3,-0.004236,1.3714,0.0,-0.001883,1.4231,0.3,-0.007986,1.3061,0.0,-0.009413,1.3315,-0.007873,1.2192
2014-09-03,2051.2,-1.15,0.3,-5.6e-05,1.3713,0.0,0.0,1.4231,0.3,-5.6e-05,1.3061,0.0,0.0,1.3315,-0.000185,1.2189
2014-09-04,2056.26,-2.57,0.3,0.00074,1.3723,0.1,-0.0003,1.4227,0.3,0.00074,1.307,0.0,0.0,1.3315,0.002467,1.2219
2014-09-05,2049.41,-2.59,0.3,-0.000999,1.371,0.0,-0.000974,1.4213,0.3,-0.000999,1.3057,0.0,0.0,1.3315,-0.003331,1.2179
2014-09-11,2034.16,-4.31,0.2,-0.002382,1.3677,0.0,0.0,1.4213,0.2,-0.002382,1.3026,0.0,0.0,1.3315,-0.007441,1.2088
2014-09-12,2041.86,-3.48,0.2,0.000757,1.3687,0.0,0.0,1.4213,0.2,0.000757,1.3036,0.0,0.0,1.3315,0.003785,1.2134
2014-09-15,2035.82,-1.01,0.2,-0.000592,1.3679,0.0,0.0,1.4213,0.2,-0.000592,1.3028,0.0,0.0,1.3315,-0.002958,1.2098
2014-09-16,2042.92,-2.01,0.2,0.000698,1.3689,0.0,0.0,1.4213,0.2,0.000698,1.3037,0.0,0.0,1.3315,0.003488,1.214
2014-09-17,2062.61,-3.6,0.2,0.001928,1.3715,0.0,0.0,1.4213,0.2,0.001928,1.3062,0.0,0.0,1.3315,0.009638,1.2257
2014-09-18,2047.74,-2.81,0.2,-0.001442,1.3695,0.0,0.0,1.4213,0.2,-0.001442,1.3044,0.0,0.0,1.3315,-0.007209,1.2169
2014-09-19,2053.82,-5.36,0.2,0.000594,1.3704,0.0,0.0,1.4213,0.2,0.000594,1.3051,0.0,0.0,1.3315,0.002969,1.2205
2014-09-22,2039.27,-4.93,0.2,-0.001417,1.3684,0.0,0.0,1.4213,0.2,-0.001417,1.3033,0.0,0.0,1.3315,-0.007084,1.2119
2014-09-23,2028.91,-3.42,0.1,-0.001166,1.3668,0.0,0.0,1.4213,0.1,-0.001166,1.3018,0.0,0.0,1.3315,-0.00508,1.2057
2014-09-24,2035.64,-2.45,0.0,0.000182,1.3671,0.0,0.0,1.4213,0.1,0.000332,1.3022,0.0,0.0,1.3315,0.003317,1.2097
2014-09-25,2034.11,-1.79,0.0,0.0,1.3671,0.0,0.0,1.4213,0.1,-7.5e-05,1.3021,0.0,0.0,1.3315,-0.000752,1.2088
2014-09-26,2031.64,-1.62,0.1,-0.00015,1.3669,0.0,0.0,1.4213,0.1,-0.000121,1.3019,0.0,0.0,1.3315,-0.001214,1.2073
2014-09-29,2026.6,-3.87,0.2,-0.000398,1.3663,0.0,0.0,1.4213,0.1,-0.000248,1.3016,0.0,0.0,1.3315,-0.002481,1.2043
2014-09-30,2020.09,-3.29,0.2,-0.000642,1.3654,0.0,0.0,1.4213,0.2,-0.000471,1.301,0.0,0.0,1.3315,-0.003212,1.2005
2014-10-01,1991.54,1.51,0.2,-0.002827,1.3616,0.0,0.0,1.4213,0.2,-0.002827,1.2973,0.0,0.0,1.3315,-0.014133,1.1835
2014-10-02,1976.16,-0.93,0.4,-0.001845,1.3591,0.2,-0.0006,1.4204,0.2,-0.001545,1.2953,0.0,0.0,1.3315,-0.007723,1.1743
2014-10-06,1968.39,2.64,0.4,-0.001573,1.3569,0.2,-0.001589,1.4182,0.2,-0.000786,1.2943,0.0,0.0,1.3315,-0.003932,1.1697
2014-10-07,1972.91,-3.23,0.5,0.000769,1.358,0.4,0.000303,1.4186,0.5,9e-06,1.2943,0.4,-0.0012,1.3299,0.002296,1.1724
2014-10-08,1965.25,-1.74,0.5,-0.001941,1.3553,0.4,-0.003138,1.4141,0.5,-0.001941,1.2918,0.4,-0.003138,1.3257,-0.003883,1.1679
2014-10-10,1940.92,-3.34,0.6,-0.00634,1.3467,0.4,-0.009936,1.4001,0.5,-0.00619,1.2838,0.4,-0.009936,1.3125,-0.01238,1.1534
2014-10-13,1927.21,-2.86,0.4,-0.004538,1.3406,0.2,-0.006283,1.3913,0.5,-0.003532,1.2793,0.4,-0.005683,1.3051,-0.007064,1.1453
2014-10-14,1929.25,-3.14,0.3,0.000273,1.341,0.2,0.000408,1.3919,0.3,0.000229,1.2796,0.2,0.000215,1.3054,0.001059,1.1465
2014-10-15,1925.91,0.19,0.1,-0.000819,1.3399,0.0,-0.001308,1.39,0.3,-0.000519,1.2789,0.2,-0.000708,1.3044,-0.001731,1.1445
2014-10-16,1918.83,-2.12,0.3,-0.000668,1.339,0.1,-0.0003,1.3896,0.3,-0.001103,1.2775,0.2,-0.001486,1.3025,-0.003676,1.1403
2014-10-17,1900.66,3.95,0.3,-0.002841,1.3352,0.1,-0.001902,1.387,0.3,-0.002841,1.2739,0.2,-0.003804,1.2975,-0.009469,1.1295
2014-10-20,1930.06,4.36,0.5,0.00434,1.341,0.3,0.002486,1.3904,0.3,0.00464,1.2798,0.2,0.006171,1.3056,0.015468,1.147
2014-10-21,1915.28,0.25,0.6,-0.003979,1.3357,0.5,-0.005218,1.3832,0.6,-0.002747,1.2763,0.5,-0.003979,1.3004,-0.007658,1.1382
2014-10-22,1936.97,1.05,0.8,0.006495,1.3443,0.6,0.010985,1.3984,0.6,0.006795,1.2849,0.5,0.011285,1.315,0.011325,1.1511
2014-10-23,1931.65,4.23,0.8,-0.002197,1.3414,0.7,-0.003643,1.3933,0.6,-0.001648,1.2828,0.5,-0.002786,1.3114,-0.002747,1.1479
2014-10-24,1925.69,2.24,1.0,-0.002768,1.3377,0.9,-0.004975,1.3863,0.6,-0.001851,1.2804,0.5,-0.003125,1.3073,-0.003085,1.1444
2014-10-27,1931.97,3.3,1.0,0.003261,1.342,0.9,0.005799,1.3944,0.6,0.001957,1.2829,0.5,0.003221,1.3115,0.003261,1.1481
2014-10-28,1925.68,4.85,1.0,-0.003256,1.3377,0.9,-0.005932,1.3861,1.0,-0.002553,1.2797,0.9,-0.004495,1.3056,-0.003256,1.1444
2014-10-29,1961.17,5.42,1.0,0.01843,1.3623,1.0,0.032802,1.4316,1.0,0.01843,1.3033,0.9,0.033102,1.3488,0.01843,1.1654
2014-10-30,1958.93,6.12,1.0,-0.001142,1.3608,1.0,-0.002364,1.4282,1.0,-0.001142,1.3018,0.9,-0.002127,1.3459,-0.001142,1.1641
2014-10-31,1964.43,8.66,1.0,0.002808,1.3646,1.0,0.005536,1.4361,1.0,0.002808,1.3054,0.9,0.004982,1.3526,0.002808,1.1674
2014-11-03,1952.97,5.71,1.0,-0.005834,1.3566,1.0,-0.011747,1.4192,1.0,-0.005834,1.2978,0.9,-0.010572,1.3383,-0.005834,1.1606
2014-11-04,1935.19,5.82,1.0,-0.009104,1.3443,1.0,-0.018288,1.3933,1.0,-0.009104,1.286,1.0,-0.016759,1.3159,-0.009104,1.15
2014-11-05,1931.43,8.38,1.0,-0.001943,1.3417,1.0,-0.003965,1.3877,1.0,-0.001943,1.2835,1.0,-0.003965,1.3107,-0.001943,1.1478
2014-11-06,1936.48,6.93,1.0,0.002615,1.3452,1.0,0.00515,1.3949,1.0,0.002615,1.2868,1.0,0.00515,1.3174,0.002615,1.1508
2014-11-07,1939.87,3.17,1.0,0.001751,1.3475,1.0,0.003422,1.3997,1.0,0.001751,1.2891,1.0,0.003422,1.322,0.001751,1.1528
2014-11-10,1958.23,1.64,1.0,0.009465,1.3603,1.0,0.01885,1.426,1.0,0.009465,1.3013,1.0,0.01885,1.3469,0.009465,1.1637
2014-11-11,1963.0,1.01,1.0,0.002436,1.3636,1.0,0.004792,1.4329,1.0,0.002436,1.3045,1.0,0.004792,1.3533,0.002436,1.1665
2014-11-12,1967.27,3.47,1.0,0.002175,1.3665,1.0,0.004271,1.439,1.0,0.002175,1.3073,1.0,0.004271,1.3591,0.002175,1.1691
2014-11-13,1960.51,3.83,1.0,-0.003436,1.3619,1.0,-0.006952,1.429,1.0,-0.003436,1.3028,1.0,-0.006952,1.3497,-0.003436,1.165
2014-11-14,1945.14,1.33,1.0,-0.00784,1.3512,1.0,-0.015759,1.4065,1.0,-0.00784,1.2926,1.0,-0.015759,1.3284,-0.00784,1.1559
2014-11-17,1943.63,2.97,1.0,-0.000776,1.3501,0.9,-0.001932,1.4038,1.0,-0.000776,1.2916,1.0,-0.001632,1.3262,-0.000776,1.155
2014-11-18,1967.01,0.63,1.0,0.012029,1.3664,0.9,0.021581,1.4341,1.0,0.012029,1.3071,0.9,0.023679,1.3576,0.012029,1.1689
2014-11-19,1966.87,3.26,1.0,-7.1e-05,1.3663,0.9,-0.0002,1.4338,1.0,-7.1e-05,1.307,0.9,-0.0002,1.3574,-7.1e-05,1.1688
2014-11-20,1958.04,1.92,1.0,-0.004489,1.3601,0.9,-0.008152,1.4221,1.0,-0.004489,1.3012,0.9,-0.008152,1.3463,-0.004489,1.1636
2014-11-21,1964.84,1.32,1.0,0.003473,1.3649,0.9,0.00618,1.4309,1.0,0.003473,1.3057,0.9,0.00618,1.3546,0.003473,1.1676
2014-11-24,1978.54,4.28,1.0,0.006973,1.3744,0.9,0.012479,1.4487,1.0,0.006973,1.3148,0.9,0.012479,1.3715,0.006973,1.1758
2014-11-25,1980.21,1.53,1.0,0.000844,1.3755,0.9,0.001448,1.4508,1.0,0.000844,1.3159,0.9,0.001448,1.3735,0.000844,1.1768
2014-11-26,1980.84,0.43,1.0,0.000318,1.376,1.0,0.000201,1.4511,1.0,0.000318,1.3163,0.9,0.000501,1.3742,0.000318,1.1771
2014-11-27,1982.09,1.87,1.0,0.000631,1.3768,0.9,0.000883,1.4524,1.0,0.000631,1.3172,0.9,0.001064,1.3756,0.000631,1.1779
2014-11-28,1980.78,4.42,1.0,-0.000661,1.3759,0.9,-0.001261,1.4506,1.0,-0.000661,1.3163,0.9,-0.001261,1.3739,-0.000661,1.1771
2014-12-01,1965.22,5.4,1.0,-0.007855,1.3651,0.9,-0.014211,1.43,1.0,-0.007855,1.3059,0.9,-0.014211,1.3544,-0.007855,1.1678
2014-12-02,1965.83,3.82,1.0,0.00031,1.3655,0.9,0.000487,1.4306,1.0,0.00031,1.3063,0.9,0.000487,1.355,0.00031,1.1682
2014-12-03,1969.91,5.69,1.0,0.002075,1.3684,0.9,0.003664,1.4359,1.0,0.002075,1.3091,0.9,0.003664,1.36,0.002075,1.1706
2014-12-04,1986.61,5.7,1.0,0.008478,1.38,1.0,0.014888,1.4573,1.0,0.008478,1.3202,0.9,0.015188,1.3807,0.008478,1.1806
2014-12-05,1986.62,5.71,1.0,5e-06,1.38,1.0,-6.9e-05,1.4572,1.0,5e-06,1.3202,0.9,-6.2e-05,1.3806,5e-06,1.1806
2014-12-08,1978.95,3.78,1.0,-0.003861,1.3747,1.0,-0.007801,1.4458,1.0,-0.003861,1.3151,0.9,-0.007021,1.3709,-0.003861,1.176
2014-12-09,1970.95,3.3,1.0,-0.004043,1.3691,1.0,-0.008164,1.434,1.0,-0.004043,1.3098,1.0,-0.007648,1.3604,-0.004043,1.1713
2014-12-10,1945.56,3.13,1.0,-0.012882,1.3515,1.0,-0.025844,1.3969,1.0,-0.012882,1.2929,1.0,-0.025844,1.3252,-0.012882,1.1562
2014-12-11,1916.59,5.89,1.0,-0.01489,1.3313,1.0,-0.02986,1.3552,1.0,-0.01489,1.2736,1.0,-0.02986,1.2857,-0.01489,1.1389
2014-12-12,1921.71,6.18,1.0,0.002671,1.3349,1.0,0.005263,1.3624,1.0,0.002671,1.277,1.0,0.005263,1.2924,0.002671,1.142
2014-12-15,1920.36,3.25,1.0,-0.000702,1.334,1.0,-0.001484,1.3603,1.0,-0.000702,1.2761,1.0,-0.001484,1.2905,-0.000702,1.1412
2014-12-16,1904.13,3.79,1.0,-0.008452,1.3227,1.0,-0.016982,1.3372,1.0,-0.008452,1.2653,1.0,-0.016982,1.2686,-0.008452,1.1315
2014-12-17,1900.16,5.9,1.0,-0.002085,1.3199,1.0,-0.004249,1.3316,1.0,-0.002085,1.2627,1.0,-0.004249,1.2632,-0.002085,1.1292
2014-12-18,1897.5,7.52,1.0,-0.0014,1.3181,1.0,-0.002879,1.3277,1.0,-0.0014,1.2609,1.0,-0.002879,1.2596,-0.0014,1.1276
2014-12-19,1929.98,8.65,1.0,0.017117,1.3406,1.0,0.034155,1.3731,1.0,0.017117,1.2825,1.0,0.034155,1.3026,0.017117,1.1469
2014-12-22,1943.12,7.19,1.0,0.006808,1.3498,1.0,0.013537,1.3917,1.0,0.006808,1.2913,1.0,0.013537,1.3202,0.006808,1.1547
2014-12-23,1939.02,7.41,1.0,-0.00211,1.3469,1.0,-0.004299,1.3857,1.0,-0.00211,1.2885,1.0,-0.004299,1.3146,-0.00211,1.1523
2014-12-24,1946.61,6.42,1.0,0.003914,1.3522,1.0,0.007749,1.3964,1.0,0.003914,1.2936,1.0,0.007749,1.3247,0.003914,1.1568
2014-12-26,1948.16,7.59,1.0,0.000796,1.3533,1.0,0.001513,1.3985,1.0,0.000796,1.2946,1.0,0.001513,1.3267,0.000796,1.1577
2014-12-29,1927.86,7.12,1.0,-0.01042,1.3392,1.0,-0.02092,1.3693,1.0,-0.01042,1.2811,1.0,-0.02092,1.299,-0.01042,1.1456
2014-12-30,1915.59,7.71,1.0,-0.006365,1.3307,1.0,-0.012809,1.3517,1.0,-0.006365,1.273,1.0,-0.012809,1.2824,-0.006365,1.1384
2015-01-02,1926.44,8.83,1.0,0.005664,1.3382,1.0,0.011249,1.3669,1.0,0.005664,1.2802,1.0,0.011249,1.2968,0.005664,1.1448
2015-01-05,1915.75,8.0,1.0,-0.005549,1.3308,1.0,-0.011178,1.3517,1.0,-0.005549,1.2731,1.0,-0.011178,1.2823,-0.005549,1.1385
2015-01-06,1882.45,9.16,1.0,-0.017382,1.3076,1.0,-0.034844,1.3046,1.0,-0.017382,1.2509,1.0,-0.034844,1.2376,-0.017382,1.1187
2015-01-07,1883.83,8.17,1.0,0.000733,1.3086,1.0,0.001387,1.3064,1.0,0.000733,1.2519,1.0,0.001387,1.2393,0.000733,1.1195
2015-01-08,1904.65,8.38,1.0,0.011052,1.3231,1.0,0.022025,1.3351,1.0,0.011052,1.2657,1.0,0.022025,1.2666,0.011052,1.1319
2015-01-09,1924.7,5.48,1.0,0.010527,1.337,1.0,0.020974,1.3631,1.0,0.010527,1.279,1.0,0.020974,1.2932,0.010527,1.1438
2015-01-12,1920.95,7.91,1.0,-0.001948,1.3344,1.0,-0.003976,1.3577,1.0,-0.001948,1.2765,1.0,-0.003976,1.288,-0.001948,1.1415
2015-01-13,1917.14,6.85,1.0,-0.001983,1.3317,1.0,-0.004046,1.3522,1.0,-0.001983,1.274,1.0,-0.004046,1.2828,-0.001983,1.1393
2015-01-14,1913.66,6.01,1.0,-0.001815,1.3293,1.0,-0.00371,1.3472,1.0,-0.001815,1.2717,1.0,-0.00371,1.2781,-0.001815,1.1372
2015-01-15,1914.14,6.47,1.0,0.000251,1.3296,1.0,0.000422,1.3478,1.0,0.000251,1.272,1.0,0.000422,1.2786,0.000251,1.1375
2015-01-16,1888.13,6.89,1.0,-0.013588,1.3116,1.0,-0.027256,1.311,1.0,-0.013588,1.2547,1.0,-0.027256,1.2438,-0.013588,1.122
2015-01-19,1902.62,7.52,1.0,0.007674,1.3216,1.0,0.015269,1.3311,1.0,0.007674,1.2643,1.0,0.015269,1.2628,0.007674,1.1306
2015-01-20,1918.31,4.78,1.0,0.008247,1.3325,1.0,0.016414,1.3529,1.0,0.008247,1.2748,1.0,0.016414,1.2835,0.008247,1.14
2015-01-21,1921.23,-0.36,1.0,0.001522,1.3346,1.0,0.002965,1.3569,1.0,0.001522,1.2767,1.0,0.002965,1.2873,0.001522,1.1417
2015-01-22,1920.82,-3.02,1.0,-0.000213,1.3343,0.9,-0.000806,1.3558,1.0,-0.000213,1.2764,1.0,-0.000506,1.2866,-0.000213,1.1415
2015-01-23,1936.09,1.14,0.8,0.00765,1.3445,0.7,0.013638,1.3743,1.0,0.00795,1.2866,1.0,0.01582,1.307,0.00795,1.1505
2015-01-26,1935.68,0.54,0.8,-0.000169,1.3443,0.6,-0.000652,1.3734,1.0,-0.000212,1.2863,1.0,-0.000503,1.3063,-0.000212,1.1503
2015-01-27,1952.4,-1.44,0.8,0.00691,1.3536,0.6,0.010318,1.3876,0.8,0.008338,1.297,0.6,0.015996,1.3272,0.008638,1.1602
2015-01-28,1961.58,0.77,0.7,0.003612,1.3584,0.4,0.004995,1.3945,0.8,0.003762,1.3019,0.6,0.005595,1.3347,0.004702,1.1657
2015-01-29,1951.02,4.35,0.7,-0.003768,1.3533,0.5,-0.004638,1.3881,0.8,-0.004307,1.2963,0.6,-0.006508,1.326,-0.005383,1.1594
2015-01-30,1949.26,3.56,0.9,-0.000931,1.3521,0.7,-0.001542,1.3859,0.8,-0.000722,1.2954,0.6,-0.00113,1.3245,-0.000902,1.1584
2015-02-02,1952.68,2.33,0.9,0.001579,1.3542,0.7,0.002401,1.3892,0.8,0.001404,1.2972,0.6,0.002058,1.3272,0.001755,1.1604
2015-02-03,1951.96,0.52,0.9,-0.000332,1.3537,0.8,-0.000872,1.388,0.9,-0.000445,1.2966,0.8,-0.00109,1.3257,-0.000369,1.16
2015-02-04,1962.79,-0.69,1.0,0.004843,1.3603,0.9,0.008514,1.3998,0.9,0.004993,1.3031,0.8,0.008814,1.3374,0.005548,1.1664
2015-02-05,1952.84,5.22,0.9,-0.005219,1.3532,0.8,-0.009496,1.3866,0.9,-0.004562,1.2971,0.8,-0.008174,1.3265,-0.005069,1.1605
2015-02-06,1955.52,2.48,0.9,0.001235,1.3549,0.8,0.002132,1.3895,0.9,0.001235,1.2987,0.8,0.002132,1.3293,0.001372,1.1621
2015-02-09,1947.0,-4.34,0.9,-0.003921,1.3496,0.8,-0.007035,1.3797,0.9,-0.003921,1.2937,0.8,-0.007035,1.32,-0.004357,1.157
2015-02-10,1935.86,-3.54,0.7,-0.005449,1.3422,0.6,-0.009818,1.3662,0.7,-0.005449,1.2866,0.6,-0.009818,1.307,-0.005722,1.1504
2015-02-11,1945.7,1.35,0.5,0.003258,1.3466,0.5,0.005752,1.374,0.7,0.003558,1.2912,0.6,0.006052,1.3149,0.005083,1.1562
2015-02-12,1941.63,0.16,0.6,-0.001196,1.345,0.6,-0.002431,1.3707,0.7,-0.001464,1.2893,0.6,-0.002558,1.3116,-0.002092,1.1538
2015-02-13,1957.5,1.83,0.6,0.004904,1.3516,0.5,0.009461,1.3837,0.7,0.005721,1.2967,0.6,0.009761,1.3244,0.008174,1.1633
2015-02-16,1958.23,-2.02,0.6,0.000224,1.3519,0.5,0.000333,1.3841,0.7,0.000261,1.297,0.6,0.0004,1.3249,0.000373,1.1637
2015-02-17,1961.45,-0.91,0.6,0.000987,1.3532,0.5,0.001605,1.3864,0.6,0.001001,1.2983,0.5,0.001626,1.327,0.001644,1.1656
2015-02-23,1968.39,-2.28,0.8,0.001823,1.3557,0.5,0.003499,1.3912,0.6,0.002123,1.3011,0.5,0.003499,1.3317,0.003538,1.1697
2015-02-24,1976.12,-4.3,0.6,0.002842,1.3595,0.4,0.003587,1.3962,0.6,0.002356,1.3041,0.4,0.003587,1.3365,0.003927,1.1743
2015-02-25,1990.47,2.58,0.4,0.004057,1.365,0.2,0.005178,1.4034,0.6,0.004357,1.3098,0.4,0.005778,1.3442,0.007262,1.1829
2015-02-26,1993.08,2.64,0.4,0.000524,1.3658,0.2,0.000509,1.4041,0.6,0.000787,1.3108,0.4,0.001017,1.3456,0.001311,1.1844
2015-02-27,1985.8,-1.21,0.6,-0.001761,1.3633,0.4,-0.002077,1.4012,0.6,-0.002192,1.308,0.4,-0.002954,1.3416,-0.003653,1.1801
2015-03-02,1996.81,1.17,0.6,0.003327,1.3679,0.4,0.004404,1.4074,0.6,0.003327,1.3123,0.4,0.004404,1.3475,0.005544,1.1866
2015-03-03,2001.38,-2.62,0.7,0.001223,1.3696,0.6,0.001199,1.4091,0.7,0.001223,1.3139,0.6,0.001199,1.3491,0.002289,1.1893
2015-03-04,1998.29,1.94,0.7,-0.001081,1.3681,0.6,-0.0019,1.4064,0.7,-0.001081,1.3125,0.6,-0.0019,1.3465,-0.001544,1.1875
2015-03-05,1998.38,0.09,0.7,3.2e-05,1.3681,0.6,6e-06,1.4064,0.7,3.2e-05,1.3125,0.6,6e-06,1.3466,4.5e-05,1.1876
2015-03-06,2012.94,-2.95,0.7,0.0051,1.3751,0.5,0.008395,1.4182,0.7,0.0051,1.3192,0.6,0.008695,1.3583,0.007286,1.1962
2015-03-09,1992.82,-5.56,0.6,-0.007147,1.3653,0.5,-0.010035,1.404,0.7,-0.006997,1.31,0.6,-0.012042,1.3419,-0.009995,1.1842
2015-03-10,1984.77,-5.62,0.4,-0.002724,1.3616,0.3,-0.004679,1.3974,0.4,-0.003278,1.3057,0.3,-0.005795,1.3341,-0.00404,1.1795
2015-03-11,1980.83,-4.38,0.4,-0.000794,1.3605,0.3,-0.001215,1.3957,0.4,-0.000794,1.3047,0.3,-0.001215,1.3325,-0.001985,1.1771
2015-03-12,1970.59,-6.14,0.2,-0.002368,1.3572,0.1,-0.003726,1.3905,0.4,-0.002068,1.302,0.3,-0.003126,1.3283,-0.00517,1.171
2015-03-13,1985.79,-5.25,0.0,0.001243,1.3589,0.0,0.001235,1.3922,0.4,0.003085,1.306,0.3,0.004604,1.3345,0.007713,1.1801
2015-03-16,1987.33,-5.82,0.0,0.0,1.3589,0.0,0.0,1.3922,0.4,0.00031,1.3064,0.3,0.000441,1.335,0.000776,1.181
2015-03-17,2029.91,-2.25,0.0,0.0,1.3589,0.0,0.0,1.3922,0.0,0.00797,1.3168,0.0,0.011932,1.351,0.021426,1.2063
2015-03-18,2028.45,-5.43,0.0,0.0,1.3589,0.0,0.0,1.3922,0.0,0.0,1.3168,0.0,0.0,1.351,-0.000719,1.2054
2015-03-19,2037.89,-6.19,0.0,0.0,1.3589,0.0,0.0,1.3922,0.0,0.0,1.3168,0.0,0.0,1.351,0.004654,1.211
2015-03-20,2037.24,-8.01,0.0,0.0,1.3589,0.0,0.0,1.3922,0.0,0.0,1.3168,0.0,0.0,1.351,-0.000319,1.2106
2015-03-23,2036.59,-4.81,0.0,0.0,1.3589,0.0,0.0,1.3922,0.0,0.0,1.3168,0.0,0.0,1.351,-0.000319,1.2103
2015-03-24,2041.37,-5.33,0.0,0.0,1.3589,0.0,0.0,1.3922,0.0,0.0,1.3168,0.0,0.0,1.351,0.002347,1.2131
2015-03-25,2042.81,-5.12,0.0,0.0,1.3589,0.0,0.0,1.3922,0.0,0.0,1.3168,0.0,0.0,1.351,0.000705,1.214
2015-03-26,2022.56,-7.45,0.0,0.0,1.3589,0.0,0.0,1.3922,0.0,0.0,1.3168,0.0,0.0,1.351,-0.009913,1.2019
2015-03-27,2019.8,-7.47,0.0,0.0,1.3589,0.0,0.0,1.3922,0.0,0.0,1.3168,0.0,0.0,1.351,-0.001365,1.2003
2015-03-30,2030.04,-6.93,0.0,0.0,1.3589,0.0,0.0,1.3922,0.0,0.0,1.3168,0.0,0.0,1.351,0.00507,1.2064
2015-03-31,2041.03,-4.83,0.0,0.0,1.3589,0.0,0.0,1.3922,0.0,0.0,1.3168,0.0,0.0,1.351,0.005414,1.2129
2015-04-01,2028.45,-6.33,0.0,0.0,1.3589,0.0,0.0,1.3922,0.0,0.0,1.3168,0.0,0.0,1.351,-0.006164,1.2054
2015-04-02,2029.07,-5.17,0.0,0.0,1.3589,0.0,0.0,1.3922,0.0,0.0,1.3168,0.0,0.0,1.351,0.000306,1.2058
2015-04-03,2045.42,-4.59,0.0,0.0,1.3589,0.0,0.0,1.3922,0.0,0.0,1.3168,0.0,0.0,1.351,0.008058,1.2155
2015-04-06,2046.43,-3.63,0.0,0.0,1.3589,0.0,0.0,1.3922,0.0,0.0,1.3168,0.0,0.0,1.351,0.000494,1.2161
2015-04-07,2047.03,-4.54,0.0,0.0,1.3589,0.0,0.0,1.3922,0.0,0.0,1.3168,0.0,0.0,1.351,0.000293,1.2165
2015-04-08,2059.26,-7.62,0.0,0.0,1.3589,0.0,0.0,1.3922,0.0,0.0,1.3168,0.0,0.0,1.351,0.005975,1.2237
2015-04-09,2058.87,-6.5,0.0,0.0,1.3589,0.0,0.0,1.3922,0.0,0.0,1.3168,0.0,0.0,1.351,-0.000189,1.2235
2015-04-10,2087.76,-8.23,0.0,0.0,1.3589,0.0,0.0,1.3922,0.0,0.0,1.3168,0.0,0.0,1.351,0.014032,1.2407
2015-04-13,2098.92,-7.09,0.0,0.0,1.3589,0.0,0.0,1.3922,0.0,0.0,1.3168,0.0,0.0,1.351,0.005345,1.2473
2015-04-14,2111.72,-6.96,0.0,0.0,1.3589,0.0,0.0,1.3922,0.0,0.0,1.3168,0.0,0.0,1.351,0.006098,1.2549
2015-04-15,2119.96,-5.17,0.0,0.0,1.3589,0.0,0.0,1.3922,0.0,0.0,1.3168,0.0,0.0,1.351,0.003902,1.2598
2015-04-16,2139.9,-5.31,0.0,0.0,1.3589,0.0,0.0,1.3922,0.0,0.0,1.3168,0.0,0.0,1.351,0.009406,1.2717
2015-04-17,2143.5,-2.7,0.0,0.0,1.3589,0.0,0.0,1.3922,0.0,0.0,1.3168,0.0,0.0,1.351,0.001682,1.2738
2015-04-20,2146.71,-1.69,0.0,0.0,1.3589,0.0,0.0,1.3922,0.0,0.0,1.3168,0.0,0.0,1.351,0.001498,1.2757
2015-04-21,2144.79,-4.86,0.1,-0.00015,1.3587,0.0,0.0,1.3922,0.1,-0.00015,1.3166,0.0,0.0,1.351,-0.000894,1.2746
2015-04-22,2143.89,-4.82,0.1,-4.2e-05,1.3587,0.0,0.0,1.3922,0.1,-4.2e-05,1.3166,0.0,0.0,1.351,-0.00042,1.274
2015-04-23,2173.41,-3.71,0.1,0.001377,1.3605,0.0,0.0,1.3922,0.1,0.001377,1.3184,0.0,0.0,1.351,0.013769,1.2916
2015-04-24,2159.8,-2.34,0.1,-0.000626,1.3597,0.0,0.0,1.3922,0.1,-0.000626,1.3175,0.0,0.0,1.351,-0.006262,1.2835
2015-04-27,2157.54,-4.95,0.1,-0.000105,1.3596,0.0,0.0,1.3922,0.1,-0.000105,1.3174,0.0,0.0,1.351,-0.001046,1.2821
2015-04-28,2147.67,-2.0,0.0,-0.000607,1.3587,0.0,0.0,1.3922,0.0,-0.000607,1.3166,0.0,0.0,1.351,-0.004575,1.2763
2015-04-29,2142.63,-2.45,0.1,-0.00015,1.3585,0.0,0.0,1.3922,0.0,0.0,1.3166,0.0,0.0,1.351,-0.002347,1.2733
2015-04-30,2127.17,-2.51,0.1,-0.000722,1.3575,0.0,0.0,1.3922,0.0,0.0,1.3166,0.0,0.0,1.351,-0.007215,1.2641
2015-05-04,2132.23,-2.32,0.2,8.8e-05,1.3577,0.0,0.0,1.3922,0.0,0.0,1.3166,0.0,0.0,1.351,0.002379,1.2671
2015-05-06,2104.58,-4.12,0.2,-0.002594,1.3541,0.0,0.0,1.3922,0.0,0.0,1.3166,0.0,0.0,1.351,-0.012968,1.2507
2015-05-07,2091.0,-3.82,0.2,-0.001291,1.3524,0.0,0.0,1.3922,0.0,0.0,1.3166,0.0,0.0,1.351,-0.006453,1.2426
2015-05-08,2085.52,-3.91,0.1,-0.000674,1.3515,0.0,0.0,1.3922,0.0,0.0,1.3166,0.0,0.0,1.351,-0.002621,1.2393
2015-05-11,2097.38,-4.24,0.1,0.000569,1.3522,0.0,0.0,1.3922,0.0,0.0,1.3166,0.0,0.0,1.351,0.005687,1.2464
2015-05-12,2096.77,-4.67,0.0,-0.000179,1.352,0.0,0.0,1.3922,0.0,0.0,1.3166,0.0,0.0,1.351,-0.000291,1.246
2015-05-13,2114.16,-7.11,0.0,0.0,1.352,0.0,0.0,1.3922,0.0,0.0,1.3166,0.0,0.0,1.351,0.008294,1.2564
2015-05-14,2120.33,-6.91,0.0,0.0,1.352,0.0,0.0,1.3922,0.0,0.0,1.3166,0.0,0.0,1.351,0.002918,1.26
2015-05-15,2106.5,-6.07,0.0,0.0,1.352,0.0,0.0,1.3922,0.0,0.0,1.3166,0.0,0.0,1.351,-0.006523,1.2518
2015-05-18,2113.72,-4.78,0.0,0.0,1.352,0.0,0.0,1.3922,0.0,0.0,1.3166,0.0,0.0,1.351,0.003427,1.2561
2015-05-19,2120.85,-5.44,0.0,0.0,1.352,0.0,0.0,1.3922,0.0,0.0,1.3166,0.0,0.0,1.351,0.003373,1.2603
2015-05-20,2139.54,-6.9,0.0,0.0,1.352,0.0,0.0,1.3922,0.0,0.0,1.3166,0.0,0.0,1.351,0.008813,1.2714
2015-05-21,2122.81,-5.65,0.0,0.0,1.352,0.0,0.0,1.3922,0.0,0.0,1.3166,0.0,0.0,1.351,-0.007819,1.2615
2015-05-22,2146.1,-6.58,0.0,0.0,1.352,0.0,0.0,1.3922,0.0,0.0,1.3166,0.0,0.0,1.351,0.010971,1.2753
2015-05-26,2143.5,-5.29,0.0,0.0,1.352,0.0,0.0,1.3922,0.0,0.0,1.3166,0.0,0.0,1.351,-0.001211,1.2738
2015-05-27,2107.5,-6.32,0.0,0.0,1.352,0.0,0.0,1.3922,0.0,0.0,1.3166,0.0,0.0,1.351,-0.016795,1.2524
2015-05-28,2110.89,-3.12,0.0,0.0,1.352,0.0,0.0,1.3922,0.0,0.0,1.3166,0.0,0.0,1.351,0.001609,1.2544
2015-05-29,2114.8,-0.56,0.0,0.0,1.352,0.0,0.0,1.3922,0.0,0.0,1.3166,0.0,0.0,1.351,0.001852,1.2567
2015-06-01,2102.37,-4.38,0.1,-0.00015,1.3518,0.1,-0.0003,1.3918,0.0,0.0,1.3166,0.0,0.0,1.351,-0.005878,1.2494
2015-06-02,2078.64,-6.15,0.1,-0.001129,1.3503,0.1,-0.002265,1.3887,0.1,-0.00015,1.3164,0.1,-0.0003,1.3506,-0.011287,1.2352
2015-06-03,2063.16,-2.23,0.1,-0.000745,1.3493,0.1,-0.001497,1.3866,0.1,-0.000745,1.3154,0.1,-0.001497,1.3485,-0.007447,1.226
2015-06-04,2072.86,-1.48,0.2,0.00032,1.3497,0.1,0.000932,1.3879,0.1,0.00047,1.3161,0.1,0.000932,1.3498,0.004702,1.2318
2015-06-05,2068.1,-3.03,0.3,-0.000609,1.3489,0.1,-0.000467,1.3872,0.1,-0.00023,1.3157,0.1,-0.000467,1.3492,-0.002296,1.229
2015-06-08,2065.19,-5.4,0.1,-0.000722,1.3479,0.0,-0.000589,1.3864,0.1,-0.000141,1.3156,0.1,-0.000289,1.3488,-0.001407,1.2273
2015-06-09,2064.03,-4.21,0.1,-5.6e-05,1.3478,0.0,0.0,1.3864,0.1,-5.6e-05,1.3155,0.0,-0.00042,1.3482,-0.000562,1.2266
2015-06-10,2051.32,-2.66,0.1,-0.000616,1.347,0.0,0.0,1.3864,0.1,-0.000616,1.3147,0.0,0.0,1.3482,-0.006158,1.219
2015-06-11,2056.61,-0.47,0.1,0.000258,1.3473,0.0,0.0,1.3864,0.1,0.000258,1.315,0.0,0.0,1.3482,0.002579,1.2222
2015-06-12,2052.17,0.68,0.2,-0.000366,1.3469,0.1,-0.0003,1.386,0.1,-0.000216,1.3147,0.0,0.0,1.3482,-0.002159,1.2195
2015-06-15,2042.32,0.08,0.4,-0.00126,1.3452,0.2,-0.001268,1.3842,0.1,-0.00048,1.3141,0.0,0.0,1.3482,-0.0048,1.2137
2015-06-16,2028.72,-1.41,0.6,-0.002964,1.3412,0.3,-0.00298,1.3801,0.6,-0.001416,1.3122,0.3,-0.0009,1.347,-0.006659,1.2056
2015-06-17,2034.86,0.72,0.7,0.001666,1.3434,0.3,0.001792,1.3826,0.6,0.001816,1.3146,0.3,0.001792,1.3494,0.003027,1.2092
2015-06-18,2041.88,-0.1,0.8,0.002265,1.3464,0.5,0.001446,1.3846,0.6,0.00207,1.3173,0.3,0.002046,1.3522,0.00345,1.2134
2015-06-19,2046.96,-0.4,0.9,0.00184,1.3489,0.5,0.002448,1.388,0.6,0.001493,1.3193,0.3,0.001469,1.3542,0.002488,1.2164
2015-06-22,2055.16,-1.4,0.8,0.003455,1.3536,0.4,0.003666,1.3931,0.6,0.002404,1.3225,0.3,0.00238,1.3574,0.004006,1.2213
2015-06-23,2081.2,-0.1,0.7,0.009986,1.3671,0.3,0.009805,1.4067,0.7,0.007452,1.3323,0.3,0.007579,1.3677,0.012671,1.2368
2015-06-24,2085.53,1.39,0.8,0.001306,1.3689,0.4,0.000925,1.408,0.7,0.001456,1.3343,0.3,0.001225,1.3694,0.002081,1.2393
2015-06-25,2085.06,-3.09,0.8,-0.00018,1.3686,0.5,-0.000512,1.4073,0.7,-0.000158,1.3341,0.3,-0.000159,1.3691,-0.000225,1.2391
2015-06-26,2090.26,-3.05,0.6,0.001695,1.371,0.4,0.002154,1.4103,0.7,0.001746,1.3364,0.3,0.001473,1.3711,0.002494,1.2422
2015-06-29,2060.49,1.33,0.5,-0.008695,1.359,0.3,-0.011726,1.3938,0.7,-0.00997,1.3231,0.3,-0.008569,1.3594,-0.014242,1.2245
2015-06-30,2074.2,-0.04,0.6,0.003177,1.3634,0.5,0.003368,1.3985,0.6,0.004508,1.329,0.5,0.003368,1.364,0.006654,1.2326
2015-07-01,2097.89,3.1,0.6,0.006853,1.3727,0.5,0.011382,1.4144,0.6,0.006853,1.3381,0.5,0.011382,1.3795,0.011421,1.2467
2015-07-02,2107.33,-1.08,0.6,0.0027,1.3764,0.5,0.00446,1.4207,0.6,0.0027,1.3418,0.5,0.00446,1.3857,0.0045,1.2523
2015-07-03,2104.41,2.71,0.7,-0.000981,1.3751,0.5,-0.001425,1.4187,0.6,-0.000831,1.3406,0.5,-0.001425,1.3837,-0.001386,1.2506
2015-07-06,2053.93,4.35,0.9,-0.017091,1.3516,0.7,-0.024627,1.3838,0.6,-0.014393,1.3214,0.5,-0.024027,1.3504,-0.023988,1.2206
2015-07-07,2040.29,2.4,0.9,-0.005977,1.3435,0.7,-0.009353,1.3708,0.9,-0.004435,1.3155,0.7,-0.007281,1.3406,-0.006641,1.2125
2015-07-08,2016.21,0.98,0.9,-0.010622,1.3292,0.8,-0.016879,1.3477,0.9,-0.010622,1.3015,0.7,-0.016579,1.3184,-0.011802,1.1981
2015-07-09,2027.81,3.64,0.9,0.005178,1.3361,0.8,0.009142,1.36,0.9,0.005178,1.3083,0.7,0.007999,1.3289,0.005753,1.205
2015-07-10,2031.17,3.66,1.0,0.001341,1.3379,1.0,0.001988,1.3627,0.9,0.001491,1.3102,0.7,0.002264,1.3319,0.001657,1.207
2015-07-13,2061.52,4.51,1.0,0.014942,1.3579,1.0,0.029805,1.4033,0.9,0.013448,1.3278,0.7,0.020863,1.3597,0.014942,1.2251
2015-07-14,2059.23,2.69,1.0,-0.001111,1.3564,1.0,-0.002301,1.4001,1.0,-0.00115,1.3263,1.0,-0.002511,1.3563,-0.001111,1.2237
2015-07-15,2072.91,3.94,1.0,0.006643,1.3654,1.0,0.013207,1.4186,1.0,0.006643,1.3351,1.0,0.013207,1.3742,0.006643,1.2318
2015-07-16,2087.89,3.04,1.0,0.007227,1.3752,1.0,0.014374,1.439,1.0,0.007227,1.3448,1.0,0.014374,1.394,0.007227,1.2407
2015-07-17,2076.79,3.17,1.0,-0.005316,1.3679,1.0,-0.010712,1.4236,1.0,-0.005316,1.3376,1.0,-0.010712,1.379,-0.005316,1.2341
2015-07-20,2073.31,-0.34,1.0,-0.001676,1.3656,1.0,-0.003431,1.4187,1.0,-0.001676,1.3354,1.0,-0.003431,1.3743,-0.001676,1.2321
2015-07-21,2083.62,5.15,1.0,0.004973,1.3724,0.9,0.009566,1.4322,1.0,0.004973,1.342,0.9,0.009566,1.3875,0.004973,1.2382
2015-07-22,2064.73,4.87,1.0,-0.009066,1.36,0.9,-0.01639,1.4088,1.0,-0.009066,1.3298,0.9,-0.01639,1.3647,-0.009066,1.227
2015-07-23,2065.07,-1.37,1.0,0.000165,1.3602,0.9,0.000225,1.4091,1.0,0.000165,1.3301,0.9,0.000225,1.365,0.000165,1.2272
2015-07-24,2045.96,-0.78,0.9,-0.009404,1.3474,0.7,-0.017328,1.3847,1.0,-0.009254,1.3178,0.9,-0.016728,1.3422,-0.009254,1.2158
2015-07-27,2038.81,-1.55,0.8,-0.003295,1.343,0.6,-0.005248,1.3774,1.0,-0.003495,1.3131,0.9,-0.006362,1.3336,-0.003495,1.2116
2015-07-28,2039.1,-5.6,0.7,-3.6e-05,1.3429,0.5,-0.000177,1.3772,0.7,-0.000308,1.3127,0.5,-0.001015,1.3323,0.000142,1.2118
2015-07-29,2037.62,-4.61,0.5,-0.000808,1.3418,0.3,-0.001365,1.3753,0.7,-0.000508,1.3121,0.5,-0.000765,1.3313,-0.000726,1.2109
2015-07-30,2019.03,-2.2,0.3,-0.004862,1.3353,0.1,-0.006098,1.3669,0.7,-0.006386,1.3037,0.5,-0.009163,1.3191,-0.009123,1.1998
2015-07-31,2030.16,-2.72,0.3,0.001654,1.3375,0.1,0.001095,1.3684,0.7,0.003859,1.3087,0.5,0.005473,1.3263,0.005513,1.2064
2015-08-03,2008.49,-4.21,0.2,-0.003352,1.333,0.0,-0.002443,1.365,0.7,-0.007472,1.299,0.5,-0.010714,1.3121,-0.010674,1.1936
2015-08-04,2027.99,-4.67,0.1,0.001792,1.3354,0.0,0.0,1.365,0.1,0.005896,1.3066,0.0,0.008169,1.3228,0.009709,1.2051
2015-08-05,2029.76,-1.97,0.1,8.7e-05,1.3356,0.0,0.0,1.365,0.1,8.7e-05,1.3067,0.0,0.0,1.3228,0.000873,1.2062
2015-08-06,2013.29,-1.93,0.1,-0.000811,1.3345,0.0,0.0,1.365,0.1,-0.000811,1.3057,0.0,0.0,1.3228,-0.008114,1.1964
2015-08-07,2010.23,-4.77,0.1,-0.000152,1.3343,0.0,0.0,1.365,0.1,-0.000152,1.3055,0.0,0.0,1.3228,-0.00152,1.1946
2015-08-10,2003.17,-4.42,0.1,-0.000351,1.3338,0.0,0.0,1.365,0.1,-0.000351,1.305,0.0,0.0,1.3228,-0.003512,1.1904
2015-08-11,1986.65,-4.23,0.1,-0.000825,1.3327,0.0,0.0,1.365,0.1,-0.000825,1.3039,0.0,0.0,1.3228,-0.008247,1.1806
2015-08-12,1975.47,-3.71,0.1,-0.000563,1.3319,0.0,0.0,1.365,0.1,-0.000563,1.3032,0.0,0.0,1.3228,-0.005628,1.1739
2015-08-13,1983.46,-2.44,0.1,0.000404,1.3325,0.0,0.0,1.365,0.1,0.000404,1.3037,0.0,0.0,1.3228,0.004045,1.1787
2015-08-17,1968.52,-2.83,0.0,-0.000903,1.3313,0.0,0.0,1.365,0.1,-0.000753,1.3027,0.0,0.0,1.3228,-0.007532,1.1698
2015-08-18,1956.26,-0.88,0.0,0.0,1.3313,0.0,0.0,1.365,0.0,-0.000773,1.3017,0.0,0.0,1.3228,-0.006228,1.1625
2015-08-19,1939.38,-1.52,0.2,-0.0003,1.3309,0.0,0.0,1.365,0.0,0.0,1.3017,0.0,0.0,1.3228,-0.008629,1.1525
2015-08-20,1914.55,0.11,0.3,-0.002711,1.3273,0.1,-0.0003,1.3646,0.0,0.0,1.3017,0.0,0.0,1.3228,-0.012803,1.1377
2015-08-21,1876.07,2.02,0.4,-0.00618,1.3191,0.2,-0.004328,1.3587,0.0,0.0,1.3017,0.0,0.0,1.3228,-0.020099,1.1149
2015-08-24,1829.81,6.08,0.6,-0.010163,1.3057,0.4,-0.010479,1.3445,0.0,0.0,1.3017,0.0,0.0,1.3228,-0.024658,1.0874
2015-08-25,1846.63,7.48,0.8,0.005215,1.3125,0.6,0.006722,1.3535,0.8,-0.0012,1.3002,0.6,-0.0018,1.3204,0.009192,1.0974
2015-08-26,1894.09,8.83,0.9,0.020411,1.3393,0.7,0.030493,1.3948,0.8,0.020561,1.3269,0.6,0.030793,1.3611,0.025701,1.1256
2015-08-27,1908.0,9.48,1.0,0.00646,1.3479,0.9,0.009626,1.4082,0.8,0.005875,1.3347,0.6,0.008765,1.373,0.007344,1.1338
2015-08-28,1937.67,9.42,1.0,0.01555,1.3689,1.0,0.027619,1.4471,0.8,0.01244,1.3513,0.6,0.018613,1.3986,0.01555,1.1515
2015-08-31,1941.49,9.35,1.0,0.001971,1.3716,1.0,0.003864,1.4527,0.8,0.001577,1.3534,0.6,0.002318,1.4018,0.001971,1.1537
2015-09-01,1914.23,9.42,1.0,-0.014041,1.3523,1.0,-0.028161,1.4118,1.0,-0.011533,1.3378,1.0,-0.018097,1.3764,-0.014041,1.1375
2015-09-02,1915.22,9.06,1.0,0.000517,1.353,1.0,0.000955,1.4132,1.0,0.000517,1.3385,1.0,0.000955,1.3778,0.000517,1.1381
2015-09-03,1915.53,9.34,1.0,0.000162,1.3532,1.0,0.000244,1.4135,1.0,0.000162,1.3387,1.0,0.000244,1.3781,0.000162,1.1383
2015-09-04,1886.04,9.16,1.0,-0.015395,1.3324,1.0,-0.03087,1.3699,1.0,-0.015395,1.3181,1.0,-0.03087,1.3356,-0.015395,1.1208
2015-09-07,1883.22,8.9,1.0,-0.001495,1.3304,1.0,-0.00307,1.3657,1.0,-0.001495,1.3162,1.0,-0.00307,1.3315,-0.001495,1.1191
2015-09-08,1878.68,8.88,1.0,-0.002411,1.3272,1.0,-0.004901,1.359,1.0,-0.002411,1.313,1.0,-0.004901,1.3249,-0.002411,1.1164
2015-09-09,1934.2,8.7,1.0,0.029553,1.3664,1.0,0.059026,1.4392,1.0,0.029553,1.3518,1.0,0.059026,1.4031,0.029553,1.1494
2015-09-10,1962.11,8.55,0.9,0.01428,1.3859,0.8,0.02818,1.4797,1.0,0.01443,1.3713,1.0,0.02878,1.4435,0.01443,1.166
2015-09-11,1941.37,8.72,0.9,-0.009513,1.3728,0.8,-0.016976,1.4546,1.0,-0.01057,1.3568,1.0,-0.02122,1.4129,-0.01057,1.1537
2015-09-14,1931.46,8.87,0.9,-0.004594,1.3664,0.8,-0.008231,1.4426,1.0,-0.005105,1.3499,1.0,-0.010289,1.3983,-0.005105,1.1478
2015-09-15,1937.56,8.87,0.7,0.002542,1.3699,0.6,0.00439,1.449,0.7,0.002708,1.3535,0.6,0.005037,1.4054,0.003158,1.1514
2015-09-16,1975.45,8.59,0.6,0.013539,1.3885,0.4,0.022819,1.482,0.7,0.013689,1.3721,0.6,0.023419,1.4383,0.019556,1.1739
2015-09-17,1976.49,8.59,0.7,0.000166,1.3887,0.6,-0.000211,1.4817,0.7,0.000369,1.3726,0.6,0.000584,1.4391,0.000526,1.1745
2015-09-18,1995.95,7.94,0.7,0.006892,1.3983,0.6,0.011767,1.4992,0.7,0.006892,1.382,0.6,0.011767,1.4561,0.009846,1.1861
2015-09-21,1964.68,8.46,0.7,-0.010967,1.3829,0.6,-0.018848,1.4709,0.7,-0.010967,1.3669,0.6,-0.018848,1.4286,-0.015667,1.1675
2015-09-22,1982.06,8.82,0.9,0.005892,1.3911,0.8,0.009968,1.4856,0.9,0.005892,1.3749,0.8,0.009968,1.4429,0.008846,1.1779
2015-09-23,1944.64,8.39,1.0,-0.017141,1.3672,1.0,-0.03087,1.4397,0.9,-0.016991,1.3516,0.8,-0.03027,1.3992,-0.018879,1.1556
2015-09-24,1947.1,8.48,1.0,0.001265,1.369,1.0,0.002451,1.4432,0.9,0.001139,1.3531,0.8,0.001961,1.4019,0.001265,1.1571
2015-09-25,1942.85,8.39,1.0,-0.002183,1.366,1.0,-0.004445,1.4368,0.9,-0.001964,1.3504,0.8,-0.003556,1.397,-0.002183,1.1546
2015-09-30,1962.81,8.71,1.0,0.010274,1.38,1.0,0.020468,1.4662,1.0,0.009096,1.3627,1.0,0.015774,1.419,0.010274,1.1664
2015-10-01,1979.32,7.55,1.0,0.008411,1.3916,1.0,0.016743,1.4908,1.0,0.008411,1.3742,1.0,0.016743,1.4428,0.008411,1.1762
2015-10-02,1969.68,8.27,1.0,-0.00487,1.3848,1.0,-0.00982,1.4761,1.0,-0.00487,1.3675,1.0,-0.00982,1.4286,-0.00487,1.1705
2015-10-05,1978.25,7.6,1.0,0.004351,1.3909,1.0,0.008623,1.4889,1.0,0.004351,1.3734,1.0,0.008623,1.4409,0.004351,1.1756
2015-10-06,1990.65,6.84,1.0,0.006268,1.3996,1.0,0.012457,1.5074,1.0,0.006268,1.382,1.0,0.012457,1.4589,0.006268,1.183
2015-10-07,2005.84,4.75,1.0,0.007631,1.4103,1.0,0.015182,1.5303,1.0,0.007631,1.3926,1.0,0.015182,1.481,0.007631,1.192
2015-10-08,2019.53,5.06,1.0,0.006825,1.4199,1.0,0.013571,1.5511,1.0,0.006825,1.4021,1.0,0.013571,1.5011,0.006825,1.2001
2015-10-12,2021.63,5.36,1.0,0.00104,1.4214,1.0,0.002,1.5542,1.0,0.00104,1.4036,1.0,0.002,1.5041,0.00104,1.2014
2015-10-13,2019.05,5.72,1.0,-0.001276,1.4196,1.0,-0.002632,1.5501,1.0,-0.001276,1.4018,1.0,-0.002632,1.5001,-0.001276,1.1998
2015-10-14,2009.55,4.39,1.0,-0.004705,1.4129,1.0,-0.00949,1.5354,1.0,-0.004705,1.3952,1.0,-0.00949,1.4859,-0.004705,1.1942
2015-10-15,2033.27,5.24,1.0,0.011804,1.4296,1.0,0.023528,1.5715,1.0,0.011804,1.4116,1.0,0.023528,1.5209,0.011804,1.2083
2015-10-16,2030.26,5.77,1.0,-0.00148,1.4274,1.0,-0.00304,1.5667,1.0,-0.00148,1.4095,1.0,-0.00304,1.5162,-0.00148,1.2065
2015-10-19,2030.27,6.13,1.0,5e-06,1.4274,1.0,-7e-05,1.5666,1.0,5e-06,1.4096,1.0,-7e-05,1.5161,5e-06,1.2065
2015-10-20,2039.36,4.91,1.0,0.004477,1.4338,1.0,0.008875,1.5805,1.0,0.004477,1.4159,1.0,0.008875,1.5296,0.004477,1.2119
2015-10-21,2042.98,4.52,1.0,0.001775,1.4364,1.0,0.003471,1.586,1.0,0.001775,1.4184,1.0,0.003471,1.5349,0.001775,1.2141
2015-10-22,2023.0,4.27,1.0,-0.00978,1.4223,1.0,-0.019639,1.5549,1.0,-0.00978,1.4045,1.0,-0.019639,1.5048,-0.00978,1.2022
2015-10-23,2040.4,5.46,1.0,0.008601,1.4346,1.0,0.017123,1.5815,1.0,0.008601,1.4166,1.0,0.017123,1.5305,0.008601,1.2125
2015-10-26,2048.08,3.99,1.0,0.003764,1.44,1.0,0.007449,1.5933,1.0,0.003764,1.4219,1.0,0.007449,1.5419,0.003764,1.2171
2015-10-27,2044.65,2.53,1.0,-0.001675,1.4376,1.0,-0.003429,1.5878,1.0,-0.001675,1.4195,1.0,-0.003429,1.5366,-0.001675,1.2151
2015-10-28,2042.51,5.61,1.0,-0.001047,1.4361,1.0,-0.002173,1.5843,1.0,-0.001047,1.4181,1.0,-0.002173,1.5333,-0.001047,1.2138
2015-10-29,2034.16,5.7,1.0,-0.004088,1.4302,1.0,-0.008256,1.5713,1.0,-0.004088,1.4123,1.0,-0.008256,1.5206,-0.004088,1.2088
2015-10-30,2029.47,6.87,1.0,-0.002306,1.4269,1.0,-0.004691,1.5639,1.0,-0.002306,1.409,1.0,-0.004691,1.5135,-0.002306,1.206
2015-11-02,2035.24,7.68,1.0,0.002843,1.4309,1.0,0.005607,1.5727,1.0,0.002843,1.413,1.0,0.005607,1.522,0.002843,1.2095
2015-11-03,2048.4,6.18,1.0,0.006466,1.4402,1.0,0.012853,1.5929,1.0,0.006466,1.4221,1.0,0.012853,1.5416,0.006466,1.2173
2015-11-04,2052.77,5.71,1.0,0.002133,1.4433,1.0,0.004187,1.5995,1.0,0.002133,1.4252,1.0,0.004187,1.548,0.002133,1.2199
2015-11-05,2049.41,5.97,1.0,-0.001637,1.4409,1.0,-0.003353,1.5942,1.0,-0.001637,1.4228,1.0,-0.003353,1.5428,-0.001637,1.2179
2015-11-06,2041.07,4.68,1.0,-0.004069,1.435,1.0,-0.008218,1.5811,1.0,-0.004069,1.4171,1.0,-0.008218,1.5301,-0.004069,1.2129
2015-11-09,2025.7,4.83,1.0,-0.00753,1.4242,1.0,-0.01514,1.5571,1.0,-0.00753,1.4064,1.0,-0.01514,1.507,-0.00753,1.2038
2015-11-10,1996.59,3.15,1.0,-0.01437,1.4038,1.0,-0.02882,1.5123,1.0,-0.01437,1.3862,1.0,-0.02882,1.4635,-0.01437,1.1865
2015-11-11,1997.27,4.55,1.0,0.000341,1.4042,1.0,0.000602,1.5132,1.0,0.000341,1.3866,1.0,0.000602,1.4644,0.000341,1.1869
2015-11-12,1993.36,6.37,1.0,-0.001958,1.4015,1.0,-0.003995,1.5071,1.0,-0.001958,1.3839,1.0,-0.003995,1.4586,-0.001958,1.1846
2015-11-13,1973.29,6.64,1.0,-0.010068,1.3874,1.0,-0.020216,1.4767,1.0,-0.010068,1.37,1.0,-0.020216,1.4291,-0.010068,1.1726
2015-11-16,1943.02,5.71,1.0,-0.01534,1.3661,1.0,-0.030759,1.4312,1.0,-0.01534,1.349,1.0,-0.030759,1.3851,-0.01534,1.1547
2015-11-17,1963.58,5.13,1.0,0.010581,1.3806,1.0,0.021084,1.4614,1.0,0.010581,1.3633,1.0,0.021084,1.4143,0.010581,1.1669
2015-11-18,1962.88,4.85,1.0,-0.000356,1.3801,1.0,-0.000792,1.4603,1.0,-0.000356,1.3628,1.0,-0.000792,1.4132,-0.000356,1.1665
2015-11-19,1988.91,5.35,1.0,0.013261,1.3984,1.0,0.026443,1.4989,1.0,0.013261,1.3808,1.0,0.026443,1.4506,0.013261,1.1819
2015-11-20,1989.86,4.26,1.0,0.000478,1.399,1.0,0.000876,1.5002,1.0,0.000478,1.3815,1.0,0.000876,1.4519,0.000478,1.1825
2015-11-23,2003.7,4.77,1.0,0.006955,1.4088,1.0,0.013831,1.5209,1.0,0.006955,1.3911,1.0,0.013831,1.4719,0.006955,1.1907
2015-11-24,2016.29,3.58,1.0,0.006283,1.4176,1.0,0.012487,1.5399,1.0,0.006283,1.3998,1.0,0.012487,1.4903,0.006283,1.1982
2015-11-25,2009.42,5.02,1.0,-0.003407,1.4128,1.0,-0.006894,1.5293,1.0,-0.003407,1.3951,1.0,-0.006894,1.48,-0.003407,1.1941
2015-11-26,2030.68,4.24,1.0,0.01058,1.4277,1.0,0.021081,1.5616,1.0,0.01058,1.4098,1.0,0.021081,1.5112,0.01058,1.2067
2015-11-27,2028.99,5.45,1.0,-0.000832,1.4265,1.0,-0.001744,1.5588,1.0,-0.000832,1.4087,1.0,-0.001744,1.5086,-0.000832,1.2057
2015-11-30,1991.97,2.38,1.0,-0.018246,1.4005,1.0,-0.03657,1.5018,1.0,-0.018246,1.383,1.0,-0.03657,1.4534,-0.018246,1.1837
2015-12-01,2023.93,0.21,1.0,0.016044,1.423,1.0,0.032009,1.5499,1.0,0.016044,1.4052,1.0,0.032009,1.5,0.016044,1.2027
2015-12-02,2009.29,-0.71,1.0,-0.007233,1.4127,0.9,-0.014846,1.5269,1.0,-0.007233,1.395,1.0,-0.014546,1.4781,-0.007233,1.194
2015-12-03,1994.07,0.74,0.9,-0.007725,1.4018,0.8,-0.014006,1.5055,1.0,-0.007575,1.3844,1.0,-0.015229,1.4556,-0.007575,1.185
2015-12-04,1974.4,1.75,0.9,-0.008878,1.3893,0.7,-0.016146,1.4812,1.0,-0.009864,1.3708,1.0,-0.019808,1.4268,-0.009864,1.1733
2015-12-07,1963.67,1.69,0.9,-0.004891,1.3825,0.7,-0.007664,1.4698,1.0,-0.005435,1.3633,1.0,-0.010948,1.4112,-0.005435,1.1669
2015-12-08,1949.04,1.13,0.9,-0.006705,1.3733,0.7,-0.010486,1.4544,0.9,-0.0076,1.353,0.7,-0.01588,1.3888,-0.00745,1.1582
2015-12-09,1948.24,-0.16,0.9,-0.000369,1.3728,0.8,-0.00093,1.4531,0.9,-0.000369,1.3525,0.7,-0.00063,1.3879,-0.00041,1.1578
2015-12-10,1952.07,0.79,1.0,0.001619,1.375,0.8,0.003082,1.4576,0.9,0.001769,1.3548,0.7,0.002697,1.3916,0.001966,1.16
2015-12-11,1948.62,1.29,1.0,-0.001767,1.3726,0.8,-0.002891,1.4533,0.9,-0.001591,1.3527,0.7,-0.00253,1.3881,-0.001767,1.158
2015-12-14,1927.82,1.79,1.0,-0.010674,1.3579,0.8,-0.017142,1.4284,0.9,-0.009607,1.3397,0.7,-0.014999,1.3673,-0.010674,1.1456
2015-12-15,1932.97,3.24,1.0,0.002671,1.3615,0.8,0.004211,1.4344,1.0,0.002254,1.3427,0.8,0.003384,1.3719,0.002671,1.1487
2015-12-16,1969.4,2.74,1.0,0.018847,1.3872,0.8,0.030091,1.4776,1.0,0.018847,1.368,0.8,0.030091,1.4132,0.018847,1.1703
2015-12-17,1977.96,2.0,1.0,0.004347,1.3932,0.9,0.006591,1.4873,1.0,0.004347,1.374,0.8,0.006891,1.4229,0.004347,1.1754
2015-12-18,1975.32,1.85,1.0,-0.001335,1.3914,1.0,-0.002774,1.4832,1.0,-0.001335,1.3721,0.8,-0.002199,1.4198,-0.001335,1.1739
2015-12-21,1981.19,3.56,1.0,0.002972,1.3955,1.0,0.005864,1.4919,1.0,0.002972,1.3762,0.8,0.004691,1.4265,0.002972,1.1773
2015-12-22,1992.56,3.04,1.0,0.005739,1.4035,1.0,0.011399,1.5089,1.0,0.005739,1.3841,1.0,0.008519,1.4386,0.005739,1.1841
2015-12-23,1999.22,5.03,1.0,0.003342,1.4082,1.0,0.006606,1.5189,1.0,0.003342,1.3887,1.0,0.006606,1.4481,0.003342,1.1881
2015-12-24,1990.65,4.22,1.0,-0.004287,1.4022,1.0,-0.008653,1.5057,1.0,-0.004287,1.3828,1.0,-0.008653,1.4356,-0.004287,1.183
2015-12-28,1964.06,2.8,1.0,-0.013357,1.3834,1.0,-0.026794,1.4654,1.0,-0.013357,1.3643,1.0,-0.026794,1.3971,-0.013357,1.1672
2015-12-29,1966.31,4.13,1.0,0.001146,1.385,1.0,0.002212,1.4686,1.0,0.001146,1.3659,1.0,0.002212,1.4002,0.001146,1.1685
2015-12-30,1961.31,5.06,1.0,-0.002543,1.3815,1.0,-0.005165,1.4611,1.0,-0.002543,1.3624,1.0,-0.005165,1.393,-0.002543,1.1655
2016-01-04,1918.76,5.91,1.0,-0.021695,1.3515,1.0,-0.043469,1.3975,1.0,-0.021695,1.3328,1.0,-0.043469,1.3324,-0.021695,1.1402
2016-01-05,1930.53,6.76,1.0,0.006134,1.3598,1.0,0.012189,1.4146,1.0,0.006134,1.341,1.0,0.012189,1.3487,0.006134,1.1472
2016-01-06,1925.43,6.68,1.0,-0.002642,1.3562,1.0,-0.005363,1.407,1.0,-0.002642,1.3375,1.0,-0.005363,1.3414,-0.002642,1.1442
2016-01-07,1904.33,5.63,1.0,-0.010959,1.3414,1.0,-0.021997,1.376,1.0,-0.010959,1.3228,1.0,-0.021997,1.3119,-0.010959,1.1317
2016-01-08,1917.62,4.11,1.0,0.006979,1.3507,1.0,0.013878,1.3951,1.0,0.006979,1.3321,1.0,0.013878,1.3301,0.006979,1.1396
2016-01-11,1894.84,6.2,1.0,-0.011879,1.3347,1.0,-0.023838,1.3619,1.0,-0.011879,1.3162,1.0,-0.023838,1.2984,-0.011879,1.126
2016-01-12,1890.86,6.26,1.0,-0.0021,1.3319,1.0,-0.00428,1.3561,1.0,-0.0021,1.3135,1.0,-0.00428,1.2929,-0.0021,1.1237
2016-01-13,1916.28,5.83,1.0,0.013444,1.3498,1.0,0.026808,1.3924,1.0,0.013444,1.3311,1.0,0.026808,1.3275,0.013444,1.1388
2016-01-14,1900.01,5.34,1.0,-0.00849,1.3383,1.0,-0.01706,1.3687,1.0,-0.00849,1.3198,1.0,-0.01706,1.3049,-0.00849,1.1291
2016-01-15,1878.87,3.72,1.0,-0.011126,1.3234,1.0,-0.022332,1.3381,1.0,-0.011126,1.3051,1.0,-0.022332,1.2758,-0.011126,1.1165
2016-01-18,1878.45,3.28,1.0,-0.000224,1.3231,1.0,-0.000526,1.3374,1.0,-0.000224,1.3048,1.0,-0.000526,1.2751,-0.000224,1.1163
2016-01-19,1889.64,4.33,1.0,0.005957,1.331,1.0,0.011835,1.3532,1.0,0.005957,1.3126,1.0,0.011835,1.2902,0.005957,1.1229
2016-01-20,1845.45,4.88,1.0,-0.023385,1.2999,1.0,-0.04685,1.2898,1.0,-0.023385,1.2819,1.0,-0.04685,1.2297,-0.023385,1.0967
2016-01-21,1840.53,5.13,1.0,-0.002666,1.2964,1.0,-0.005411,1.2828,1.0,-0.002666,1.2785,1.0,-0.005411,1.2231,-0.002666,1.0938
2016-01-22,1879.43,5.06,1.0,0.021135,1.3238,1.0,0.042191,1.337,1.0,0.021135,1.3055,1.0,0.042191,1.2747,0.021135,1.1169
2016-01-25,1893.43,4.37,1.0,0.007449,1.3337,1.0,0.014819,1.3568,1.0,0.007449,1.3153,1.0,0.014819,1.2936,0.007449,1.1252
2016-01-26,1871.69,4.09,1.0,-0.011482,1.3184,1.0,-0.023043,1.3255,1.0,-0.011482,1.3001,1.0,-0.023043,1.2638,-0.011482,1.1123
2016-01-27,1897.87,5.9,1.0,0.013987,1.3368,1.0,0.027895,1.3625,1.0,0.013987,1.3183,1.0,0.027895,1.299,0.013987,1.1278
2016-01-28,1906.94,5.78,1.0,0.004779,1.3432,1.0,0.009479,1.3754,1.0,0.004779,1.3246,1.0,0.009479,1.3113,0.004779,1.1332
2016-01-29,1912.06,7.1,1.0,0.002685,1.3468,1.0,0.00529,1.3827,1.0,0.002685,1.3282,1.0,0.00529,1.3183,0.002685,1.1363
2016-02-01,1924.82,4.5,1.0,0.006673,1.3558,1.0,0.013267,1.401,1.0,0.006673,1.3371,1.0,0.013267,1.3357,0.006673,1.1438
2016-02-02,1906.6,4.97,1.0,-0.009466,1.343,1.0,-0.019011,1.3744,1.0,-0.009466,1.3244,1.0,-0.019011,1.3104,-0.009466,1.133
2016-02-03,1890.67,5.57,1.0,-0.008355,1.3317,1.0,-0.01679,1.3513,1.0,-0.008355,1.3133,1.0,-0.01679,1.2884,-0.008355,1.1235
2016-02-04,1916.26,4.1,1.0,0.013535,1.3498,1.0,0.02699,1.3878,1.0,0.013535,1.3311,1.0,0.02699,1.3231,0.013535,1.1388
2016-02-05,1917.79,5.93,1.0,0.000798,1.3508,1.0,0.001517,1.3899,1.0,0.000798,1.3322,1.0,0.001517,1.3251,0.000798,1.1397
2016-02-11,1861.54,6.36,1.0,-0.029331,1.3112,1.0,-0.058741,1.3082,1.0,-0.029331,1.2931,1.0,-0.058741,1.2473,-0.029331,1.1062
2016-02-12,1835.28,6.37,1.0,-0.014107,1.2927,1.0,-0.028293,1.2712,1.0,-0.014107,1.2749,1.0,-0.028293,1.212,-0.014107,1.0906
2016-02-15,1862.2,8.03,1.0,0.014668,1.3117,1.0,0.029257,1.3084,1.0,0.014668,1.2936,1.0,0.029257,1.2475,0.014668,1.1066
2016-02-16,1888.3,8.28,1.0,0.014016,1.3301,1.0,0.027952,1.345,1.0,0.014016,1.3117,1.0,0.027952,1.2823,0.014016,1.1221
2016-02-17,1883.94,8.58,1.0,-0.002309,1.327,1.0,-0.004697,1.3387,1.0,-0.002309,1.3087,1.0,-0.004697,1.2763,-0.002309,1.1195
2016-02-18,1908.84,8.7,1.0,0.013217,1.3445,1.0,0.026355,1.374,1.0,0.013217,1.326,1.0,0.026355,1.3099,0.013217,1.1343
2016-02-19,1916.24,7.73,1.0,0.003877,1.3497,1.0,0.007674,1.3845,1.0,0.003877,1.3311,1.0,0.007674,1.32,0.003877,1.1387
2016-02-22,1916.36,6.37,1.0,6.3e-05,1.3498,1.0,4.6e-05,1.3846,1.0,6.3e-05,1.3312,1.0,4.6e-05,1.3201,6.3e-05,1.1388
2016-02-23,1914.22,6.53,1.0,-0.001117,1.3483,1.0,-0.002313,1.3814,1.0,-0.001117,1.3297,1.0,-0.002313,1.317,-0.001117,1.1375
2016-02-24,1912.53,6.94,1.0,-0.000883,1.3471,1.0,-0.001845,1.3788,1.0,-0.000883,1.3285,1.0,-0.001845,1.3146,-0.000883,1.1365
2016-02-25,1918.57,7.81,1.0,0.003158,1.3514,1.0,0.006237,1.3874,1.0,0.003158,1.3327,1.0,0.006237,1.3228,0.003158,1.1401
2016-02-26,1920.16,6.62,1.0,0.000829,1.3525,1.0,0.001578,1.3896,1.0,0.000829,1.3338,1.0,0.001578,1.3249,0.000829,1.1411
2016-02-29,1916.66,7.6,1.0,-0.001823,1.35,1.0,-0.003725,1.3844,1.0,-0.001823,1.3314,1.0,-0.003725,1.3199,-0.001823,1.139
2016-03-02,1947.42,6.94,1.0,0.016049,1.3717,1.0,0.032018,1.4288,1.0,0.016049,1.3528,1.0,0.032018,1.3622,0.016049,1.1573
2016-03-03,1958.17,5.75,1.0,0.00552,1.3793,1.0,0.010961,1.4444,1.0,0.00552,1.3602,1.0,0.010961,1.3771,0.00552,1.1637
2016-03-04,1955.63,6.24,1.0,-0.001297,1.3775,1.0,-0.002674,1.4405,1.0,-0.001297,1.3585,1.0,-0.002674,1.3734,-0.001297,1.1621
2016-03-07,1957.87,5.43,1.0,0.001145,1.3791,1.0,0.002211,1.4437,1.0,0.001145,1.36,1.0,0.002211,1.3765,0.001145,1.1635
2016-03-08,1946.12,4.59,1.0,-0.006001,1.3708,1.0,-0.012082,1.4263,1.0,-0.006001,1.3519,1.0,-0.012082,1.3598,-0.006001,1.1565
2016-03-09,1952.95,5.68,1.0,0.00351,1.3756,1.0,0.00694,1.4362,1.0,0.00351,1.3566,1.0,0.00694,1.3693,0.00351,1.1606
2016-03-10,1969.33,5.36,1.0,0.008387,1.3871,1.0,0.016695,1.4602,1.0,0.008387,1.368,1.0,0.016695,1.3921,0.008387,1.1703
2016-03-11,1971.41,3.42,1.0,0.001056,1.3886,1.0,0.002033,1.4631,1.0,0.001056,1.3694,1.0,0.002033,1.395,0.001056,1.1715
2016-03-14,1972.27,2.71,1.0,0.000436,1.3892,1.0,0.000793,1.4643,1.0,0.000436,1.37,1.0,0.000793,1.3961,0.000436,1.172
2016-03-15,1969.97,0.71,1.0,-0.001166,1.3876,1.0,-0.002412,1.4608,1.0,-0.001166,1.3684,1.0,-0.002412,1.3927,-0.001166,1.1707
2016-03-16,1974.9,1.79,1.0,0.002503,1.3911,0.9,0.004626,1.4675,1.0,0.002503,1.3718,1.0,0.004926,1.3996,0.002503,1.1736
2016-03-17,1987.99,2.08,1.0,0.006628,1.4003,0.9,0.011859,1.4849,1.0,0.006628,1.3809,1.0,0.013177,1.418,0.006628,1.1814
2016-03-18,1992.12,2.57,1.0,0.002077,1.4032,0.9,0.003668,1.4904,1.0,0.002077,1.3838,1.0,0.004076,1.4238,0.002077,1.1838
2016-03-21,1989.76,2.2,1.0,-0.001185,1.4015,0.9,-0.002204,1.4871,1.0,-0.001185,1.3822,1.0,-0.002449,1.4203,-0.001185,1.1824
2016-03-22,1996.81,1.76,1.0,0.003543,1.4065,0.9,0.006306,1.4965,1.0,0.003543,1.3871,0.9,0.006707,1.4298,0.003543,1.1866
2016-03-23,1995.12,2.7,1.0,-0.000846,1.4053,1.0,-0.001895,1.4936,1.0,-0.000846,1.3859,0.9,-0.001595,1.4276,-0.000846,1.1856
2016-03-24,1985.97,1.13,1.0,-0.004586,1.3989,1.0,-0.009252,1.4798,1.0,-0.004586,1.3795,0.9,-0.008327,1.4157,-0.004586,1.1802
2016-03-25,1983.81,0.57,1.0,-0.001088,1.3973,1.0,-0.002255,1.4765,1.0,-0.001088,1.378,0.9,-0.002029,1.4128,-0.001088,1.1789
2016-03-28,1982.54,4.24,1.0,-0.00064,1.3964,0.9,-0.00166,1.474,1.0,-0.00064,1.3772,0.9,-0.001224,1.4111,-0.00064,1.1781
2016-03-29,1994.91,-0.17,1.0,0.006239,1.4052,0.9,0.01116,1.4905,1.0,0.006239,1.3857,0.9,0.01116,1.4268,0.006239,1.1855
2016-03-30,2002.14,-0.03,1.0,0.003624,1.4103,0.8,0.006152,1.4996,1.0,0.003624,1.3908,0.9,0.006452,1.436,0.003624,1.1898
2016-03-31,1995.85,-0.36,0.9,-0.003292,1.4056,0.7,-0.00539,1.4916,1.0,-0.003142,1.3864,0.9,-0.005726,1.4278,-0.003142,1.1861
2016-04-01,1973.57,-0.67,0.9,-0.010047,1.3915,0.6,-0.015984,1.4677,1.0,-0.011163,1.3709,0.9,-0.020165,1.399,-0.011163,1.1728
2016-04-04,1978.97,-1.43,0.8,0.002313,1.3947,0.5,0.002936,1.472,1.0,0.002736,1.3747,0.9,0.004854,1.4058,0.002736,1.176
2016-04-05,1962.74,1.07,0.7,-0.006711,1.3853,0.3,-0.008841,1.459,0.7,-0.008651,1.3628,0.3,-0.016634,1.3824,-0.008201,1.1664
2016-04-06,1971.32,0.81,0.8,0.00291,1.3894,0.4,0.002299,1.4624,0.7,0.00306,1.3669,0.3,0.002599,1.386,0.004371,1.1715
2016-04-07,1973.89,-2.16,0.8,0.001043,1.3908,0.5,0.000711,1.4634,0.7,0.000913,1.3682,0.3,0.000758,1.3871,0.001304,1.173
2016-04-08,1972.05,-3.94,0.7,-0.000896,1.3896,0.4,-0.001272,1.4615,0.7,-0.000653,1.3673,0.3,-0.000583,1.3862,-0.000932,1.1719
2016-04-11,1970.37,-3.67,0.5,-0.000896,1.3883,0.3,-0.001013,1.4601,0.7,-0.000596,1.3665,0.3,-0.000535,1.3855,-0.000852,1.1709
2016-04-12,1981.32,-4.89,0.5,0.002779,1.3922,0.3,0.003311,1.4649,0.5,0.00359,1.3714,0.3,0.003311,1.3901,0.005557,1.1774
2016-04-14,2015.93,-3.59,0.3,0.008434,1.4039,0.1,0.009857,1.4793,0.5,0.008734,1.3834,0.3,0.010457,1.4046,0.017468,1.198
2016-04-15,2014.71,-3.01,0.1,-0.000482,1.4033,0.0,-0.000429,1.4787,0.5,-0.000303,1.383,0.3,-0.000387,1.4041,-0.000605,1.1973
2016-04-18,2009.1,-3.7,0.0,-0.000428,1.4027,0.0,0.0,1.4787,0.5,-0.001392,1.381,0.3,-0.001695,1.4017,-0.002785,1.1939
2016-04-19,2011.36,-2.73,0.0,0.0,1.4027,0.0,0.0,1.4787,0.0,-0.000188,1.3808,0.0,-0.000249,1.4014,0.001125,1.1953
2016-04-20,2005.83,-0.14,0.0,0.0,1.4027,0.0,0.0,1.4787,0.0,0.0,1.3808,0.0,0.0,1.4014,-0.002749,1.192
2016-04-21,2022.1,1.1,0.2,-0.0003,1.4022,0.1,-0.0003,1.4783,0.0,0.0,1.3808,0.0,0.0,1.4014,0.008111,1.2016
2016-04-22,2015.49,1.07,0.4,-0.000954,1.4009,0.3,-0.001262,1.4764,0.0,0.0,1.3808,0.0,0.0,1.4014,-0.003269,1.1977
2016-04-25,2014.55,1.96,0.6,-0.000487,1.4002,0.4,-0.000604,1.4755,0.0,0.0,1.3808,0.0,0.0,1.4014,-0.000466,1.1972
2016-04-26,2019.63,-0.16,0.8,0.001213,1.4019,0.6,0.001386,1.4775,0.8,-0.0012,1.3791,0.6,-0.0018,1.3988,0.002522,1.2002
2016-04-27,2015.4,-0.78,0.9,-0.001826,1.3994,0.7,-0.002861,1.4733,0.8,-0.001676,1.3768,0.6,-0.002561,1.3953,-0.002094,1.1977
2016-04-28,2000.93,-0.57,0.9,-0.006462,1.3903,0.7,-0.010107,1.4584,0.8,-0.005744,1.3689,0.6,-0.008663,1.3832,-0.00718,1.1891
2016-04-29,1994.15,2.93,0.8,-0.0032,1.3859,0.6,-0.005099,1.451,0.8,-0.002711,1.3652,0.6,-0.004114,1.3775,-0.003388,1.185
2016-05-02,1978.15,1.77,0.8,-0.006419,1.377,0.6,-0.009676,1.437,0.8,-0.006419,1.3564,0.6,-0.009676,1.3641,-0.008023,1.1755
2016-05-03,1986.41,1.43,0.8,0.00334,1.3816,0.6,0.004963,1.4441,0.8,0.00334,1.3609,0.6,0.004963,1.3709,0.004176,1.1804
2016-05-04,1976.71,-0.33,0.9,-0.004057,1.376,0.7,-0.006207,1.4351,0.8,-0.003907,1.3556,0.6,-0.005907,1.3628,-0.004883,1.1747
2016-05-09,1967.81,-2.19,0.9,-0.004052,1.3704,0.7,-0.006359,1.426,0.8,-0.003602,1.3508,0.6,-0.005451,1.3554,-0.004502,1.1694
2016-05-10,1982.5,-1.24,0.8,0.006569,1.3794,0.7,0.010396,1.4408,0.8,0.005972,1.3588,0.7,0.008611,1.3671,0.007465,1.1781
2016-05-11,1980.1,-0.65,0.7,-0.001118,1.3779,0.5,-0.00235,1.4374,0.8,-0.000968,1.3575,0.7,-0.00175,1.3647,-0.001211,1.1767
2016-05-12,1977.49,-1.2,0.7,-0.000923,1.3766,0.4,-0.001658,1.4351,0.8,-0.001054,1.3561,0.7,-0.001901,1.3621,-0.001318,1.1751
2016-05-13,1966.99,-3.13,0.6,-0.003867,1.3713,0.2,-0.00488,1.428,0.8,-0.004248,1.3503,0.7,-0.007489,1.3519,-0.00531,1.1689
2016-05-16,1967.91,-0.4,0.4,-1.9e-05,1.3712,0.1,-0.000129,1.4279,0.8,0.000374,1.3508,0.7,0.000599,1.3527,0.000468,1.1694
2016-05-17,1968.06,-1.85,0.5,-0.00012,1.3711,0.2,-0.000293,1.4274,0.5,-0.000389,1.3503,0.2,-0.001449,1.3507,7.6e-05,1.1695
2016-05-18,1956.73,-2.87,0.5,-0.002878,1.3671,0.2,-0.002319,1.4241,0.5,-0.002878,1.3464,0.2,-0.002319,1.3476,-0.005757,1.1628
2016-05-19,1946.78,-3.18,0.3,-0.002843,1.3632,0.1,-0.00235,1.4208,0.5,-0.002543,1.343,0.2,-0.00205,1.3448,-0.005085,1.1569
2016-05-20,1947.67,-3.86,0.2,-1.3e-05,1.3632,0.1,8.3e-05,1.4209,0.5,0.000229,1.3433,0.2,0.000167,1.3451,0.000457,1.1574
2016-05-23,1955.25,-2.82,0.2,0.000778,1.3643,0.1,0.00077,1.422,0.5,0.001946,1.3459,0.2,0.001541,1.3471,0.003892,1.1619
2016-05-24,1937.68,-6.76,0.1,-0.001947,1.3616,0.0,-0.002105,1.419,0.1,-0.005093,1.339,0.0,-0.00421,1.3415,-0.008986,1.1515
2016-05-25,1960.51,-6.02,0.0,0.001028,1.363,0.0,0.0,1.419,0.1,0.001178,1.3406,0.0,0.0,1.3415,0.011782,1.165
2016-05-26,1957.06,-4.65,0.0,0.0,1.363,0.0,0.0,1.419,0.1,-0.000176,1.3404,0.0,0.0,1.3415,-0.00176,1.163
2016-05-27,1969.17,-3.26,0.0,0.0,1.363,0.0,0.0,1.419,0.1,0.000619,1.3412,0.0,0.0,1.3415,0.006188,1.1702
2016-05-30,1967.13,-4.32,0.0,0.0,1.363,0.0,0.0,1.419,0.1,-0.000104,1.3411,0.0,0.0,1.3415,-0.001036,1.169
2016-05-31,1983.4,-3.25,0.0,0.0,1.363,0.0,0.0,1.419,0.0,0.000677,1.342,0.0,0.0,1.3415,0.008271,1.1787
2016-06-01,1982.72,-5.24,0.0,0.0,1.363,0.0,0.0,1.419,0.0,0.0,1.342,0.0,0.0,1.3415,-0.000343,1.1782
2016-06-02,1985.11,-5.49,0.0,0.0,1.363,0.0,0.0,1.419,0.0,0.0,1.342,0.0,0.0,1.3415,0.001205,1.1797
2016-06-03,1985.84,-5.0,0.0,0.0,1.363,0.0,0.0,1.419,0.0,0.0,1.342,0.0,0.0,1.3415,0.000368,1.1801
2016-06-07,2011.63,-2.7,0.0,0.0,1.363,0.0,0.0,1.419,0.0,0.0,1.342,0.0,0.0,1.3415,0.012987,1.1954
2016-06-08,2027.08,-1.76,0.0,0.0,1.363,0.0,0.0,1.419,0.0,0.0,1.342,0.0,0.0,1.3415,0.00768,1.2046
2016-06-09,2024.17,-5.27,0.1,-0.00015,1.3628,0.0,0.0,1.419,0.0,0.0,1.342,0.0,0.0,1.3415,-0.001436,1.2029
2016-06-10,2017.63,-2.97,0.1,-0.000323,1.3624,0.0,0.0,1.419,0.0,0.0,1.342,0.0,0.0,1.3415,-0.003231,1.199
2016-06-13,1979.06,-0.64,0.1,-0.001912,1.3598,0.0,0.0,1.419,0.0,0.0,1.342,0.0,0.0,1.3415,-0.019116,1.1761
2016-06-14,1972.03,0.62,0.2,-0.000505,1.3591,0.1,-0.0003,1.4186,0.2,-0.0003,1.3416,0.1,-0.0003,1.3411,-0.003552,1.1719
2016-06-15,1968.83,-1.0,0.4,-0.000625,1.3582,0.2,-0.000632,1.4177,0.2,-0.000325,1.3411,0.1,-0.000332,1.3406,-0.001623,1.17
2016-06-16,1951.99,0.32,0.5,-0.003571,1.3534,0.2,-0.003437,1.4128,0.2,-0.001711,1.3389,0.1,-0.001719,1.3383,-0.008553,1.16
2016-06-17,1953.4,0.97,0.7,6.1e-05,1.3535,0.4,-0.000327,1.4124,0.2,0.000144,1.339,0.1,0.000137,1.3385,0.000722,1.1608
2016-06-20,1981.12,1.74,0.9,0.009633,1.3665,0.5,0.011021,1.4279,0.2,0.002838,1.3428,0.1,0.00283,1.3423,0.014191,1.1773
2016-06-21,1982.7,5.61,0.9,0.000718,1.3675,0.7,0.000158,1.4281,0.9,-0.00089,1.3417,0.7,-0.001648,1.3401,0.000798,1.1782
2016-06-22,1992.58,4.13,0.9,0.004485,1.3736,0.7,0.006921,1.438,0.9,0.004485,1.3477,0.7,0.006921,1.3493,0.004983,1.1841
2016-06-23,1986.71,0.51,1.0,-0.002801,1.3698,0.9,-0.00478,1.4312,0.9,-0.002651,1.3441,0.7,-0.00418,1.3437,-0.002946,1.1806
2016-06-24,1925.24,0.16,1.0,-0.030941,1.3274,0.9,-0.055765,1.3513,0.9,-0.027847,1.3067,0.7,-0.043372,1.2854,-0.030941,1.1441
2016-06-27,1926.85,-0.48,1.0,0.000836,1.3285,0.8,0.001134,1.3529,0.9,0.000753,1.3077,0.7,0.001115,1.2868,0.000836,1.145
2016-06-28,1936.22,1.91,0.9,0.004713,1.3348,0.7,0.007417,1.3629,0.9,0.004377,1.3134,0.7,0.006752,1.2955,0.004863,1.1506
2016-06-29,1956.36,5.22,0.9,0.009362,1.3473,0.7,0.014507,1.3827,0.9,0.009362,1.3257,0.7,0.014507,1.3143,0.010402,1.1626
2016-06-30,1970.35,7.72,0.9,0.006436,1.3559,0.7,0.009956,1.3964,0.9,0.006436,1.3342,0.7,0.009956,1.3274,0.007151,1.1709
2016-07-01,1987.32,4.8,0.9,0.007751,1.3664,0.8,0.011702,1.4128,0.9,0.007751,1.3445,0.7,0.012002,1.3433,0.008613,1.181
2016-07-04,1995.3,5.57,1.0,0.003464,1.3712,0.9,0.006061,1.4214,0.9,0.003614,1.3494,0.7,0.005566,1.3508,0.004015,1.1857
2016-07-05,1989.85,6.9,1.0,-0.002731,1.3674,1.0,-0.005288,1.4138,1.0,-0.002608,1.3459,1.0,-0.00478,1.3444,-0.002731,1.1825
2016-07-06,1953.12,6.77,1.0,-0.018459,1.3422,1.0,-0.036997,1.3615,1.0,-0.018459,1.321,1.0,-0.036997,1.2946,-0.018459,1.1607
2016-07-07,1974.08,2.76,1.0,0.010732,1.3566,1.0,0.021384,1.3906,1.0,0.010732,1.3352,1.0,0.021384,1.3223,0.010732,1.1731
2016-07-08,1963.1,2.35,1.0,-0.005562,1.349,1.0,-0.011204,1.3751,1.0,-0.005562,1.3278,1.0,-0.011204,1.3075,-0.005562,1.1666
2016-07-11,1988.54,0.68,1.0,0.012959,1.3665,1.0,0.025839,1.4106,1.0,0.012959,1.345,1.0,0.025839,1.3413,0.012959,1.1817
2016-07-12,1991.23,-0.95,1.0,0.001353,1.3684,0.9,0.002326,1.4139,1.0,0.001353,1.3468,0.9,0.002326,1.3444,0.001353,1.1833
2016-07-13,2005.55,0.42,0.9,0.007042,1.378,0.8,0.012573,1.4317,1.0,0.007192,1.3565,0.9,0.012873,1.3617,0.007192,1.1918
2016-07-14,2008.77,1.07,0.9,0.001445,1.38,0.7,0.002205,1.4348,1.0,0.001606,1.3587,0.9,0.002819,1.3656,0.001606,1.1937
2016-07-15,2017.26,-0.84,0.9,0.003804,1.3853,0.7,0.005861,1.4432,1.0,0.004226,1.3644,0.9,0.007536,1.3758,0.004226,1.1988
2016-07-18,2021.11,1.31,0.9,0.001718,1.3876,0.5,0.002016,1.4461,1.0,0.001909,1.367,0.9,0.003364,1.3805,0.001909,1.2011
2016-07-19,2016.89,-0.68,0.9,-0.001879,1.385,0.6,-0.002428,1.4426,0.9,-0.002238,1.364,0.6,-0.00473,1.3739,-0.002088,1.1986
2016-07-20,2015.46,-1.46,0.9,-0.000638,1.3841,0.6,-0.000898,1.4413,0.9,-0.000638,1.3631,0.6,-0.000898,1.3727,-0.000709,1.1977
2016-07-21,2012.22,-2.07,0.8,-0.001597,1.3819,0.5,-0.002277,1.438,0.9,-0.001447,1.3611,0.6,-0.001977,1.37,-0.001608,1.1958
2016-07-22,2010.34,-3.67,0.6,-0.001047,1.3805,0.3,-0.001574,1.4358,0.9,-0.000841,1.36,0.6,-0.001169,1.3684,-0.000934,1.1947
2016-07-25,2012.32,-4.82,0.5,0.000441,1.3811,0.3,0.000567,1.4366,0.9,0.000886,1.3612,0.6,0.001134,1.3699,0.000985,1.1958
2016-07-26,2027.34,-4.98,0.3,0.003432,1.3858,0.1,0.003855,1.4421,0.3,0.005818,1.3691,0.1,0.007409,1.3801,0.007464,1.2048
2016-07-27,2025.05,-4.52,0.1,-0.000639,1.3849,0.0,-0.000534,1.4414,0.3,-0.000339,1.3686,0.1,-0.000234,1.3798,-0.00113,1.2034
2016-07-28,2021.1,-5.33,0.1,-0.000195,1.3847,0.0,0.0,1.4414,0.3,-0.000585,1.3678,0.1,-0.000398,1.3792,-0.001951,1.2011
2016-07-29,2016.19,-4.88,0.0,-0.000393,1.3841,0.0,0.0,1.4414,0.3,-0.000729,1.3668,0.1,-0.000494,1.3785,-0.002429,1.1981
2016-08-01,2029.61,-4.99,0.0,0.0,1.3841,0.0,0.0,1.4414,0.3,0.001997,1.3696,0.1,0.001323,1.3804,0.006656,1.2061
2016-08-02,2019.03,-6.24,0.0,0.0,1.3841,0.0,0.0,1.4414,0.0,-0.002014,1.3668,0.0,-0.001351,1.3785,-0.005213,1.1998
2016-08-03,1994.79,-6.41,0.0,0.0,1.3841,0.0,0.0,1.4414,0.0,0.0,1.3668,0.0,0.0,1.3785,-0.012006,1.1854
2016-08-04,2000.03,-5.06,0.0,0.0,1.3841,0.0,0.0,1.4414,0.0,0.0,1.3668,0.0,0.0,1.3785,0.002627,1.1885
2016-08-05,2017.94,-5.09,0.0,0.0,1.3841,0.0,0.0,1.4414,0.0,0.0,1.3668,0.0,0.0,1.3785,0.008955,1.1992
2016-08-08,2031.12,-6.05,0.0,0.0,1.3841,0.0,0.0,1.4414,0.0,0.0,1.3668,0.0,0.0,1.3785,0.006531,1.207
2016-08-09,2043.78,-7.08,0.0,0.0,1.3841,0.0,0.0,1.4414,0.0,0.0,1.3668,0.0,0.0,1.3785,0.006233,1.2145
2016-08-10,2044.64,-6.73,0.0,0.0,1.3841,0.0,0.0,1.4414,0.0,0.0,1.3668,0.0,0.0,1.3785,0.000421,1.215
2016-08-11,2048.8,-5.3,0.0,0.0,1.3841,0.0,0.0,1.4414,0.0,0.0,1.3668,0.0,0.0,1.3785,0.002035,1.2175
2016-08-12,2050.47,-6.02,0.0,0.0,1.3841,0.0,0.0,1.4414,0.0,0.0,1.3668,0.0,0.0,1.3785,0.000815,1.2185
2016-08-16,2047.76,-4.83,0.0,0.0,1.3841,0.0,0.0,1.4414,0.0,0.0,1.3668,0.0,0.0,1.3785,-0.001322,1.2169
2016-08-17,2043.75,-6.17,0.0,0.0,1.3841,0.0,0.0,1.4414,0.0,0.0,1.3668,0.0,0.0,1.3785,-0.001958,1.2145
2016-08-18,2055.47,-4.79,0.0,0.0,1.3841,0.0,0.0,1.4414,0.0,0.0,1.3668,0.0,0.0,1.3785,0.005735,1.2215
2016-08-19,2056.24,-3.19,0.0,0.0,1.3841,0.0,0.0,1.4414,0.0,0.0,1.3668,0.0,0.0,1.3785,0.000375,1.2219
2016-08-22,2042.16,-5.05,0.0,0.0,1.3841,0.0,0.0,1.4414,0.0,0.0,1.3668,0.0,0.0,1.3785,-0.006847,1.2136
2016-08-23,2049.93,-5.8,0.0,0.0,1.3841,0.0,0.0,1.4414,0.0,0.0,1.3668,0.0,0.0,1.3785,0.003805,1.2182
2016-08-24,2043.76,-7.69,0.0,0.0,1.3841,0.0,0.0,1.4414,0.0,0.0,1.3668,0.0,0.0,1.3785,-0.00301,1.2145
2016-08-25,2042.92,-3.98,0.0,0.0,1.3841,0.0,0.0,1.4414,0.0,0.0,1.3668,0.0,0.0,1.3785,-0.000411,1.214
2016-08-26,2037.5,-6.7,0.0,0.0,1.3841,0.0,0.0,1.4414,0.0,0.0,1.3668,0.0,0.0,1.3785,-0.002653,1.2108
2016-08-29,2032.35,-7.31,0.0,0.0,1.3841,0.0,0.0,1.4414,0.0,0.0,1.3668,0.0,0.0,1.3785,-0.002528,1.2077
2016-08-30,2039.74,-4.85,0.0,0.0,1.3841,0.0,0.0,1.4414,0.0,0.0,1.3668,0.0,0.0,1.3785,0.003636,1.2121
2016-08-31,2034.65,-0.34,0.0,0.0,1.3841,0.0,0.0,1.4414,0.0,0.0,1.3668,0.0,0.0,1.3785,-0.002495,1.2091
2016-09-01,2032.72,-3.02,0.2,-0.0003,1.3837,0.1,-0.0003,1.4409,0.0,0.0,1.3668,0.0,0.0,1.3785,-0.000949,1.208
2016-09-02,2038.31,-6.98,0.2,0.00055,1.3845,0.1,0.000542,1.4417,0.0,0.0,1.3668,0.0,0.0,1.3785,0.00275,1.2113
2016-09-05,2060.08,-5.33,0.2,0.002136,1.3874,0.1,0.002128,1.4448,0.0,0.0,1.3668,0.0,0.0,1.3785,0.01068,1.2242
2016-09-06,2066.53,-6.37,0.2,0.000626,1.3883,0.1,0.000618,1.4457,0.2,-0.0003,1.3664,0.1,-0.0003,1.3781,0.003131,1.2281
2016-09-07,2061.88,-3.16,0.2,-0.00045,1.3877,0.1,-0.000458,1.445,0.2,-0.00045,1.3658,0.1,-0.000458,1.3775,-0.00225,1.2253
2016-09-08,2063.73,-6.42,0.0,-0.000121,1.3875,0.0,-0.000128,1.4448,0.2,0.000179,1.366,0.1,0.000172,1.3777,0.000897,1.2264
2016-09-09,2037.87,-6.45,0.0,0.0,1.3875,0.0,0.0,1.4448,0.2,-0.002506,1.3626,0.1,-0.002514,1.3742,-0.012531,1.211
2016-09-12,1991.48,-5.82,0.0,0.0,1.3875,0.0,0.0,1.4448,0.2,-0.004553,1.3564,0.1,-0.004561,1.368,-0.022764,1.1835
2016-09-13,1999.36,-6.89,0.0,0.0,1.3875,0.0,0.0,1.4448,0.0,0.000491,1.3571,0.0,0.000483,1.3686,0.003957,1.1881
2016-09-19,2015.78,-6.14,0.0,0.0,1.3875,0.0,0.0,1.4448,0.0,0.0,1.3571,0.0,0.0,1.3686,0.008213,1.1979
2016-09-20,2025.71,-6.98,0.0,0.0,1.3875,0.0,0.0,1.4448,0.0,0.0,1.3571,0.0,0.0,1.3686,0.004926,1.2038
2016-09-21,2035.99,-7.06,0.0,0.0,1.3875,0.0,0.0,1.4448,0.0,0.0,1.3571,0.0,0.0,1.3686,0.005075,1.2099
2016-09-22,2049.7,-6.55,0.0,0.0,1.3875,0.0,0.0,1.4448,0.0,0.0,1.3571,0.0,0.0,1.3686,0.006734,1.2181
2016-09-23,2054.07,-7.55,0.0,0.0,1.3875,0.0,0.0,1.4448,0.0,0.0,1.3571,0.0,0.0,1.3686,0.002132,1.2206
2016-09-26,2047.11,-8.24,0.0,0.0,1.3875,0.0,0.0,1.4448,0.0,0.0,1.3571,0.0,0.0,1.3686,-0.003388,1.2165
2016-09-27,2062.82,-8.18,0.0,0.0,1.3875,0.0,0.0,1.4448,0.0,0.0,1.3571,0.0,0.0,1.3686,0.007674,1.2258
2016-09-28,2053.06,-6.61,0.0,0.0,1.3875,0.0,0.0,1.4448,0.0,0.0,1.3571,0.0,0.0,1.3686,-0.004731,1.22
2016-09-29,2068.72,-5.15,0.0,0.0,1.3875,0.0,0.0,1.4448,0.0,0.0,1.3571,0.0,0.0,1.3686,0.007628,1.2294
2016-09-30,2043.63,-6.13,0.0,0.0,1.3875,0.0,0.0,1.4448,0.0,0.0,1.3571,0.0,0.0,1.3686,-0.012128,1.2144
2016-10-04,2054.86,-7.1,0.0,0.0,1.3875,0.0,0.0,1.4448,0.0,0.0,1.3571,0.0,0.0,1.3686,0.005495,1.2211
2016-10-05,2053.0,-8.39,0.0,0.0,1.3875,0.0,0.0,1.4448,0.0,0.0,1.3571,0.0,0.0,1.3686,-0.000905,1.22
2016-10-06,2065.3,-8.43,0.0,0.0,1.3875,0.0,0.0,1.4448,0.0,0.0,1.3571,0.0,0.0,1.3686,0.005991,1.2273
2016-10-07,2053.8,-8.2,0.0,0.0,1.3875,0.0,0.0,1.4448,0.0,0.0,1.3571,0.0,0.0,1.3686,-0.005568,1.2205
2016-10-10,2056.82,-5.41,0.0,0.0,1.3875,0.0,0.0,1.4448,0.0,0.0,1.3571,0.0,0.0,1.3686,0.00147,1.2223
2016-10-11,2031.93,-8.48,0.0,0.0,1.3875,0.0,0.0,1.4448,0.0,0.0,1.3571,0.0,0.0,1.3686,-0.012101,1.2075
2016-10-12,2033.73,-8.38,0.0,0.0,1.3875,0.0,0.0,1.4448,0.0,0.0,1.3571,0.0,0.0,1.3686,0.000886,1.2086
2016-10-13,2015.44,-7.37,0.0,0.0,1.3875,0.0,0.0,1.4448,0.0,0.0,1.3571,0.0,0.0,1.3686,-0.008993,1.1977
2016-10-14,2022.66,-6.82,0.0,0.0,1.3875,0.0,0.0,1.4448,0.0,0.0,1.3571,0.0,0.0,1.3686,0.003582,1.202
2016-10-17,2027.61,-5.39,0.0,0.0,1.3875,0.0,0.0,1.4448,0.0,0.0,1.3571,0.0,0.0,1.3686,0.002447,1.2049
2016-10-18,2040.43,-7.17,0.0,0.0,1.3875,0.0,0.0,1.4448,0.0,0.0,1.3571,0.0,0.0,1.3686,0.006323,1.2125
2016-10-19,2040.94,-7.12,0.0,0.0,1.3875,0.0,0.0,1.4448,0.0,0.0,1.3571,0.0,0.0,1.3686,0.00025,1.2128
2016-10-20,2040.6,-6.84,0.0,0.0,1.3875,0.0,0.0,1.4448,0.0,0.0,1.3571,0.0,0.0,1.3686,-0.000167,1.2126
2016-10-21,2033.0,-7.06,0.0,0.0,1.3875,0.0,0.0,1.4448,0.0,0.0,1.3571,0.0,0.0,1.3686,-0.003724,1.2081
2016-10-24,2047.74,-6.9,0.0,0.0,1.3875,0.0,0.0,1.4448,0.0,0.0,1.3571,0.0,0.0,1.3686,0.00725,1.2169
2016-10-25,2037.17,-6.97,0.0,0.0,1.3875,0.0,0.0,1.4448,0.0,0.0,1.3571,0.0,0.0,1.3686,-0.005162,1.2106
2016-10-26,2013.89,-3.71,0.0,0.0,1.3875,0.0,0.0,1.4448,0.0,0.0,1.3571,0.0,0.0,1.3686,-0.011428,1.1968
2016-10-27,2024.12,-4.89,0.0,0.0,1.3875,0.0,0.0,1.4448,0.0,0.0,1.3571,0.0,0.0,1.3686,0.00508,1.2029
2016-10-28,2019.42,-1.66,0.0,0.0,1.3875,0.0,0.0,1.4448,0.0,0.0,1.3571,0.0,0.0,1.3686,-0.002322,1.2001
2016-10-31,2008.19,-0.06,0.1,-0.00015,1.3873,0.0,0.0,1.4448,0.0,0.0,1.3571,0.0,0.0,1.3686,-0.005561,1.1934
2016-11-01,2007.39,-0.86,0.3,-0.00034,1.3868,0.1,-0.0003,1.4444,0.3,-0.00045,1.3565,0.1,-0.0003,1.3682,-0.000398,1.1929
2016-11-02,1978.94,-1.84,0.4,-0.004402,1.3807,0.1,-0.002842,1.4403,0.3,-0.004252,1.3507,0.1,-0.002842,1.3643,-0.014173,1.176
2016-11-03,1983.8,1.65,0.5,0.000832,1.3819,0.1,0.000483,1.441,0.3,0.000737,1.3517,0.1,0.000483,1.365,0.002456,1.1789
2016-11-04,1982.02,1.74,0.7,-0.000749,1.3808,0.3,-0.000787,1.4398,0.3,-0.000269,1.3513,0.1,-0.000187,1.3647,-0.000897,1.1778
2016-11-07,1997.58,0.83,0.8,0.005345,1.3882,0.5,0.004087,1.4457,0.3,0.002355,1.3545,0.1,0.001562,1.3669,0.007851,1.1871
2016-11-08,2003.38,0.76,0.8,0.002323,1.3914,0.6,0.002564,1.4494,0.8,0.000121,1.3547,0.6,-0.000927,1.3656,0.002904,1.1905
2016-11-09,1958.38,3.48,0.9,-0.01812,1.3662,0.7,-0.027302,1.4099,0.8,-0.01797,1.3303,0.6,-0.027002,1.3287,-0.022462,1.1638
2016-11-10,2002.6,1.67,1.0,0.020172,1.3938,0.9,0.030956,1.4535,0.8,0.018064,1.3544,0.6,0.027048,1.3647,0.02258,1.1901
2016-11-11,1984.43,4.22,1.0,-0.009073,1.3811,0.9,-0.016403,1.4297,0.8,-0.007259,1.3445,0.6,-0.010935,1.3497,-0.009073,1.1793
2016-11-14,1974.4,6.31,1.0,-0.005054,1.3742,0.9,-0.009169,1.4166,0.8,-0.004043,1.3391,0.6,-0.006113,1.3415,-0.005054,1.1733
2016-11-15,1967.53,6.74,1.0,-0.00348,1.3694,0.9,-0.006335,1.4076,1.0,-0.003084,1.335,0.9,-0.005123,1.3346,-0.00348,1.1692
2016-11-16,1979.65,7.38,1.0,0.00616,1.3778,1.0,0.010717,1.4227,1.0,0.00616,1.3432,0.9,0.011017,1.3493,0.00616,1.1764
2016-11-17,1980.55,6.23,1.0,0.000455,1.3784,1.0,0.00083,1.4238,1.0,0.000455,1.3438,0.9,0.000747,1.3503,0.000455,1.177
2016-11-18,1974.58,5.62,1.0,-0.003014,1.3743,1.0,-0.006108,1.4152,1.0,-0.003014,1.3397,0.9,-0.005497,1.3429,-0.003014,1.1734
2016-11-21,1966.05,5.34,1.0,-0.00432,1.3684,1.0,-0.008719,1.4028,1.0,-0.00432,1.334,0.9,-0.007847,1.3324,-0.00432,1.1683
2016-11-22,1983.47,4.49,1.0,0.00886,1.3805,1.0,0.017641,1.4276,1.0,0.00886,1.3458,1.0,0.015577,1.3531,0.00886,1.1787
2016-11-23,1987.95,3.06,1.0,0.002259,1.3836,1.0,0.004438,1.4339,1.0,0.002259,1.3488,1.0,0.004438,1.3591,0.002259,1.1814
2016-11-24,1971.26,2.42,1.0,-0.008396,1.372,1.0,-0.016871,1.4097,1.0,-0.008396,1.3375,1.0,-0.016871,1.3362,-0.008396,1.1714
2016-11-25,1974.46,3.87,1.0,0.001623,1.3742,1.0,0.003167,1.4142,1.0,0.001623,1.3397,1.0,0.003167,1.3404,0.001623,1.1733
2016-11-28,1978.13,3.54,1.0,0.001859,1.3768,1.0,0.003638,1.4193,1.0,0.001859,1.3422,1.0,0.003638,1.3453,0.001859,1.1755
2016-11-29,1978.39,5.56,1.0,0.000131,1.3769,1.0,0.000184,1.4196,1.0,0.000131,1.3423,1.0,0.000184,1.3455,0.000131,1.1757
2016-11-30,1983.48,6.07,1.0,0.002573,1.3805,1.0,0.005066,1.4268,1.0,0.002573,1.3458,1.0,0.005066,1.3524,0.002573,1.1787
2016-12-01,1983.75,5.99,1.0,0.000136,1.3807,1.0,0.000193,1.427,1.0,0.000136,1.346,1.0,0.000193,1.3526,0.000136,1.1789
2016-12-02,1970.61,5.55,1.0,-0.006624,1.3715,1.0,-0.013327,1.408,1.0,-0.006624,1.3371,1.0,-0.013327,1.3346,-0.006624,1.1711
2016-12-05,1963.36,5.57,1.0,-0.003679,1.3665,1.0,-0.007437,1.3976,1.0,-0.003679,1.3321,1.0,-0.007437,1.3247,-0.003679,1.1667
2016-12-06,1989.86,4.97,1.0,0.013497,1.3849,1.0,0.026915,1.4352,1.0,0.013497,1.3501,1.0,0.026915,1.3603,0.013497,1.1825
2016-12-07,1991.89,4.11,1.0,0.00102,1.3863,1.0,0.001961,1.438,1.0,0.00102,1.3515,1.0,0.001961,1.363,0.00102,1.1837
2016-12-08,2031.07,4.2,1.0,0.01967,1.4136,1.0,0.03926,1.4944,1.0,0.01967,1.3781,1.0,0.03926,1.4165,0.01967,1.207
2016-12-09,2024.69,4.33,1.0,-0.003141,1.4092,1.0,-0.006362,1.4849,1.0,-0.003141,1.3737,1.0,-0.006362,1.4075,-0.003141,1.2032
2016-12-12,2027.24,4.6,1.0,0.001259,1.4109,1.0,0.00244,1.4886,1.0,0.001259,1.3755,1.0,0.00244,1.4109,0.001259,1.2047
2016-12-13,2035.98,2.55,1.0,0.004311,1.417,1.0,0.008543,1.5013,1.0,0.004311,1.3814,1.0,0.008543,1.423,0.004311,1.2099
2016-12-14,2036.87,5.63,1.0,0.000437,1.4176,1.0,0.000795,1.5025,1.0,0.000437,1.382,1.0,0.000795,1.4241,0.000437,1.2104
2016-12-15,2036.65,5.61,1.0,-0.000108,1.4175,1.0,-0.000295,1.502,1.0,-0.000108,1.3819,1.0,-0.000295,1.4237,-0.000108,1.2103
2016-12-16,2042.24,5.4,1.0,0.002745,1.4214,1.0,0.00541,1.5101,1.0,0.002745,1.3857,1.0,0.00541,1.4314,0.002745,1.2136
2016-12-19,2038.39,6.32,1.0,-0.001885,1.4187,1.0,-0.00385,1.5043,1.0,-0.001885,1.383,1.0,-0.00385,1.4259,-0.001885,1.2113
2016-12-20,2041.94,4.11,1.0,0.001742,1.4212,1.0,0.003404,1.5095,1.0,0.001742,1.3855,1.0,0.003404,1.4307,0.001742,1.2134
2016-12-21,2037.96,5.24,1.0,-0.001949,1.4184,1.0,-0.003978,1.5034,1.0,-0.001949,1.3827,1.0,-0.003978,1.425,-0.001949,1.2111
2016-12-22,2035.73,4.52,1.0,-0.001094,1.4169,1.0,-0.002268,1.5,1.0,-0.001094,1.3812,1.0,-0.002268,1.4218,-0.001094,1.2097
2016-12-23,2035.9,3.7,1.0,8.4e-05,1.417,1.0,8.8e-05,1.5002,1.0,8.4e-05,1.3814,1.0,8.8e-05,1.4219,8.4e-05,1.2099
2016-12-26,2037.75,3.35,1.0,0.000909,1.4183,1.0,0.001738,1.5028,1.0,0.000909,1.3826,1.0,0.001738,1.4244,0.000909,1.2109
2016-12-27,2042.17,3.15,1.0,0.002169,1.4213,1.0,0.004259,1.5092,1.0,0.002169,1.3856,1.0,0.004259,1.4305,0.002169,1.2136
2016-12-28,2024.49,4.02,1.0,-0.008657,1.409,1.0,-0.017394,1.4829,1.0,-0.008657,1.3736,1.0,-0.017394,1.4056,-0.008657,1.2031
2016-12-29,2026.46,5.06,1.0,0.000973,1.4104,1.0,0.001867,1.4857,1.0,0.000973,1.3749,1.0,0.001867,1.4082,0.000973,1.2042
2017-01-02,2026.16,3.82,1.0,-0.000148,1.4102,1.0,-0.000375,1.4851,1.0,-0.000148,1.3747,1.0,-0.000375,1.4077,-0.000148,1.2041
2017-01-03,2043.97,6.0,1.0,0.00879,1.4226,1.0,0.017501,1.5111,1.0,0.00879,1.3868,1.0,0.017501,1.4323,0.00879,1.2146
2017-01-04,2045.64,5.3,1.0,0.000817,1.4237,1.0,0.001555,1.5135,1.0,0.000817,1.388,1.0,0.001555,1.4346,0.000817,1.2156
2017-01-05,2041.95,7.06,1.0,-0.001804,1.4212,1.0,-0.003687,1.5079,1.0,-0.001804,1.3855,1.0,-0.003687,1.4293,-0.001804,1.2134
2017-01-06,2049.12,3.51,1.0,0.003511,1.4262,1.0,0.006943,1.5184,1.0,0.003511,1.3903,1.0,0.006943,1.4392,0.003511,1.2177
2017-01-09,2048.78,2.12,1.0,-0.000166,1.4259,1.0,-0.000411,1.5177,1.0,-0.000166,1.3901,1.0,-0.000411,1.4386,-0.000166,1.2175
2017-01-10,2045.12,-2.44,1.0,-0.001786,1.4234,1.0,-0.003652,1.5122,1.0,-0.001786,1.3876,1.0,-0.003652,1.4333,-0.001786,1.2153
2017-01-11,2075.17,0.91,0.8,0.014394,1.4439,0.8,0.028708,1.5556,1.0,0.014694,1.408,1.0,0.029308,1.4753,0.014694,1.2332
2017-01-12,2087.14,-0.93,0.8,0.004615,1.4505,0.8,0.009166,1.5699,1.0,0.005768,1.4161,1.0,0.011457,1.4923,0.005768,1.2403
2017-01-13,2076.79,0.54,0.8,-0.003967,1.4448,0.6,-0.008598,1.5564,1.0,-0.004959,1.4091,1.0,-0.009997,1.4773,-0.004959,1.2341
2017-01-16,2064.17,0.57,0.8,-0.004861,1.4378,0.5,-0.00764,1.5445,1.0,-0.006077,1.4005,1.0,-0.012233,1.4593,-0.006077,1.2267
2017-01-17,2071.87,2.67,0.8,0.002984,1.4421,0.5,0.003691,1.5502,0.8,0.00343,1.4053,0.5,0.005881,1.4678,0.00373,1.2312
2017-01-18,2070.54,2.04,0.9,-0.000664,1.4411,0.7,-0.001282,1.5482,0.8,-0.000514,1.4046,0.5,-0.000682,1.4668,-0.000642,1.2304
2017-01-19,2072.79,4.54,0.9,0.000978,1.4425,0.7,0.001466,1.5505,0.8,0.000869,1.4058,0.5,0.001047,1.4684,0.001087,1.2318
2017-01-20,2065.61,0.3,1.0,-0.003268,1.4378,0.9,-0.005505,1.5419,0.8,-0.002771,1.4019,0.5,-0.003504,1.4632,-0.003464,1.2275
2017-01-23,2065.99,1.09,1.0,0.000184,1.4381,0.9,0.00026,1.5423,0.8,0.000147,1.4021,0.5,0.000144,1.4634,0.000184,1.2277
2017-01-24,2065.76,-0.23,1.0,-0.000111,1.4379,0.9,-0.000272,1.5419,1.0,-0.000389,1.4016,0.9,-0.001351,1.4615,-0.000111,1.2276
2017-01-25,2066.94,-0.13,1.0,0.000571,1.4387,0.8,0.000657,1.5429,1.0,0.000571,1.4024,0.9,0.000957,1.4629,0.000571,1.2283
2017-01-26,2083.59,-2.71,0.9,0.007905,1.4501,0.7,0.012525,1.5622,1.0,0.008055,1.4137,0.9,0.014428,1.484,0.008055,1.2382
2017-01-31,2067.57,0.67,0.8,-0.00707,1.4398,0.5,-0.01142,1.5444,0.8,-0.007989,1.4024,0.5,-0.015111,1.4615,-0.007689,1.2287
2017-02-01,2080.48,-1.49,0.8,0.004995,1.447,0.5,0.006204,1.554,0.8,0.004995,1.4094,0.5,0.006204,1.4706,0.006244,1.2363
2017-02-02,2071.01,-0.58,0.6,-0.003941,1.4413,0.3,-0.005192,1.5459,0.8,-0.003641,1.4043,0.5,-0.004592,1.4639,-0.004552,1.2307
2017-02-03,2073.16,0.86,0.6,0.000623,1.4422,0.3,0.000599,1.5468,0.8,0.000831,1.4054,0.5,0.000998,1.4653,0.001038,1.232
2017-02-06,2077.66,2.61,0.7,0.001152,1.4439,0.4,0.000979,1.5484,0.8,0.001736,1.4079,0.5,0.002131,1.4684,0.002171,1.2347
2017-02-07,2075.21,-2.04,0.8,-0.000975,1.4425,0.6,-0.001575,1.5459,0.8,-0.000943,1.4066,0.6,-0.001519,1.4662,-0.001179,1.2332
2017-02-08,2065.08,-2.13,0.7,-0.004055,1.4366,0.4,-0.006505,1.5359,0.8,-0.003905,1.4011,0.6,-0.005905,1.4576,-0.004881,1.2272
2017-02-09,2065.88,0.47,0.7,0.000271,1.437,0.4,0.000278,1.5363,0.8,0.00031,1.4015,0.6,0.000417,1.4582,0.000387,1.2277
2017-02-10,2075.08,0.8,0.7,0.003117,1.4415,0.5,0.003231,1.5413,0.8,0.003563,1.4065,0.6,0.005296,1.4659,0.004453,1.2331
2017-02-13,2078.65,0.0,0.7,0.001204,1.4432,0.5,0.001681,1.5438,0.8,0.001376,1.4084,0.6,0.002017,1.4688,0.00172,1.2353
2017-02-14,2074.57,-0.54,0.7,-0.001374,1.4412,0.4,-0.002302,1.5403,0.7,-0.00172,1.406,0.4,-0.003003,1.4644,-0.001963,1.2328
2017-02-15,2083.86,-2.44,0.8,0.002985,1.4456,0.4,0.003551,1.5458,0.7,0.003135,1.4104,0.4,0.003551,1.4696,0.004478,1.2384
2017-02-16,2081.84,-1.92,0.8,-0.000775,1.4444,0.4,-0.000807,1.5445,0.7,-0.000679,1.4095,0.4,-0.000807,1.4684,-0.000969,1.2372
2017-02-17,2080.58,-0.68,0.6,-0.000784,1.4433,0.3,-0.000816,1.5433,0.7,-0.000424,1.4089,0.4,-0.000516,1.4677,-0.000605,1.2364
2017-02-20,2084.39,-3.47,0.6,0.001099,1.4449,0.2,0.000775,1.5445,0.7,0.001282,1.4107,0.4,0.001433,1.4698,0.001831,1.2387
2017-02-21,2102.93,-2.87,0.4,0.005037,1.4522,0.1,0.003242,1.5495,0.4,0.005776,1.4188,0.1,0.006184,1.4789,0.008895,1.2497
2017-02-22,2106.61,-1.57,0.2,0.0004,1.4527,0.1,0.000342,1.55,0.4,0.0007,1.4198,0.1,0.000342,1.4794,0.00175,1.2519
2017-02-23,2107.63,-1.65,0.3,-5.3e-05,1.4527,0.1,8.9e-05,1.5501,0.4,0.000194,1.4201,0.1,8.9e-05,1.4795,0.000484,1.2525
2017-02-24,2094.12,-0.2,0.3,-0.001923,1.4499,0.1,-0.00129,1.5481,0.4,-0.002564,1.4164,0.1,-0.00129,1.4776,-0.00641,1.2444
2017-02-27,2085.52,0.55,0.3,-0.001232,1.4481,0.1,-0.000829,1.5468,0.4,-0.001643,1.4141,0.1,-0.000829,1.4764,-0.004107,1.2393
2017-02-28,2091.64,1.44,0.5,0.00058,1.4489,0.2,0.000279,1.5473,0.5,0.001024,1.4156,0.2,0.000279,1.4768,0.002935,1.243
2017-03-02,2102.65,3.58,0.7,0.002332,1.4523,0.4,0.00149,1.5496,0.5,0.002632,1.4193,0.2,0.00209,1.4799,0.005264,1.2495
2017-03-03,2078.75,2.32,0.8,-0.008107,1.4405,0.6,-0.009725,1.5345,0.5,-0.005683,1.4112,0.2,-0.004563,1.4731,-0.011367,1.2353
2017-03-06,2081.36,1.01,1.0,0.000704,1.4415,0.8,0.000859,1.5358,0.5,0.000628,1.4121,0.2,0.000486,1.4738,0.001256,1.2369
2017-03-07,2094.05,-0.83,1.0,0.006097,1.4503,0.9,0.009392,1.5503,1.0,0.002298,1.4154,0.9,0.000323,1.4743,0.006097,1.2444
2017-03-08,2095.41,0.32,0.9,0.000499,1.4511,0.8,0.000798,1.5515,1.0,0.000649,1.4163,0.9,0.001098,1.4759,0.000649,1.2452
2017-03-09,2091.06,-1.05,0.9,-0.001868,1.4483,0.7,-0.003685,1.5458,1.0,-0.002076,1.4133,0.9,-0.003808,1.4703,-0.002076,1.2426
2017-03-10,2097.35,-2.44,0.8,0.002557,1.4521,0.6,0.003856,1.5517,1.0,0.003008,1.4176,0.9,0.005343,1.4782,0.003008,1.2464
2017-03-13,2117.59,-3.05,0.7,0.00757,1.463,0.4,0.010933,1.5687,1.0,0.00965,1.4313,0.9,0.017299,1.5038,0.00965,1.2584
2017-03-14,2133.78,-2.06,0.5,0.005052,1.4704,0.2,0.005485,1.5773,0.5,0.006895,1.4411,0.2,0.01159,1.5212,0.007645,1.268
2017-03-15,2133.0,-2.0,0.4,-0.000333,1.4699,0.2,-0.000162,1.577,0.5,-0.000183,1.4409,0.2,-0.000162,1.5209,-0.000366,1.2676
2017-03-16,2150.08,-2.68,0.3,0.003053,1.4744,0.0,0.002587,1.5811,0.5,0.004004,1.4466,0.2,0.003187,1.5258,0.008008,1.2777
2017-03-17,2164.58,-0.86,0.2,0.001873,1.4772,0.0,0.0,1.5811,0.5,0.003372,1.4515,0.2,0.002682,1.5299,0.006744,1.2863
2017-03-20,2157.01,-2.69,0.3,-0.000849,1.4759,0.0,0.0,1.5811,0.5,-0.001749,1.449,0.2,-0.001415,1.5277,-0.003497,1.2818
2017-03-21,2178.38,-3.35,0.3,0.002972,1.4803,0.0,0.0,1.5811,0.3,0.004654,1.4557,0.0,0.003347,1.5328,0.009907,1.2945
2017-03-22,2168.3,-3.74,0.2,-0.001538,1.4781,0.0,0.0,1.5811,0.3,-0.001388,1.4537,0.0,0.0,1.5328,-0.004627,1.2885
2017-03-23,2172.72,-3.21,0.2,0.000408,1.4787,0.0,0.0,1.5811,0.3,0.000612,1.4546,0.0,0.0,1.5328,0.002038,1.2912
2017-03-24,2168.95,-5.22,0.1,-0.000497,1.4779,0.0,0.0,1.5811,0.3,-0.000521,1.4538,0.0,0.0,1.5328,-0.001735,1.2889
2017-03-27,2155.66,-0.63,0.0,-0.000763,1.4768,0.0,0.0,1.5811,0.3,-0.001838,1.4512,0.0,0.0,1.5328,-0.006127,1.281
2017-03-28,2163.31,-2.2,0.1,-0.00015,1.4766,0.1,-0.0003,1.5806,0.1,0.000765,1.4523,0.1,-0.0003,1.5324,0.003549,1.2856
2017-03-29,2166.98,-2.27,0.2,2e-05,1.4766,0.1,0.000331,1.5812,0.1,0.00017,1.4525,0.1,0.000331,1.5329,0.001696,1.2877
2017-03-30,2164.64,-2.35,0.2,-0.000216,1.4763,0.1,-0.000224,1.5808,0.1,-0.000108,1.4524,0.1,-0.000224,1.5325,-0.00108,1.2864
2017-03-31,2160.23,-1.93,0.3,-0.000557,1.4755,0.1,-0.000415,1.5802,0.1,-0.000204,1.4521,0.1,-0.000415,1.5319,-0.002037,1.2837
2017-04-03,2167.51,-0.63,0.3,0.001011,1.4769,0.1,0.000666,1.5812,0.1,0.000337,1.4526,0.1,0.000666,1.5329,0.00337,1.2881
2017-04-04,2161.1,-3.07,0.3,-0.000887,1.4756,0.1,-0.000599,1.5803,0.3,-0.000596,1.4517,0.1,-0.000599,1.532,-0.002957,1.2843
2017-04-05,2160.85,-0.38,0.3,-3.5e-05,1.4756,0.1,-3.1e-05,1.5802,0.3,-3.5e-05,1.4516,0.1,-3.1e-05,1.5319,-0.000116,1.2841
2017-04-06,2152.75,-0.02,0.4,-0.001275,1.4737,0.1,-0.000758,1.579,0.3,-0.001125,1.45,0.1,-0.000758,1.5308,-0.003749,1.2793
2017-04-07,2151.73,-0.29,0.5,-0.00034,1.4732,0.2,-0.000403,1.5784,0.3,-0.000142,1.4498,0.1,-0.000103,1.5306,-0.000474,1.2787
2017-04-10,2133.32,-1.41,0.6,-0.004428,1.4667,0.3,-0.003738,1.5725,0.3,-0.002567,1.4461,0.1,-0.001719,1.528,-0.008556,1.2677
2017-04-11,2123.85,-4.7,0.6,-0.002663,1.4628,0.3,-0.002687,1.5683,0.6,-0.001782,1.4435,0.3,-0.001496,1.5257,-0.004439,1.2621
2017-04-12,2128.91,0.97,0.6,0.001429,1.4649,0.3,0.001406,1.5705,0.6,0.001429,1.4456,0.3,0.001406,1.5279,0.002382,1.2651
2017-04-13,2148.61,-0.82,0.6,0.005552,1.473,0.4,0.005228,1.5787,0.6,0.005552,1.4536,0.3,0.005528,1.5363,0.009254,1.2768
2017-04-14,2134.88,0.26,0.6,-0.003834,1.4674,0.3,-0.005444,1.5701,0.6,-0.003834,1.448,0.3,-0.003858,1.5304,-0.00639,1.2687
2017-04-17,2145.76,2.71,0.6,0.003058,1.4718,0.3,0.003034,1.5748,0.6,0.003058,1.4524,0.3,0.003034,1.535,0.005096,1.2751
2017-04-18,2148.46,2.49,0.7,0.000605,1.4727,0.5,0.000131,1.575,0.7,0.000605,1.4533,0.5,0.000131,1.5352,0.001258,1.2767
2017-04-19,2138.4,2.19,0.9,-0.003578,1.4675,0.7,-0.005322,1.5667,0.7,-0.003278,1.4486,0.5,-0.004722,1.528,-0.004682,1.2708
2017-04-20,2149.15,3.61,0.9,0.004524,1.4741,0.8,0.006682,1.5771,0.7,0.003519,1.4537,0.5,0.004987,1.5356,0.005027,1.2772
2017-04-21,2165.04,2.53,1.0,0.006504,1.4837,0.9,0.011466,1.5952,0.7,0.005176,1.4612,0.5,0.007354,1.5469,0.007394,1.2866
2017-04-24,2173.74,5.05,1.0,0.004018,1.4897,1.0,0.006862,1.6062,0.7,0.002813,1.4653,0.5,0.003979,1.553,0.004018,1.2918
2017-04-25,2196.85,2.97,1.0,0.010631,1.5055,1.0,0.021184,1.6402,1.0,0.006992,1.4755,1.0,0.009092,1.5672,0.010631,1.3055
2017-04-26,2207.84,4.9,1.0,0.005003,1.513,1.0,0.009926,1.6565,1.0,0.005003,1.4829,1.0,0.009926,1.5827,0.005003,1.312
2017-04-27,2209.46,5.0,1.0,0.000734,1.5141,1.0,0.001388,1.6588,1.0,0.000734,1.484,1.0,0.001388,1.5849,0.000734,1.313
2017-04-28,2205.44,5.49,1.0,-0.001819,1.5114,1.0,-0.003718,1.6526,1.0,-0.001819,1.4813,1.0,-0.003718,1.579,-0.001819,1.3106
2017-05-02,2219.67,7.79,1.0,0.006452,1.5211,1.0,0.012825,1.6738,1.0,0.006452,1.4909,1.0,0.012825,1.5993,0.006452,1.3191
2017-05-04,2241.24,6.92,1.0,0.009718,1.5359,1.0,0.019356,1.7062,1.0,0.009718,1.5053,1.0,0.019356,1.6302,0.009718,1.3319
2017-05-08,2292.76,3.86,1.0,0.022987,1.5712,1.0,0.045895,1.7845,1.0,0.022987,1.54,1.0,0.045895,1.705,0.022987,1.3625
2017-05-10,2270.12,3.51,1.0,-0.009875,1.5557,1.0,-0.019828,1.7491,1.0,-0.009875,1.5247,1.0,-0.019828,1.6712,-0.009875,1.349
2017-05-11,2296.37,3.87,1.0,0.011563,1.5737,1.0,0.023047,1.7894,1.0,0.011563,1.5424,1.0,0.023047,1.7097,0.011563,1.3646
2017-05-12,2286.02,4.2,1.0,-0.004507,1.5666,1.0,-0.009094,1.7732,1.0,-0.004507,1.5354,1.0,-0.009094,1.6942,-0.004507,1.3585
2017-05-15,2290.65,3.42,1.0,0.002025,1.5698,1.0,0.003971,1.7802,1.0,0.002025,1.5385,1.0,0.003971,1.7009,0.002025,1.3612
2017-05-16,2295.33,4.39,1.0,0.002043,1.573,1.0,0.004007,1.7873,1.0,0.002043,1.5417,1.0,0.004007,1.7077,0.002043,1.364
2017-05-17,2293.08,6.36,1.0,-0.00098,1.5714,1.0,-0.00204,1.7837,1.0,-0.00098,1.5402,1.0,-0.00204,1.7043,-0.00098,1.3627
2017-05-18,2286.82,3.71,1.0,-0.00273,1.5671,1.0,-0.005539,1.7738,1.0,-0.00273,1.536,1.0,-0.005539,1.6948,-0.00273,1.359
2017-05-19,2288.48,2.62,1.0,0.000726,1.5683,1.0,0.001372,1.7762,1.0,0.000726,1.5371,1.0,0.001372,1.6971,0.000726,1.3599
2017-05-22,2304.03,4.56,1.0,0.006795,1.5789,1.0,0.01351,1.8002,1.0,0.006795,1.5475,1.0,0.01351,1.7201,0.006795,1.3692
2017-05-23,2311.74,1.89,1.0,0.003346,1.5842,1.0,0.006613,1.8121,1.0,0.003346,1.5527,1.0,0.006613,1.7315,0.003346,1.3738
2017-05-24,2317.34,1.46,1.0,0.002422,1.5881,1.0,0.004765,1.8208,1.0,0.002422,1.5565,1.0,0.004765,1.7397,0.002422,1.3771
2017-05-25,2342.93,1.03,1.0,0.011043,1.6056,1.0,0.022006,1.8608,1.0,0.011043,1.5737,1.0,0.022006,1.778,0.011043,1.3923
2017-05-26,2355.3,-0.4,1.0,0.00528,1.6141,0.9,0.01018,1.8798,1.0,0.00528,1.582,1.0,0.01048,1.7966,0.00528,1.3997
2017-05-29,2352.97,2.34,1.0,-0.000989,1.6125,0.8,-0.002152,1.8757,1.0,-0.000989,1.5804,1.0,-0.002058,1.7929,-0.000989,1.3983
2017-05-30,2343.68,1.59,1.0,-0.003948,1.6061,0.8,-0.006381,1.8638,1.0,-0.003948,1.5742,0.8,-0.008576,1.7775,-0.003948,1.3928
2017-05-31,2347.38,1.54,1.0,0.001579,1.6086,0.8,0.002462,1.8684,1.0,0.001579,1.5766,0.8,0.002462,1.7819,0.001579,1.3949
2017-06-01,2344.61,1.79,1.0,-0.00118,1.6067,0.8,-0.001952,1.8647,1.0,-0.00118,1.5748,0.8,-0.001952,1.7784,-0.00118,1.3933
2017-06-02,2371.72,0.78,1.0,0.011563,1.6253,0.9,0.018137,1.8985,1.0,0.011563,1.593,0.8,0.018437,1.8112,0.011563,1.4094
2017-06-05,2368.62,1.54,1.0,-0.001307,1.6232,0.9,-0.002424,1.8939,1.0,-0.001307,1.5909,0.8,-0.002155,1.8073,-0.001307,1.4076
2017-06-07,2360.14,2.5,1.0,-0.00358,1.6174,0.9,-0.006516,1.8816,1.0,-0.00358,1.5852,0.8,-0.005792,1.7969,-0.00358,1.4025
2017-06-08,2363.57,-0.4,1.0,0.001453,1.6197,0.9,0.002545,1.8864,1.0,0.001453,1.5875,0.8,0.002262,1.8009,0.001453,1.4046
2017-06-09,2381.69,-1.92,1.0,0.007666,1.6322,0.8,0.013428,1.9117,1.0,0.007666,1.5997,0.8,0.012203,1.8229,0.007666,1.4153
2017-06-12,2357.87,-0.57,0.8,-0.010301,1.6153,0.6,-0.016666,1.8799,1.0,-0.010001,1.5837,0.8,-0.016066,1.7936,-0.010001,1.4012
2017-06-13,2374.7,-2.14,0.8,0.00571,1.6246,0.5,0.008218,1.8953,0.8,0.006838,1.5945,0.5,0.010457,1.8124,0.007138,1.4112
2017-06-14,2372.64,-1.04,0.6,-0.000994,1.623,0.3,-0.001507,1.8924,0.8,-0.000694,1.5934,0.5,-0.000907,1.8107,-0.000867,1.41
2017-06-15,2361.65,0.19,0.5,-0.002929,1.6182,0.2,-0.003103,1.8866,0.8,-0.003706,1.5875,0.5,-0.004672,1.8023,-0.004632,1.4034
2017-06-16,2361.83,-2.56,0.6,-0.000112,1.618,0.2,1.5e-05,1.8866,0.8,6.1e-05,1.5876,0.5,3.7e-05,1.8023,7.6e-05,1.4035
2017-06-19,2370.9,-0.72,0.5,0.002154,1.6215,0.2,0.00152,1.8895,0.8,0.003072,1.5925,0.5,0.003801,1.8092,0.00384,1.4089
2017-06-20,2369.23,-1.89,0.5,-0.000352,1.6209,0.2,-0.000298,1.8889,0.5,-0.001013,1.5909,0.2,-0.001644,1.8062,-0.000704,1.4079
2017-06-21,2357.53,-3.59,0.5,-0.002469,1.6169,0.2,-0.001991,1.8851,0.5,-0.002469,1.5869,0.2,-0.001991,1.8026,-0.004938,1.401
2017-06-22,2370.37,-5.0,0.4,0.002573,1.6211,0.2,0.002163,1.8892,0.5,0.002723,1.5913,0.2,0.002163,1.8065,0.005446,1.4086
2017-06-23,2378.6,-4.73,0.2,0.001089,1.6229,0.1,0.001073,1.8913,0.5,0.001736,1.594,0.2,0.001373,1.809,0.003472,1.4135
2017-06-26,2388.66,-4.61,0.2,0.000846,1.6242,0.1,0.000838,1.8928,0.5,0.002115,1.5974,0.2,0.001676,1.812,0.004229,1.4195
2017-06-27,2391.95,-5.7,0.1,0.000125,1.6244,0.0,-3.2e-05,1.8928,0.1,8.9e-05,1.5975,0.0,-6.5e-05,1.8119,0.001377,1.4214
2017-06-28,2382.56,-3.96,0.0,-0.000543,1.6236,0.0,0.0,1.8928,0.1,-0.000393,1.5969,0.0,0.0,1.8119,-0.003926,1.4159
2017-06-29,2395.66,-3.95,0.0,0.0,1.6236,0.0,0.0,1.8928,0.1,0.00055,1.5978,0.0,0.0,1.8119,0.005498,1.4236
2017-06-30,2391.79,-2.86,0.0,0.0,1.6236,0.0,0.0,1.8928,0.1,-0.000162,1.5975,0.0,0.0,1.8119,-0.001615,1.4213
2017-07-03,2394.48,-6.31,0.0,0.0,1.6236,0.0,0.0,1.8928,0.1,0.000112,1.5977,0.0,0.0,1.8119,0.001125,1.4229
2017-07-04,2380.52,-6.76,0.0,0.0,1.6236,0.0,0.0,1.8928,0.0,-0.000733,1.5965,0.0,0.0,1.8119,-0.00583,1.4146
2017-07-05,2388.35,-5.13,0.0,0.0,1.6236,0.0,0.0,1.8928,0.0,0.0,1.5965,0.0,0.0,1.8119,0.003289,1.4193
2017-07-06,2387.81,-4.95,0.0,0.0,1.6236,0.0,0.0,1.8928,0.0,0.0,1.5965,0.0,0.0,1.8119,-0.000226,1.419
2017-07-07,2379.87,-6.29,0.0,0.0,1.6236,0.0,0.0,1.8928,0.0,0.0,1.5965,0.0,0.0,1.8119,-0.003325,1.4143
2017-07-10,2382.1,-6.17,0.0,0.0,1.6236,0.0,0.0,1.8928,0.0,0.0,1.5965,0.0,0.0,1.8119,0.000937,1.4156
2017-07-11,2396.0,-6.06,0.0,0.0,1.6236,0.0,0.0,1.8928,0.0,0.0,1.5965,0.0,0.0,1.8119,0.005835,1.4238
2017-07-12,2391.77,-7.04,0.0,0.0,1.6236,0.0,0.0,1.8928,0.0,0.0,1.5965,0.0,0.0,1.8119,-0.001765,1.4213
2017-07-13,2409.49,-6.24,0.0,0.0,1.6236,0.0,0.0,1.8928,0.0,0.0,1.5965,0.0,0.0,1.8119,0.007409,1.4319
2017-07-14,2414.63,-6.86,0.0,0.0,1.6236,0.0,0.0,1.8928,0.0,0.0,1.5965,0.0,0.0,1.8119,0.002133,1.4349
2017-07-17,2425.1,-4.86,0.0,0.0,1.6236,0.0,0.0,1.8928,0.0,0.0,1.5965,0.0,0.0,1.8119,0.004336,1.4411
2017-07-18,2426.04,-5.18,0.0,0.0,1.6236,0.0,0.0,1.8928,0.0,0.0,1.5965,0.0,0.0,1.8119,0.000388,1.4417
2017-07-19,2429.94,-6.5,0.0,0.0,1.6236,0.0,0.0,1.8928,0.0,0.0,1.5965,0.0,0.0,1.8119,0.001608,1.444
2017-07-20,2441.84,-4.33,0.0,0.0,1.6236,0.0,0.0,1.8928,0.0,0.0,1.5965,0.0,0.0,1.8119,0.004897,1.4511
2017-07-21,2450.06,-4.26,0.0,0.0,1.6236,0.0,0.0,1.8928,0.0,0.0,1.5965,0.0,0.0,1.8119,0.003366,1.456
2017-07-24,2451.53,-4.9,0.0,0.0,1.6236,0.0,0.0,1.8928,0.0,0.0,1.5965,0.0,0.0,1.8119,0.0006,1.4568
2017-07-25,2439.9,-4.04,0.0,0.0,1.6236,0.0,0.0,1.8928,0.0,0.0,1.5965,0.0,0.0,1.8119,-0.004744,1.4499
2017-07-26,2434.51,-3.48,0.0,0.0,1.6236,0.0,0.0,1.8928,0.0,0.0,1.5965,0.0,0.0,1.8119,-0.002209,1.4467
2017-07-27,2443.24,-1.3,0.0,0.0,1.6236,0.0,0.0,1.8928,0.0,0.0,1.5965,0.0,0.0,1.8119,0.003586,1.4519
2017-07-28,2400.99,-1.33,0.1,-0.00015,1.6233,0.0,0.0,1.8928,0.0,0.0,1.5965,0.0,0.0,1.8119,-0.017293,1.4268
2017-07-31,2402.71,-1.83,0.2,-7.8e-05,1.6232,0.0,0.0,1.8928,0.0,0.0,1.5965,0.0,0.0,1.8119,0.000716,1.4278
2017-08-01,2422.96,-2.1,0.3,0.001536,1.6257,0.0,0.0,1.8928,0.3,-0.00045,1.5958,0.0,0.0,1.8119,0.008428,1.4399
2017-08-02,2427.63,-3.79,0.3,0.000578,1.6266,0.0,0.0,1.8928,0.3,0.000578,1.5967,0.0,0.0,1.8119,0.001927,1.4426
2017-08-03,2386.85,-1.34,0.3,-0.005039,1.6184,0.0,0.0,1.8928,0.3,-0.005039,1.5887,0.0,0.0,1.8119,-0.016798,1.4184
2017-08-04,2395.45,-1.71,0.3,0.001081,1.6202,0.0,0.0,1.8928,0.3,0.001081,1.5904,0.0,0.0,1.8119,0.003603,1.4235
2017-08-07,2398.75,-4.56,0.3,0.000413,1.6208,0.0,0.0,1.8928,0.3,0.000413,1.5911,0.0,0.0,1.8119,0.001378,1.4255
2017-08-08,2394.73,-4.05,0.2,-0.000653,1.6198,0.0,0.0,1.8928,0.2,-0.000653,1.59,0.0,0.0,1.8119,-0.001676,1.4231
2017-08-09,2368.39,-1.48,0.2,-0.0022,1.6162,0.0,0.0,1.8928,0.2,-0.0022,1.5865,0.0,0.0,1.8119,-0.010999,1.4074
2017-08-10,2359.47,-2.04,0.3,-0.000903,1.6148,0.0,0.0,1.8928,0.2,-0.000753,1.5853,0.0,0.0,1.8119,-0.003766,1.4021
2017-08-11,2319.71,-0.48,0.2,-0.005205,1.6063,0.0,0.0,1.8928,0.2,-0.00337,1.58,0.0,0.0,1.8119,-0.016851,1.3785
2017-08-14,2334.22,-1.57,0.3,0.001101,1.6081,0.1,-0.0003,1.8922,0.2,0.001251,1.582,0.0,0.0,1.8119,0.006255,1.3871
2017-08-16,2348.26,0.11,0.4,0.001654,1.6108,0.1,0.001195,1.8945,0.2,0.001203,1.5839,0.0,0.0,1.8119,0.006015,1.3955
2017-08-17,2361.67,0.52,0.6,0.001984,1.614,0.2,0.000834,1.896,0.2,0.001142,1.5857,0.0,0.0,1.8119,0.005711,1.4034
2017-08-18,2358.37,-0.3,0.7,-0.000988,1.6124,0.3,-0.000875,1.8944,0.2,-0.000279,1.5852,0.0,0.0,1.8119,-0.001397,1.4015
2017-08-21,2355.0,3.7,0.8,-0.00115,1.6105,0.4,-0.001181,1.8922,0.2,-0.000286,1.5848,0.0,0.0,1.8119,-0.001429,1.3995
2017-08-22,2365.33,0.71,0.8,0.003509,1.6162,0.5,0.003177,1.8982,0.8,-2.3e-05,1.5847,0.5,-0.0015,1.8092,0.004386,1.4056
2017-08-23,2366.4,-0.24,0.9,0.000212,1.6165,0.7,-0.000187,1.8978,0.8,0.000362,1.5853,0.5,0.000413,1.8099,0.000452,1.4063
2017-08-24,2375.84,1.07,0.9,0.00359,1.6223,0.6,0.005229,1.9077,0.8,0.003191,1.5904,0.5,0.003949,1.8171,0.003989,1.4119
2017-08-25,2378.51,0.2,0.9,0.001011,1.624,0.7,0.001001,1.9096,0.8,0.000899,1.5918,0.5,0.001084,1.8191,0.001124,1.4134
2017-08-28,2370.3,-0.73,1.0,-0.003257,1.6187,0.7,-0.004888,1.9003,0.8,-0.002761,1.5874,0.5,-0.003491,1.8127,-0.003452,1.4086
2017-08-29,2364.74,-1.04,0.9,-0.002496,1.6146,0.6,-0.00364,1.8934,0.9,-0.002027,1.5842,0.6,-0.002685,1.8078,-0.002346,1.4053
2017-08-30,2372.29,-0.69,0.8,0.002723,1.619,0.5,0.003484,1.9,0.9,0.002873,1.5887,0.6,0.003784,1.8147,0.003193,1.4098
2017-08-31,2363.19,-0.21,0.8,-0.003069,1.6141,0.4,-0.004176,1.8921,0.9,-0.003452,1.5833,0.6,-0.004651,1.8062,-0.003836,1.4043
2017-09-01,2357.69,-1.05,0.8,-0.001862,1.6111,0.4,-0.001894,1.8885,0.9,-0.002095,1.5799,0.6,-0.00284,1.8011,-0.002327,1.4011
2017-09-04,2329.65,-2.05,0.7,-0.009664,1.5955,0.3,-0.009846,1.8699,0.9,-0.010704,1.563,0.6,-0.014319,1.7753,-0.011893,1.3844
2017-09-05,2326.62,0.18,0.6,-0.00106,1.5938,0.2,-0.001104,1.8678,0.6,-0.001621,1.5605,0.2,-0.002808,1.7703,-0.001301,1.3826
2017-09-06,2319.82,-0.18,0.7,-0.001904,1.5908,0.3,-0.001485,1.865,0.6,-0.001754,1.5578,0.2,-0.001185,1.7682,-0.002923,1.3786
2017-09-07,2346.19,-1.7,0.7,0.007957,1.6034,0.3,0.006797,1.8777,0.6,0.00682,1.5684,0.2,0.004531,1.7762,0.011367,1.3942
2017-09-08,2343.72,-1.47,0.6,-0.000887,1.602,0.2,-0.000955,1.8759,0.6,-0.000632,1.5674,0.2,-0.000437,1.7755,-0.001053,1.3928
2017-09-11,2359.08,-0.29,0.6,0.003932,1.6083,0.2,0.002606,1.8808,0.6,0.003932,1.5736,0.2,0.002606,1.7801,0.006554,1.4019
2017-09-12,2365.47,-1.89,0.7,0.001475,1.6107,0.3,0.000768,1.8823,0.7,0.001475,1.5759,0.3,0.000768,1.7815,0.002709,1.4057
2017-09-13,2360.18,1.68,0.6,-0.001715,1.6079,0.2,-0.001666,1.8791,0.7,-0.001565,1.5734,0.3,-0.001366,1.779,-0.002236,1.4026
2017-09-14,2377.66,-0.24,0.6,0.004444,1.6151,0.3,0.002647,1.8841,0.7,0.005184,1.5816,0.3,0.00442,1.7869,0.007406,1.4129
2017-09-15,2386.07,-0.72,0.7,0.001972,1.6182,0.4,0.001798,1.8875,0.7,0.002476,1.5855,0.3,0.002098,1.7906,0.003537,1.4179
2017-09-18,2418.21,2.18,0.7,0.009429,1.6335,0.4,0.010744,1.9078,0.7,0.009429,1.6004,0.3,0.008058,1.8051,0.01347,1.437
2017-09-19,2416.05,0.69,0.8,-0.000775,1.6322,0.5,-0.001046,1.9058,0.8,-0.000775,1.5992,0.5,-0.00116,1.803,-0.000893,1.4358
2017-09-20,2412.2,0.34,0.9,-0.001425,1.6299,0.7,-0.002233,1.9015,0.8,-0.001275,1.5972,0.5,-0.001633,1.8,-0.001594,1.4335
2017-09-21,2406.5,0.72,0.9,-0.002127,1.6264,0.6,-0.003664,1.8945,0.8,-0.00189,1.5941,0.5,-0.002403,1.7957,-0.002363,1.4301
2017-09-22,2388.71,1.83,0.9,-0.006653,1.6156,0.7,-0.009219,1.8771,0.8,-0.005914,1.5847,0.5,-0.007432,1.7824,-0.007392,1.4195
2017-09-25,2380.4,0.51,1.0,-0.003281,1.6103,0.8,-0.005226,1.8673,0.8,-0.002783,1.5803,0.5,-0.003519,1.7761,-0.003479,1.4146
2017-09-26,2374.32,0.95,1.0,-0.002554,1.6062,0.7,-0.00445,1.859,1.0,-0.002343,1.5766,0.7,-0.003194,1.7704,-0.002554,1.411
2017-09-27,2372.57,1.66,1.0,-0.000737,1.605,0.8,-0.001387,1.8564,1.0,-0.000737,1.5754,0.7,-0.001087,1.7685,-0.000737,1.4099
2017-09-28,2373.14,2.54,1.0,0.00024,1.6054,0.8,0.000321,1.857,1.0,0.00024,1.5758,0.7,0.000281,1.769,0.00024,1.4103
2017-09-29,2394.47,2.31,1.0,0.008988,1.6198,0.9,0.014017,1.883,1.0,0.008988,1.59,0.7,0.012528,1.7912,0.008988,1.4229
2017-10-10,2433.81,2.39,1.0,0.01643,1.6464,0.9,0.029502,1.9386,1.0,0.01643,1.6161,0.9,0.022346,1.8312,0.01643,1.4463
2017-10-11,2458.16,0.37,1.0,0.010005,1.6629,1.0,0.017637,1.9727,1.0,0.010005,1.6323,0.9,0.017937,1.864,0.010005,1.4608
2017-10-12,2474.76,2.49,1.0,0.006753,1.6741,0.9,0.013127,1.9986,1.0,0.006753,1.6433,0.9,0.012084,1.8865,0.006753,1.4706
2017-10-13,2473.62,1.84,1.0,-0.000461,1.6734,0.9,-0.000901,1.9968,1.0,-0.000461,1.6425,0.9,-0.000901,1.8848,-0.000461,1.47
2017-10-16,2480.05,5.41,1.0,0.002599,1.6777,0.9,0.004608,2.006,1.0,0.002599,1.6468,0.9,0.004608,1.8935,0.002599,1.4738
2017-10-17,2484.37,3.64,1.0,0.001742,1.6806,0.9,0.003064,2.0122,1.0,0.001742,1.6497,0.9,0.003064,1.8993,0.001742,1.4764
2017-10-18,2482.91,1.82,1.0,-0.000588,1.6797,0.9,-0.001129,2.0099,1.0,-0.000588,1.6487,0.9,-0.001129,1.8972,-0.000588,1.4755
2017-10-19,2473.06,5.79,1.0,-0.003967,1.673,1.0,-0.007512,1.9948,1.0,-0.003967,1.6422,0.9,-0.007212,1.8835,-0.003967,1.4696
2017-10-20,2489.54,3.16,1.0,0.006664,1.6841,1.0,0.013248,2.0212,1.0,0.006664,1.6531,0.9,0.011923,1.906,0.006664,1.4794
2017-10-23,2490.05,1.38,1.0,0.000205,1.6845,1.0,0.00033,2.0219,1.0,0.000205,1.6534,0.9,0.000297,1.9065,0.000205,1.4797
2017-10-24,2490.49,-0.14,1.0,0.000177,1.6848,1.0,0.000274,2.0225,1.0,0.000177,1.6537,1.0,-5.3e-05,1.9064,0.000177,1.48
2017-10-25,2492.5,-0.99,1.0,0.000807,1.6861,0.9,0.001235,2.025,1.0,0.000807,1.6551,1.0,0.001535,1.9094,0.000807,1.4812
2017-10-26,2480.63,0.38,0.9,-0.004912,1.6779,0.7,-0.009244,2.0062,1.0,-0.004762,1.6472,1.0,-0.009604,1.891,-0.004762,1.4741
2017-10-27,2496.63,-0.33,0.9,0.005805,1.6876,0.6,0.008674,2.0236,1.0,0.00645,1.6578,1.0,0.012821,1.9153,0.00645,1.4836
2017-10-30,2501.93,0.04,0.9,0.001911,1.6908,0.5,0.0022,2.0281,1.0,0.002123,1.6613,1.0,0.004166,1.9232,0.002123,1.4868
2017-10-31,2523.43,-1.47,0.8,0.007584,1.7037,0.4,0.008254,2.0448,0.8,0.008293,1.6751,0.4,0.015307,1.9527,0.008593,1.4996
2017-11-01,2556.47,0.48,0.8,0.010475,1.7215,0.4,0.010443,2.0662,0.8,0.010475,1.6927,0.4,0.010443,1.9731,0.013093,1.5192
2017-11-02,2546.36,-3.5,0.8,-0.003164,1.7161,0.4,-0.003195,2.0596,0.8,-0.003164,1.6873,0.4,-0.003195,1.9668,-0.003955,1.5132
2017-11-03,2557.97,-2.51,0.6,0.003348,1.7218,0.3,0.003316,2.0664,0.8,0.003648,1.6935,0.4,0.003616,1.9739,0.004559,1.5201
2017-11-06,2549.41,-4.81,0.5,-0.002158,1.7181,0.2,-0.002332,2.0616,0.8,-0.002677,1.6889,0.4,-0.002709,1.9685,-0.003346,1.515
2017-11-07,2545.44,-6.16,0.3,-0.001079,1.7162,0.1,-0.000939,2.0597,0.3,-0.001996,1.6856,0.1,-0.002178,1.9642,-0.001557,1.5126
2017-11-08,2552.4,-5.17,0.2,0.00067,1.7174,0.1,0.000539,2.0608,0.3,0.00082,1.6869,0.1,0.000539,1.9653,0.002734,1.5168
2017-11-09,2550.57,-5.75,0.0,-0.000443,1.7166,0.0,-0.000451,2.0598,0.3,-0.000215,1.6866,0.1,-0.000151,1.965,-0.000717,1.5157
2017-11-10,2542.95,-5.68,0.0,0.0,1.7166,0.0,0.0,2.0598,0.3,-0.000896,1.6851,0.1,-0.000605,1.9638,-0.002988,1.5112
2017-11-13,2530.35,-6.19,0.0,0.0,1.7166,0.0,0.0,2.0598,0.3,-0.001486,1.6826,0.1,-0.000999,1.9619,-0.004955,1.5037
2017-11-14,2526.64,-6.53,0.0,0.0,1.7166,0.0,0.0,2.0598,0.0,-0.00089,1.6811,0.0,-0.000601,1.9607,-0.001466,1.5015
2017-11-15,2518.25,-6.22,0.0,0.0,1.7166,0.0,0.0,2.0598,0.0,0.0,1.6811,0.0,0.0,1.9607,-0.003321,1.4965
2017-11-16,2534.79,-6.18,0.0,0.0,1.7166,0.0,0.0,2.0598,0.0,0.0,1.6811,0.0,0.0,1.9607,0.006568,1.5063
2017-11-17,2533.99,-4.95,0.0,0.0,1.7166,0.0,0.0,2.0598,0.0,0.0,1.6811,0.0,0.0,1.9607,-0.000316,1.5058
2017-11-20,2527.67,-3.9,0.0,0.0,1.7166,0.0,0.0,2.0598,0.0,0.0,1.6811,0.0,0.0,1.9607,-0.002494,1.5021
2017-11-21,2530.7,-2.9,0.0,0.0,1.7166,0.0,0.0,2.0598,0.0,0.0,1.6811,0.0,0.0,1.9607,0.001199,1.5039
2017-11-22,2540.51,-1.73,0.0,0.0,1.7166,0.0,0.0,2.0598,0.0,0.0,1.6811,0.0,0.0,1.9607,0.003876,1.5097
2017-11-23,2537.15,-3.74,0.1,-0.00015,1.7164,0.0,0.0,2.0598,0.0,0.0,1.6811,0.0,0.0,1.9607,-0.001323,1.5077
2017-11-24,2544.33,-5.52,0.1,0.000283,1.7168,0.0,0.0,2.0598,0.0,0.0,1.6811,0.0,0.0,1.9607,0.00283,1.512
2017-11-27,2507.81,-6.33,0.1,-0.001435,1.7144,0.0,0.0,2.0598,0.0,0.0,1.6811,0.0,0.0,1.9607,-0.014353,1.4903
2017-11-28,2514.19,-7.24,0.1,0.000254,1.7148,0.0,0.0,2.0598,0.1,-0.00015,1.6808,0.0,0.0,1.9607,0.002544,1.4941
2017-11-29,2512.9,-5.06,0.1,-5.1e-05,1.7147,0.0,0.0,2.0598,0.1,-5.1e-05,1.6807,0.0,0.0,1.9607,-0.000513,1.4933
2017-11-30,2476.37,-4.56,0.0,-0.001604,1.712,0.0,0.0,2.0598,0.1,-0.001454,1.6783,0.0,0.0,1.9607,-0.014537,1.4716
2017-12-01,2475.41,-5.95,0.0,0.0,1.712,0.0,0.0,2.0598,0.1,-3.9e-05,1.6782,0.0,0.0,1.9607,-0.000388,1.471
2017-12-04,2501.67,-4.86,0.0,0.0,1.712,0.0,0.0,2.0598,0.1,0.001061,1.68,0.0,0.0,1.9607,0.010608,1.4866
2017-12-05,2510.12,-4.14,0.0,0.0,1.712,0.0,0.0,2.0598,0.0,0.000188,1.6803,0.0,0.0,1.9607,0.003378,1.4917
2017-12-06,2474.37,-4.13,0.0,0.0,1.712,0.0,0.0,2.0598,0.0,0.0,1.6803,0.0,0.0,1.9607,-0.014242,1.4704
2017-12-07,2461.98,-5.33,0.0,0.0,1.712,0.0,0.0,2.0598,0.0,0.0,1.6803,0.0,0.0,1.9607,-0.005007,1.4631
2017-12-08,2464.0,-5.35,0.0,0.0,1.712,0.0,0.0,2.0598,0.0,0.0,1.6803,0.0,0.0,1.9607,0.00082,1.4643
2017-12-11,2471.49,-4.68,0.0,0.0,1.712,0.0,0.0,2.0598,0.0,0.0,1.6803,0.0,0.0,1.9607,0.00304,1.4687
2017-12-12,2461.0,-2.73,0.0,0.0,1.712,0.0,0.0,2.0598,0.0,0.0,1.6803,0.0,0.0,1.9607,-0.004244,1.4625
2017-12-13,2480.55,-4.53,0.0,0.0,1.712,0.0,0.0,2.0598,0.0,0.0,1.6803,0.0,0.0,1.9607,0.007944,1.4741
2017-12-14,2469.48,-5.13,0.0,0.0,1.712,0.0,0.0,2.0598,0.0,0.0,1.6803,0.0,0.0,1.9607,-0.004463,1.4675
2017-12-15,2482.07,-3.94,0.0,0.0,1.712,0.0,0.0,2.0598,0.0,0.0,1.6803,0.0,0.0,1.9607,0.005098,1.475
2017-12-18,2481.88,-3.13,0.0,0.0,1.712,0.0,0.0,2.0598,0.0,0.0,1.6803,0.0,0.0,1.9607,-7.7e-05,1.4749
2017-12-19,2478.53,-2.07,0.0,0.0,1.712,0.0,0.0,2.0598,0.0,0.0,1.6803,0.0,0.0,1.9607,-0.00135,1.4729
2017-12-20,2472.37,-1.17,0.1,-0.00015,1.7117,0.0,0.0,2.0598,0.0,0.0,1.6803,0.0,0.0,1.9607,-0.002485,1.4692
2017-12-21,2429.83,-0.68,0.2,-0.001871,1.7085,0.0,0.0,2.0598,0.0,0.0,1.6803,0.0,0.0,1.9607,-0.017206,1.4439
2017-12-22,2440.54,-1.39,0.3,0.000732,1.7098,0.1,-0.0003,2.0592,0.0,0.0,1.6803,0.0,0.0,1.9607,0.004408,1.4503
2017-12-26,2427.34,0.44,0.4,-0.001773,1.7067,0.1,-0.00109,2.057,0.4,-0.0006,1.6793,0.1,-0.0003,1.9601,-0.005409,1.4425
2017-12-27,2436.67,0.89,0.6,0.001237,1.7089,0.2,0.000461,2.0579,0.4,0.001537,1.6819,0.1,0.000761,1.9616,0.003844,1.448
2017-12-28,2467.49,2.5,0.7,0.007439,1.7216,0.4,0.004443,2.0671,0.4,0.005059,1.6904,0.1,0.002522,1.9665,0.012648,1.4663
2018-01-02,2479.65,4.12,0.8,0.0033,1.7272,0.6,0.003311,2.0739,0.8,0.001371,1.6927,0.6,-0.000522,1.9655,0.004928,1.4736
2018-01-03,2486.35,5.22,0.9,0.002012,1.7307,0.7,0.002895,2.0799,0.8,0.002162,1.6964,0.6,0.003195,1.9718,0.002702,1.4775
2018-01-04,2466.46,4.52,1.0,-0.00735,1.718,0.9,-0.011855,2.0553,0.8,-0.0064,1.6855,0.6,-0.009647,1.9528,-0.008,1.4657
2018-01-05,2497.52,6.61,1.0,0.012593,1.7396,1.0,0.022296,2.1011,0.8,0.010074,1.7025,0.6,0.015064,1.9822,0.012593,1.4842
2018-01-08,2513.28,2.21,1.0,0.00631,1.7506,1.0,0.012541,2.1274,0.8,0.005048,1.7111,0.6,0.007525,1.9971,0.00631,1.4935
2018-01-09,2510.23,1.91,1.0,-0.001214,1.7485,1.0,-0.002506,2.1221,1.0,-0.001271,1.7089,1.0,-0.002704,1.9917,-0.001214,1.4917
2018-01-10,2499.75,-0.86,1.0,-0.004175,1.7412,1.0,-0.008429,2.1042,1.0,-0.004175,1.7018,1.0,-0.008429,1.9749,-0.004175,1.4855
2018-01-11,2487.91,-0.51,0.9,-0.004886,1.7327,0.8,-0.010152,2.0829,1.0,-0.004736,1.6937,1.0,-0.009552,1.956,-0.004736,1.4785
2018-01-12,2496.42,-2.0,0.9,0.003078,1.738,0.7,0.005109,2.0935,1.0,0.003421,1.6995,1.0,0.006762,1.9693,0.003421,1.4835
2018-01-15,2503.73,0.19,0.7,0.002335,1.7421,0.5,0.003444,2.1007,1.0,0.002928,1.7045,1.0,0.005777,1.9806,0.002928,1.4879
2018-01-16,2521.74,-1.79,0.7,0.005035,1.7508,0.4,0.006854,2.1151,0.7,0.006743,1.716,0.4,0.012507,2.0054,0.007193,1.4986
2018-01-17,2515.43,0.05,0.6,-0.001902,1.7475,0.2,-0.002634,2.1095,0.7,-0.001752,1.713,0.4,-0.002034,2.0013,-0.002502,1.4948
2018-01-18,2515.81,-4.68,0.7,-5.9e-05,1.7474,0.3,-0.000255,2.109,0.7,0.000106,1.7132,0.4,8.9e-05,2.0015,0.000151,1.495
2018-01-19,2520.26,-1.45,0.5,0.000938,1.749,0.2,0.000737,2.1106,0.7,0.001238,1.7153,0.4,0.001383,2.0043,0.001769,1.4977
2018-01-22,2502.11,0.17,0.5,-0.003601,1.7428,0.2,-0.002897,2.1044,0.7,-0.005041,1.7066,0.4,-0.005793,1.9927,-0.007202,1.4869
2018-01-23,2536.6,-4.63,0.5,0.006892,1.7548,0.2,0.005498,2.116,0.5,0.009349,1.7226,0.2,0.010396,2.0134,0.013784,1.5074
2018-01-24,2538.0,-2.95,0.5,0.000276,1.7552,0.2,0.000205,2.1164,0.5,0.000276,1.7231,0.2,0.000205,2.0138,0.000552,1.5082
2018-01-25,2562.23,-1.48,0.3,0.004473,1.7631,0.1,0.003503,2.1239,0.5,0.004773,1.7313,0.2,0.003803,2.0215,0.009547,1.5226
2018-01-26,2574.76,-0.01,0.4,0.001317,1.7654,0.1,0.00097,2.1259,0.5,0.002445,1.7355,0.2,0.00194,2.0254,0.00489,1.5301
2018-01-29,2598.19,-0.05,0.5,0.00349,1.7716,0.2,0.001512,2.1291,0.5,0.00455,1.7434,0.2,0.003624,2.0327,0.0091,1.544
2018-01-30,2567.74,2.02,0.5,-0.00586,1.7612,0.2,-0.004704,2.1191,0.5,-0.00586,1.7332,0.2,-0.004704,2.0232,-0.01172,1.5259
2018-01-31,2566.46,4.7,0.7,-0.000549,1.7602,0.4,-0.000815,2.1174,0.5,-0.000249,1.7328,0.2,-0.000215,2.0227,-0.000498,1.5251
2018-02-01,2568.54,2.42,0.8,0.000417,1.761,0.6,1.7e-05,2.1174,0.5,0.000405,1.7335,0.2,0.000308,2.0233,0.00081,1.5264
2018-02-02,2525.39,2.55,1.0,-0.01374,1.7368,0.8,-0.020807,2.0734,0.5,-0.0084,1.7189,0.2,-0.006736,2.0097,-0.016799,1.5007
2018-02-05,2491.75,1.42,1.0,-0.013321,1.7136,0.9,-0.021677,2.0284,0.5,-0.00666,1.7075,0.2,-0.005344,1.999,-0.013321,1.4807
2018-02-06,2453.31,2.76,1.0,-0.015427,1.6872,1.0,-0.02814,1.9713,1.0,-0.008463,1.693,1.0,-0.008587,1.9818,-0.015427,1.4579
2018-02-07,2396.56,3.92,1.0,-0.023132,1.6482,1.0,-0.046343,1.88,1.0,-0.023132,1.6538,1.0,-0.046343,1.89,-0.023132,1.4242
2018-02-08,2407.62,3.97,1.0,0.004615,1.6558,1.0,0.009151,1.8972,1.0,0.004615,1.6615,1.0,0.009151,1.9073,0.004615,1.4307
2018-02-09,2363.77,5.35,1.0,-0.018213,1.6256,1.0,-0.036505,1.8279,1.0,-0.018213,1.6312,1.0,-0.036505,1.8376,-0.018213,1.4047
2018-02-12,2385.38,4.96,1.0,0.009142,1.6405,1.0,0.018205,1.8612,1.0,0.009142,1.6461,1.0,0.018205,1.8711,0.009142,1.4175
2018-02-13,2395.19,4.76,1.0,0.004113,1.6472,1.0,0.008146,1.8764,1.0,0.004113,1.6529,1.0,0.008146,1.8863,0.004113,1.4234
2018-02-14,2421.83,4.43,1.0,0.011122,1.6656,1.0,0.022165,1.918,1.0,0.011122,1.6713,1.0,0.022165,1.9281,0.011122,1.4392
2018-02-19,2442.82,2.14,1.0,0.008667,1.68,1.0,0.017255,1.9511,1.0,0.008667,1.6858,1.0,0.017255,1.9614,0.008667,1.4517
2018-02-20,2415.12,0.82,1.0,-0.011339,1.6609,1.0,-0.022758,1.9067,1.0,-0.011339,1.6667,1.0,-0.022758,1.9168,-0.011339,1.4352
2018-02-21,2429.65,2.6,1.0,0.006016,1.6709,0.9,0.011653,1.9289,1.0,0.006016,1.6767,1.0,0.011953,1.9397,0.006016,1.4438
2018-02-22,2414.28,4.81,1.0,-0.006326,1.6604,0.9,-0.011458,1.9068,1.0,-0.006326,1.6661,1.0,-0.012731,1.915,-0.006326,1.4347
2018-02-23,2451.52,-0.11,1.0,0.015425,1.686,0.9,0.027693,1.9596,1.0,0.015425,1.6918,1.0,0.03077,1.9739,0.015425,1.4568
2018-02-26,2457.65,-0.46,1.0,0.0025,1.6902,0.8,0.004129,1.9677,1.0,0.0025,1.696,1.0,0.004922,1.9836,0.0025,1.4605
2018-02-27,2456.14,-3.29,0.9,-0.000764,1.6889,0.7,-0.001347,1.965,0.9,-0.000764,1.6947,0.7,-0.002208,1.9792,-0.000614,1.4596
2018-02-28,2427.36,-3.31,0.7,-0.010846,1.6706,0.6,-0.01676,1.9321,0.9,-0.010546,1.6768,0.7,-0.01646,1.9467,-0.011718,1.4425
2018-03-02,2402.16,-0.69,0.5,-0.007567,1.6579,0.4,-0.013106,1.9068,0.9,-0.009343,1.6612,0.7,-0.01459,1.9183,-0.010382,1.4275
2018-03-05,2375.06,-0.39,0.5,-0.005641,1.6486,0.2,-0.009657,1.8883,0.9,-0.010153,1.6443,0.7,-0.01585,1.8879,-0.011282,1.4114
2018-03-06,2411.41,0.88,0.4,0.007502,1.661,0.2,0.006106,1.8999,0.4,0.013024,1.6657,0.2,0.019871,1.9254,0.015305,1.433
2018-03-07,2401.82,1.52,0.5,-0.001741,1.6581,0.3,-0.001907,1.8963,0.4,-0.001591,1.6631,0.2,-0.001607,1.9223,-0.003977,1.4273
2018-03-08,2433.08,-0.83,0.7,0.006208,1.6684,0.5,0.007185,1.9099,0.4,0.005206,1.6717,0.2,0.00519,1.9323,0.013015,1.4459
2018-03-09,2459.45,-2.17,0.8,0.007437,1.6808,0.5,0.010798,1.9305,0.4,0.004335,1.679,0.2,0.004319,1.9406,0.010838,1.4615
2018-03-12,2484.12,-0.7,0.7,0.007875,1.694,0.5,0.009991,1.9498,0.4,0.004012,1.6857,0.2,0.003996,1.9484,0.010031,1.4762
2018-03-13,2494.49,-1.41,0.7,0.002922,1.6989,0.5,0.004135,1.9579,0.7,0.00122,1.6878,0.5,0.000754,1.9498,0.004175,1.4824
2018-03-14,2486.08,-1.29,0.6,-0.00251,1.6947,0.3,-0.004011,1.95,0.7,-0.00236,1.6838,0.5,-0.003411,1.9432,-0.003371,1.4774
2018-03-15,2492.38,1.07,0.5,0.00137,1.697,0.1,0.000897,1.9517,0.7,0.001774,1.6868,0.5,0.002494,1.948,0.002534,1.4811
2018-03-16,2493.97,0.82,0.6,0.000169,1.6973,0.3,-0.00048,1.9508,0.7,0.000447,1.6875,0.5,0.000598,1.9492,0.000638,1.4821
2018-03-19,2475.03,2.78,0.7,-0.004707,1.6893,0.4,-0.00488,1.9413,0.7,-0.005316,1.6786,0.5,-0.007634,1.9343,-0.007594,1.4708
2018-03-20,2485.52,-0.58,0.8,0.002817,1.6941,0.6,0.002759,1.9466,0.8,0.002817,1.6833,0.6,0.003899,1.9419,0.004238,1.477
2018-03-21,2484.97,-1.62,0.8,-0.000177,1.6938,0.6,-0.000313,1.946,0.8,-0.000177,1.683,0.6,-0.000313,1.9412,-0.000221,1.4767
2018-03-22,2496.02,-0.71,0.8,0.003557,1.6998,0.6,0.005288,1.9563,0.8,0.003557,1.689,0.6,0.005288,1.9515,0.004447,1.4833
2018-03-23,2416.76,3.14,0.8,-0.025404,1.6566,0.5,-0.038453,1.8811,0.8,-0.025404,1.6461,0.6,-0.038153,1.8771,-0.031755,1.4362
2018-03-26,2437.08,3.86,0.8,0.006726,1.6677,0.5,0.008368,1.8968,0.8,0.006726,1.6571,0.6,0.010042,1.8959,0.008408,1.4483
2018-03-27,2452.06,1.68,0.8,0.004917,1.6759,0.5,0.006107,1.9084,0.8,0.004917,1.6653,0.5,0.007028,1.9092,0.006147,1.4572
2018-03-28,2419.29,3.96,0.8,-0.010691,1.658,0.7,-0.014004,1.8817,0.8,-0.010691,1.6475,0.5,-0.013404,1.8836,-0.013364,1.4377
2018-03-29,2436.37,3.05,0.9,0.005498,1.6671,0.9,0.009228,1.8991,0.8,0.005648,1.6568,0.5,0.00702,1.8969,0.00706,1.4478
2018-03-30,2445.85,1.64,1.0,0.003352,1.6727,1.0,0.006632,1.9117,0.8,0.003113,1.6619,0.5,0.003851,1.9042,0.003891,1.4535
2018-04-02,2444.16,3.37,1.0,-0.000691,1.6716,1.0,-0.001461,1.9089,0.8,-0.000553,1.661,0.5,-0.000731,1.9028,-0.000691,1.4525
2018-04-03,2442.43,-0.53,1.0,-0.000708,1.6704,1.0,-0.001495,1.906,1.0,-0.000866,1.6596,1.0,-0.002247,1.8985,-0.000708,1.4514
2018-04-04,2408.06,2.33,0.9,-0.014222,1.6466,0.9,-0.028523,1.8516,1.0,-0.014072,1.6362,1.0,-0.028223,1.8449,-0.014072,1.431
2018-04-05,2437.52,-0.58,0.9,0.011011,1.6648,0.9,0.02195,1.8923,1.0,0.012234,1.6563,1.0,0.024388,1.8899,0.012234,1.4485
2018-04-06,2429.58,-1.11,0.9,-0.002932,1.6599,0.7,-0.006535,1.8799,1.0,-0.003257,1.6509,1.0,-0.006594,1.8775,-0.003257,1.4438
2018-04-09,2444.08,-4.37,0.8,0.005221,1.6686,0.6,0.008,1.895,1.0,0.005968,1.6607,1.0,0.011857,1.8997,0.005968,1.4524
2018-04-10,2450.74,-4.72,0.6,0.00188,1.6717,0.4,0.002622,1.8999,0.6,0.002125,1.6642,0.4,0.003571,1.9065,0.002725,1.4564
2018-04-11,2444.22,-6.04,0.5,-0.001746,1.6688,0.3,-0.00246,1.8953,0.6,-0.001596,1.6616,0.4,-0.00216,1.9024,-0.00266,1.4525
2018-04-12,2442.71,-4.12,0.3,-0.000609,1.6678,0.1,-0.000994,1.8934,0.6,-0.000371,1.661,0.4,-0.000526,1.9014,-0.000618,1.4516
2018-04-13,2455.07,-3.41,0.1,0.001218,1.6698,0.0,0.000704,1.8947,0.6,0.003036,1.666,0.4,0.004016,1.909,0.00506,1.4589
2018-04-16,2457.49,-1.31,0.0,-5.1e-05,1.6697,0.0,0.0,1.8947,0.6,0.000591,1.667,0.4,0.000757,1.9105,0.000986,1.4604
2018-04-17,2453.77,-2.48,0.1,-0.00015,1.6695,0.0,0.0,1.8947,0.1,-0.001658,1.6642,0.0,-0.002443,1.9058,-0.001514,1.4582
2018-04-18,2479.98,-2.4,0.1,0.001068,1.6712,0.0,0.0,1.8947,0.1,0.001068,1.666,0.0,0.0,1.9058,0.010682,1.4737
2018-04-19,2486.1,-2.76,0.2,9.7e-05,1.6714,0.0,0.0,1.8947,0.1,0.000247,1.6664,0.0,0.0,1.9058,0.002468,1.4774
2018-04-20,2476.33,-5.02,0.2,-0.000786,1.6701,0.0,0.0,1.8947,0.1,-0.000393,1.6658,0.0,0.0,1.9058,-0.00393,1.4716
2018-04-23,2474.11,-5.63,0.2,-0.000179,1.6698,0.0,0.0,1.8947,0.1,-9e-05,1.6656,0.0,0.0,1.9058,-0.000896,1.4703
2018-04-24,2464.14,-3.94,0.1,-0.000956,1.6682,0.0,0.0,1.8947,0.1,-0.000403,1.6649,0.0,0.0,1.9058,-0.00403,1.4643
2018-04-25,2448.81,-1.58,0.1,-0.000622,1.6672,0.0,0.0,1.8947,0.1,-0.000622,1.6639,0.0,0.0,1.9058,-0.006221,1.4552
2018-04-26,2475.64,-2.4,0.1,0.001096,1.669,0.0,0.0,1.8947,0.1,0.001096,1.6657,0.0,0.0,1.9058,0.010956,1.4712
2018-04-27,2492.4,-3.3,0.1,0.000677,1.6701,0.0,0.0,1.8947,0.1,0.000677,1.6669,0.0,0.0,1.9058,0.00677,1.4811
2018-04-30,2515.38,-4.74,0.1,0.000922,1.6716,0.0,0.0,1.8947,0.1,0.000922,1.6684,0.0,0.0,1.9058,0.00922,1.4948
2018-05-02,2505.61,-4.55,0.1,-0.000388,1.671,0.0,0.0,1.8947,0.1,-0.000388,1.6677,0.0,0.0,1.9058,-0.003884,1.489
2018-05-03,2487.25,-6.46,0.1,-0.000733,1.6698,0.0,0.0,1.8947,0.1,-0.000733,1.6665,0.0,0.0,1.9058,-0.007328,1.4781
2018-05-04,2461.38,-5.41,0.0,-0.00119,1.6678,0.0,0.0,1.8947,0.1,-0.00104,1.6648,0.0,0.0,1.9058,-0.010401,1.4627
2018-05-08,2449.81,-5.7,0.0,0.0,1.6678,0.0,0.0,1.8947,0.0,-0.00062,1.6638,0.0,0.0,1.9058,-0.004701,1.4558
2018-05-09,2443.98,-7.37,0.0,0.0,1.6678,0.0,0.0,1.8947,0.0,0.0,1.6638,0.0,0.0,1.9058,-0.00238,1.4524
2018-05-10,2464.16,-7.25,0.0,0.0,1.6678,0.0,0.0,1.8947,0.0,0.0,1.6638,0.0,0.0,1.9058,0.008257,1.4643
2018-05-11,2477.71,-6.96,0.0,0.0,1.6678,0.0,0.0,1.8947,0.0,0.0,1.6638,0.0,0.0,1.9058,0.005499,1.4724
2018-05-14,2476.11,-6.0,0.0,0.0,1.6678,0.0,0.0,1.8947,0.0,0.0,1.6638,0.0,0.0,1.9058,-0.000646,1.4714
2018-05-15,2458.54,-6.01,0.0,0.0,1.6678,0.0,0.0,1.8947,0.0,0.0,1.6638,0.0,0.0,1.9058,-0.007096,1.461
2018-05-16,2459.82,-6.38,0.0,0.0,1.6678,0.0,0.0,1.8947,0.0,0.0,1.6638,0.0,0.0,1.9058,0.000521,1.4618
2018-05-17,2448.45,-4.75,0.0,0.0,1.6678,0.0,0.0,1.8947,0.0,0.0,1.6638,0.0,0.0,1.9058,-0.004622,1.455
2018-05-18,2460.65,-5.65,0.0,0.0,1.6678,0.0,0.0,1.8947,0.0,0.0,1.6638,0.0,0.0,1.9058,0.004983,1.4623
2018-05-21,2465.57,-6.23,0.0,0.0,1.6678,0.0,0.0,1.8947,0.0,0.0,1.6638,0.0,0.0,1.9058,0.001999,1.4652
2018-05-23,2471.91,-5.9,0.0,0.0,1.6678,0.0,0.0,1.8947,0.0,0.0,1.6638,0.0,0.0,1.9058,0.002571,1.469
2018-05-24,2466.01,-6.27,0.0,0.0,1.6678,0.0,0.0,1.8947,0.0,0.0,1.6638,0.0,0.0,1.9058,-0.002387,1.4654
2018-05-25,2460.8,-4.53,0.0,0.0,1.6678,0.0,0.0,1.8947,0.0,0.0,1.6638,0.0,0.0,1.9058,-0.002113,1.4624
2018-05-28,2478.96,-4.46,0.0,0.0,1.6678,0.0,0.0,1.8947,0.0,0.0,1.6638,0.0,0.0,1.9058,0.00738,1.4731
2018-05-29,2457.25,-5.03,0.0,0.0,1.6678,0.0,0.0,1.8947,0.0,0.0,1.6638,0.0,0.0,1.9058,-0.008758,1.4602
2018-05-30,2409.03,-4.43,0.0,0.0,1.6678,0.0,0.0,1.8947,0.0,0.0,1.6638,0.0,0.0,1.9058,-0.019624,1.4316
2018-05-31,2423.01,0.14,0.0,0.0,1.6678,0.0,0.0,1.8947,0.0,0.0,1.6638,0.0,0.0,1.9058,0.005803,1.4399
2018-06-01,2438.96,-1.31,0.2,-0.0003,1.6673,0.1,-0.0003,1.8941,0.0,0.0,1.6638,0.0,0.0,1.9058,0.006583,1.4494
2018-06-04,2447.76,-2.08,0.3,0.000572,1.6682,0.1,0.000714,1.8955,0.0,0.0,1.6638,0.0,0.0,1.9058,0.003608,1.4546
2018-06-05,2453.76,-2.82,0.3,0.000735,1.6695,0.1,0.000482,1.8964,0.3,-0.00045,1.663,0.1,-0.0003,1.9052,0.002451,1.4582
2018-06-07,2470.58,-4.26,0.4,0.001906,1.6726,0.1,0.001363,1.899,0.3,0.002056,1.6664,0.1,0.001363,1.9078,0.006855,1.4682
2018-06-08,2451.58,-3.45,0.4,-0.003076,1.6675,0.1,-0.001546,1.8961,0.3,-0.002307,1.6626,0.1,-0.001546,1.9049,-0.007691,1.4569
2018-06-11,2470.15,-4.53,0.2,0.00273,1.6721,0.0,0.001207,1.8983,0.3,0.002272,1.6664,0.1,0.001507,1.9077,0.007575,1.4679
2018-06-12,2468.83,-5.95,0.1,-0.000257,1.6716,0.0,0.0,1.8983,0.1,-0.00046,1.6656,0.0,-0.000415,1.9069,-0.000534,1.4671
2018-06-14,2423.48,-1.55,0.0,-0.001987,1.6683,0.0,0.0,1.8983,0.1,-0.001837,1.6625,0.0,0.0,1.9069,-0.018369,1.4402
2018-06-15,2404.04,-3.99,0.1,-0.00015,1.6681,0.0,0.0,1.8983,0.1,-0.000802,1.6612,0.0,0.0,1.9069,-0.008022,1.4286
2018-06-18,2376.24,-3.79,0.1,-0.001156,1.6661,0.0,0.0,1.8983,0.1,-0.001156,1.6593,0.0,0.0,1.9069,-0.011564,1.4121
2018-06-19,2340.11,-0.91,0.1,-0.00152,1.6636,0.0,0.0,1.8983,0.1,-0.00152,1.6568,0.0,0.0,1.9069,-0.015205,1.3906
2018-06-20,2363.91,-3.16,0.2,0.000867,1.665,0.1,-0.0003,1.8978,0.1,0.001017,1.6584,0.0,0.0,1.9069,0.01017,1.4048
2018-06-21,2337.83,-3.22,0.2,-0.002207,1.6614,0.1,-0.002214,1.8936,0.1,-0.001103,1.6566,0.0,0.0,1.9069,-0.011033,1.3893
2018-06-22,2357.22,-2.03,0.1,0.001509,1.6639,0.0,0.001351,1.8961,0.1,0.000829,1.658,0.0,0.0,1.9069,0.008294,1.4008
2018-06-25,2357.88,-1.73,0.2,-0.000122,1.6637,0.0,0.0,1.8961,0.1,2.8e-05,1.658,0.0,0.0,1.9069,0.00028,1.4012
2018-06-26,2350.92,-0.96,0.3,-0.00074,1.6624,0.0,0.0,1.8961,0.3,-0.000595,1.657,0.0,0.0,1.9069,-0.002952,1.3971
2018-06-27,2342.03,-1.57,0.3,-0.001134,1.6605,0.0,0.0,1.8961,0.3,-0.001134,1.6552,0.0,0.0,1.9069,-0.003781,1.3918
2018-06-28,2314.24,1.74,0.3,-0.00356,1.6546,0.0,0.0,1.8961,0.3,-0.00356,1.6493,0.0,0.0,1.9069,-0.011866,1.3753
2018-06-29,2326.13,-2.4,0.5,0.001241,1.6567,0.2,-0.0006,1.895,0.3,0.001541,1.6518,0.0,0.0,1.9069,0.005138,1.3823
2018-07-02,2271.54,-0.88,0.5,-0.011734,1.6372,0.2,-0.009403,1.8772,0.3,-0.00704,1.6402,0.0,0.0,1.9069,-0.023468,1.3499
2018-07-03,2272.76,-0.52,0.6,0.000119,1.6374,0.3,-0.000101,1.877,0.6,-0.000289,1.6397,0.3,-0.0009,1.9052,0.000537,1.3506
2018-07-04,2265.46,1.13,0.6,-0.001927,1.6343,0.3,-0.001951,1.8733,0.6,-0.001927,1.6366,0.3,-0.001951,1.9015,-0.003212,1.3463
2018-07-05,2257.55,2.53,0.7,-0.002245,1.6306,0.5,-0.002719,1.8682,0.6,-0.002095,1.6331,0.3,-0.002119,1.8975,-0.003492,1.3416
2018-07-06,2272.87,0.48,0.7,0.00475,1.6384,0.5,0.006746,1.8808,0.6,0.004072,1.6398,0.3,0.004048,1.9052,0.006786,1.3507
2018-07-09,2285.8,1.49,0.9,0.003682,1.6444,0.6,0.005349,1.8909,0.6,0.003413,1.6454,0.3,0.003389,1.9116,0.005689,1.3584
2018-07-10,2294.16,0.5,0.9,0.003292,1.6498,0.8,0.003741,1.898,0.9,0.001744,1.6482,0.8,0.000671,1.9129,0.003657,1.3633
2018-07-11,2280.62,-1.55,1.0,-0.005462,1.6408,0.8,-0.009507,1.8799,0.9,-0.005312,1.6395,0.8,-0.009507,1.8947,-0.005902,1.3553
2018-07-12,2285.06,-1.2,0.9,0.001797,1.6437,0.7,0.002751,1.8851,0.9,0.001752,1.6424,0.8,0.003051,1.9005,0.001947,1.3579
2018-07-13,2310.9,-2.43,0.8,0.010027,1.6602,0.5,0.015176,1.9137,0.9,0.010177,1.6591,0.8,0.01803,1.9348,0.011308,1.3733
2018-07-16,2301.99,0.09,0.6,-0.003385,1.6546,0.4,-0.004195,1.9057,0.9,-0.00347,1.6533,0.8,-0.006233,1.9227,-0.003856,1.368
2018-07-17,2297.92,-0.81,0.6,-0.001061,1.6529,0.3,-0.001746,1.9023,0.6,-0.002041,1.6499,0.3,-0.004392,1.9143,-0.001768,1.3656
2018-07-18,2290.11,-3.21,0.5,-0.002189,1.6492,0.2,-0.002363,1.8979,0.6,-0.002039,1.6466,0.3,-0.002063,1.9103,-0.003399,1.3609
2018-07-19,2282.29,-2.4,0.5,-0.001707,1.6464,0.2,-0.001382,1.8952,0.6,-0.002049,1.6432,0.3,-0.002073,1.9064,-0.003415,1.3563
2018-07-20,2289.19,-2.04,0.4,0.001362,1.6487,0.2,0.001193,1.8975,0.6,0.001814,1.6462,0.3,0.00179,1.9098,0.003023,1.3604
2018-07-23,2269.31,-3.67,0.4,-0.003474,1.6429,0.2,-0.00349,1.8909,0.6,-0.005211,1.6376,0.3,-0.005234,1.8998,-0.008684,1.3486
2018-07-24,2280.2,-2.86,0.2,0.00162,1.6456,0.1,0.001604,1.8939,0.2,0.002279,1.6413,0.1,0.002255,1.9041,0.004799,1.355
2018-07-25,2273.03,-2.4,0.1,-0.000779,1.6443,0.0,-0.000937,1.8921,0.2,-0.000629,1.6403,0.1,-0.000637,1.9028,-0.003144,1.3508
2018-07-26,2289.06,-1.84,0.1,0.000705,1.6455,0.0,0.0,1.8921,0.2,0.00141,1.6426,0.1,0.001403,1.9055,0.007052,1.3603
2018-07-27,2294.99,-1.23,0.2,0.000109,1.6457,0.0,0.0,1.8921,0.2,0.000518,1.6435,0.1,0.00051,1.9065,0.002591,1.3638
2018-07-30,2293.51,1.33,0.2,-0.000129,1.6454,0.0,0.0,1.8921,0.2,-0.000129,1.6433,0.1,-0.000137,1.9062,-0.000645,1.3629
2018-07-31,2295.26,5.35,0.4,-0.000147,1.6452,0.2,-0.0006,1.891,0.4,-0.000147,1.643,0.2,-0.000155,1.9059,0.000763,1.364
2018-08-01,2307.07,1.89,0.6,0.001758,1.6481,0.4,0.001442,1.8937,0.4,0.002058,1.6464,0.2,0.002042,1.9098,0.005145,1.371
2018-08-02,2270.2,2.33,0.8,-0.009889,1.6318,0.6,-0.013417,1.8683,0.4,-0.006393,1.6359,0.2,-0.006408,1.8976,-0.015981,1.3491
2018-08-03,2287.68,-0.71,0.9,0.00601,1.6416,0.8,0.008592,1.8844,0.4,0.00308,1.6409,0.2,0.003064,1.9034,0.0077,1.3595
2018-08-06,2286.5,2.34,0.9,-0.000464,1.6408,0.8,-0.000889,1.8827,0.4,-0.000206,1.6406,0.2,-0.000222,1.903,-0.000516,1.3588
2018-08-07,2300.16,-2.88,0.9,0.005377,1.6497,0.9,0.009195,1.9,0.9,0.00164,1.6433,0.9,0.000274,1.9035,0.005974,1.3669
2018-08-08,2301.45,-1.56,0.7,0.000205,1.65,0.7,0.000338,1.9006,0.9,0.000505,1.6441,0.9,0.000938,1.9053,0.000561,1.3677
2018-08-09,2303.71,-2.65,0.6,0.000537,1.6509,0.5,0.000719,1.902,0.9,0.000884,1.6455,0.9,0.001696,1.9085,0.000982,1.369
2018-08-10,2282.79,-4.07,0.5,-0.005599,1.6416,0.3,-0.009721,1.8835,0.9,-0.008173,1.6321,0.9,-0.016417,1.8772,-0.009081,1.3566
2018-08-13,2248.45,-1.71,0.3,-0.007821,1.6288,0.2,-0.00935,1.8659,0.9,-0.013539,1.61,0.9,-0.027149,1.8262,-0.015043,1.3362
2018-08-14,2258.91,-1.5,0.2,0.001246,1.6308,0.0,0.001245,1.8682,0.2,0.003137,1.6151,0.0,0.005602,1.8364,0.004652,1.3424
2018-08-16,2240.8,0.78,0.3,-0.001753,1.628,0.0,0.0,1.8682,0.2,-0.001603,1.6125,0.0,0.0,1.8364,-0.008017,1.3316
2018-08-17,2247.05,-2.03,0.4,0.000687,1.6291,0.2,-0.0006,1.8671,0.2,0.000558,1.6134,0.0,0.0,1.8364,0.002789,1.3353
2018-08-20,2247.88,0.53,0.4,0.000148,1.6293,0.2,0.000132,1.8674,0.2,7.4e-05,1.6135,0.0,0.0,1.8364,0.000369,1.3358
2018-08-21,2270.06,-0.61,0.6,0.003647,1.6353,0.3,0.003631,1.8741,0.6,0.001373,1.6157,0.3,-0.0009,1.8348,0.009867,1.349
2018-08-22,2273.33,-1.53,0.7,0.000714,1.6364,0.4,0.00054,1.8752,0.6,0.000864,1.6171,0.3,0.00084,1.8363,0.00144,1.3509
2018-08-23,2282.6,-1.88,0.7,0.002854,1.6411,0.4,0.00323,1.8812,0.6,0.002447,1.6211,0.3,0.002423,1.8408,0.004078,1.3565
2018-08-24,2293.21,-2.19,0.6,0.003104,1.6462,0.2,0.003087,1.887,0.6,0.002789,1.6256,0.3,0.002765,1.8459,0.004648,1.3628
2018-08-27,2299.3,-2.7,0.5,0.001443,1.6486,0.2,0.001046,1.889,0.6,0.001593,1.6282,0.3,0.00157,1.8488,0.002656,1.3664
2018-08-28,2303.12,0.26,0.4,0.000681,1.6497,0.1,0.000349,1.8897,0.4,0.000697,1.6293,0.1,0.000373,1.8495,0.001661,1.3686
2018-08-29,2309.03,-0.38,0.4,0.001026,1.6514,0.1,0.000505,1.8906,0.4,0.001026,1.631,0.1,0.000505,1.8504,0.002566,1.3722
2018-08-30,2307.35,0.02,0.5,-0.000441,1.6507,0.2,-0.000453,1.8897,0.4,-0.000291,1.6305,0.1,-0.000153,1.8501,-0.000728,1.3712
2018-08-31,2322.88,0.44,0.6,0.003215,1.656,0.3,0.002376,1.8942,0.4,0.002692,1.6349,0.1,0.001338,1.8526,0.006731,1.3804
2018-09-03,2307.03,-3.23,0.8,-0.004394,1.6487,0.4,-0.004418,1.8859,0.4,-0.002729,1.6304,0.1,-0.001373,1.85,-0.006823,1.371
2018-09-04,2315.72,-2.95,0.7,0.002863,1.6534,0.4,0.002982,1.8915,0.7,0.001057,1.6321,0.4,-0.000155,1.8498,0.003767,1.3761
2018-09-05,2291.77,-0.29,0.5,-0.00754,1.641,0.3,-0.008606,1.8752,0.7,-0.00724,1.6203,0.4,-0.008306,1.8344,-0.010342,1.3619
2018-09-06,2287.61,-1.68,0.5,-0.000908,1.6395,0.3,-0.001113,1.8731,0.7,-0.001271,1.6183,0.4,-0.001484,1.8317,-0.001815,1.3594
2018-09-07,2281.58,-1.79,0.4,-0.001468,1.6371,0.2,-0.001905,1.8696,0.7,-0.001845,1.6153,0.4,-0.00214,1.8278,-0.002636,1.3558
2018-09-10,2288.66,-1.18,0.3,0.001091,1.6388,0.1,0.000925,1.8713,0.7,0.002172,1.6188,0.4,0.002451,1.8322,0.003103,1.3601
2018-09-11,2283.2,-1.78,0.4,-0.000866,1.6374,0.1,-0.000485,1.8704,0.4,-0.00212,1.6154,0.1,-0.00284,1.827,-0.002386,1.3568
2018-09-12,2282.92,0.37,0.5,-0.000199,1.6371,0.1,-3.2e-05,1.8703,0.4,-4.9e-05,1.6153,0.1,-3.2e-05,1.827,-0.000123,1.3566
2018-09-13,2286.23,-1.37,0.5,0.000725,1.6383,0.2,-1.8e-05,1.8703,0.4,0.00058,1.6162,0.1,0.000282,1.8275,0.00145,1.3586
2018-09-14,2318.25,-2.85,0.6,0.006853,1.6495,0.2,0.005586,1.8807,0.4,0.005602,1.6253,0.1,0.002793,1.8326,0.014006,1.3776
2018-09-17,2303.01,0.61,0.5,-0.004094,1.6428,0.2,-0.002645,1.8758,0.4,-0.00263,1.621,0.1,-0.001323,1.8302,-0.006574,1.3686
2018-09-18,2308.98,-2.58,0.6,0.001146,1.6446,0.3,0.000721,1.8771,0.6,0.000737,1.6222,0.3,-8.9e-05,1.83,0.002592,1.3721
2018-09-19,2308.46,-3.19,0.5,-0.000285,1.6442,0.3,-0.000159,1.8768,0.6,-0.000135,1.622,0.3,-0.000159,1.8297,-0.000225,1.3718
2018-09-20,2323.45,-0.41,0.3,0.002947,1.649,0.2,0.003572,1.8835,0.6,0.003896,1.6283,0.3,0.003872,1.8368,0.006494,1.3807
2018-09-21,2339.17,-1.38,0.4,0.00188,1.6521,0.2,0.00269,1.8886,0.6,0.004059,1.6349,0.3,0.004036,1.8442,0.006766,1.3901
2018-09-27,2355.43,-0.5,0.5,0.00263,1.6565,0.2,0.002765,1.8938,0.5,0.004021,1.6415,0.2,0.003847,1.8513,0.006951,1.3997
2018-09-28,2343.07,-2.48,0.4,-0.002774,1.6519,0.2,-0.002115,1.8898,0.5,-0.002624,1.6372,0.2,-0.002115,1.8474,-0.005247,1.3924
2018-10-01,2338.88,2.95,0.4,-0.000715,1.6507,0.2,-0.000731,1.8884,0.5,-0.000894,1.6357,0.2,-0.000731,1.846,-0.001788,1.3899
2018-10-02,2309.57,2.83,0.6,-0.005313,1.6419,0.4,-0.005629,1.8778,0.6,-0.006416,1.6252,0.4,-0.005629,1.8356,-0.012532,1.3725
2018-10-04,2274.49,1.02,0.7,-0.009263,1.6267,0.5,-0.012483,1.8544,0.6,-0.009113,1.6104,0.4,-0.012183,1.8133,-0.015189,1.3516
2018-10-05,2267.52,0.35,0.8,-0.002295,1.623,0.6,-0.003404,1.848,0.6,-0.001839,1.6074,0.4,-0.002483,1.8088,-0.003064,1.3475
2018-10-08,2253.83,2.46,0.8,-0.00483,1.6151,0.7,-0.007593,1.834,0.6,-0.003622,1.6016,0.4,-0.004862,1.8,-0.006037,1.3394
2018-10-10,2228.61,-0.09,1.0,-0.009252,1.6002,0.9,-0.016321,1.8041,0.6,-0.006714,1.5909,0.4,-0.008984,1.7838,-0.01119,1.3244
2018-10-11,2129.67,-1.28,1.0,-0.044395,1.5292,0.8,-0.080283,1.6592,0.6,-0.026637,1.5485,0.4,-0.035548,1.7204,-0.044395,1.2656
2018-10-12,2161.85,-2.42,1.0,0.01511,1.5523,0.8,0.024113,1.6992,0.6,0.009066,1.5625,0.4,0.012057,1.7411,0.01511,1.2847
2018-10-15,2145.12,6.24,1.0,-0.007739,1.5402,0.6,-0.013045,1.6771,0.6,-0.004643,1.5553,0.4,-0.006223,1.7303,-0.007739,1.2748
2018-10-16,2145.12,4.95,0.9,-0.00015,1.54,0.5,-0.000348,1.6765,0.9,-0.00045,1.5546,0.5,-0.000332,1.7297,0.0,1.2748
2018-10-17,2167.51,7.75,0.7,0.009094,1.554,0.3,0.009798,1.6929,0.9,0.009394,1.5692,0.5,0.010398,1.7477,0.010438,1.2881
2018-10-18,2148.31,5.51,0.7,-0.006201,1.5444,0.4,-0.005639,1.6834,0.9,-0.007972,1.5567,0.5,-0.008898,1.7322,-0.008858,1.2767
2018-10-19,2156.26,4.4,0.7,0.00259,1.5484,0.4,0.002929,1.6883,0.9,0.003331,1.5619,0.5,0.003661,1.7385,0.003701,1.2814
2018-10-22,2161.71,3.52,0.4,0.001319,1.5504,0.2,0.00139,1.6907,0.9,0.002275,1.5654,0.5,0.002488,1.7428,0.002528,1.2846
2018-10-23,2106.1,3.76,0.4,-0.01029,1.5345,0.2,-0.010306,1.6732,0.4,-0.023903,1.528,0.2,-0.026665,1.6964,-0.025725,1.2516
2018-10-24,2097.58,2.62,0.4,-0.001618,1.532,0.2,-0.001634,1.6705,0.4,-0.001618,1.5255,0.2,-0.001634,1.6936,-0.004045,1.2465
2018-10-25,2063.3,4.94,0.3,-0.006687,1.5217,0.0,-0.007153,1.6585,0.4,-0.006537,1.5155,0.2,-0.006553,1.6825,-0.016343,1.2261
2018-10-26,2027.15,6.1,0.6,-0.005706,1.5131,0.2,-0.0006,1.6576,0.4,-0.007008,1.5049,0.2,-0.007024,1.6707,-0.01752,1.2047
2018-10-29,1996.05,5.26,0.6,-0.009205,1.4991,0.2,-0.006153,1.6474,0.4,-0.006137,1.4957,0.2,-0.006153,1.6604,-0.015342,1.1862
2018-10-30,2014.69,8.06,0.6,0.005603,1.5075,0.2,0.00372,1.6535,0.6,0.003435,1.5008,0.2,0.00372,1.6666,0.009338,1.1972
2018-10-31,2029.69,9.38,0.6,0.004467,1.5143,0.2,0.002962,1.6584,0.6,0.004467,1.5075,0.2,0.002962,1.6715,0.007445,1.2062
2018-11-01,2024.46,9.1,0.6,-0.001546,1.5119,0.2,-0.001047,1.6566,0.6,-0.001546,1.5052,0.2,-0.001047,1.6698,-0.002577,1.2031
2018-11-02,2096.0,9.33,0.6,0.021203,1.544,0.2,0.014119,1.68,0.6,0.021203,1.5371,0.2,0.014119,1.6933,0.035338,1.2456
2018-11-05,2076.92,9.48,0.6,-0.005462,1.5356,0.2,-0.003657,1.6739,0.6,-0.005462,1.5287,0.2,-0.003657,1.6871,-0.009103,1.2342
2018-11-06,2089.62,9.34,0.3,0.003219,1.5405,0.0,0.00183,1.677,0.3,0.003219,1.5336,0.0,0.00183,1.6902,0.006115,1.2418
2018-11-07,2078.69,8.37,0.3,-0.001569,1.5381,0.0,0.0,1.677,0.3,-0.001569,1.5312,0.0,0.0,1.6902,-0.005231,1.2353
2018-11-08,2092.63,8.36,0.3,0.002012,1.5412,0.0,0.0,1.677,0.3,0.002012,1.5343,0.0,0.0,1.6902,0.006706,1.2436
2018-11-09,2086.09,7.39,0.3,-0.000938,1.5397,0.0,0.0,1.677,0.3,-0.000938,1.5329,0.0,0.0,1.6902,-0.003125,1.2397
2018-11-12,2080.44,8.25,0.3,-0.000813,1.5385,0.0,0.0,1.677,0.3,-0.000813,1.5316,0.0,0.0,1.6902,-0.002708,1.2363
2018-11-13,2071.23,6.69,0.3,-0.001328,1.5364,0.0,0.0,1.677,0.3,-0.001328,1.5296,0.0,0.0,1.6902,-0.004427,1.2308
2018-11-14,2068.05,8.29,0.3,-0.000461,1.5357,0.0,0.0,1.677,0.3,-0.000461,1.5289,0.0,0.0,1.6902,-0.001535,1.229
2018-11-15,2088.06,8.07,0.3,0.002903,1.5402,0.0,0.0,1.677,0.3,0.002903,1.5333,0.0,0.0,1.6902,0.009676,1.2408
2018-11-16,2092.4,8.77,0.3,0.000624,1.5411,0.0,0.0,1.677,0.3,0.000624,1.5343,0.0,0.0,1.6902,0.002078,1.2434
2018-11-19,2100.56,8.94,0.3,0.00117,1.5429,0.0,0.0,1.677,0.3,0.00117,1.5361,0.0,0.0,1.6902,0.0039,1.2483
2018-11-20,2082.58,7.47,0.3,-0.002568,1.539,0.0,0.0,1.677,0.3,-0.002568,1.5321,0.0,0.0,1.6902,-0.00856,1.2376
2018-11-21,2076.55,7.74,0.4,-0.001019,1.5374,0.2,-0.0006,1.6759,0.3,-0.000869,1.5308,0.0,0.0,1.6902,-0.002895,1.234
2018-11-22,2069.95,8.98,0.6,-0.001571,1.535,0.4,-0.001887,1.6728,0.3,-0.000954,1.5293,0.0,0.0,1.6902,-0.003178,1.2301
2018-11-23,2057.48,8.77,0.7,-0.003765,1.5292,0.6,-0.005451,1.6637,0.3,-0.001807,1.5266,0.0,0.0,1.6902,-0.006024,1.2227
2018-11-26,2083.02,8.36,0.9,0.008389,1.5421,0.8,0.014248,1.6874,0.3,0.003724,1.5323,0.0,0.0,1.6902,0.012413,1.2379
2018-11-27,2099.42,6.33,1.0,0.006936,1.5527,1.0,0.011934,1.7075,1.0,0.001312,1.5343,1.0,-0.003,1.6852,0.007873,1.2476
2018-11-28,2108.22,5.57,1.0,0.004192,1.5593,1.0,0.008304,1.7217,1.0,0.004192,1.5407,1.0,0.008304,1.6992,0.004192,1.2528
2018-11-29,2114.1,5.39,1.0,0.002789,1.5636,1.0,0.005499,1.7312,1.0,0.002789,1.545,1.0,0.005499,1.7085,0.002789,1.2563
2018-11-30,2096.86,5.86,1.0,-0.008155,1.5509,1.0,-0.016389,1.7028,1.0,-0.008155,1.5324,1.0,-0.016389,1.6805,-0.008155,1.2461
2018-12-03,2131.93,5.8,1.0,0.016725,1.5768,1.0,0.033371,1.7596,1.0,0.016725,1.558,1.0,0.033371,1.7366,0.016725,1.2669
2018-12-04,2114.35,5.07,1.0,-0.008246,1.5638,1.0,-0.016571,1.7304,1.0,-0.008246,1.5452,1.0,-0.016571,1.7078,-0.008246,1.2565
2018-12-05,2101.31,6.51,1.0,-0.006167,1.5541,1.0,-0.012414,1.709,1.0,-0.006167,1.5357,1.0,-0.012414,1.6866,-0.006167,1.2487
2018-12-06,2068.69,5.73,1.0,-0.015524,1.53,1.0,-0.031127,1.6558,1.0,-0.015524,1.5118,1.0,-0.031127,1.6341,-0.015524,1.2293
2018-12-07,2075.76,5.94,1.0,0.003418,1.5352,1.0,0.006756,1.667,1.0,0.003418,1.517,1.0,0.006756,1.6451,0.003418,1.2335
2018-12-10,2053.79,7.04,1.0,-0.010584,1.519,1.0,-0.021248,1.6315,1.0,-0.010584,1.5009,1.0,-0.021248,1.6102,-0.010584,1.2205
2018-12-11,2052.97,4.43,1.0,-0.000399,1.5184,1.0,-0.000878,1.6301,1.0,-0.000399,1.5003,1.0,-0.000878,1.6088,-0.000399,1.22
2018-12-12,2082.57,5.86,1.0,0.014418,1.5403,1.0,0.028757,1.677,1.0,0.014418,1.522,1.0,0.028757,1.655,0.014418,1.2376
2018-12-13,2095.55,6.47,1.0,0.006233,1.5499,1.0,0.012386,1.6978,1.0,0.006233,1.5314,1.0,0.012386,1.6755,0.006233,1.2453
2018-12-14,2069.38,6.25,1.0,-0.012488,1.5305,1.0,-0.025056,1.6552,1.0,-0.012488,1.5123,1.0,-0.025056,1.6336,-0.012488,1.2297
2018-12-17,2071.09,6.29,1.0,0.000826,1.5318,1.0,0.001573,1.6578,1.0,0.000826,1.5136,1.0,0.001573,1.6361,0.000826,1.2308
2018-12-18,2062.11,6.04,1.0,-0.004336,1.5252,1.0,-0.008751,1.6433,1.0,-0.004336,1.507,1.0,-0.008751,1.6218,-0.004336,1.2254
2018-12-19,2078.84,6.55,1.0,0.008113,1.5375,1.0,0.016147,1.6698,1.0,0.008113,1.5192,1.0,0.016147,1.648,0.008113,1.2354
2018-12-20,2060.12,7.19,1.0,-0.009005,1.5237,1.0,-0.018089,1.6396,1.0,-0.009005,1.5056,1.0,-0.018089,1.6182,-0.009005,1.2242
2018-12-21,2061.49,7.17,1.0,0.000665,1.5247,1.0,0.001251,1.6417,1.0,0.000665,1.5066,1.0,0.001251,1.6202,0.000665,1.2251
2018-12-24,2055.01,7.42,1.0,-0.003143,1.5199,1.0,-0.006366,1.6312,1.0,-0.003143,1.5018,1.0,-0.006366,1.6099,-0.003143,1.2212
2018-12-26,2028.01,7.99,1.0,-0.013139,1.4999,1.0,-0.026357,1.5882,1.0,-0.013139,1.4821,1.0,-0.026357,1.5675,-0.013139,1.2052
2018-12-27,2028.44,8.1,1.0,0.000212,1.5002,1.0,0.000345,1.5888,1.0,0.000212,1.4824,1.0,0.000345,1.568,0.000212,1.2054
2018-12-28,2041.04,8.35,1.0,0.006212,1.5096,1.0,0.012344,1.6084,1.0,0.006212,1.4916,1.0,0.012344,1.5874,0.006212,1.2129
2019-01-02,2010.0,8.7,1.0,-0.015208,1.4866,1.0,-0.030495,1.5594,1.0,-0.015208,1.4689,1.0,-0.030495,1.5389,-0.015208,1.1945
2019-01-03,1993.7,8.45,1.0,-0.008109,1.4746,1.0,-0.016298,1.5339,1.0,-0.008109,1.457,1.0,-0.016298,1.5139,-0.008109,1.1848
2019-01-04,2010.25,8.7,1.0,0.008301,1.4868,1.0,0.016523,1.5593,1.0,0.008301,1.4691,1.0,0.016523,1.5389,0.008301,1.1946
2019-01-07,2037.1,8.53,1.0,0.013357,1.5067,1.0,0.026634,1.6008,1.0,0.013357,1.4887,1.0,0.026634,1.5799,0.013357,1.2106
2019-01-08,2025.27,7.53,1.0,-0.005807,1.4979,1.0,-0.011694,1.5821,1.0,-0.005807,1.4801,1.0,-0.011694,1.5614,-0.005807,1.2035
2019-01-09,2064.71,7.27,1.0,0.019474,1.5271,1.0,0.038869,1.6436,1.0,0.019474,1.5089,1.0,0.038869,1.6221,0.019474,1.227
2019-01-10,2063.28,7.9,1.0,-0.000693,1.526,1.0,-0.001465,1.6412,1.0,-0.000693,1.5079,1.0,-0.001465,1.6197,-0.000693,1.2261
2019-01-11,2075.57,6.58,1.0,0.005957,1.5351,1.0,0.011834,1.6606,1.0,0.005957,1.5168,1.0,0.011834,1.6389,0.005957,1.2334
2019-01-14,2064.52,7.77,1.0,-0.005324,1.5269,1.0,-0.010727,1.6428,1.0,-0.005324,1.5088,1.0,-0.010727,1.6213,-0.005324,1.2269
2019-01-15,2097.18,7.42,1.0,0.01582,1.5511,1.0,0.03156,1.6946,1.0,0.01582,1.5326,1.0,0.03156,1.6725,0.01582,1.2463
2019-01-16,2106.1,8.01,1.0,0.004253,1.5577,1.0,0.008427,1.7089,1.0,0.004253,1.5392,1.0,0.008427,1.6866,0.004253,1.2516
2019-01-17,2107.06,6.87,1.0,0.000456,1.5584,1.0,0.000832,1.7103,1.0,0.000456,1.5399,1.0,0.000832,1.688,0.000456,1.2521
2019-01-18,2124.28,5.57,1.0,0.008173,1.5711,1.0,0.016266,1.7382,1.0,0.008173,1.5524,1.0,0.016266,1.7154,0.008173,1.2624
2019-01-21,2124.61,7.82,1.0,0.000155,1.5714,1.0,0.000231,1.7386,1.0,0.000155,1.5527,1.0,0.000231,1.7158,0.000155,1.2626
2019-01-22,2117.77,8.12,1.0,-0.003219,1.5663,1.0,-0.006518,1.7272,1.0,-0.003219,1.5477,1.0,-0.006518,1.7046,-0.003219,1.2585
2019-01-23,2127.78,8.01,1.0,0.004727,1.5737,1.0,0.009374,1.7434,1.0,0.004727,1.555,1.0,0.009374,1.7206,0.004727,1.2645
2019-01-24,2145.03,6.71,1.0,0.008107,1.5865,1.0,0.016135,1.7715,1.0,0.008107,1.5676,1.0,0.016135,1.7484,0.008107,1.2747
2019-01-25,2177.73,5.7,1.0,0.015245,1.6107,1.0,0.03041,1.8254,1.0,0.015245,1.5915,1.0,0.03041,1.8015,0.015245,1.2941
2019-01-28,2177.3,6.2,1.0,-0.000197,1.6103,1.0,-0.000474,1.8246,1.0,-0.000197,1.5912,1.0,-0.000474,1.8007,-0.000197,1.2939
2019-01-29,2183.36,5.57,1.0,0.002783,1.6148,1.0,0.005487,1.8346,1.0,0.002783,1.5956,1.0,0.005487,1.8106,0.002783,1.2975
2019-01-30,2206.2,5.69,1.0,0.010461,1.6317,1.0,0.020843,1.8728,1.0,0.010461,1.6123,1.0,0.020843,1.8483,0.010461,1.3111
2019-01-31,2204.85,9.06,1.0,-0.000612,1.6307,1.0,-0.001303,1.8704,1.0,-0.000612,1.6113,1.0,-0.001303,1.8459,-0.000612,1.3103
2019-02-01,2203.46,8.58,1.0,-0.00063,1.6297,1.0,-0.00134,1.8679,1.0,-0.00063,1.6103,1.0,-0.00134,1.8434,-0.00063,1.3094
2019-02-07,2203.42,6.3,1.0,-1.8e-05,1.6297,1.0,-0.000116,1.8676,1.0,-1.8e-05,1.6103,1.0,-0.000116,1.8432,-1.8e-05,1.3094
2019-02-08,2177.05,2.34,1.0,-0.011968,1.6102,1.0,-0.024015,1.8228,1.0,-0.011968,1.591,1.0,-0.024015,1.7989,-0.011968,1.2937
2019-02-11,2180.73,2.75,1.0,0.00169,1.6129,1.0,0.003301,1.8288,1.0,0.00169,1.5937,1.0,0.003301,1.8049,0.00169,1.2959
2019-02-12,2190.47,-2.39,1.0,0.004466,1.6201,1.0,0.008853,1.845,1.0,0.004466,1.6008,1.0,0.008853,1.8209,0.004466,1.3017
2019-02-13,2201.48,1.32,0.8,0.004726,1.6277,0.8,0.009373,1.8623,1.0,0.005026,1.6089,1.0,0.009973,1.839,0.005026,1.3082
2019-02-14,2225.85,-0.18,0.8,0.008856,1.6422,0.8,0.017648,1.8952,1.0,0.01107,1.6267,1.0,0.02206,1.8796,0.01107,1.3227
2019-02-15,2196.09,-0.33,0.8,-0.010696,1.6246,0.7,-0.021756,1.8539,1.0,-0.01337,1.6049,1.0,-0.02682,1.8292,-0.01337,1.305
2019-02-18,2210.89,-0.58,0.8,0.005391,1.6334,0.5,0.008779,1.8702,1.0,0.006739,1.6157,1.0,0.013399,1.8537,0.006739,1.3138
2019-02-19,2205.63,0.05,0.7,-0.002053,1.63,0.4,-0.002719,1.8651,0.7,-0.002829,1.6112,0.4,-0.006638,1.8414,-0.002379,1.3107
2019-02-20,2229.76,2.2,0.9,0.007358,1.642,0.5,0.00842,1.8808,0.7,0.007658,1.6235,0.4,0.00872,1.8574,0.01094,1.3251
2019-02-21,2228.66,0.77,0.9,-0.000444,1.6413,0.5,-0.000533,1.8798,0.7,-0.000345,1.6229,0.4,-0.000426,1.8566,-0.000493,1.3244
2019-02-22,2230.5,2.44,0.9,0.000743,1.6425,0.6,0.000486,1.8807,0.7,0.000578,1.6239,0.4,0.000629,1.8578,0.000826,1.3255
2019-02-25,2232.56,0.13,0.9,0.000831,1.6439,0.7,0.000761,1.8822,0.7,0.000646,1.6249,0.4,0.000707,1.8591,0.000924,1.3267
2019-02-26,2226.6,-0.67,1.0,-0.002553,1.6397,0.8,-0.004093,1.8745,1.0,-0.002319,1.6212,0.8,-0.003367,1.8529,-0.00267,1.3232
2019-02-27,2234.79,2.22,0.9,0.003528,1.6454,0.7,0.005522,1.8848,1.0,0.003678,1.6271,0.8,0.005822,1.8637,0.003678,1.328
2019-02-28,2195.44,3.45,0.9,-0.015847,1.6194,0.7,-0.024707,1.8382,1.0,-0.017608,1.5985,0.8,-0.028236,1.811,-0.017608,1.3047
2019-03-04,2190.66,0.45,0.9,-0.00196,1.6162,0.8,-0.003404,1.832,1.0,-0.002177,1.595,0.8,-0.003547,1.8046,-0.002177,1.3018
2019-03-05,2179.23,0.31,0.9,-0.004696,1.6086,0.7,-0.008712,1.816,0.9,-0.005368,1.5864,0.7,-0.008712,1.7889,-0.005218,1.295
2019-03-06,2175.6,2.12,0.9,-0.001499,1.6062,0.7,-0.002388,1.8117,0.9,-0.001499,1.5841,0.7,-0.002388,1.7846,-0.001666,1.2929
2019-03-07,2165.79,3.53,1.0,-0.004208,1.5994,0.8,-0.006668,1.7996,0.9,-0.004058,1.5776,0.7,-0.006368,1.7732,-0.004509,1.287
2019-03-08,2137.44,3.68,1.0,-0.01309,1.5785,0.8,-0.021007,1.7618,0.9,-0.011781,1.559,0.7,-0.018381,1.7407,-0.01309,1.2702
2019-03-11,2138.1,3.9,1.0,0.000309,1.579,0.8,0.000431,1.7626,0.9,0.000278,1.5595,0.7,0.000377,1.7413,0.000309,1.2706
2019-03-12,2157.18,2.68,1.0,0.008924,1.5931,0.9,0.013915,1.7871,1.0,0.007881,1.5718,0.9,0.011838,1.7619,0.008924,1.2819
2019-03-13,2148.41,4.11,1.0,-0.004065,1.5866,1.0,-0.007689,1.7733,1.0,-0.004065,1.5654,0.9,-0.007389,1.7489,-0.004065,1.2767
2019-03-14,2155.68,2.14,1.0,0.003384,1.592,1.0,0.006688,1.7852,1.0,0.003384,1.5707,0.9,0.00602,1.7594,0.003384,1.281
2019-03-15,2176.11,0.81,1.0,0.009477,1.6071,1.0,0.018875,1.8189,1.0,0.009477,1.5856,0.9,0.016988,1.7893,0.009477,1.2932
2019-03-18,2179.49,2.98,1.0,0.001553,1.6095,0.9,0.002727,1.8239,1.0,0.001553,1.588,0.9,0.002724,1.7942,0.001553,1.2952
2019-03-19,2177.62,1.48,1.0,-0.000858,1.6082,0.9,-0.001616,1.8209,1.0,-0.000858,1.5867,0.9,-0.001616,1.7913,-0.000858,1.2941
2019-03-20,2177.1,1.51,1.0,-0.000239,1.6078,0.9,-0.000501,1.82,1.0,-0.000239,1.5863,0.9,-0.000501,1.7904,-0.000239,1.2938
2019-03-21,2184.88,3.19,1.0,0.003574,1.6135,0.9,0.006361,1.8316,1.0,0.003574,1.5919,0.9,0.006361,1.8018,0.003574,1.2984
2019-03-22,2186.95,2.16,1.0,0.000947,1.6151,0.9,0.001634,1.8346,1.0,0.000947,1.5935,0.9,0.001634,1.8047,0.000947,1.2996
2019-03-25,2144.86,0.63,1.0,-0.019246,1.584,1.0,-0.035014,1.7703,1.0,-0.019246,1.5628,0.9,-0.034714,1.7421,-0.019246,1.2746
2019-03-26,2148.8,2.05,1.0,0.001837,1.5869,0.9,0.003295,1.7762,1.0,0.001837,1.5657,0.9,0.003235,1.7477,0.001837,1.2769
2019-03-27,2145.62,4.01,1.0,-0.00148,1.5845,0.9,-0.002735,1.7713,1.0,-0.00148,1.5633,0.9,-0.002735,1.7429,-0.00148,1.2751
2019-03-28,2128.1,3.58,1.0,-0.008165,1.5716,0.9,-0.014769,1.7452,1.0,-0.008165,1.5506,0.9,-0.014769,1.7172,-0.008165,1.2646
2019-03-29,2140.67,3.27,1.0,0.005907,1.5809,0.9,0.010561,1.7636,1.0,0.005907,1.5597,0.9,0.010561,1.7353,0.005907,1.2721
2019-04-01,2168.28,1.42,1.0,0.012898,1.6013,0.9,0.023145,1.8044,1.0,0.012898,1.5799,0.9,0.023145,1.7755,0.012898,1.2885
2019-04-02,2177.18,0.14,1.0,0.004105,1.6078,1.0,0.007017,1.8171,1.0,0.004105,1.5863,1.0,0.007017,1.7879,0.004105,1.2938
2019-04-03,2203.27,4.92,1.0,0.011983,1.6271,0.9,0.023587,1.8599,1.0,0.011983,1.6053,1.0,0.023887,1.8307,0.011983,1.3093
2019-04-04,2206.53,1.27,1.0,0.00148,1.6295,0.9,0.002592,1.8647,1.0,0.00148,1.6077,1.0,0.00288,1.8359,0.00148,1.3112
2019-04-05,2209.61,0.97,1.0,0.001396,1.6318,0.9,0.002441,1.8693,1.0,0.001396,1.61,1.0,0.002712,1.8409,0.001396,1.3131
2019-04-08,2210.6,-1.61,1.0,0.000448,1.6325,0.8,0.000435,1.8701,1.0,0.000448,1.6107,1.0,0.000817,1.8424,0.000448,1.3137
2019-04-09,2213.56,-1.92,0.9,0.001189,1.6345,0.6,0.001479,1.8729,0.9,0.001189,1.6126,0.6,0.001399,1.845,0.001339,1.3154
2019-04-10,2224.39,-2.15,0.7,0.004103,1.6412,0.5,0.005523,1.8832,0.9,0.004403,1.6197,0.6,0.005823,1.8557,0.004893,1.3219
2019-04-11,2224.44,-2.73,0.6,-0.000134,1.6409,0.3,-0.000617,1.8821,0.9,2e-05,1.6197,0.6,-2.1e-05,1.8557,2.2e-05,1.3219
2019-04-12,2233.45,-1.31,0.4,0.00213,1.6444,0.2,0.002106,1.886,0.9,0.003645,1.6256,0.6,0.004813,1.8646,0.00405,1.3272
2019-04-15,2242.88,0.67,0.3,0.001539,1.647,0.0,0.001073,1.888,0.9,0.0038,1.6318,0.6,0.005019,1.874,0.004222,1.3329
2019-04-16,2248.63,0.25,0.4,0.000619,1.648,0.2,-0.0006,1.8869,0.4,0.001557,1.6344,0.2,0.001829,1.8774,0.002564,1.3363
2019-04-17,2245.89,1.61,0.6,-0.000787,1.6467,0.3,-0.000803,1.8854,0.4,-0.000487,1.6336,0.2,-0.000503,1.8765,-0.001219,1.3346
2019-04-18,2213.77,1.06,0.7,-0.008731,1.6323,0.5,-0.009205,1.868,0.4,-0.005721,1.6242,0.2,-0.005737,1.8657,-0.014302,1.3156
2019-04-19,2216.15,0.75,0.9,0.000453,1.6331,0.6,0.000735,1.8694,0.4,0.00043,1.6249,0.2,0.000414,1.8665,0.001075,1.317
2019-04-22,2216.65,3.73,1.0,5.3e-05,1.6331,0.8,-0.000377,1.8687,0.4,9e-05,1.6251,0.2,7.4e-05,1.8666,0.000226,1.3173
2019-04-23,2220.51,1.89,1.0,0.001741,1.636,0.8,0.002723,1.8738,1.0,-0.000203,1.6247,0.8,-0.001119,1.8645,0.001741,1.3196
2019-04-24,2201.03,2.09,1.0,-0.008773,1.6216,0.9,-0.0144,1.8468,1.0,-0.008773,1.6105,0.8,-0.0141,1.8382,-0.008773,1.308
2019-04-25,2190.5,2.85,1.0,-0.004784,1.6139,0.9,-0.008683,1.8308,1.0,-0.004784,1.6028,0.8,-0.007718,1.824,-0.004784,1.3017
2019-04-26,2179.31,-3.7,1.0,-0.005108,1.6056,0.9,-0.009267,1.8138,1.0,-0.005108,1.5946,0.8,-0.008237,1.809,-0.005108,1.2951
2019-04-29,2216.43,-2.86,0.8,0.016733,1.6325,0.8,0.030288,1.8688,1.0,0.017033,1.6217,0.8,0.027189,1.8582,0.017033,1.3171
2019-04-30,2203.59,-2.94,0.6,-0.004934,1.6244,0.6,-0.009932,1.8502,0.6,-0.006393,1.6114,0.6,-0.009932,1.8398,-0.005793,1.3095
2019-05-02,2212.75,0.65,0.4,0.002194,1.628,0.4,0.004341,1.8582,0.6,0.002494,1.6154,0.6,0.004941,1.8488,0.004157,1.3149
2019-05-03,2196.32,-0.83,0.4,-0.00297,1.6232,0.3,-0.006272,1.8466,0.6,-0.004455,1.6082,0.6,-0.008958,1.8323,-0.007425,1.3052
2019-05-07,2176.99,3.11,0.3,-0.00367,1.6172,0.2,-0.005604,1.8362,0.3,-0.005731,1.599,0.2,-0.011809,1.8106,-0.008801,1.2937
2019-05-08,2168.01,-1.49,0.5,-0.001537,1.6147,0.4,-0.002266,1.8321,0.3,-0.001237,1.597,0.2,-0.001666,1.8076,-0.004125,1.2884
2019-05-09,2102.01,-0.83,0.6,-0.015371,1.5899,0.4,-0.024386,1.7874,0.3,-0.009133,1.5824,0.2,-0.012193,1.7856,-0.030443,1.2491
2019-05-10,2108.04,-8.23,1.0,0.001121,1.5917,0.7,0.001363,1.7898,0.3,0.000861,1.5838,0.2,0.001132,1.7876,0.002869,1.2527
2019-05-13,2079.01,-7.09,0.9,-0.013921,1.5695,0.5,-0.019935,1.7541,0.3,-0.004131,1.5772,0.2,-0.005524,1.7777,-0.013771,1.2355
2019-05-14,2081.84,-6.04,0.7,0.000925,1.571,0.5,0.001322,1.7565,0.7,-0.000192,1.5769,0.5,-0.000371,1.7771,0.001361,1.2372
2019-05-15,2092.78,-2.24,0.5,0.003378,1.5763,0.3,0.004615,1.7646,0.7,0.003678,1.5827,0.5,0.005215,1.7863,0.005255,1.2437
2019-05-16,2067.69,-3.96,0.5,-0.005994,1.5668,0.3,-0.007217,1.7518,0.7,-0.008392,1.5695,0.5,-0.012029,1.7649,-0.011989,1.2287
2019-05-17,2055.8,-2.1,0.3,-0.003175,1.5619,0.2,-0.003774,1.7452,0.7,-0.004025,1.5631,0.5,-0.00579,1.7546,-0.00575,1.2217
2019-05-20,2055.71,-4.09,0.4,-0.000163,1.5616,0.2,-3.3e-05,1.7452,0.7,-3.1e-05,1.5631,0.5,-8.3e-05,1.7545,-4.4e-05,1.2216
2019-05-21,2061.25,-3.15,0.1,0.000628,1.5626,0.0,0.000462,1.746,0.1,0.000986,1.5646,0.0,0.001155,1.7565,0.002695,1.2249
2019-05-22,2064.86,-2.46,0.1,0.000175,1.5629,0.0,0.0,1.746,0.1,0.000175,1.5649,0.0,0.0,1.7565,0.001751,1.2271
2019-05-23,2059.59,-2.88,0.1,-0.000255,1.5625,0.0,0.0,1.746,0.1,-0.000255,1.5645,0.0,0.0,1.7565,-0.002552,1.2239
2019-05-24,2045.31,-3.85,0.1,-0.000693,1.5614,0.0,0.0,1.746,0.1,-0.000693,1.5634,0.0,0.0,1.7565,-0.006933,1.2154
2019-05-27,2044.21,-2.1,0.0,-0.000204,1.5611,0.0,0.0,1.746,0.1,-5.4e-05,1.5633,0.0,0.0,1.7565,-0.000538,1.2148
2019-05-28,2048.83,-1.54,0.1,-0.00015,1.5608,0.0,0.0,1.746,0.1,0.000226,1.5637,0.0,0.0,1.7565,0.00226,1.2175
2019-05-29,2023.32,-2.08,0.2,-0.001395,1.5587,0.0,0.0,1.746,0.1,-0.001245,1.5617,0.0,0.0,1.7565,-0.012451,1.2024
2019-05-30,2038.8,2.96,0.2,0.00153,1.561,0.0,0.0,1.746,0.1,0.000765,1.5629,0.0,0.0,1.7565,0.007651,1.2116
2019-05-31,2041.74,3.16,0.4,-1.2e-05,1.561,0.2,-0.0006,1.7449,0.1,0.000144,1.5632,0.0,0.0,1.7565,0.001442,1.2133
2019-06-03,2067.85,2.22,0.6,0.004815,1.5685,0.4,0.004499,1.7528,0.1,0.001279,1.5652,0.0,0.0,1.7565,0.012788,1.2288
2019-06-04,2066.97,-2.5,0.7,-0.000405,1.5679,0.6,-0.000972,1.7511,0.7,-0.000943,1.5637,0.6,-0.0018,1.7534,-0.000426,1.2283
2019-06-05,2069.11,1.78,0.7,0.000725,1.569,0.6,0.001195,1.7532,0.7,0.000725,1.5648,0.6,0.001195,1.7554,0.001035,1.2296
2019-06-07,2072.33,-2.09,0.8,0.000939,1.5705,0.8,0.00122,1.7553,0.7,0.001089,1.5665,0.6,0.00182,1.7586,0.001556,1.2315
2019-06-10,2099.49,-2.37,0.7,0.010335,1.5867,0.6,0.020306,1.7909,0.7,0.009174,1.5809,0.6,0.01568,1.7862,0.013106,1.2476
2019-06-11,2111.81,-1.28,0.5,0.003808,1.5928,0.4,0.006394,1.8024,0.5,0.003808,1.5869,0.4,0.006394,1.7976,0.005868,1.255
2019-06-12,2108.75,1.22,0.4,-0.000874,1.5914,0.2,-0.001791,1.7992,0.5,-0.000724,1.5858,0.4,-0.001191,1.7955,-0.001449,1.2531
2019-06-13,2103.15,1.53,0.6,-0.001362,1.5892,0.4,-0.001678,1.7961,0.5,-0.001328,1.5837,0.4,-0.002156,1.7916,-0.002656,1.2498
2019-06-14,2095.41,2.39,0.6,-0.002208,1.5857,0.4,-0.002976,1.7908,0.5,-0.00184,1.5807,0.4,-0.002976,1.7863,-0.00368,1.2452
2019-06-17,2090.73,1.65,0.7,-0.00149,1.5834,0.6,-0.002419,1.7865,0.5,-0.001117,1.579,0.4,-0.001819,1.783,-0.002233,1.2424
2019-06-18,2098.71,1.38,0.9,0.002372,1.5871,0.8,0.003933,1.7935,0.9,0.001308,1.5811,0.8,0.001822,1.7863,0.003817,1.2472
2019-06-19,2124.78,2.0,1.0,0.01103,1.6046,0.9,0.019512,1.8285,0.9,0.01118,1.5987,0.8,0.019812,1.8217,0.012422,1.2627
2019-06-20,2131.29,0.14,1.0,0.003064,1.6095,1.0,0.005143,1.8379,0.9,0.002757,1.6031,0.8,0.004839,1.8305,0.003064,1.2665
2019-06-21,2125.62,1.63,1.0,-0.00266,1.6053,0.9,-0.0057,1.8274,0.9,-0.002394,1.5993,0.8,-0.00432,1.8226,-0.00266,1.2632
2019-06-24,2126.33,2.41,1.0,0.000334,1.6058,0.9,0.00053,1.8284,0.9,0.000301,1.5998,0.8,0.000471,1.8234,0.000334,1.2636
2019-06-25,2121.64,2.26,1.0,-0.002206,1.6022,0.9,-0.004042,1.821,1.0,-0.002135,1.5964,0.9,-0.003893,1.8164,-0.002206,1.2608
2019-06-26,2121.85,2.89,1.0,9.9e-05,1.6024,0.9,0.000107,1.8212,1.0,9.9e-05,1.5965,0.9,0.000107,1.8165,9.9e-05,1.2609
2019-06-27,2134.32,2.33,1.0,0.005877,1.6118,0.9,0.010507,1.8403,1.0,0.005877,1.6059,0.9,0.010507,1.8356,0.005877,1.2683
2019-06-28,2130.62,2.89,1.0,-0.001734,1.609,1.0,-0.003492,1.8339,1.0,-0.001734,1.6031,0.9,-0.003192,1.8298,-0.001734,1.2661
2019-07-01,2129.74,0.76,1.0,-0.000413,1.6084,1.0,-0.000905,1.8322,1.0,-0.000413,1.6025,0.9,-0.000815,1.8283,-0.000413,1.2656
2019-07-02,2122.02,1.04,1.0,-0.003625,1.6025,0.9,-0.007629,1.8183,1.0,-0.003625,1.5966,0.9,-0.006596,1.8162,-0.003625,1.261
2019-07-03,2096.02,5.58,1.0,-0.012252,1.5829,0.9,-0.022126,1.778,1.0,-0.012252,1.5771,0.9,-0.022126,1.776,-0.012252,1.2456
2019-07-04,2108.73,2.45,1.0,0.006064,1.5925,0.9,0.010844,1.7973,1.0,0.006064,1.5866,0.9,0.010844,1.7953,0.006064,1.2531
2019-07-05,2110.59,2.53,1.0,0.000882,1.5939,0.9,0.001516,1.8,1.0,0.000882,1.588,0.9,0.001516,1.798,0.000882,1.2542
2019-07-08,2064.17,-1.18,1.0,-0.021994,1.5588,0.9,-0.03966,1.7286,1.0,-0.021994,1.5531,0.9,-0.03966,1.7267,-0.021994,1.2267
2019-07-09,2052.03,0.52,0.9,-0.006031,1.5494,0.8,-0.010958,1.7097,0.9,-0.006031,1.5438,0.8,-0.010958,1.7078,-0.005881,1.2194
2019-07-10,2058.78,1.37,0.9,0.00296,1.554,0.8,0.0052,1.7186,0.9,0.00296,1.5483,0.8,0.0052,1.7167,0.003289,1.2234
2019-07-11,2080.58,1.41,0.9,0.00953,1.5688,0.7,0.016579,1.7471,0.9,0.00953,1.5631,0.8,0.016879,1.7456,0.010589,1.2364
2019-07-12,2086.66,0.77,0.9,0.00263,1.573,0.7,0.004036,1.7541,0.9,0.00263,1.5672,0.8,0.004612,1.7537,0.002922,1.24
2019-07-15,2082.48,1.06,0.9,-0.001803,1.5701,0.7,-0.00286,1.7491,0.9,-0.001803,1.5644,0.8,-0.003269,1.748,-0.002003,1.2375
2019-07-16,2091.87,1.27,1.0,0.003908,1.5763,0.8,0.005957,1.7595,1.0,0.003908,1.5705,0.8,0.007151,1.7605,0.004509,1.2431
2019-07-17,2072.92,1.94,1.0,-0.009059,1.562,0.9,-0.014858,1.7334,1.0,-0.009059,1.5563,0.8,-0.014558,1.7348,-0.009059,1.2318
2019-07-18,2066.55,-1.9,1.0,-0.003073,1.5572,0.9,-0.005603,1.7237,1.0,-0.003073,1.5515,0.8,-0.00498,1.7262,-0.003073,1.2281
2019-07-19,2094.36,-2.02,0.9,0.013307,1.5779,0.7,0.023552,1.7643,1.0,0.013457,1.5723,0.8,0.021468,1.7632,0.013457,1.2446
2019-07-22,2093.34,-0.73,0.7,-0.000738,1.5767,0.5,-0.001337,1.7619,1.0,-0.000487,1.5716,0.8,-0.000843,1.7618,-0.000487,1.244
2019-07-23,2101.45,-0.58,0.7,0.002712,1.581,0.4,0.003535,1.7681,0.7,0.003424,1.577,0.4,0.004935,1.7705,0.003874,1.2488
2019-07-24,2082.3,-1.35,0.6,-0.006529,1.5707,0.3,-0.007622,1.7547,0.7,-0.006379,1.5669,0.4,-0.007322,1.7575,-0.009113,1.2374
2019-07-25,2074.48,-2.21,0.5,-0.002403,1.5669,0.1,-0.002877,1.7496,0.7,-0.002629,1.5628,0.4,-0.003036,1.7522,-0.003755,1.2328
2019-07-26,2066.26,-2.25,0.5,-0.001981,1.5638,0.1,-0.0008,1.7482,0.7,-0.002774,1.5584,0.4,-0.003202,1.7465,-0.003962,1.2279
2019-07-29,2029.48,-1.82,0.5,-0.0089,1.5499,0.1,-0.003568,1.742,0.7,-0.01246,1.539,0.4,-0.014272,1.7216,-0.0178,1.206
2019-07-30,2038.68,-0.13,0.4,0.002117,1.5532,0.1,0.000899,1.7435,0.4,0.002723,1.5432,0.1,0.002695,1.7263,0.004533,1.2115
2019-07-31,2024.55,1.7,0.4,-0.002772,1.5489,0.1,-0.001394,1.7411,0.4,-0.002772,1.5389,0.1,-0.001394,1.7239,-0.006931,1.2031
2019-08-01,2017.34,1.73,0.5,-0.001575,1.5464,0.3,-0.00132,1.7388,0.4,-0.001425,1.5368,0.1,-0.00072,1.7226,-0.003561,1.1988
2019-08-02,1998.13,2.72,0.7,-0.005061,1.5386,0.5,-0.006337,1.7278,0.4,-0.003809,1.5309,0.1,-0.001912,1.7193,-0.009522,1.1874
2019-08-05,1946.98,6.5,0.8,-0.018069,1.5108,0.7,-0.026239,1.6825,0.4,-0.01024,1.5152,0.1,-0.005128,1.7105,-0.025599,1.157
2019-08-06,1917.5,5.77,1.0,-0.012413,1.4921,0.9,-0.021854,1.6457,1.0,-0.006957,1.5047,0.9,-0.005436,1.7012,-0.015141,1.1395
2019-08-07,1909.71,6.09,1.0,-0.004063,1.486,1.0,-0.007684,1.633,1.0,-0.004063,1.4986,0.9,-0.007384,1.6886,-0.004063,1.1349
2019-08-08,1920.61,8.42,1.0,0.005708,1.4945,1.0,0.011336,1.6516,1.0,0.005708,1.5071,0.9,0.010202,1.7059,0.005708,1.1413
2019-08-09,1937.75,8.79,1.0,0.008924,1.5078,1.0,0.017769,1.6809,1.0,0.008924,1.5206,0.9,0.015992,1.7332,0.008924,1.1515
2019-08-12,1942.29,9.45,1.0,0.002343,1.5113,1.0,0.004606,1.6887,1.0,0.002343,1.5241,0.9,0.004146,1.7403,0.002343,1.1542
2019-08-13,1925.83,9.23,1.0,-0.008475,1.4985,1.0,-0.017028,1.6599,1.0,-0.008475,1.5112,1.0,-0.015626,1.7131,-0.008475,1.1444
2019-08-14,1938.37,9.16,1.0,0.006511,1.5083,1.0,0.012944,1.6814,1.0,0.006511,1.5211,1.0,0.012944,1.7353,0.006511,1.1519
2019-08-16,1927.17,8.95,1.0,-0.005778,1.4996,1.0,-0.011635,1.6618,1.0,-0.005778,1.5123,1.0,-0.011635,1.7151,-0.005778,1.1452
2019-08-19,1939.9,8.99,1.0,0.006606,1.5095,1.0,0.013132,1.6836,1.0,0.006606,1.5223,1.0,0.013132,1.7376,0.006606,1.1528
2019-08-20,1960.25,8.79,1.0,0.01049,1.5253,1.0,0.020901,1.7188,1.0,0.01049,1.5382,1.0,0.020901,1.774,0.01049,1.1649
2019-08-21,1964.65,8.41,1.0,0.002245,1.5287,1.0,0.00441,1.7264,1.0,0.002245,1.5417,1.0,0.00441,1.7818,0.002245,1.1675
2019-08-22,1951.01,8.66,1.0,-0.006943,1.5181,1.0,-0.013965,1.7023,1.0,-0.006943,1.531,1.0,-0.013965,1.7569,-0.006943,1.1594
2019-08-23,1948.3,8.34,1.0,-0.001389,1.516,1.0,-0.002857,1.6974,1.0,-0.001389,1.5289,1.0,-0.002857,1.7519,-0.001389,1.1578
2019-08-26,1916.31,8.51,1.0,-0.016419,1.4911,1.0,-0.032918,1.6416,1.0,-0.016419,1.5037,1.0,-0.032918,1.6942,-0.016419,1.1388
2019-08-27,1924.6,8.48,1.0,0.004326,1.4976,1.0,0.008573,1.6556,1.0,0.004326,1.5103,1.0,0.008573,1.7087,0.004326,1.1437
2019-08-28,1941.09,8.39,1.0,0.008568,1.5104,1.0,0.017057,1.6839,1.0,0.008568,1.5232,1.0,0.017057,1.7379,0.008568,1.1535
2019-08-29,1933.41,8.56,1.0,-0.003957,1.5044,1.0,-0.007992,1.6704,1.0,-0.003957,1.5172,1.0,-0.007992,1.724,-0.003957,1.1489
2019-08-30,1967.79,8.28,1.0,0.017782,1.5312,1.0,0.035485,1.7297,1.0,0.017782,1.5441,1.0,0.035485,1.7852,0.017782,1.1694
2019-09-02,1969.19,7.74,1.0,0.000711,1.5323,1.0,0.001344,1.732,1.0,0.000711,1.5452,1.0,0.001344,1.7876,0.000711,1.1702
2019-09-03,1965.69,6.3,1.0,-0.001777,1.5296,1.0,-0.003634,1.7257,1.0,-0.001777,1.5425,1.0,-0.003634,1.7811,-0.001777,1.1681
2019-09-04,1988.53,7.83,1.0,0.011619,1.5473,1.0,0.023159,1.7657,1.0,0.011619,1.5604,1.0,0.023159,1.8223,0.011619,1.1817
2019-09-05,2004.75,7.6,1.0,0.008157,1.5599,1.0,0.016234,1.7943,1.0,0.008157,1.5731,1.0,0.016234,1.8519,0.008157,1.1913
2019-09-06,2009.13,6.95,1.0,0.002185,1.5634,1.0,0.00429,1.802,1.0,0.002185,1.5766,1.0,0.00429,1.8599,0.002185,1.1939
2019-09-09,2019.55,7.92,1.0,0.005186,1.5715,1.0,0.010293,1.8206,1.0,0.005186,1.5848,1.0,0.010293,1.879,0.005186,1.2001
2019-09-10,2032.08,7.95,1.0,0.006204,1.5812,1.0,0.012329,1.843,1.0,0.006204,1.5946,1.0,0.012329,1.9022,0.006204,1.2076
2019-09-11,2049.2,8.26,1.0,0.008425,1.5945,1.0,0.01677,1.874,1.0,0.008425,1.608,1.0,0.01677,1.9341,0.008425,1.2178
2019-09-16,2062.22,8.49,1.0,0.006354,1.6047,1.0,0.012628,1.8976,1.0,0.006354,1.6182,1.0,0.012628,1.9585,0.006354,1.2255
2019-09-17,2062.33,8.19,1.0,5.3e-05,1.6047,1.0,2.7e-05,1.8977,1.0,5.3e-05,1.6183,1.0,2.7e-05,1.9585,5.3e-05,1.2256
2019-09-18,2070.73,8.52,1.0,0.004073,1.6113,1.0,0.008067,1.913,1.0,0.004073,1.6249,1.0,0.008067,1.9743,0.004073,1.2305
2019-09-19,2080.35,8.52,1.0,0.004646,1.6188,1.0,0.009212,1.9306,1.0,0.004646,1.6325,1.0,0.009212,1.9925,0.004646,1.2363
2019-09-20,2091.52,8.41,1.0,0.005369,1.6275,1.0,0.010659,1.9512,1.0,0.005369,1.6412,1.0,0.010659,2.0138,0.005369,1.2429
2019-09-23,2091.7,8.19,1.0,8.6e-05,1.6276,1.0,9.3e-05,1.9514,1.0,8.6e-05,1.6414,1.0,9.3e-05,2.014,8.6e-05,1.243
2019-09-24,2101.04,8.12,1.0,0.004465,1.6349,1.0,0.008851,1.9686,1.0,0.004465,1.6487,1.0,0.008851,2.0318,0.004465,1.2486
2019-09-25,2073.39,8.54,1.0,-0.01316,1.6134,1.0,-0.0264,1.9167,1.0,-0.01316,1.627,1.0,-0.0264,1.9781,-0.01316,1.2321
2019-09-26,2074.52,8.07,1.0,0.000545,1.6142,1.0,0.001011,1.9186,1.0,0.000545,1.6279,1.0,0.001011,1.9801,0.000545,1.2328
2019-09-27,2049.93,7.8,1.0,-0.011853,1.5951,1.0,-0.023786,1.873,1.0,-0.011853,1.6086,1.0,-0.023786,1.933,-0.011853,1.2182
2019-09-30,2063.05,7.87,1.0,0.0064,1.6053,1.0,0.012721,1.8968,1.0,0.0064,1.6189,1.0,0.012721,1.9576,0.0064,1.226
2019-10-01,2072.42,7.82,1.0,0.004542,1.6126,1.0,0.009004,1.9139,1.0,0.004542,1.6262,1.0,0.009004,1.9753,0.004542,1.2316
2019-10-02,2031.91,7.01,1.0,-0.019547,1.5811,1.0,-0.039174,1.8389,1.0,-0.019547,1.5945,1.0,-0.039174,1.8979,-0.019547,1.2075
2019-10-04,2020.69,7.93,1.0,-0.005522,1.5723,1.0,-0.011123,1.8184,1.0,-0.005522,1.5857,1.0,-0.011123,1.8768,-0.005522,1.2008
2019-10-07,2021.73,9.05,1.0,0.000515,1.5732,1.0,0.00095,1.8202,1.0,0.000515,1.5865,1.0,0.00095,1.8786,0.000515,1.2014
2019-10-08,2046.25,7.54,1.0,0.012128,1.5922,1.0,0.024177,1.8642,1.0,0.012128,1.6057,1.0,0.024177,1.924,0.012128,1.216
2019-10-10,2028.15,6.1,1.0,-0.008845,1.5782,1.0,-0.01777,1.831,1.0,-0.008845,1.5915,1.0,-0.01777,1.8898,-0.008845,1.2052
2019-10-11,2044.61,5.78,1.0,0.008116,1.591,1.0,0.016152,1.8606,1.0,0.008116,1.6044,1.0,0.016152,1.9203,0.008116,1.215
2019-10-14,2067.4,6.6,1.0,0.011146,1.6087,1.0,0.022213,1.9019,1.0,0.011146,1.6223,1.0,0.022213,1.963,0.011146,1.2286
2019-10-15,2068.17,7.46,1.0,0.000372,1.6093,1.0,0.000666,1.9032,1.0,0.000372,1.6229,1.0,0.000666,1.9643,0.000372,1.229
2019-10-16,2082.83,7.12,1.0,0.007088,1.6207,1.0,0.014097,1.93,1.0,0.007088,1.6344,1.0,0.014097,1.992,0.007088,1.2377
2019-10-17,2077.94,8.0,1.0,-0.002348,1.6169,1.0,-0.004775,1.9208,1.0,-0.002348,1.6306,1.0,-0.004775,1.9824,-0.002348,1.2348
2019-10-18,2060.69,6.77,1.0,-0.008301,1.6035,1.0,-0.016682,1.8888,1.0,-0.008301,1.617,1.0,-0.016682,1.9494,-0.008301,1.2246
2019-10-21,2064.84,6.61,1.0,0.002014,1.6067,1.0,0.003948,1.8962,1.0,0.002014,1.6203,1.0,0.003948,1.9571,0.002014,1.227
2019-10-22,2088.86,5.6,1.0,0.011633,1.6254,1.0,0.023186,1.9402,1.0,0.011633,1.6391,1.0,0.023186,2.0025,0.011633,1.2413
2019-10-23,2080.62,6.1,1.0,-0.003945,1.619,1.0,-0.007969,1.9247,1.0,-0.003945,1.6327,1.0,-0.007969,1.9865,-0.003945,1.2364
2019-10-24,2085.66,6.58,1.0,0.002422,1.6229,1.0,0.004765,1.9339,1.0,0.002422,1.6366,1.0,0.004765,1.996,0.002422,1.2394
2019-10-25,2087.89,5.94,1.0,0.001069,1.6246,1.0,0.002059,1.9379,1.0,0.001069,1.6384,1.0,0.002059,2.0001,0.001069,1.2407
2019-10-28,2093.6,5.88,1.0,0.002735,1.6291,1.0,0.00539,1.9483,1.0,0.002735,1.6429,1.0,0.00539,2.0108,0.002735,1.2441
2019-10-29,2092.69,6.25,1.0,-0.000435,1.6284,1.0,-0.000949,1.9465,1.0,-0.000435,1.6422,1.0,-0.000949,2.0089,-0.000435,1.2436
2019-10-30,2080.27,6.87,1.0,-0.005935,1.6187,1.0,-0.011949,1.9232,1.0,-0.005935,1.6324,1.0,-0.011949,1.9849,-0.005935,1.2362
2019-10-31,2083.48,6.37,1.0,0.001543,1.6212,1.0,0.003007,1.929,1.0,0.001543,1.6349,1.0,0.003007,1.9909,0.001543,1.2381
2019-11-01,2100.2,6.26,1.0,0.008025,1.6342,1.0,0.015971,1.9598,1.0,0.008025,1.648,1.0,0.015971,2.0227,0.008025,1.2481
2019-11-04,2130.24,6.07,1.0,0.014303,1.6576,1.0,0.028527,2.0157,1.0,0.014303,1.6716,1.0,0.028527,2.0804,0.014303,1.2659
2019-11-05,2142.64,6.31,1.0,0.005821,1.6672,1.0,0.011563,2.039,1.0,0.005821,1.6814,1.0,0.011563,2.1045,0.005821,1.2733
2019-11-06,2144.15,6.2,1.0,0.000705,1.6684,1.0,0.00133,2.0418,1.0,0.000705,1.6825,1.0,0.00133,2.1073,0.000705,1.2742
2019-11-07,2144.29,4.5,1.0,6.5e-05,1.6685,1.0,5.1e-05,2.0419,1.0,6.5e-05,1.6826,1.0,5.1e-05,2.1074,6.5e-05,1.2743
2019-11-08,2137.23,4.97,1.0,-0.003292,1.663,1.0,-0.006664,2.0283,1.0,-0.003292,1.6771,1.0,-0.006664,2.0933,-0.003292,1.2701
2019-11-11,2124.09,2.54,1.0,-0.006148,1.6528,1.0,-0.012376,2.0032,1.0,-0.006148,1.6668,1.0,-0.012376,2.0674,-0.006148,1.2623
2019-11-12,2140.92,4.19,1.0,0.007923,1.6659,1.0,0.015767,2.0347,1.0,0.007923,1.68,1.0,0.015767,2.1,0.007923,1.2723
2019-11-13,2122.45,2.24,1.0,-0.008627,1.6515,1.0,-0.017334,1.9995,1.0,-0.008627,1.6655,1.0,-0.017334,2.0636,-0.008627,1.2613
2019-11-14,2139.23,-0.45,1.0,0.007906,1.6646,1.0,0.015733,2.0309,1.0,0.007906,1.6787,1.0,0.015733,2.0961,0.007906,1.2713
2019-11-15,2162.18,-1.47,1.0,0.010728,1.6824,0.9,0.021077,2.0737,1.0,0.010728,1.6967,1.0,0.021377,2.1409,0.010728,1.2849
2019-11-18,2160.69,-1.35,0.8,-0.000989,1.6808,0.7,-0.001912,2.0698,1.0,-0.000689,1.6955,1.0,-0.001458,2.1378,-0.000689,1.284
2019-11-19,2153.24,-3.36,0.7,-0.002908,1.6759,0.5,-0.005483,2.0584,0.7,-0.003898,1.6889,0.5,-0.008475,2.1196,-0.003448,1.2796
2019-11-20,2125.32,-4.01,0.5,-0.009377,1.6602,0.3,-0.013606,2.0304,0.7,-0.009077,1.6736,0.5,-0.013006,2.0921,-0.012967,1.263
2019-11-21,2096.6,-2.3,0.3,-0.007057,1.6485,0.1,-0.008732,2.0127,0.7,-0.009459,1.6577,0.5,-0.013553,2.0637,-0.013513,1.2459
2019-11-22,2101.96,-0.88,0.2,0.000617,1.6495,0.0,0.000203,2.0131,0.7,0.00179,1.6607,0.5,0.002517,2.0689,0.002557,1.2491
2019-11-25,2123.5,0.08,0.3,0.0019,1.6526,0.1,-0.0003,2.0125,0.7,0.007173,1.6726,0.5,0.010208,2.09,0.010248,1.2619
2019-11-26,2121.35,2.08,0.4,-0.000454,1.6519,0.2,-0.00051,2.0115,0.4,-0.001159,1.6707,0.2,-0.001952,2.086,-0.001012,1.2606
2019-11-27,2127.85,0.72,0.6,0.000926,1.6534,0.4,0.00061,2.0127,0.4,0.001226,1.6727,0.2,0.00121,2.0885,0.003064,1.2645
2019-11-28,2118.6,1.4,0.8,-0.002908,1.6486,0.5,-0.003809,2.005,0.4,-0.001739,1.6698,0.2,-0.001755,2.0848,-0.004347,1.259
2019-11-29,2087.96,1.91,0.9,-0.01172,1.6293,0.7,-0.015102,1.9747,0.4,-0.005785,1.6602,0.2,-0.005801,2.0727,-0.014462,1.2408
2019-12-02,2091.92,1.72,1.0,0.001557,1.6318,0.8,0.0023,1.9793,0.4,0.000759,1.6614,0.2,0.000743,2.0743,0.001897,1.2431
2019-12-03,2084.07,0.89,1.0,-0.003753,1.6257,0.9,-0.006368,1.9667,1.0,-0.002401,1.6574,0.9,-0.003617,2.0668,-0.003753,1.2385
2019-12-04,2068.89,2.94,1.0,-0.007284,1.6138,0.9,-0.013182,1.9408,1.0,-0.007284,1.6454,0.9,-0.013182,2.0395,-0.007284,1.2295
2019-12-05,2060.74,1.48,1.0,-0.003939,1.6075,0.9,-0.007162,1.9269,1.0,-0.003939,1.6389,0.9,-0.007162,2.0249,-0.003939,1.2246
2019-12-06,2081.85,1.78,1.0,0.010244,1.6239,0.9,0.018368,1.9622,1.0,0.010244,1.6557,0.9,0.018368,2.0621,0.010244,1.2372
2019-12-09,2088.65,2.21,1.0,0.003266,1.6292,0.9,0.005808,1.9736,1.0,0.003266,1.6611,0.9,0.005808,2.0741,0.003266,1.2412
2019-12-10,2098.0,-1.7,1.0,0.004477,1.6365,0.9,0.007986,1.9894,1.0,0.004477,1.6685,0.9,0.007986,2.0906,0.004477,1.2468
2019-12-11,2105.62,-0.29,0.9,0.003482,1.6422,0.8,0.006166,2.0017,1.0,0.003632,1.6746,0.9,0.006466,2.1042,0.003632,1.2513
2019-12-12,2137.35,1.2,0.8,0.013412,1.6643,0.7,0.023747,2.0492,1.0,0.015069,1.6998,0.9,0.027053,2.1611,0.015069,1.2701
2019-12-13,2170.25,1.95,0.8,0.012314,1.6848,0.7,0.021494,2.0933,1.0,0.015393,1.726,0.9,0.027636,2.2208,0.015393,1.2897
2019-12-16,2168.15,2.47,0.8,-0.000774,1.6835,0.7,-0.00141,2.0903,1.0,-0.000968,1.7243,0.9,-0.001813,2.2168,-0.000968,1.2884
2019-12-17,2195.68,3.34,0.8,0.010158,1.7006,0.7,0.017721,2.1273,0.8,0.012397,1.7457,0.7,0.022184,2.266,0.012697,1.3048
2019-12-18,2194.76,2.22,1.0,-0.000635,1.6995,0.9,-0.001242,2.1247,0.8,-0.000335,1.7451,0.7,-0.000642,2.2645,-0.000419,1.3043
2019-12-19,2196.56,4.23,1.0,0.00082,1.7009,1.0,0.001105,2.127,0.8,0.000656,1.7462,0.7,0.001093,2.267,0.00082,1.3053
2019-12-20,2204.18,3.47,1.0,0.003469,1.7068,1.0,0.006859,2.1416,0.8,0.002775,1.7511,0.7,0.004801,2.2779,0.003469,1.3099
2019-12-23,2203.71,3.91,1.0,-0.000213,1.7064,1.0,-0.000506,2.1406,0.8,-0.000171,1.7508,0.7,-0.000354,2.2771,-0.000213,1.3096
2019-12-24,2190.08,4.16,1.0,-0.006185,1.6959,1.0,-0.012449,2.1139,1.0,-0.005248,1.7416,1.0,-0.009615,2.2552,-0.006185,1.3015
2019-12-26,2197.93,4.82,1.0,0.003584,1.7019,1.0,0.007089,2.1289,1.0,0.003584,1.7478,1.0,0.007089,2.2711,0.003584,1.3061
2019-12-27,2204.21,5.81,1.0,0.002857,1.7068,1.0,0.005635,2.1409,1.0,0.002857,1.7528,1.0,0.005635,2.2839,0.002857,1.3099
2019-12-30,2197.67,5.94,1.0,-0.002967,1.7017,1.0,-0.006013,2.128,1.0,-0.002967,1.7476,1.0,-0.006013,2.2702,-0.002967,1.306
2020-01-02,2175.17,7.22,1.0,-0.010238,1.6843,1.0,-0.020556,2.0843,1.0,-0.010238,1.7297,1.0,-0.020556,2.2235,-0.010238,1.2926
2020-01-03,2176.46,6.52,1.0,0.000593,1.6853,1.0,0.001107,2.0866,1.0,0.000593,1.7308,1.0,0.001107,2.226,0.000593,1.2934
2020-01-06,2155.07,6.55,1.0,-0.009828,1.6687,1.0,-0.019735,2.0454,1.0,-0.009828,1.7138,1.0,-0.019735,2.1821,-0.009828,1.2807
2020-01-07,2175.54,7.02,1.0,0.009499,1.6846,1.0,0.018918,2.0841,1.0,0.009499,1.73,1.0,0.018918,2.2234,0.009499,1.2928
2020-01-08,2151.31,4.72,1.0,-0.011137,1.6658,1.0,-0.022354,2.0375,1.0,-0.011137,1.7108,1.0,-0.022354,2.1737,-0.011137,1.2784
2020-01-09,2186.45,1.2,1.0,0.016334,1.693,1.0,0.032589,2.1039,1.0,0.016334,1.7387,1.0,0.032589,2.2445,0.016334,1.2993
2020-01-10,2206.39,-2.59,1.0,0.00912,1.7085,1.0,0.01816,2.1421,1.0,0.00912,1.7546,1.0,0.01816,2.2853,0.00912,1.3112
2020-01-13,2229.26,0.07,0.8,0.010065,1.7257,0.8,0.020051,2.1851,1.0,0.010365,1.7728,1.0,0.020651,2.3324,0.010365,1.3248
2020-01-14,2238.88,4.61,0.8,0.003452,1.7316,0.7,0.006541,2.1994,0.8,0.004015,1.7799,0.7,0.007651,2.3503,0.004315,1.3305
2020-01-15,2230.98,2.42,0.8,-0.002823,1.7267,0.7,-0.004996,2.1884,0.8,-0.002823,1.7749,0.7,-0.004996,2.3386,-0.003529,1.3258
2020-01-16,2248.05,0.88,0.8,0.006121,1.7373,0.7,0.010656,2.2117,0.8,0.006121,1.7857,0.7,0.010656,2.3635,0.007651,1.3359
2020-01-17,2250.57,-0.33,0.8,0.000897,1.7389,0.7,0.001514,2.215,0.8,0.000897,1.7873,0.7,0.001514,2.3671,0.001121,1.3374
2020-01-20,2262.64,-2.36,0.9,0.00414,1.7461,0.7,0.007453,2.2315,0.8,0.00429,1.795,0.7,0.007453,2.3847,0.005363,1.3446
2020-01-21,2239.69,-3.64,0.8,-0.009279,1.7299,0.6,-0.014556,2.1991,0.8,-0.008114,1.7804,0.6,-0.014556,2.35,-0.010143,1.331
2020-01-22,2267.25,-1.7,0.6,0.009544,1.7464,0.4,0.014119,2.2301,0.8,0.009844,1.7979,0.6,0.014719,2.3846,0.012305,1.3473
2020-01-23,2246.13,-2.13,0.5,-0.005739,1.7364,0.2,-0.008084,2.2121,0.8,-0.007452,1.7845,0.6,-0.011226,2.3578,-0.009315,1.3348
2020-01-28,2176.72,0.2,0.3,-0.015751,1.709,0.1,-0.012677,2.184,0.3,-0.025472,1.7391,0.1,-0.03863,2.2667,-0.030902,1.2935
2020-01-29,2185.28,-2.55,0.4,0.00103,1.7108,0.1,0.000779,2.1857,0.3,0.00118,1.7411,0.1,0.000779,2.2685,0.003933,1.2986
2020-01-30,2148.0,2.63,0.3,-0.006974,1.6988,0.1,-0.00342,2.1783,0.3,-0.005118,1.7322,0.1,-0.00342,2.2607,-0.01706,1.2765
2020-01-31,2119.01,1.63,0.8,-0.004799,1.6907,0.5,-0.003907,2.1698,0.3,-0.004049,1.7252,0.1,-0.002707,2.2546,-0.013496,1.2592
2020-02-03,2118.88,2.45,1.0,-0.000349,1.6901,0.7,-0.000701,2.1682,0.3,-1.8e-05,1.7252,0.1,-2e-05,2.2546,-6.1e-05,1.2592
2020-02-04,2157.9,0.33,1.0,0.018415,1.7212,0.9,0.025126,2.2227,1.0,0.004475,1.7329,0.9,0.001275,2.2574,0.018415,1.2823
2020-02-05,2165.63,3.07,1.0,0.003582,1.7274,0.9,0.006377,2.2369,1.0,0.003582,1.7391,0.9,0.006377,2.2718,0.003582,1.2869
2020-02-06,2227.94,-0.64,1.0,0.028772,1.7771,1.0,0.051419,2.3519,1.0,0.028772,1.7892,0.9,0.051719,2.3893,0.028772,1.324
2020-02-07,2211.95,0.43,0.9,-0.007327,1.7641,0.8,-0.015033,2.3165,1.0,-0.007177,1.7763,0.9,-0.01299,2.3583,-0.007177,1.3145
2020-02-10,2201.07,0.05,0.9,-0.004427,1.7563,0.7,-0.008233,2.2975,1.0,-0.004919,1.7676,0.9,-0.008925,2.3372,-0.004919,1.308
2020-02-11,2223.12,-1.74,0.9,0.009016,1.7721,0.6,0.013669,2.3289,0.9,0.009868,1.785,0.6,0.017061,2.3771,0.010018,1.3211
2020-02-12,2238.38,0.74,0.8,0.006028,1.7828,0.5,0.007889,2.3473,0.9,0.006178,1.796,0.6,0.008189,2.3966,0.006864,1.3302
2020-02-13,2232.96,-0.91,0.8,-0.001937,1.7793,0.4,-0.002761,2.3408,0.9,-0.002179,1.7921,0.6,-0.002953,2.3895,-0.002421,1.327
2020-02-14,2243.59,-2.5,0.8,0.003808,1.7861,0.4,0.003777,2.3496,0.9,0.004284,1.7998,0.6,0.005665,2.403,0.00476,1.3333
2020-02-17,2242.17,-0.24,0.6,-0.000806,1.7847,0.3,-0.000838,2.3476,0.9,-0.00057,1.7988,0.6,-0.000807,2.4011,-0.000633,1.3324
2020-02-18,2208.88,-1.92,0.6,-0.008908,1.7688,0.3,-0.008932,2.3267,0.6,-0.013813,1.7739,0.3,-0.018764,2.356,-0.014847,1.3126
2020-02-19,2210.34,-1.58,0.6,0.000397,1.7695,0.3,0.000373,2.3275,0.6,0.000397,1.7746,0.3,0.000373,2.3569,0.000661,1.3135
2020-02-20,2195.5,-0.41,0.5,-0.004178,1.7621,0.1,-0.004652,2.3167,0.6,-0.004028,1.7675,0.3,-0.004052,2.3474,-0.006714,1.3047
2020-02-21,2162.84,-0.49,0.5,-0.007438,1.749,0.2,-0.003283,2.3091,0.6,-0.008926,1.7517,0.3,-0.008949,2.3264,-0.014876,1.2853
2020-02-24,2079.04,-1.34,0.6,-0.019523,1.7148,0.2,-0.015514,2.2733,0.6,-0.023247,1.711,0.3,-0.023271,2.2722,-0.038745,1.2355
2020-02-25,2103.61,0.27,0.8,0.006791,1.7265,0.4,0.004111,2.2826,0.8,0.006791,1.7226,0.4,0.006767,2.2876,0.011818,1.2501
2020-02-26,2076.77,3.2,0.9,-0.010357,1.7086,0.5,-0.010539,2.2586,0.8,-0.010207,1.705,0.4,-0.010239,2.2642,-0.012759,1.2341
2020-02-27,2054.89,3.92,0.9,-0.009482,1.6924,0.5,-0.010575,2.2347,0.8,-0.008428,1.6907,0.4,-0.00846,2.245,-0.010536,1.2211
2020-02-28,1987.01,5.45,0.8,-0.02988,1.6418,0.4,-0.033373,2.1601,0.8,-0.026427,1.646,0.4,-0.026458,2.1856,-0.033033,1.1808
2020-03-02,2002.51,5.02,0.7,0.006091,1.6518,0.3,0.005909,2.1729,0.8,0.006241,1.6563,0.4,0.006209,2.1992,0.007801,1.19
2020-03-03,2014.15,4.62,0.7,0.004069,1.6585,0.3,0.003464,2.1804,0.7,0.0045,1.6637,0.3,0.004318,2.2087,0.005813,1.1969
2020-03-04,2059.33,6.85,0.6,0.015552,1.6843,0.2,0.013135,2.209,0.7,0.015702,1.6898,0.3,0.013435,2.2384,0.022431,1.2238
2020-03-05,2085.26,6.35,0.6,0.007555,1.6971,0.2,0.005021,2.2201,0.7,0.008814,1.7047,0.3,0.007531,2.2552,0.012591,1.2392
2020-03-06,2040.22,6.11,0.6,-0.01296,1.6751,0.2,-0.008656,2.2009,0.7,-0.015119,1.6789,0.3,-0.012983,2.2259,-0.021599,1.2124
2020-03-09,1954.77,6.38,0.3,-0.02558,1.6322,0.0,-0.017369,2.1627,0.7,-0.029318,1.6297,0.3,-0.025153,2.17,-0.041883,1.1616
2020-03-10,1962.93,6.35,0.6,0.000802,1.6335,0.2,-0.0006,2.1614,0.6,0.002772,1.6342,0.2,0.002181,2.1747,0.004174,1.1665
2020-03-11,1908.27,6.2,0.6,-0.016708,1.6062,0.2,-0.011154,2.1373,0.6,-0.016708,1.6069,0.2,-0.011154,2.1504,-0.027846,1.134
2020-03-12,1834.33,7.33,0.6,-0.023248,1.5689,0.2,-0.015515,2.1041,0.6,-0.023248,1.5696,0.2,-0.015515,2.1171,-0.038747,1.0901
2020-03-13,1771.44,7.17,0.6,-0.020571,1.5366,0.2,-0.01373,2.0752,0.6,-0.020571,1.5373,0.2,-0.01373,2.088,-0.034285,1.0527
2020-03-16,1714.86,8.19,0.6,-0.019164,1.5072,0.2,-0.012792,2.0487,0.6,-0.019164,1.5078,0.2,-0.012792,2.0613,-0.03194,1.0191
2020-03-17,1672.44,8.75,0.6,-0.014842,1.4848,0.2,-0.009911,2.0284,0.6,-0.014842,1.4855,0.2,-0.009911,2.0409,-0.024737,0.9939
2020-03-18,1591.2,8.93,0.6,-0.029145,1.4415,0.2,-0.019446,1.9889,0.6,-0.029145,1.4422,0.2,-0.019446,2.0012,-0.048576,0.9456
2020-03-19,1457.64,8.82,0.6,-0.050362,1.3689,0.2,-0.033591,1.9221,0.6,-0.050362,1.3695,0.2,-0.033591,1.934,-0.083937,0.8662
2020-03-20,1566.15,8.85,0.6,0.044665,1.4301,0.2,0.029761,1.9793,0.6,0.044665,1.4307,0.2,0.029761,1.9915,0.074442,0.9307
2020-03-23,1482.46,8.89,0.6,-0.032062,1.3842,0.2,-0.021391,1.937,0.6,-0.032062,1.3848,0.2,-0.021391,1.9489,-0.053437,0.881
2020-03-24,1609.97,8.78,0.6,0.051607,1.4557,0.2,0.034389,2.0036,0.6,0.051607,1.4563,0.2,0.034389,2.0159,0.086012,0.9567
2020-03-25,1704.76,8.86,0.6,0.035326,1.5071,0.2,0.023535,2.0508,0.6,0.035326,1.5077,0.2,0.023535,2.0634,0.058877,1.0131
2020-03-26,1686.24,8.9,0.6,-0.006518,1.4973,0.2,-0.004361,2.0418,0.6,-0.006518,1.4979,0.2,-0.004361,2.0544,-0.010864,1.0021
2020-03-27,1717.73,8.95,0.6,0.011205,1.514,0.2,0.007454,2.057,0.6,0.011205,1.5147,0.2,0.007454,2.0697,0.018675,1.0208
2020-03-30,1717.12,8.88,0.6,-0.000213,1.5137,0.2,-0.000158,2.0567,0.6,-0.000213,1.5144,0.2,-0.000158,2.0694,-0.000355,1.0204
2020-03-31,1754.64,8.9,0.3,0.01266,1.5329,0.0,0.008124,2.0734,0.3,0.01266,1.5335,0.0,0.008124,2.0862,0.021851,1.0427
2020-04-01,1685.46,8.89,0.3,-0.011828,1.5147,0.0,0.0,2.0734,0.3,-0.011828,1.5154,0.0,0.0,2.0862,-0.039427,1.0016
2020-04-02,1724.86,8.82,0.3,0.007013,1.5254,0.0,0.0,2.0734,0.3,0.007013,1.526,0.0,0.0,2.0862,0.023376,1.025
2020-04-03,1725.44,8.87,0.3,0.000101,1.5255,0.0,0.0,2.0734,0.3,0.000101,1.5262,0.0,0.0,2.0862,0.000336,1.0254
2020-04-06,1791.88,8.85,0.3,0.011552,1.5431,0.0,0.0,2.0734,0.3,0.011552,1.5438,0.0,0.0,2.0862,0.038506,1.0648
2020-04-07,1823.6,8.99,0.3,0.005311,1.5513,0.0,0.0,2.0734,0.3,0.005311,1.552,0.0,0.0,2.0862,0.017702,1.0837
2020-04-08,1807.14,8.87,0.3,-0.002708,1.5471,0.0,0.0,2.0734,0.3,-0.002708,1.5478,0.0,0.0,2.0862,-0.009026,1.0739
2020-04-09,1836.21,8.76,0.3,0.004826,1.5546,0.0,0.0,2.0734,0.3,0.004826,1.5553,0.0,0.0,2.0862,0.016086,1.0912
2020-04-10,1860.7,9.0,0.3,0.004001,1.5608,0.0,0.0,2.0734,0.3,0.004001,1.5615,0.0,0.0,2.0862,0.013337,1.1057
2020-04-13,1825.76,8.97,0.3,-0.005633,1.552,0.0,0.0,2.0734,0.3,-0.005633,1.5527,0.0,0.0,2.0862,-0.018778,1.085
2020-04-14,1857.08,8.9,0.3,0.005146,1.56,0.0,0.0,2.0734,0.3,0.005146,1.5607,0.0,0.0,2.0862,0.017155,1.1036
2020-04-16,1857.07,8.77,0.3,-2e-06,1.56,0.0,0.0,2.0734,0.3,-2e-06,1.5607,0.0,0.0,2.0862,-5e-06,1.1036
2020-04-17,1914.53,8.17,0.3,0.009282,1.5745,0.0,0.0,2.0734,0.3,0.009282,1.5752,0.0,0.0,2.0862,0.030941,1.1377
2020-04-20,1898.36,8.15,0.4,-0.002684,1.5703,0.2,-0.0006,2.0722,0.3,-0.002534,1.5712,0.0,0.0,2.0862,-0.008446,1.1281
2020-04-21,1879.38,7.68,0.4,-0.003999,1.564,0.2,-0.004015,2.0639,0.4,-0.003149,1.5662,0.2,-0.0006,2.0849,-0.009998,1.1168
2020-04-22,1896.15,6.88,0.4,0.003569,1.5696,0.2,0.003553,2.0712,0.4,0.003569,1.5718,0.2,0.003553,2.0923,0.008923,1.1268
2020-04-23,1914.73,6.65,0.6,0.00362,1.5752,0.4,0.003304,2.078,0.4,0.00392,1.578,0.2,0.003904,2.1005,0.009799,1.1378
2020-04-24,1889.01,6.5,0.7,-0.00821,1.5623,0.6,-0.011378,2.0544,0.4,-0.005373,1.5695,0.2,-0.005389,2.0892,-0.013433,1.1226
2020-04-27,1922.77,5.95,0.7,0.01251,1.5819,0.6,0.021399,2.0984,0.4,0.007149,1.5807,0.2,0.007133,2.1041,0.017872,1.1426
2020-04-28,1934.09,5.92,0.9,0.003821,1.5879,0.8,0.006417,2.1118,0.9,0.001605,1.5833,0.8,0.000539,2.1052,0.005887,1.1493
2020-04-29,1947.56,5.99,1.0,0.006118,1.5976,1.0,0.01048,2.1339,0.9,0.006268,1.5932,0.8,0.01108,2.1285,0.006965,1.1574
2020-05-04,1895.37,6.14,1.0,-0.026798,1.5548,1.0,-0.053675,2.0194,0.9,-0.024118,1.5548,0.8,-0.04294,2.0371,-0.026798,1.1263
2020-05-06,1928.76,4.41,1.0,0.017617,1.5822,1.0,0.035154,2.0904,0.9,0.015855,1.5794,0.8,0.028123,2.0944,0.017617,1.1462
2020-05-07,1928.61,5.35,1.0,-7.8e-05,1.5821,1.0,-0.000235,2.0899,0.9,-7e-05,1.5793,0.8,-0.000188,2.094,-7.8e-05,1.1461
2020-05-08,1945.82,4.84,1.0,0.008924,1.5962,1.0,0.017768,2.127,0.9,0.008031,1.592,0.8,0.014214,2.1238,0.008924,1.1563
2020-05-11,1935.4,4.81,1.0,-0.005355,1.5876,1.0,-0.01079,2.1041,0.9,-0.00482,1.5843,0.8,-0.008632,2.1055,-0.005355,1.1501
2020-05-12,1922.17,2.87,1.0,-0.006836,1.5768,1.0,-0.013751,2.0752,1.0,-0.006302,1.5743,1.0,-0.011601,2.081,-0.006836,1.1423
2020-05-13,1940.42,3.52,1.0,0.009494,1.5918,1.0,0.01891,2.1144,1.0,0.009494,1.5893,1.0,0.01891,2.1204,0.009494,1.1531
2020-05-14,1924.96,3.34,1.0,-0.007967,1.5791,1.0,-0.016014,2.0805,1.0,-0.007967,1.5766,1.0,-0.016014,2.0864,-0.007967,1.1439
2020-05-15,1927.28,2.95,1.0,0.001205,1.581,1.0,0.002331,2.0854,1.0,0.001205,1.5785,1.0,0.002331,2.0913,0.001205,1.1453
2020-05-18,1937.11,3.32,1.0,0.0051,1.589,1.0,0.010122,2.1065,1.0,0.0051,1.5866,1.0,0.010122,2.1125,0.0051,1.1511
2020-05-19,1980.61,1.83,1.0,0.022456,1.6247,1.0,0.044833,2.2009,1.0,0.022456,1.6222,1.0,0.044833,2.2072,0.022456,1.177
2020-05-20,1989.64,2.86,1.0,0.004559,1.6321,1.0,0.009039,2.2208,1.0,0.004559,1.6296,1.0,0.009039,2.2271,0.004559,1.1824
2020-05-21,1998.31,3.05,1.0,0.004358,1.6393,1.0,0.008636,2.24,1.0,0.004358,1.6367,1.0,0.008636,2.2464,0.004358,1.1875
2020-05-22,1970.13,2.15,1.0,-0.014102,1.6161,1.0,-0.028283,2.1767,1.0,-0.014102,1.6136,1.0,-0.028283,2.1828,-0.014102,1.1708
2020-05-25,1994.6,2.92,1.0,0.012421,1.6362,1.0,0.024762,2.2306,1.0,0.012421,1.6337,1.0,0.024762,2.2369,0.012421,1.1853
2020-05-26,2029.78,3.05,1.0,0.017638,1.6651,1.0,0.035196,2.3091,1.0,0.017638,1.6625,1.0,0.035196,2.3156,0.017638,1.2062
2020-05-27,2031.2,3.07,1.0,0.0007,1.6662,1.0,0.00132,2.3121,1.0,0.0007,1.6636,1.0,0.00132,2.3187,0.0007,1.2071
2020-05-28,2028.54,3.41,1.0,-0.00131,1.664,1.0,-0.002699,2.3059,1.0,-0.00131,1.6615,1.0,-0.002699,2.3124,-0.00131,1.2055
2020-05-29,2029.6,3.47,1.0,0.000523,1.6649,1.0,0.000966,2.3081,1.0,0.000523,1.6623,1.0,0.000966,2.3146,0.000523,1.2061
2020-06-01,2065.08,3.57,1.0,0.017481,1.694,1.0,0.034883,2.3886,1.0,0.017481,1.6914,1.0,0.034883,2.3954,0.017481,1.2272
2020-06-02,2087.19,2.65,1.0,0.010707,1.7122,1.0,0.021334,2.4396,1.0,0.010707,1.7095,1.0,0.021334,2.4465,0.010707,1.2403
2020-06-03,2147.0,2.99,1.0,0.028656,1.7612,1.0,0.057232,2.5792,1.0,0.028656,1.7585,1.0,0.057232,2.5865,0.028656,1.2759
2020-06-04,2151.18,2.56,1.0,0.001947,1.7647,1.0,0.003814,2.589,1.0,0.001947,1.7619,1.0,0.003814,2.5964,0.001947,1.2784
2020-06-05,2181.87,2.79,1.0,0.014267,1.7898,1.0,0.028454,2.6627,1.0,0.014267,1.787,1.0,0.028454,2.6703,0.014267,1.2966
2020-06-08,2184.29,2.84,1.0,0.001109,1.7918,1.0,0.002139,2.6684,1.0,0.001109,1.789,1.0,0.002139,2.676,0.001109,1.298
2020-06-09,2188.92,1.93,1.0,0.00212,1.7956,1.0,0.00416,2.6795,1.0,0.00212,1.7928,1.0,0.00416,2.6871,0.00212,1.3008
2020-06-10,2195.69,2.28,1.0,0.003093,1.8012,1.0,0.006106,2.6958,1.0,0.003093,1.7984,1.0,0.006106,2.7035,0.003093,1.3048
2020-06-11,2176.78,2.44,1.0,-0.008612,1.7857,1.0,-0.017304,2.6492,1.0,-0.008612,1.7829,1.0,-0.017304,2.6567,-0.008612,1.2936
2020-06-12,2132.3,2.32,1.0,-0.020434,1.7492,1.0,-0.040947,2.5407,1.0,-0.020434,1.7464,1.0,-0.040947,2.5479,-0.020434,1.2671
2020-06-15,2030.82,2.29,1.0,-0.047592,1.6659,1.0,-0.095263,2.2987,1.0,-0.047592,1.6633,1.0,-0.095263,2.3052,-0.047592,1.2068
2020-06-16,2138.05,1.79,1.0,0.052801,1.7539,1.0,0.105523,2.5413,1.0,0.052801,1.7512,1.0,0.105523,2.5485,0.052801,1.2706
2020-06-17,2141.05,1.4,1.0,0.001403,1.7563,1.0,0.002727,2.5482,1.0,0.001403,1.7536,1.0,0.002727,2.5554,0.001403,1.2723
2020-06-18,2133.48,1.5,1.0,-0.003536,1.7501,1.0,-0.007151,2.53,1.0,-0.003536,1.7474,1.0,-0.007151,2.5371,-0.003536,1.2678
2020-06-19,2141.32,0.43,1.0,0.003675,1.7566,1.0,0.00727,2.5484,1.0,0.003675,1.7538,1.0,0.00727,2.5556,0.003675,1.2725
2020-06-22,2126.73,0.15,1.0,-0.006814,1.7446,1.0,-0.013706,2.5134,1.0,-0.006814,1.7419,1.0,-0.013706,2.5206,-0.006814,1.2638
2020-06-23,2131.24,-1.12,1.0,0.002121,1.7483,0.8,0.003562,2.5224,1.0,0.002121,1.7456,0.8,0.003562,2.5295,0.002121,1.2665
2020-06-24,2161.51,-2.62,0.9,0.014053,1.7729,0.6,0.022061,2.578,1.0,0.014203,1.7704,0.8,0.022661,2.5869,0.014203,1.2845
2020-06-25,2112.37,-2.92,0.7,-0.020761,1.7361,0.5,-0.027629,2.5068,1.0,-0.022734,1.7301,0.8,-0.036438,2.4926,-0.022734,1.2553
2020-06-26,2134.65,-5.18,0.5,0.007083,1.7484,0.3,0.009908,2.5316,1.0,0.010547,1.7484,0.8,0.016812,2.5345,0.010547,1.2685
2020-06-29,2093.48,-5.61,0.3,-0.009943,1.731,0.1,-0.012196,2.5008,1.0,-0.019287,1.7147,0.8,-0.030922,2.4561,-0.019287,1.2441
2020-06-30,2108.33,-6.26,0.1,0.001828,1.7341,0.0,0.001111,2.5035,0.1,0.005743,1.7245,0.0,0.008886,2.478,0.007093,1.2529
2020-07-01,2106.7,-6.82,0.0,-0.000227,1.7337,0.0,0.0,2.5035,0.1,-7.7e-05,1.7244,0.0,0.0,2.478,-0.000773,1.2519
2020-07-02,2135.37,-7.18,0.0,0.0,1.7337,0.0,0.0,2.5035,0.1,0.001361,1.7267,0.0,0.0,2.478,0.013609,1.269
2020-07-03,2152.41,-7.09,0.0,0.0,1.7337,0.0,0.0,2.5035,0.1,0.000798,1.7281,0.0,0.0,2.478,0.00798,1.2791
2020-07-06,2187.93,-7.3,0.0,0.0,1.7337,0.0,0.0,2.5035,0.1,0.00165,1.7309,0.0,0.0,2.478,0.016502,1.3002
2020-07-07,2164.17,-7.08,0.0,0.0,1.7337,0.0,0.0,2.5035,0.0,-0.001236,1.7288,0.0,0.0,2.478,-0.01086,1.2861
2020-07-08,2158.88,-7.02,0.0,0.0,1.7337,0.0,0.0,2.5035,0.0,0.0,1.7288,0.0,0.0,2.478,-0.002444,1.2829
2020-07-09,2167.9,-7.17,0.0,0.0,1.7337,0.0,0.0,2.5035,0.0,0.0,1.7288,0.0,0.0,2.478,0.004178,1.2883
2020-07-10,2150.25,-6.98,0.0,0.0,1.7337,0.0,0.0,2.5035,0.0,0.0,1.7288,0.0,0.0,2.478,-0.008142,1.2778
2020-07-13,2186.06,-7.25,0.0,0.0,1.7337,0.0,0.0,2.5035,0.0,0.0,1.7288,0.0,0.0,2.478,0.016654,1.2991
2020-07-14,2183.61,-7.19,0.0,0.0,1.7337,0.0,0.0,2.5035,0.0,0.0,1.7288,0.0,0.0,2.478,-0.001121,1.2976
2020-07-15,2201.88,-7.23,0.0,0.0,1.7337,0.0,0.0,2.5035,0.0,0.0,1.7288,0.0,0.0,2.478,0.008367,1.3085
2020-07-16,2183.76,-7.2,0.0,0.0,1.7337,0.0,0.0,2.5035,0.0,0.0,1.7288,0.0,0.0,2.478,-0.008229,1.2977
2020-07-17,2201.19,-7.17,0.0,0.0,1.7337,0.0,0.0,2.5035,0.0,0.0,1.7288,0.0,0.0,2.478,0.007982,1.3081
2020-07-20,2198.2,-6.99,0.0,0.0,1.7337,0.0,0.0,2.5035,0.0,0.0,1.7288,0.0,0.0,2.478,-0.001358,1.3063
2020-07-21,2228.83,-6.82,0.0,0.0,1.7337,0.0,0.0,2.5035,0.0,0.0,1.7288,0.0,0.0,2.478,0.013934,1.3245
2020-07-22,2228.66,-6.48,0.0,0.0,1.7337,0.0,0.0,2.5035,0.0,0.0,1.7288,0.0,0.0,2.478,-7.6e-05,1.3244
2020-07-23,2216.19,-6.34,0.0,0.0,1.7337,0.0,0.0,2.5035,0.0,0.0,1.7288,0.0,0.0,2.478,-0.005595,1.317
2020-07-24,2200.44,-6.33,0.0,0.0,1.7337,0.0,0.0,2.5035,0.0,0.0,1.7288,0.0,0.0,2.478,-0.007107,1.3076
2020-07-27,2217.86,-6.0,0.0,0.0,1.7337,0.0,0.0,2.5035,0.0,0.0,1.7288,0.0,0.0,2.478,0.007917,1.318
2020-07-28,2256.99,-5.85,0.0,0.0,1.7337,0.0,0.0,2.5035,0.0,0.0,1.7288,0.0,0.0,2.478,0.017643,1.3412
2020-07-29,2263.16,-5.64,0.0,0.0,1.7337,0.0,0.0,2.5035,0.0,0.0,1.7288,0.0,0.0,2.478,0.002734,1.3449
2020-07-30,2267.01,-5.31,0.0,0.0,1.7337,0.0,0.0,2.5035,0.0,0.0,1.7288,0.0,0.0,2.478,0.001701,1.3472
2020-07-31,2249.37,-5.29,0.0,0.0,1.7337,0.0,0.0,2.5035,0.0,0.0,1.7288,0.0,0.0,2.478,-0.007781,1.3367
2020-08-03,2251.04,-5.47,0.0,0.0,1.7337,0.0,0.0,2.5035,0.0,0.0,1.7288,0.0,0.0,2.478,0.000742,1.3377
2020-08-04,2279.97,-5.67,0.0,0.0,1.7337,0.0,0.0,2.5035,0.0,0.0,1.7288,0.0,0.0,2.478,0.012852,1.3549
2020-08-05,2311.86,-4.69,0.0,0.0,1.7337,0.0,0.0,2.5035,0.0,0.0,1.7288,0.0,0.0,2.478,0.013987,1.3738
2020-08-06,2342.61,-5.18,0.0,0.0,1.7337,0.0,0.0,2.5035,0.0,0.0,1.7288,0.0,0.0,2.478,0.013301,1.3921
2020-08-07,2351.67,-5.5,0.0,0.0,1.7337,0.0,0.0,2.5035,0.0,0.0,1.7288,0.0,0.0,2.478,0.003867,1.3975
2020-08-10,2386.38,-5.38,0.0,0.0,1.7337,0.0,0.0,2.5035,0.0,0.0,1.7288,0.0,0.0,2.478,0.01476,1.4181
2020-08-11,2418.67,-5.06,0.0,0.0,1.7337,0.0,0.0,2.5035,0.0,0.0,1.7288,0.0,0.0,2.478,0.013531,1.4373
2020-08-12,2432.35,-4.59,0.0,0.0,1.7337,0.0,0.0,2.5035,0.0,0.0,1.7288,0.0,0.0,2.478,0.005656,1.4454
2020-08-13,2437.53,-4.88,0.0,0.0,1.7337,0.0,0.0,2.5035,0.0,0.0,1.7288,0.0,0.0,2.478,0.00213,1.4485
2020-08-14,2407.49,-4.73,0.0,0.0,1.7337,0.0,0.0,2.5035,0.0,0.0,1.7288,0.0,0.0,2.478,-0.012324,1.4307
2020-08-18,2348.24,-4.71,0.0,0.0,1.7337,0.0,0.0,2.5035,0.0,0.0,1.7288,0.0,0.0,2.478,-0.024611,1.3955
2020-08-19,2360.54,-4.29,0.0,0.0,1.7337,0.0,0.0,2.5035,0.0,0.0,1.7288,0.0,0.0,2.478,0.005238,1.4028
2020-08-20,2274.22,-4.33,0.0,0.0,1.7337,0.0,0.0,2.5035,0.0,0.0,1.7288,0.0,0.0,2.478,-0.036568,1.3515
2020-08-21,2304.59,-4.52,0.3,-0.00045,1.733,0.2,-0.0006,2.502,0.0,0.0,1.7288,0.0,0.0,2.478,0.013354,1.3695
2020-08-24,2329.83,-3.82,0.3,0.003286,1.7387,0.2,0.004365,2.513,0.0,0.0,1.7288,0.0,0.0,2.478,0.010952,1.3845
2020-08-25,2366.73,-3.72,0.3,0.004751,1.7469,0.2,0.006319,2.5288,0.3,-0.00045,1.728,0.2,-0.0006,2.4765,0.015838,1.4064
2020-08-26,2369.32,-3.86,0.3,0.000328,1.7475,0.2,0.000422,2.5299,0.3,0.000328,1.7286,0.2,0.000422,2.4775,0.001094,1.408
2020-08-27,2344.45,-3.91,0.3,-0.003149,1.742,0.2,-0.004215,2.5192,0.3,-0.003149,1.7232,0.2,-0.004215,2.4671,-0.010497,1.3932
2020-08-28,2353.8,-3.76,0.0,0.000746,1.7433,0.0,0.000979,2.5217,0.3,0.001196,1.7252,0.2,0.001579,2.471,0.003988,1.3988
2020-08-31,2326.17,-3.32,0.0,0.0,1.7433,0.0,0.0,2.5217,0.3,-0.003522,1.7191,0.2,-0.004711,2.4593,-0.011738,1.3823
2020-09-01,2349.55,-3.35,0.0,0.0,1.7433,0.0,0.0,2.5217,0.0,0.002565,1.7235,0.0,0.003404,2.4677,0.010051,1.3962
2020-09-02,2364.37,-1.9,0.0,0.0,1.7433,0.0,0.0,2.5217,0.0,0.0,1.7235,0.0,0.0,2.4677,0.006308,1.405
2020-09-03,2395.9,-2.36,0.1,-0.00015,1.743,0.0,0.0,2.5217,0.0,0.0,1.7235,0.0,0.0,2.4677,0.013335,1.4238
2020-09-04,2368.25,-5.14,0.1,-0.001154,1.741,0.0,0.0,2.5217,0.0,0.0,1.7235,0.0,0.0,2.4677,-0.011541,1.4074
2020-09-07,2384.22,-5.7,0.1,0.000674,1.7422,0.0,0.0,2.5217,0.0,0.0,1.7235,0.0,0.0,2.4677,0.006743,1.4168
2020-09-08,2401.91,-2.34,0.1,0.000742,1.7435,0.0,0.0,2.5217,0.1,-0.00015,1.7233,0.0,0.0,2.4677,0.00742,1.4274
2020-09-09,2375.81,-2.39,0.1,-0.001087,1.7416,0.0,0.0,2.5217,0.1,-0.001087,1.7214,0.0,0.0,2.4677,-0.010866,1.4118
2020-09-10,2396.48,-3.35,0.1,0.00087,1.7431,0.0,0.0,2.5217,0.1,0.00087,1.7229,0.0,0.0,2.4677,0.0087,1.4241
2020-09-11,2396.69,-3.97,0.1,9e-06,1.7431,0.0,0.0,2.5217,0.1,9e-06,1.7229,0.0,0.0,2.4677,8.8e-05,1.4243
2020-09-14,2427.91,-4.05,0.1,0.001303,1.7454,0.0,0.0,2.5217,0.1,0.001303,1.7252,0.0,0.0,2.4677,0.013026,1.4428
2020-09-15,2443.58,-3.92,0.1,0.000645,1.7465,0.0,0.0,2.5217,0.1,0.000645,1.7263,0.0,0.0,2.4677,0.006454,1.4521
2020-09-16,2435.92,-4.15,0.0,-0.000463,1.7457,0.0,0.0,2.5217,0.1,-0.000313,1.7257,0.0,0.0,2.4677,-0.003135,1.4476
2020-09-17,2406.17,-4.14,0.0,0.0,1.7457,0.0,0.0,2.5217,0.1,-0.001221,1.7236,0.0,0.0,2.4677,-0.012213,1.4299
2020-09-18,2412.4,-4.45,0.0,0.0,1.7457,0.0,0.0,2.5217,0.1,0.000259,1.7241,0.0,0.0,2.4677,0.002589,1.4336
2020-09-21,2389.39,-4.21,0.0,0.0,1.7457,0.0,0.0,2.5217,0.1,-0.000954,1.7224,0.0,0.0,2.4677,-0.009538,1.4199
2020-09-22,2332.59,-4.37,0.0,0.0,1.7457,0.0,0.0,2.5217,0.0,-0.002527,1.7181,0.0,0.0,2.4677,-0.023772,1.3862
2020-09-23,2333.24,-4.15,0.0,0.0,1.7457,0.0,0.0,2.5217,0.0,0.0,1.7181,0.0,0.0,2.4677,0.000279,1.3865
2020-09-24,2272.7,-4.1,0.0,0.0,1.7457,0.0,0.0,2.5217,0.0,0.0,1.7181,0.0,0.0,2.4677,-0.025947,1.3506
2020-09-25,2278.79,-3.78,0.3,-0.00045,1.7449,0.2,-0.0006,2.5202,0.0,0.0,1.7181,0.0,0.0,2.4677,0.00268,1.3542
2020-09-28,2308.08,-3.47,0.3,0.003856,1.7516,0.2,0.005125,2.5331,0.0,0.0,1.7181,0.0,0.0,2.4677,0.012853,1.3716
2020-09-29,2327.89,-3.07,0.3,0.002575,1.7562,0.2,0.003417,2.5418,0.3,-0.00045,1.7173,0.2,-0.0006,2.4662,0.008583,1.3834
2020-10-05,2358.0,-3.41,0.3,0.00388,1.763,0.2,0.005158,2.5549,0.3,0.00388,1.724,0.2,0.005158,2.4789,0.012934,1.4013
2020-10-06,2365.9,-2.47,0.3,0.001005,1.7647,0.2,0.001324,2.5583,0.3,0.001005,1.7257,0.2,0.001324,2.4822,0.00335,1.406
2020-10-07,2386.94,-1.38,0.0,0.002218,1.7687,0.0,0.002941,2.5658,0.3,0.002668,1.7303,0.2,0.003541,2.491,0.008893,1.4185
2020-10-08,2391.96,-3.61,0.1,-0.00015,1.7684,0.0,0.0,2.5658,0.3,0.000631,1.7314,0.2,0.000825,2.4931,0.002103,1.4214
2020-10-12,2403.73,-4.0,0.1,0.000492,1.7693,0.0,0.0,2.5658,0.3,0.001476,1.734,0.2,0.001952,2.4979,0.004921,1.4284
2020-10-13,2403.15,-2.2,0.1,-2.4e-05,1.7692,0.0,0.0,2.5658,0.1,-0.000372,1.7333,0.0,-0.000712,2.4962,-0.000241,1.4281
2020-10-14,2380.48,-1.8,0.2,-0.001093,1.7673,0.0,0.0,2.5658,0.1,-0.000943,1.7317,0.0,0.0,2.4962,-0.009433,1.4146
2020-10-15,2361.21,-2.03,0.2,-0.001619,1.7644,0.0,0.0,2.5658,0.1,-0.00081,1.7303,0.0,0.0,2.4962,-0.008095,1.4032
2020-10-16,2341.53,-2.35,0.2,-0.001667,1.7615,0.0,0.0,2.5658,0.1,-0.000833,1.7288,0.0,0.0,2.4962,-0.008335,1.3915
2020-10-19,2346.74,-2.07,0.2,0.000445,1.7623,0.0,0.0,2.5658,0.1,0.000223,1.7292,0.0,0.0,2.4962,0.002225,1.3946
2020-10-20,2358.41,-1.95,0.3,0.000845,1.7638,0.0,0.0,2.5658,0.3,0.000197,1.7296,0.0,0.0,2.4962,0.004973,1.4015
2020-10-21,2370.86,-1.91,0.3,0.001584,1.7665,0.0,0.0,2.5658,0.3,0.001584,1.7323,0.0,0.0,2.4962,0.005279,1.4089
2020-10-22,2355.05,-1.36,0.3,-0.002001,1.763,0.0,0.0,2.5658,0.3,-0.002001,1.7288,0.0,0.0,2.4962,-0.006668,1.3995
2020-10-23,2360.81,-0.46,0.3,0.000734,1.7643,0.0,0.0,2.5658,0.3,0.000734,1.7301,0.0,0.0,2.4962,0.002446,1.4029
2020-10-26,2343.91,-0.05,0.4,-0.002298,1.7603,0.1,-0.0003,2.565,0.3,-0.002148,1.7264,0.0,0.0,2.4962,-0.007159,1.3929
2020-10-27,2330.84,0.16,0.6,-0.00253,1.7558,0.2,-0.001423,2.5614,0.6,-0.002123,1.7227,0.2,-0.0006,2.4947,-0.005576,1.3851
2020-10-28,2345.26,-0.37,0.7,0.003562,1.7621,0.3,0.002159,2.5669,0.6,0.003712,1.7291,0.2,0.002459,2.5008,0.006187,1.3937
2020-10-29,2326.67,-0.49,0.8,-0.005699,1.752,0.4,-0.00508,2.5539,0.6,-0.004756,1.7209,0.2,-0.003187,2.4928,-0.007927,1.3826
2020-10-30,2267.15,-0.28,0.8,-0.020465,1.7162,0.4,-0.020497,2.5015,0.6,-0.015349,1.6945,0.2,-0.010249,2.4673,-0.025582,1.3473
2020-11-02,2300.16,-0.28,0.8,0.011648,1.7361,0.4,0.011616,2.5306,0.6,0.008736,1.7093,0.2,0.005808,2.4816,0.01456,1.3669
2020-11-03,2343.31,-0.09,0.8,0.015008,1.7622,0.4,0.014976,2.5685,0.8,0.010956,1.728,0.4,0.006888,2.4987,0.01876,1.3925
2020-11-04,2357.32,-0.56,0.8,0.004783,1.7706,0.4,0.004751,2.5807,0.8,0.004783,1.7363,0.4,0.004751,2.5106,0.005979,1.4009
2020-11-05,2413.79,-0.73,0.8,0.019164,1.8046,0.4,0.019132,2.63,0.8,0.019164,1.7695,0.4,0.019132,2.5586,0.023955,1.4344
2020-11-06,2416.5,-0.66,0.8,0.000898,1.8062,0.4,0.000866,2.6323,0.8,0.000898,1.7711,0.4,0.000866,2.5608,0.001123,1.436
2020-11-09,2447.2,-0.47,0.8,0.010163,1.8245,0.4,0.010132,2.659,0.8,0.010163,1.7891,0.4,0.010132,2.5868,0.012704,1.4543
2020-11-10,2452.83,0.07,0.7,0.00169,1.8276,0.3,0.001509,2.663,0.7,0.00169,1.7922,0.3,0.001509,2.5907,0.002301,1.4576
2020-11-11,2485.87,0.23,0.8,0.009279,1.8446,0.4,0.007758,2.6837,0.7,0.009429,1.8091,0.3,0.008058,2.6116,0.01347,1.4772
2020-11-12,2475.62,0.73,0.8,-0.003299,1.8385,0.4,-0.00333,2.6747,0.7,-0.002886,1.8038,0.3,-0.002498,2.605,-0.004123,1.4712
2020-11-13,2493.87,0.74,0.9,0.005748,1.8491,0.5,0.005566,2.6896,0.7,0.00516,1.8131,0.3,0.004399,2.6165,0.007372,1.482
2020-11-16,2543.03,1.07,0.9,0.017741,1.8819,0.6,0.019373,2.7417,0.7,0.013799,1.8382,0.3,0.011804,2.6474,0.019712,1.5112
2020-11-17,2539.15,0.99,1.0,-0.001523,1.879,0.7,-0.002179,2.7357,1.0,-0.001518,1.8354,0.7,-0.002139,2.6417,-0.001526,1.5089
2020-11-18,2545.64,1.76,1.0,0.002556,1.8838,0.7,0.003523,2.7454,1.0,0.002556,1.8401,0.7,0.003523,2.651,0.002556,1.5128
2020-11-19,2547.42,2.02,1.0,0.000699,1.8851,0.8,0.000623,2.7471,1.0,0.000699,1.8414,0.7,0.000923,2.6535,0.000699,1.5138
2020-11-20,2553.5,2.19,1.0,0.002387,1.8896,0.9,0.003455,2.7566,1.0,0.002387,1.8458,0.7,0.003286,2.6622,0.002387,1.5174
2020-11-23,2602.59,1.67,1.0,0.019225,1.926,0.9,0.034533,2.8518,1.0,0.019225,1.8812,0.7,0.026859,2.7337,0.019225,1.5466
2020-11-24,2617.76,1.53,1.0,0.005829,1.9372,1.0,0.01012,2.8806,1.0,0.005829,1.8922,1.0,0.007205,2.7534,0.005829,1.5556
2020-11-25,2601.54,0.09,1.0,-0.006196,1.9252,1.0,-0.012472,2.8447,1.0,-0.006196,1.8805,1.0,-0.012472,2.719,-0.006196,1.546
2020-11-26,2625.91,0.58,1.0,0.009368,1.9432,0.9,0.018356,2.8969,1.0,0.009368,1.8981,1.0,0.018656,2.7698,0.009368,1.5605
2020-11-27,2633.45,0.51,1.0,0.002871,1.9488,0.8,0.004797,2.9108,1.0,0.002871,1.9035,1.0,0.005663,2.7855,0.002871,1.5649
2020-11-30,2591.34,0.89,1.0,-0.01599,1.9176,0.8,-0.025648,2.8362,1.0,-0.01599,1.8731,1.0,-0.03206,2.6962,-0.01599,1.5399
2020-12-01,2634.25,0.85,1.0,0.016559,1.9494,0.7,0.026131,2.9103,1.0,0.016559,1.9041,0.7,0.032139,2.7828,0.016559,1.5654
2020-12-02,2675.9,0.41,1.0,0.015811,1.9802,0.7,0.02208,2.9745,1.0,0.015811,1.9342,0.7,0.02208,2.8442,0.015811,1.5902
2020-12-03,2696.22,0.42,1.0,0.007594,1.9952,0.7,0.010576,3.006,1.0,0.007594,1.9489,0.7,0.010576,2.8743,0.007594,1.6023
2020-12-04,2731.45,-0.47,1.0,0.013066,2.0213,0.7,0.018237,3.0608,1.0,0.013066,1.9744,0.7,0.018237,2.9267,0.013066,1.6232
2020-12-07,2745.44,-1.04,1.0,0.005122,2.0317,0.6,0.006815,3.0817,1.0,0.005122,1.9845,0.7,0.007115,2.9476,0.005122,1.6315
2020-12-08,2700.93,-2.07,0.9,-0.016362,1.9984,0.5,-0.019802,3.0207,0.9,-0.016362,1.952,0.5,-0.023353,2.8787,-0.016212,1.6051
2020-12-09,2755.47,-1.48,0.7,0.017874,2.0341,0.4,0.019853,3.0806,0.9,0.018174,1.9875,0.5,0.020153,2.9368,0.020193,1.6375
2020-12-10,2746.46,0.07,0.6,-0.002439,2.0292,0.2,-0.003248,3.0706,0.9,-0.002943,1.9816,0.5,-0.00331,2.927,-0.00327,1.6321
2020-12-11,2770.06,0.37,0.6,0.005156,2.0396,0.2,0.003421,3.0811,0.9,0.007734,1.997,0.5,0.008553,2.9521,0.008593,1.6461
2020-12-14,2762.2,-1.46,0.6,-0.001702,2.0362,0.3,-0.001451,3.0767,0.9,-0.002554,1.9919,0.5,-0.002877,2.9436,-0.002837,1.6415
2020-12-15,2756.82,-1.87,0.6,-0.001169,2.0338,0.2,-0.001492,3.0721,0.6,-0.002203,1.9875,0.2,-0.002887,2.9351,-0.001948,1.6383
2020-12-16,2771.79,-1.57,0.6,0.003258,2.0404,0.2,0.002156,3.0787,0.6,0.003258,1.994,0.2,0.002156,2.9414,0.00543,1.6472
2020-12-17,2770.43,-1.33,0.6,-0.000294,2.0398,0.2,-0.000212,3.078,0.6,-0.000294,1.9934,0.2,-0.000212,2.9408,-0.000491,1.6464
2020-12-18,2772.18,-1.32,0.5,0.000229,2.0403,0.2,0.000237,3.0788,0.6,0.000379,1.9941,0.2,0.000237,2.9415,0.000632,1.6474
2020-12-21,2778.65,-1.0,0.4,0.001017,2.0424,0.1,0.000618,3.0807,0.6,0.0014,1.9969,0.2,0.000918,2.9442,0.002334,1.6512
2020-12-22,2733.68,-1.28,0.5,-0.006624,2.0288,0.1,-0.003245,3.0707,0.5,-0.00986,1.9772,0.1,-0.00679,2.9242,-0.016184,1.6245
2020-12-23,2759.82,-0.9,0.5,0.004781,2.0385,0.1,0.001905,3.0765,0.5,0.004781,1.9867,0.1,0.001905,2.9298,0.009562,1.64
2020-12-24,2806.86,0.08,0.5,0.008522,2.0559,0.1,0.003401,3.087,0.5,0.008522,2.0036,0.1,0.003401,2.9397,0.017045,1.668
2020-12-28,2808.6,0.53,0.6,0.00016,2.0562,0.2,-0.000184,3.0864,0.5,0.00031,2.0042,0.1,0.000116,2.9401,0.00062,1.669
2020-12-29,2820.51,0.96,0.7,0.002394,2.0612,0.3,0.00138,3.0907,0.7,0.00182,2.0079,0.3,0.00024,2.9408,0.004241,1.6761
2020-12-30,2873.47,0.56,0.8,0.012994,2.0879,0.5,0.010642,3.1236,0.7,0.013144,2.0343,0.3,0.011242,2.9738,0.018777,1.7076
2021-01-04,2944.45,1.04,0.9,0.019611,2.1289,0.6,0.024362,3.1997,0.7,0.017291,2.0695,0.3,0.014797,3.0178,0.024702,1.7498
2021-01-05,2990.57,0.54,1.0,0.013947,2.1586,0.7,0.018448,3.2587,1.0,0.010514,2.0912,0.7,0.008174,3.0425,0.015663,1.7772
2021-01-06,2968.21,0.9,1.0,-0.007477,2.1424,0.7,-0.010523,3.2244,1.0,-0.007477,2.0756,0.7,-0.010523,3.0105,-0.007477,1.7639
2021-01-07,3031.68,0.21,1.0,0.021383,2.1882,0.7,0.029881,3.3207,1.0,0.021383,2.12,0.7,0.029881,3.1004,0.021383,1.8016
2021-01-08,3152.18,0.38,1.0,0.039747,2.2752,0.7,0.05559,3.5053,1.0,0.039747,2.2042,0.7,0.05559,3.2728,0.039747,1.8732
2021-01-11,3148.45,0.07,1.0,-0.001183,2.2725,0.7,-0.001712,3.4993,1.0,-0.001183,2.2016,0.7,-0.001712,3.2672,-0.001183,1.871
2021-01-12,3125.95,-2.85,1.0,-0.007146,2.2563,0.6,-0.01036,3.4631,1.0,-0.007146,2.1859,0.6,-0.01036,3.2333,-0.007146,1.8576
2021-01-13,3148.29,-1.62,0.8,0.006847,2.2717,0.5,0.008228,3.4916,1.0,0.007147,2.2015,0.6,0.008528,3.2609,0.007147,1.8709
2021-01-14,3149.93,-1.18,0.7,0.000267,2.2723,0.3,-0.000119,3.4912,1.0,0.000521,2.2026,0.6,0.000577,3.2628,0.000521,1.8719
2021-01-15,3085.9,-3.53,0.6,-0.014379,2.2397,0.3,-0.01222,3.4485,1.0,-0.020327,2.1579,0.6,-0.024441,3.1831,-0.020327,1.8338
2021-01-18,3013.93,-4.72,0.4,-0.014293,2.2077,0.1,-0.014617,3.3981,1.0,-0.023322,2.1075,0.6,-0.028034,3.0938,-0.023322,1.7911
2021-01-19,3092.66,-4.62,0.5,0.010299,2.2304,0.2,0.004916,3.4148,0.5,0.025372,2.161,0.2,0.030099,3.1869,0.026122,1.8378
2021-01-20,3114.55,-3.94,0.5,0.003539,2.2383,0.2,0.002815,3.4244,0.5,0.003539,2.1687,0.2,0.002815,3.1959,0.007078,1.8508
2021-01-21,3160.84,-4.61,0.4,0.007281,2.2546,0.2,0.005929,3.4447,0.5,0.007431,2.1848,0.2,0.005929,3.2149,0.014863,1.8784
2021-01-22,3140.63,-4.48,0.3,-0.002708,2.2485,0.2,-0.002573,3.4359,0.5,-0.003197,2.1778,0.2,-0.002573,3.2066,-0.006394,1.8663
2021-01-25,3208.99,-4.8,0.3,0.00653,2.2632,0.2,0.008691,3.4657,0.5,0.010883,2.2015,0.2,0.008691,3.2345,0.021766,1.907
2021-01-26,3140.31,-4.87,0.0,-0.006871,2.2476,0.0,-0.009177,3.4339,0.0,-0.011451,2.1763,0.0,-0.009177,3.2048,-0.021402,1.8662
2021-01-27,3122.56,-6.05,0.0,0.0,2.2476,0.0,0.0,3.4339,0.0,0.0,2.1763,0.0,0.0,3.2048,-0.005652,1.8556
2021-01-28,3069.05,-6.24,0.0,0.0,2.2476,0.0,0.0,3.4339,0.0,0.0,2.1763,0.0,0.0,3.2048,-0.017137,1.8238
2021-01-29,2976.21,-5.62,0.3,-0.00045,2.2466,0.2,-0.0006,3.4319,0.0,0.0,2.1763,0.0,0.0,3.2048,-0.03025,1.7686
2021-02-01,3056.53,-5.79,0.3,0.008096,2.2648,0.2,0.010779,3.4688,0.0,0.0,2.1763,0.0,0.0,3.2048,0.026987,1.8164
2021-02-02,3096.81,-5.3,0.3,0.003954,2.2737,0.2,0.005255,3.4871,0.3,-0.00045,2.1753,0.2,-0.0006,3.2029,0.013178,1.8403
2021-02-03,3129.68,-5.03,0.3,0.003184,2.281,0.2,0.00423,3.5018,0.3,0.003184,2.1822,0.2,0.00423,3.2164,0.010614,1.8598
2021-02-04,3087.55,-5.02,0.3,-0.004038,2.2718,0.2,-0.0054,3.4829,0.3,-0.004038,2.1734,0.2,-0.0054,3.199,-0.013461,1.8348
2021-02-05,3120.63,-6.26,0.3,0.003214,2.2791,0.2,0.00427,3.4978,0.3,0.003214,2.1804,0.2,0.00427,3.2127,0.010714,1.8545
2021-02-08,3091.24,-5.97,0.0,-0.003275,2.2716,0.0,-0.004383,3.4825,0.3,-0.002825,2.1742,0.2,-0.003783,3.2005,-0.009418,1.837
2021-02-09,3084.67,-5.61,0.0,0.0,2.2716,0.0,0.0,3.4825,0.0,-0.001088,2.1719,0.0,-0.001466,3.1958,-0.002125,1.8331
2021-02-10,3100.58,-5.69,0.0,0.0,2.2716,0.0,0.0,3.4825,0.0,0.0,2.1719,0.0,0.0,3.1958,0.005158,1.8425
2021-02-15,3147.0,-5.87,0.0,0.0,2.2716,0.0,0.0,3.4825,0.0,0.0,2.1719,0.0,0.0,3.1958,0.014971,1.8701
2021-02-16,3163.25,-6.13,0.0,0.0,2.2716,0.0,0.0,3.4825,0.0,0.0,2.1719,0.0,0.0,3.1958,0.005164,1.8798
2021-02-17,3133.73,-6.1,0.0,0.0,2.2716,0.0,0.0,3.4825,0.0,0.0,2.1719,0.0,0.0,3.1958,-0.009332,1.8622
2021-02-18,3086.66,-6.55,0.0,0.0,2.2716,0.0,0.0,3.4825,0.0,0.0,2.1719,0.0,0.0,3.1958,-0.01502,1.8343
2021-02-19,3107.62,-6.83,0.0,0.0,2.2716,0.0,0.0,3.4825,0.0,0.0,2.1719,0.0,0.0,3.1958,0.006791,1.8467
2021-02-22,3079.75,-6.52,0.0,0.0,2.2716,0.0,0.0,3.4825,0.0,0.0,2.1719,0.0,0.0,3.1958,-0.008968,1.8302
2021-02-23,3070.09,-6.97,0.0,0.0,2.2716,0.0,0.0,3.4825,0.0,0.0,2.1719,0.0,0.0,3.1958,-0.003137,1.8244
2021-02-24,2994.98,-7.02,0.0,0.0,2.2716,0.0,0.0,3.4825,0.0,0.0,2.1719,0.0,0.0,3.1958,-0.024465,1.7798
2021-02-25,3099.69,-7.09,0.0,0.0,2.2716,0.0,0.0,3.4825,0.0,0.0,2.1719,0.0,0.0,3.1958,0.034962,1.842
2021-02-26,3012.95,-6.23,0.0,0.0,2.2716,0.0,0.0,3.4825,0.0,0.0,2.1719,0.0,0.0,3.1958,-0.027983,1.7905
2021-03-02,3043.87,-6.26,0.0,0.0,2.2716,0.0,0.0,3.4825,0.0,0.0,2.1719,0.0,0.0,3.1958,0.010262,1.8088
2021-03-03,3082.99,-5.95,0.0,0.0,2.2716,0.0,0.0,3.4825,0.0,0.0,2.1719,0.0,0.0,3.1958,0.012852,1.8321
2021-03-04,3043.49,-4.48,0.0,0.0,2.2716,0.0,0.0,3.4825,0.0,0.0,2.1719,0.0,0.0,3.1958,-0.012812,1.8086
2021-03-05,3026.26,-6.09,0.0,0.0,2.2716,0.0,0.0,3.4825,0.0,0.0,2.1719,0.0,0.0,3.1958,-0.005661,1.7984
2021-03-08,2996.11,-6.5,0.0,0.0,2.2716,0.0,0.0,3.4825,0.0,0.0,2.1719,0.0,0.0,3.1958,-0.009963,1.7805
2021-03-09,2976.12,-6.64,0.0,0.0,2.2716,0.0,0.0,3.4825,0.0,0.0,2.1719,0.0,0.0,3.1958,-0.006672,1.7686
2021-03-10,2958.12,-5.26,0.0,0.0,2.2716,0.0,0.0,3.4825,0.0,0.0,2.1719,0.0,0.0,3.1958,-0.006048,1.7579
2021-03-11,3013.7,-5.48,0.0,0.0,2.2716,0.0,0.0,3.4825,0.0,0.0,2.1719,0.0,0.0,3.1958,0.018789,1.7909
2021-03-12,3054.39,-6.82,0.0,0.0,2.2716,0.0,0.0,3.4825,0.0,0.0,2.1719,0.0,0.0,3.1958,0.013502,1.8151
2021-03-15,3045.71,-7.14,0.0,0.0,2.2716,0.0,0.0,3.4825,0.0,0.0,2.1719,0.0,0.0,3.1958,-0.002842,1.8099
2021-03-16,3067.17,-5.82,0.0,0.0,2.2716,0.0,0.0,3.4825,0.0,0.0,2.1719,0.0,0.0,3.1958,0.007046,1.8227
2021-03-17,3047.5,-5.15,0.0,0.0,2.2716,0.0,0.0,3.4825,0.0,0.0,2.1719,0.0,0.0,3.1958,-0.006413,1.811
2021-03-18,3066.01,-5.4,0.0,0.0,2.2716,0.0,0.0,3.4825,0.0,0.0,2.1719,0.0,0.0,3.1958,0.006074,1.822
2021-03-19,3039.53,-5.43,0.0,0.0,2.2716,0.0,0.0,3.4825,0.0,0.0,2.1719,0.0,0.0,3.1958,-0.008637,1.8063
2021-03-22,3035.46,-5.41,0.0,0.0,2.2716,0.0,0.0,3.4825,0.0,0.0,2.1719,0.0,0.0,3.1958,-0.001339,1.8038
2021-03-23,3004.74,-5.73,0.0,0.0,2.2716,0.0,0.0,3.4825,0.0,0.0,2.1719,0.0,0.0,3.1958,-0.01012,1.7856
2021-03-24,2996.35,-5.65,0.0,0.0,2.2716,0.0,0.0,3.4825,0.0,0.0,2.1719,0.0,0.0,3.1958,-0.002792,1.7806
2021-03-25,3008.33,-6.02,0.0,0.0,2.2716,0.0,0.0,3.4825,0.0,0.0,2.1719,0.0,0.0,3.1958,0.003998,1.7877
2021-03-26,3041.01,-6.41,0.0,0.0,2.2716,0.0,0.0,3.4825,0.0,0.0,2.1719,0.0,0.0,3.1958,0.010863,1.8071
2021-03-29,3036.04,-6.33,0.0,0.0,2.2716,0.0,0.0,3.4825,0.0,0.0,2.1719,0.0,0.0,3.1958,-0.001634,1.8042
2021-03-30,3070.0,-6.11,0.0,0.0,2.2716,0.0,0.0,3.4825,0.0,0.0,2.1719,0.0,0.0,3.1958,0.011186,1.8244
2021-03-31,3061.42,-6.05,0.0,0.0,2.2716,0.0,0.0,3.4825,0.0,0.0,2.1719,0.0,0.0,3.1958,-0.002795,1.8193
2021-04-01,3087.4,-6.36,0.0,0.0,2.2716,0.0,0.0,3.4825,0.0,0.0,2.1719,0.0,0.0,3.1958,0.008486,1.8347
2021-04-02,3112.8,-6.33,0.0,0.0,2.2716,0.0,0.0,3.4825,0.0,0.0,2.1719,0.0,0.0,3.1958,0.008227,1.8498
2021-04-05,3120.83,-5.47,0.0,0.0,2.2716,0.0,0.0,3.4825,0.0,0.0,2.1719,0.0,0.0,3.1958,0.00258,1.8546
2021-04-06,3127.08,-5.62,0.0,0.0,2.2716,0.0,0.0,3.4825,0.0,0.0,2.1719,0.0,0.0,3.1958,0.002003,1.8583
2021-04-07,3137.41,-6.05,0.0,0.0,2.2716,0.0,0.0,3.4825,0.0,0.0,2.1719,0.0,0.0,3.1958,0.003303,1.8644
2021-04-08,3143.26,-6.11,0.0,0.0,2.2716,0.0,0.0,3.4825,0.0,0.0,2.1719,0.0,0.0,3.1958,0.001865,1.8679
2021-04-09,3131.88,-6.1,0.0,0.0,2.2716,0.0,0.0,3.4825,0.0,0.0,2.1719,0.0,0.0,3.1958,-0.00362,1.8611
2021-04-12,3135.59,-6.4,0.0,0.0,2.2716,0.0,0.0,3.4825,0.0,0.0,2.1719,0.0,0.0,3.1958,0.001185,1.8634
2021-04-13,3169.08,-6.3,0.0,0.0,2.2716,0.0,0.0,3.4825,0.0,0.0,2.1719,0.0,0.0,3.1958,0.010681,1.8833
2021-04-14,3182.38,-6.33,0.0,0.0,2.2716,0.0,0.0,3.4825,0.0,0.0,2.1719,0.0,0.0,3.1958,0.004197,1.8912
2021-04-15,3194.33,-6.08,0.0,0.0,2.2716,0.0,0.0,3.4825,0.0,0.0,2.1719,0.0,0.0,3.1958,0.003755,1.8983
2021-04-16,3198.62,-5.89,0.0,0.0,2.2716,0.0,0.0,3.4825,0.0,0.0,2.1719,0.0,0.0,3.1958,0.001343,1.9008
2021-04-19,3198.84,-5.36,0.0,0.0,2.2716,0.0,0.0,3.4825,0.0,0.0,2.1719,0.0,0.0,3.1958,6.9e-05,1.9009
2021-04-20,3220.7,-5.18,0.0,0.0,2.2716,0.0,0.0,3.4825,0.0,0.0,2.1719,0.0,0.0,3.1958,0.006834,1.9139
2021-04-21,3171.66,-3.81,0.0,0.0,2.2716,0.0,0.0,3.4825,0.0,0.0,2.1719,0.0,0.0,3.1958,-0.015227,1.8848
2021-04-22,3177.52,-4.91,0.0,0.0,2.2716,0.0,0.0,3.4825,0.0,0.0,2.1719,0.0,0.0,3.1958,0.001848,1.8883
2021-04-23,3186.1,-4.67,0.0,0.0,2.2716,0.0,0.0,3.4825,0.0,0.0,2.1719,0.0,0.0,3.1958,0.0027,1.8934
2021-04-26,3217.53,-4.55,0.0,0.0,2.2716,0.0,0.0,3.4825,0.0,0.0,2.1719,0.0,0.0,3.1958,0.009865,1.912
2021-04-27,3215.42,-4.47,0.0,0.0,2.2716,0.0,0.0,3.4825,0.0,0.0,2.1719,0.0,0.0,3.1958,-0.000656,1.9108
2021-04-28,3181.47,-4.49,0.0,0.0,2.2716,0.0,0.0,3.4825,0.0,0.0,2.1719,0.0,0.0,3.1958,-0.010558,1.8906
2021-04-29,3174.07,-4.04,0.0,0.0,2.2716,0.0,0.0,3.4825,0.0,0.0,2.1719,0.0,0.0,3.1958,-0.002326,1.8862
2021-04-30,3147.86,-3.03,0.0,0.0,2.2716,0.0,0.0,3.4825,0.0,0.0,2.1719,0.0,0.0,3.1958,-0.008258,1.8706
2021-05-03,3127.2,-6.55,0.0,0.0,2.2716,0.0,0.0,3.4825,0.0,0.0,2.1719,0.0,0.0,3.1958,-0.006563,1.8584
2021-05-04,3147.37,-6.63,0.0,0.0,2.2716,0.0,0.0,3.4825,0.0,0.0,2.1719,0.0,0.0,3.1958,0.00645,1.8704
2021-05-06,3178.74,-1.23,0.0,0.0,2.2716,0.0,0.0,3.4825,0.0,0.0,2.1719,0.0,0.0,3.1958,0.009967,1.889
2021-05-07,3197.2,-1.6,0.1,-0.00015,2.2713,0.0,0.0,3.4825,0.0,0.0,2.1719,0.0,0.0,3.1958,0.005807,1.9
2021-05-10,3249.3,-1.65,0.2,0.00148,2.2746,0.0,0.0,3.4825,0.0,0.0,2.1719,0.0,0.0,3.1958,0.016296,1.9309
2021-05-11,3209.43,-1.99,0.3,-0.002604,2.2687,0.0,0.0,3.4825,0.3,-0.00045,2.1709,0.0,0.0,3.1958,-0.01227,1.9072
2021-05-12,3161.66,-2.91,0.3,-0.004465,2.2586,0.0,0.0,3.4825,0.3,-0.004465,2.1612,0.0,0.0,3.1958,-0.014884,1.8788
2021-05-13,3122.11,-2.53,0.3,-0.003753,2.2501,0.0,0.0,3.4825,0.3,-0.003753,2.1531,0.0,0.0,3.1958,-0.012509,1.8553
2021-05-14,3153.32,-2.18,0.3,0.002999,2.2568,0.0,0.0,3.4825,0.3,0.002999,2.1596,0.0,0.0,3.1958,0.009996,1.8739
2021-05-17,3134.52,-2.19,0.2,-0.001939,2.2525,0.0,0.0,3.4825,0.3,-0.001789,2.1557,0.0,0.0,3.1958,-0.005962,1.8627
2021-05-18,3173.05,-3.36,0.2,0.002458,2.258,0.0,0.0,3.4825,0.2,0.003538,2.1633,0.0,0.0,3.1958,0.012292,1.8856
2021-05-20,3162.28,-2.89,0.1,-0.000829,2.2561,0.0,0.0,3.4825,0.2,-0.000679,2.1619,0.0,0.0,3.1958,-0.003394,1.8792
2021-05-21,3156.42,-2.62,0.1,-0.000185,2.2557,0.0,0.0,3.4825,0.2,-0.000371,2.1611,0.0,0.0,3.1958,-0.001853,1.8757
2021-05-24,3144.3,-2.54,0.1,-0.000384,2.2549,0.0,0.0,3.4825,0.2,-0.000768,2.1594,0.0,0.0,3.1958,-0.00384,1.8685
2021-05-25,3171.32,-1.91,0.1,0.000859,2.2568,0.0,0.0,3.4825,0.1,0.001569,2.1628,0.0,0.0,3.1958,0.008593,1.8846
2021-05-26,3168.43,-1.43,0.1,-9.1e-05,2.2566,0.0,0.0,3.4825,0.1,-9.1e-05,2.1626,0.0,0.0,3.1958,-0.000911,1.8829
2021-05-27,3165.51,-1.41,0.2,-0.000242,2.256,0.0,0.0,3.4825,0.1,-9.2e-05,2.1624,0.0,0.0,3.1958,-0.000922,1.8811
2021-05-28,3188.73,-0.67,0.3,0.001317,2.259,0.0,0.0,3.4825,0.1,0.000734,2.164,0.0,0.0,3.1958,0.007335,1.8949
2021-05-31,3203.92,0.04,0.4,0.001279,2.2619,0.1,-0.0003,3.4814,0.1,0.000476,2.165,0.0,0.0,3.1958,0.004764,1.904
2021-06-01,3221.87,0.02,0.6,0.001941,2.2663,0.2,0.000813,3.4842,0.6,-0.00019,2.1646,0.2,-0.0006,3.1939,0.005603,1.9146
2021-06-02,3224.23,0.18,0.7,0.000289,2.2669,0.3,-2.3e-05,3.4842,0.6,0.000439,2.1655,0.2,0.000277,3.1948,0.000732,1.916
2021-06-03,3247.43,1.29,0.8,0.004887,2.278,0.4,0.003994,3.4981,0.6,0.004317,2.1749,0.2,0.002862,3.204,0.007196,1.9298
2021-06-04,3240.08,0.96,0.9,-0.001961,2.2736,0.6,-0.002442,3.4895,0.6,-0.001358,2.1719,0.2,-0.000921,3.201,-0.002263,1.9254
2021-06-07,3252.12,-0.62,1.0,0.003194,2.2808,0.6,0.004412,3.5049,0.6,0.00223,2.1768,0.2,0.001471,3.2057,0.003716,1.9326
2021-06-08,3247.83,0.09,0.9,-0.001469,2.2775,0.6,-0.001631,3.4992,0.9,-0.001241,2.1741,0.6,-0.001744,3.2001,-0.001319,1.93
2021-06-09,3216.18,1.02,0.9,-0.00877,2.2575,0.6,-0.011742,3.4581,0.9,-0.00877,2.155,0.6,-0.011742,3.1625,-0.009745,1.9112
2021-06-10,3224.64,1.79,0.9,0.002367,2.2628,0.7,0.002809,3.4678,0.9,0.002367,2.1601,0.6,0.003109,3.1724,0.00263,1.9163
2021-06-11,3249.32,-0.36,0.9,0.006888,2.2784,0.7,0.010659,3.5048,0.9,0.006888,2.175,0.6,0.009137,3.2014,0.007654,1.9309
2021-06-14,3252.13,1.09,0.9,0.000778,2.2802,0.6,0.000855,3.5078,0.9,0.000778,2.1767,0.6,0.00099,3.2045,0.000865,1.9326
2021-06-15,3258.63,2.06,0.9,0.001799,2.2843,0.7,0.002051,3.515,0.9,0.001799,2.1806,0.7,0.002051,3.2111,0.001999,1.9365
2021-06-16,3278.68,2.91,1.0,0.005388,2.2966,0.8,0.008258,3.544,0.9,0.005538,2.1927,0.7,0.008558,3.2386,0.006153,1.9484
2021-06-17,3264.96,1.58,1.0,-0.004185,2.287,0.8,-0.006759,3.5201,0.9,-0.003766,2.1844,0.7,-0.005914,3.2194,-0.004185,1.9402
2021-06-18,3267.93,0.32,1.0,0.00091,2.2891,0.8,0.001392,3.525,0.9,0.000819,2.1862,0.7,0.001218,3.2234,0.00091,1.942
2021-06-21,3240.79,0.34,1.0,-0.008305,2.2701,0.9,-0.013651,3.4768,0.9,-0.007474,2.1699,0.7,-0.011682,3.1857,-0.008305,1.9259
2021-06-22,3263.88,-0.03,1.0,0.007125,2.2862,0.8,0.012453,3.5201,1.0,0.006262,2.1835,0.8,0.009619,3.2163,0.007125,1.9396
2021-06-23,3276.19,0.11,1.0,0.003772,2.2949,0.7,0.005671,3.5401,1.0,0.003772,2.1917,0.8,0.005971,3.2355,0.003772,1.9469
2021-06-24,3286.1,0.02,1.0,0.003025,2.3018,0.6,0.003879,3.5538,1.0,0.003025,2.1983,0.8,0.004776,3.251,0.003025,1.9528
2021-06-25,3302.84,-0.27,0.9,0.004944,2.3132,0.5,0.005765,3.5743,1.0,0.005094,2.2095,0.8,0.008087,3.2773,0.005094,1.9627
2021-06-28,3301.89,0.49,0.9,-0.000259,2.3126,0.5,-0.000327,3.5732,1.0,-0.000288,2.2089,0.8,-0.000524,3.2756,-0.000288,1.9622
2021-06-29,3286.68,1.18,0.9,-0.004146,2.303,0.5,-0.004646,3.5566,0.9,-0.004756,2.1984,0.5,-0.008334,3.2483,-0.004606,1.9531
2021-06-30,3296.68,0.22,0.9,0.002738,2.3093,0.6,0.002703,3.5662,0.9,0.002738,2.2044,0.5,0.003003,3.258,0.003043,1.9591
2021-07-01,3282.06,0.48,0.9,-0.003991,2.3001,0.6,-0.005369,3.547,0.9,-0.003991,2.1956,0.5,-0.004474,3.2435,-0.004435,1.9504
2021-07-02,3281.78,-1.2,1.0,-0.000227,2.2996,0.6,-0.00015,3.5465,0.9,-7.7e-05,2.1954,0.5,-0.000125,3.243,-8.5e-05,1.9502
2021-07-05,3293.21,-0.27,0.9,0.003333,2.3072,0.6,0.004132,3.5611,0.9,0.003135,2.2023,0.5,0.003443,3.2542,0.003483,1.957
2021-07-06,3305.21,-0.94,0.9,0.003279,2.3148,0.5,0.004025,3.5755,0.9,0.003279,2.2095,0.5,0.003604,3.2659,0.003644,1.9641
2021-07-07,3285.34,-1.57,0.8,-0.005561,2.3019,0.4,-0.006351,3.5528,0.9,-0.005411,2.1976,0.5,-0.006051,3.2462,-0.006012,1.9523
2021-07-08,3252.68,-2.41,0.7,-0.008103,2.2833,0.3,-0.008285,3.5233,0.9,-0.008947,2.1779,0.5,-0.009981,3.2138,-0.009941,1.9329
2021-07-09,3217.95,-1.9,0.5,-0.007774,2.2655,0.2,-0.00673,3.4996,0.9,-0.00961,2.157,0.5,-0.010717,3.1793,-0.010677,1.9123
2021-07-12,3246.47,-1.71,0.5,0.004431,2.2756,0.1,0.003229,3.5109,0.9,0.007977,2.1742,0.5,0.008823,3.2074,0.008863,1.9292
2021-07-13,3271.38,-2.75,0.4,0.003686,2.284,0.0,0.001227,3.5152,0.4,0.006156,2.1876,0.0,0.006133,3.2271,0.007673,1.944
2021-07-14,3264.81,-2.97,0.3,-0.000953,2.2818,0.0,0.0,3.5152,0.4,-0.000803,2.1858,0.0,0.0,3.2271,-0.002008,1.9401
2021-07-15,3286.22,-1.65,0.2,0.001817,2.2859,0.0,0.0,3.5152,0.4,0.002623,2.1916,0.0,0.0,3.2271,0.006558,1.9529
2021-07-16,3276.91,-1.81,0.2,-0.000567,2.2846,0.0,0.0,3.5152,0.4,-0.001133,2.1891,0.0,0.0,3.2271,-0.002833,1.9473
2021-07-19,3244.04,-0.84,0.2,-0.002006,2.28,0.0,0.0,3.5152,0.4,-0.004012,2.1803,0.0,0.0,3.2271,-0.010031,1.9278
2021-07-20,3232.7,-0.82,0.3,-0.000849,2.2781,0.1,-0.0003,3.5142,0.3,-0.001548,2.1769,0.1,-0.0003,3.2261,-0.003496,1.9211
2021-07-21,3215.91,-1.75,0.4,-0.001708,2.2742,0.1,-0.001047,3.5105,0.3,-0.001558,2.1735,0.1,-0.001047,3.2227,-0.005194,1.9111
2021-07-22,3250.21,-2.46,0.5,0.004116,2.2836,0.1,0.002125,3.518,0.3,0.0032,2.1805,0.1,0.002125,3.2296,0.010666,1.9315
2021-07-23,3254.42,-2.36,0.4,0.000498,2.2847,0.1,0.000251,3.5188,0.3,0.000389,2.1813,0.1,0.000251,3.2304,0.001295,1.934
2021-07-26,3224.95,-0.88,0.4,-0.003622,2.2764,0.1,-0.001819,3.5124,0.3,-0.002717,2.1754,0.1,-0.001819,3.2245,-0.009055,1.9165
2021-07-27,3232.53,-1.44,0.4,0.00094,2.2786,0.1,0.000462,3.5141,0.4,0.000555,2.1766,0.1,0.000462,3.226,0.00235,1.921
2021-07-28,3236.86,0.73,0.4,0.000536,2.2798,0.1,0.00026,3.515,0.4,0.000536,2.1778,0.1,0.00026,3.2268,0.00134,1.9235
2021-07-29,3242.65,-3.12,0.5,0.000566,2.2811,0.2,5e-05,3.5152,0.4,0.000716,2.1793,0.1,0.00035,3.228,0.001789,1.927
2021-07-30,3202.32,-1.05,0.5,-0.006219,2.2669,0.2,-0.004991,3.4976,0.4,-0.004975,2.1685,0.1,-0.002495,3.2199,-0.012437,1.903
2021-08-02,3223.04,2.98,0.5,0.003235,2.2742,0.2,0.002572,3.5066,0.4,0.002588,2.1741,0.1,0.001286,3.224,0.00647,1.9153
2021-08-03,3237.14,-1.65,0.6,0.002037,2.2789,0.4,0.001134,3.5106,0.6,0.00145,2.1772,0.4,-3.3e-05,3.2239,0.004375,1.9237
2021-08-04,3280.38,4.17,0.6,0.008014,2.2971,0.4,0.010654,3.548,0.6,0.008014,2.1947,0.4,0.010654,3.2583,0.013357,1.9494
2021-08-05,3276.13,5.66,0.6,-0.000777,2.2954,0.4,-0.001068,3.5442,0.6,-0.000777,2.193,0.4,-0.001068,3.2548,-0.001296,1.9469
2021-08-06,3270.36,0.72,0.8,-0.001357,2.2922,0.6,-0.002041,3.537,0.6,-0.001057,2.1907,0.4,-0.001441,3.2501,-0.001761,1.9434
2021-08-09,3260.42,1.85,0.9,-0.002582,2.2863,0.7,-0.003995,3.5228,0.6,-0.001824,2.1867,0.4,-0.002463,3.2421,-0.003039,1.9375
2021-08-10,3243.19,0.7,0.9,-0.004756,2.2754,0.7,-0.007454,3.4966,0.9,-0.003621,2.1788,0.7,-0.005159,3.2254,-0.005285,1.9273
2021-08-11,3220.62,1.9,1.0,-0.006413,2.2609,0.9,-0.010398,3.4602,0.9,-0.006263,2.1651,0.7,-0.009798,3.1938,-0.006959,1.9139
2021-08-12,3208.38,-0.77,1.0,-0.003801,2.2523,0.9,-0.006912,3.4363,0.9,-0.00342,2.1577,0.7,-0.005376,3.1766,-0.003801,1.9066
2021-08-13,3171.29,-1.67,0.9,-0.01171,2.2259,0.7,-0.02148,3.3625,0.9,-0.010404,2.1353,0.7,-0.01624,3.125,-0.01156,1.8846
2021-08-17,3143.09,1.85,0.8,-0.008153,2.2077,0.6,-0.012805,3.3194,0.8,-0.008153,2.1178,0.6,-0.012805,3.085,-0.008892,1.8678
2021-08-18,3158.93,0.96,0.8,0.004032,2.2166,0.6,0.006,3.3393,0.8,0.004032,2.1264,0.6,0.006,3.1035,0.00504,1.8772
2021-08-19,3097.83,1.22,0.8,-0.015474,2.1823,0.6,-0.023258,3.2617,0.8,-0.015474,2.0935,0.6,-0.023258,3.0313,-0.019342,1.8409
2021-08-20,3060.51,1.3,0.8,-0.009638,2.1613,0.6,-0.014504,3.2144,0.8,-0.009638,2.0733,0.6,-0.014504,2.9874,-0.012047,1.8187
2021-08-23,3090.21,0.49,0.9,0.007613,2.1778,0.7,0.011297,3.2507,0.8,0.007763,2.0894,0.6,0.011597,3.022,0.009704,1.8364
2021-08-24,3138.3,1.75,1.0,0.013856,2.2079,0.8,0.021431,3.3204,1.0,0.01215,2.1148,0.8,0.018027,3.0765,0.015562,1.865
2021-08-25,3146.81,1.96,1.0,0.002712,2.2139,0.8,0.004275,3.3345,1.0,0.002712,2.1205,0.8,0.004275,3.0896,0.002712,1.87
2021-08-26,3128.53,2.7,1.0,-0.005809,2.2011,0.9,-0.009658,3.3023,1.0,-0.005809,2.1082,0.8,-0.009358,3.0607,-0.005809,1.8592
2021-08-27,3133.9,-0.74,1.0,0.001716,2.2048,0.9,0.003018,3.3123,1.0,0.001716,2.1118,0.8,0.002683,3.0689,0.001716,1.8623
2021-08-30,3144.19,-0.03,0.9,0.003133,2.2117,0.8,0.005539,3.3307,1.0,0.003283,2.1188,0.8,0.00519,3.0849,0.003283,1.8685
2021-08-31,3199.27,4.13,0.9,0.015766,2.2466,0.8,0.027965,3.4238,0.9,0.017368,2.1556,0.8,0.027965,3.1711,0.017518,1.9012
2021-09-01,3207.02,3.19,0.9,0.00218,2.2515,0.8,0.003812,3.4368,0.9,0.00218,2.1603,0.8,0.003812,3.1832,0.002422,1.9058
2021-09-02,3175.85,2.34,0.9,-0.008747,2.2318,0.8,-0.015614,3.3832,0.9,-0.008747,2.1414,0.8,-0.015614,3.1335,-0.009719,1.8873
2021-09-03,3201.06,-1.48,0.9,0.007144,2.2478,0.8,0.012637,3.4259,0.9,0.007144,2.1567,0.8,0.012637,3.1731,0.007938,1.9023
2021-09-06,3203.33,0.27,0.9,0.000638,2.2492,0.7,0.000771,3.4286,0.9,0.000638,2.158,0.8,0.001071,3.1765,0.000709,1.9036
2021-09-07,3187.42,0.82,0.9,-0.00447,2.2391,0.7,-0.007009,3.4046,0.9,-0.00447,2.1484,0.7,-0.00831,3.1501,-0.004967,1.8942
2021-09-08,3162.99,0.94,0.9,-0.006898,2.2237,0.7,-0.010786,3.3678,0.9,-0.006898,2.1336,0.7,-0.010786,3.1161,-0.007665,1.8796
2021-09-09,3114.7,-0.16,0.9,-0.01374,2.1931,0.6,-0.02173,3.2946,0.9,-0.01374,2.1043,0.7,-0.02143,3.0494,-0.015267,1.8509
2021-09-10,3125.76,-5.71,0.9,0.003196,2.2002,0.5,0.003913,3.3075,0.9,0.003196,2.111,0.7,0.004916,3.0644,0.003551,1.8575
2021-09-13,3127.86,-4.81,0.8,0.000455,2.2012,0.5,0.000632,3.3096,0.9,0.000605,2.1123,0.7,0.000885,3.0671,0.000672,1.8588
2021-09-14,3148.83,2.3,0.6,0.005063,2.2123,0.4,0.006365,3.3307,0.6,0.005584,2.124,0.4,0.00843,3.0929,0.006704,1.8712
2021-09-15,3153.4,1.24,0.6,0.000871,2.2142,0.4,0.001129,3.3345,0.6,0.000871,2.1259,0.4,0.001129,3.0964,0.001451,1.8739
2021-09-16,3130.09,-0.29,0.6,-0.004435,2.2044,0.5,-0.006245,3.3136,0.6,-0.004435,2.1165,0.4,-0.005945,3.078,-0.007392,1.8601
2021-09-17,3140.51,-2.69,0.6,0.001997,2.2088,0.5,0.003289,3.3245,0.6,0.001997,2.1207,0.4,0.002631,3.0861,0.003329,1.8663
2021-09-23,3127.58,-0.01,0.6,-0.00247,2.2034,0.5,-0.004157,3.3107,0.6,-0.00247,2.1155,0.5,-0.003625,3.0749,-0.004117,1.8586
2021-09-24,3125.24,0.17,0.8,-0.000749,2.2017,0.6,-0.001088,3.3071,0.6,-0.000449,2.1145,0.5,-0.000788,3.0725,-0.000748,1.8572
2021-09-27,3133.64,0.26,0.8,0.00215,2.2064,0.5,0.002878,3.3166,0.6,0.001613,2.1179,0.5,0.002648,3.0806,0.002688,1.8622
2021-09-28,3097.92,-1.3,0.7,-0.009269,2.186,0.4,-0.011739,3.2777,0.7,-0.006989,2.1031,0.4,-0.011739,3.0445,-0.011399,1.841
2021-09-29,3060.27,-0.5,0.7,-0.008507,2.1674,0.3,-0.010054,3.2447,0.7,-0.008507,2.0852,0.4,-0.009754,3.0148,-0.012153,1.8186
2021-09-30,3068.82,-0.5,0.8,0.001806,2.1713,0.4,0.001353,3.2491,0.7,0.001956,2.0893,0.4,0.002203,3.0214,0.002794,1.8237
2021-10-01,3019.18,-2.07,0.8,-0.01294,2.1432,0.4,-0.012972,3.207,0.7,-0.011323,2.0656,0.4,-0.012972,2.9822,-0.016176,1.7942
2021-10-05,2962.17,-1.18,0.7,-0.015256,2.1105,0.3,-0.015438,3.1575,0.7,-0.013218,2.0383,0.3,-0.015438,2.9362,-0.018883,1.7603
2021-10-06,2908.31,0.37,0.6,-0.012878,2.0833,0.2,-0.011233,3.122,0.7,-0.012728,2.0124,0.3,-0.010933,2.9041,-0.018183,1.7283
2021-10-07,2959.46,1.74,0.7,0.010403,2.105,0.3,0.006719,3.143,0.7,0.012311,2.0372,0.3,0.010529,2.9347,0.017588,1.7587
2021-10-08,2956.3,3.36,0.7,-0.000747,2.1034,0.4,-0.000964,3.1399,0.7,-0.000747,2.0357,0.3,-0.000664,2.9327,-0.001068,1.7568
2021-10-12,2916.38,1.48,0.8,-0.009602,2.0832,0.6,-0.011434,3.104,0.8,-0.009602,2.0161,0.6,-0.009026,2.9062,-0.013503,1.7331
2021-10-13,2944.41,2.5,0.9,0.007539,2.0989,0.7,0.011186,3.1388,0.8,0.007689,2.0316,0.6,0.011486,2.9396,0.009611,1.7497
2021-10-14,2988.64,3.92,1.0,0.01337,2.127,0.9,0.020375,3.2027,0.8,0.012017,2.056,0.6,0.017978,2.9925,0.015022,1.776
2021-10-15,3015.06,4.07,1.0,0.00884,2.1458,1.0,0.015541,3.2525,0.8,0.007072,2.0706,0.6,0.010561,3.0241,0.00884,1.7917
2021-10-18,3006.68,3.96,1.0,-0.002779,2.1398,1.0,-0.005638,3.2342,0.8,-0.002224,2.066,0.6,-0.003383,3.0138,-0.002779,1.7867
2021-10-19,3029.04,4.35,1.0,0.007437,2.1558,1.0,0.014794,3.282,1.0,0.005649,2.0776,1.0,0.007677,3.037,0.007437,1.8
2021-10-20,3013.13,4.52,1.0,-0.005252,2.1444,1.0,-0.010584,3.2473,1.0,-0.005252,2.0667,1.0,-0.010584,3.0048,-0.005252,1.7906
2021-10-21,3007.33,5.01,1.0,-0.001925,2.1403,1.0,-0.003929,3.2345,1.0,-0.001925,2.0627,1.0,-0.003929,2.993,-0.001925,1.7871
2021-10-22,3006.16,2.21,1.0,-0.000389,2.1395,1.0,-0.000857,3.2317,1.0,-0.000389,2.0619,1.0,-0.000857,2.9905,-0.000389,1.7864
2021-10-25,3020.54,3.6,1.0,0.004784,2.1497,1.0,0.009488,3.2624,1.0,0.004784,2.0718,1.0,0.009488,3.0188,0.004784,1.795
2021-10-26,3049.08,1.2,1.0,0.009449,2.17,1.0,0.018818,3.3238,1.0,0.009449,2.0914,1.0,0.018818,3.0756,0.009449,1.8119
2021-10-27,3025.49,1.59,1.0,-0.007737,2.1532,1.0,-0.015553,3.2721,1.0,-0.007737,2.0752,1.0,-0.015553,3.0278,-0.007737,1.7979
2021-10-28,3009.55,2.65,1.0,-0.005269,2.1419,1.0,-0.010617,3.2374,1.0,-0.005269,2.0643,1.0,-0.010617,2.9957,-0.005269,1.7884
2021-10-29,2970.68,4.61,1.0,-0.012916,2.1142,1.0,-0.02591,3.1535,1.0,-0.012916,2.0376,1.0,-0.02591,2.918,-0.012916,1.7654
2021-11-01,2978.94,4.28,1.0,0.002781,2.1201,1.0,0.005482,3.1708,1.0,0.002781,2.0433,1.0,0.005482,2.934,0.002781,1.7703
2021-11-02,3013.49,3.47,1.0,0.011598,2.1447,1.0,0.023117,3.2441,1.0,0.011598,2.067,1.0,0.023117,3.0019,0.011598,1.7908
2021-11-03,2975.71,4.4,1.0,-0.012537,2.1178,1.0,-0.025153,3.1625,1.0,-0.012537,2.041,1.0,-0.025153,2.9264,-0.012537,1.7683
2021-11-04,2983.22,-0.23,1.0,0.002524,2.1231,1.0,0.004968,3.1782,1.0,0.002524,2.0462,1.0,0.004968,2.9409,0.002524,1.7728
2021-11-05,2969.27,4.34,1.0,-0.004676,2.1132,0.9,-0.009732,3.1472,1.0,-0.004676,2.0366,1.0,-0.009432,2.9132,-0.004676,1.7645
2021-11-08,2960.2,4.39,1.0,-0.003055,2.1068,0.9,-0.00557,3.1297,1.0,-0.003055,2.0304,1.0,-0.006189,2.8951,-0.003055,1.7591
2021-11-09,2962.46,-0.98,1.0,0.000763,2.1084,0.9,0.001303,3.1338,1.0,0.000763,2.032,0.9,0.001148,2.8985,0.000763,1.7605
2021-11-10,2930.17,3.47,0.9,-0.01105,2.0851,0.7,-0.020291,3.0702,1.0,-0.0109,2.0098,0.9,-0.019691,2.8414,-0.0109,1.7413
2021-11-11,2924.92,1.66,0.9,-0.001613,2.0817,0.7,-0.002564,3.0623,1.0,-0.001792,2.0062,0.9,-0.003296,2.832,-0.001792,1.7382
2021-11-12,2968.8,0.11,0.9,0.013502,2.1098,0.8,0.020647,3.1256,1.0,0.015002,2.0363,0.9,0.026932,2.9083,0.015002,1.7642
2021-11-15,2999.52,2.11,0.9,0.009313,2.1295,0.7,0.016193,3.1762,1.0,0.010348,2.0574,0.9,0.018554,2.9622,0.010348,1.7825
2021-11-16,2997.21,0.42,0.9,-0.000693,2.128,0.7,-0.001134,3.1726,0.9,-0.00092,2.0555,0.7,-0.002058,2.9562,-0.00077,1.7811
2021-11-17,2962.42,1.39,1.0,-0.010597,2.1054,0.8,-0.016606,3.1199,0.9,-0.010447,2.034,0.7,-0.016306,2.9079,-0.011607,1.7604
2021-11-18,2947.38,1.93,1.0,-0.005077,2.0947,0.8,-0.008187,3.0943,0.9,-0.004569,2.0247,0.7,-0.007163,2.8871,-0.005077,1.7515
2021-11-19,2971.02,4.29,1.0,0.008021,2.1115,0.8,0.01277,3.1339,0.9,0.007219,2.0393,0.7,0.011173,2.9194,0.008021,1.7656
2021-11-22,3013.25,4.14,1.0,0.014214,2.1416,0.9,0.022379,3.204,0.9,0.012793,2.0654,0.7,0.019844,2.9773,0.014214,1.7906
2021-11-23,2997.33,1.44,1.0,-0.005283,2.1302,0.9,-0.009581,3.1733,1.0,-0.004905,2.0553,0.9,-0.008052,2.9533,-0.005283,1.7812
2021-11-24,2994.29,1.19,1.0,-0.001014,2.1281,1.0,-0.002197,3.1663,1.0,-0.001014,2.0532,0.9,-0.001897,2.9477,-0.001014,1.7794
2021-11-25,2980.27,2.37,1.0,-0.004682,2.1181,1.0,-0.009444,3.1364,1.0,-0.004682,2.0436,0.9,-0.008499,2.9227,-0.004682,1.7711
2021-11-26,2936.44,2.17,1.0,-0.014707,2.087,1.0,-0.029493,3.0439,1.0,-0.014707,2.0135,0.9,-0.026544,2.8451,-0.014707,1.745
2021-11-29,2909.32,2.3,1.0,-0.009236,2.0677,1.0,-0.018551,2.9874,1.0,-0.009236,1.9949,0.9,-0.016696,2.7976,-0.009236,1.7289
2021-11-30,2839.01,2.57,1.0,-0.024167,2.0177,1.0,-0.048414,2.8428,1.0,-0.024167,1.9467,1.0,-0.043872,2.6749,-0.024167,1.6871
2021-12-01,2899.72,3.42,1.0,0.021384,2.0609,1.0,0.042689,2.9642,1.0,0.021384,1.9884,1.0,0.042689,2.789,0.021384,1.7232
2021-12-02,2945.27,3.26,1.0,0.015708,2.0932,1.0,0.031337,3.0571,1.0,0.015708,2.0196,1.0,0.031337,2.8765,0.015708,1.7503
2021-12-03,2968.33,6.34,1.0,0.00783,2.1096,1.0,0.01558,3.1047,1.0,0.00783,2.0354,1.0,0.01558,2.9213,0.00783,1.764
2021-12-06,2973.25,6.6,1.0,0.001657,2.1131,1.0,0.003236,3.1147,1.0,0.001657,2.0388,1.0,0.003236,2.9307,0.001657,1.7669
2021-12-07,2991.72,3.05,1.0,0.006212,2.1263,1.0,0.012345,3.1532,1.0,0.006212,2.0514,1.0,0.012345,2.9669,0.006212,1.7779
2021-12-08,3001.8,3.23,1.0,0.003369,2.1334,1.0,0.006659,3.1742,1.0,0.003369,2.0584,1.0,0.006659,2.9867,0.003369,1.7838
2021-12-09,3029.57,4.42,1.0,0.009251,2.1532,1.0,0.018423,3.2327,1.0,0.009251,2.0774,1.0,0.018423,3.0417,0.009251,1.8003
2021-12-10,3010.23,4.85,1.0,-0.006384,2.1394,1.0,-0.012847,3.1911,1.0,-0.006384,2.0641,1.0,-0.012847,3.0026,-0.006384,1.7889
2021-12-13,3001.66,3.85,1.0,-0.002847,2.1333,1.0,-0.005773,3.1727,1.0,-0.002847,2.0583,1.0,-0.005773,2.9853,-0.002847,1.7838
2021-12-14,2987.95,4.06,1.0,-0.004567,2.1236,1.0,-0.009214,3.1435,1.0,-0.004567,2.0489,1.0,-0.009214,2.9578,-0.004567,1.7756
2021-12-15,2989.39,4.9,1.0,0.000482,2.1246,1.0,0.000885,3.1463,1.0,0.000482,2.0498,1.0,0.000885,2.9604,0.000482,1.7765
2021-12-16,3006.41,4.78,1.0,0.005693,2.1367,1.0,0.011308,3.1818,1.0,0.005693,2.0615,1.0,0.011308,2.9938,0.005693,1.7866
2021-12-17,3017.73,7.28,1.0,0.003765,2.1447,1.0,0.007451,3.2055,1.0,0.003765,2.0693,1.0,0.007451,3.0162,0.003765,1.7933
2021-12-20,2963.0,7.35,1.0,-0.018136,2.1058,1.0,-0.036352,3.089,1.0,-0.018136,2.0318,1.0,-0.036352,2.9065,-0.018136,1.7608
2021-12-21,2975.03,1.75,1.0,0.00406,2.1144,1.0,0.008041,3.1138,1.0,0.00406,2.04,1.0,0.008041,2.9299,0.00406,1.7679
2021-12-22,2984.48,3.97,1.0,0.003176,2.1211,1.0,0.006274,3.1334,1.0,0.003176,2.0465,1.0,0.006274,2.9483,0.003176,1.7736
2021-12-23,2998.17,4.95,1.0,0.004587,2.1308,1.0,0.009095,3.1619,1.0,0.004587,2.0559,1.0,0.009095,2.9751,0.004587,1.7817
2021-12-24,3012.43,5.57,1.0,0.004756,2.141,1.0,0.009433,3.1917,1.0,0.004756,2.0656,1.0,0.009433,3.0031,0.004756,1.7902
2021-12-27,2999.55,5.89,1.0,-0.004276,2.1318,1.0,-0.008631,3.1642,1.0,-0.004276,2.0568,1.0,-0.008631,2.9772,-0.004276,1.7825
2021-12-28,3020.24,5.32,1.0,0.006898,2.1465,1.0,0.013716,3.2076,1.0,0.006898,2.071,1.0,0.013716,3.0181,0.006898,1.7948
2021-12-29,2993.29,7.06,1.0,-0.008923,2.1274,1.0,-0.017926,3.1501,1.0,-0.008923,2.0525,1.0,-0.017926,2.964,-0.008923,1.7788
2021-12-30,2977.65,7.54,1.0,-0.005225,2.1163,1.0,-0.010529,3.1169,1.0,-0.005225,2.0418,1.0,-0.010529,2.9328,-0.005225,1.7695
2022-01-03,2988.77,7.61,1.0,0.003734,2.1242,1.0,0.00739,3.1399,1.0,0.003734,2.0494,1.0,0.00739,2.9544,0.003734,1.7761
2022-01-04,2989.24,7.84,1.0,0.000157,2.1245,1.0,0.000235,3.1407,1.0,0.000157,2.0497,1.0,0.000235,2.9551,0.000157,1.7764
2022-01-05,2953.97,8.15,1.0,-0.011799,2.0994,1.0,-0.023677,3.0663,1.0,-0.011799,2.0256,1.0,-0.023677,2.8851,-0.011799,1.7554
2022-01-06,2920.53,5.2,1.0,-0.01132,2.0757,1.0,-0.02272,2.9966,1.0,-0.01132,2.0026,1.0,-0.02272,2.8196,-0.01132,1.7355
2022-01-07,2954.89,5.09,1.0,0.011765,2.1001,1.0,0.023451,3.0669,1.0,0.011765,2.0262,1.0,0.023451,2.8857,0.011765,1.756
2022-01-10,2926.72,2.74,1.0,-0.009533,2.0801,1.0,-0.019146,3.0082,1.0,-0.009533,2.0069,1.0,-0.019146,2.8305,-0.009533,1.7392
2022-01-11,2927.38,0.08,1.0,0.000226,2.0805,1.0,0.000372,3.0093,1.0,0.000226,2.0073,1.0,0.000372,2.8315,0.000226,1.7396
2022-01-12,2972.48,0.52,1.0,0.015406,2.1126,0.9,0.030433,3.1009,1.0,0.015406,2.0383,1.0,0.030733,2.9185,0.015406,1.7664
2022-01-13,2962.09,1.36,1.0,-0.003495,2.1052,0.8,-0.006663,3.0802,1.0,-0.003495,2.0311,1.0,-0.00707,2.8979,-0.003495,1.7602
2022-01-14,2921.92,-0.07,1.0,-0.013561,2.0767,0.8,-0.021762,3.0132,1.0,-0.013561,2.0036,1.0,-0.027202,2.8191,-0.013561,1.7364
2022-01-17,2890.1,0.34,1.0,-0.01089,2.054,0.7,-0.017788,2.9596,1.0,-0.01089,1.9818,1.0,-0.02186,2.7575,-0.01089,1.7175
2022-01-18,2864.24,1.38,1.0,-0.008948,2.0357,0.6,-0.012882,2.9215,1.0,-0.008948,1.964,0.6,-0.019175,2.7046,-0.008948,1.7021
2022-01-19,2842.28,6.56,1.0,-0.007667,2.0201,0.7,-0.009548,2.8936,1.0,-0.007667,1.949,0.6,-0.009248,2.6796,-0.007667,1.689
2022-01-20,2862.68,4.6,1.0,0.007177,2.0345,0.8,0.009693,2.9216,1.0,0.007177,1.963,0.6,0.008565,2.7025,0.007177,1.7012
2022-01-21,2834.29,-7.28,1.0,-0.009917,2.0144,0.8,-0.015931,2.8751,1.0,-0.009917,1.9435,0.6,-0.011948,2.6702,-0.009917,1.6843
2022-01-24,2792.0,-6.79,0.8,-0.015221,1.9837,0.7,-0.024237,2.8054,1.0,-0.014921,1.9145,0.6,-0.017953,2.6223,-0.014921,1.6592
2022-01-25,2720.39,7.14,0.6,-0.020819,1.9424,0.6,-0.036263,2.7037,0.6,-0.026248,1.8642,0.6,-0.030826,2.5415,-0.025648,1.6166
2022-01-26,2709.24,6.37,0.9,-0.002909,1.9368,0.8,-0.005566,2.6886,0.6,-0.002459,1.8597,0.6,-0.004966,2.5288,-0.004099,1.61
2022-01-27,2614.49,5.87,0.9,-0.031476,1.8758,0.8,-0.05602,2.538,0.6,-0.020984,1.8206,0.6,-0.042015,2.4226,-0.034973,1.5537
2022-01-28,2663.34,7.98,0.9,0.016816,1.9073,0.8,0.029831,2.6137,0.6,0.011211,1.841,0.6,0.022374,2.4768,0.018684,1.5827
2022-02-03,2707.82,8.84,1.0,0.014881,1.9357,1.0,0.026058,2.6818,1.0,0.009421,1.8584,1.0,0.018793,2.5233,0.016701,1.6091
2022-02-04,2750.26,8.38,1.0,0.015673,1.9661,1.0,0.031267,2.7657,1.0,0.015673,1.8875,1.0,0.031267,2.6022,0.015673,1.6344
2022-02-07,2745.06,8.63,1.0,-0.001891,1.9623,1.0,-0.003861,2.755,1.0,-0.001891,1.8839,1.0,-0.003861,2.5922,-0.001891,1.6313
2022-02-08,2746.47,8.28,1.0,0.000514,1.9634,1.0,0.000948,2.7576,1.0,0.000514,1.8849,1.0,0.000948,2.5946,0.000514,1.6321
2022-02-09,2768.85,8.82,0.9,0.007999,1.9791,0.8,0.015618,2.8007,1.0,0.008149,1.9003,1.0,0.016218,2.6367,0.008149,1.6454
2022-02-10,2771.93,8.66,0.9,0.001001,1.981,0.8,0.001716,2.8055,1.0,0.001112,1.9024,1.0,0.002145,2.6424,0.001112,1.6472
2022-02-11,2747.71,7.31,0.9,-0.007864,1.9655,0.8,-0.014044,2.7661,1.0,-0.008738,1.8858,1.0,-0.017555,2.596,-0.008738,1.6328
2022-02-14,2704.48,7.47,1.0,-0.01431,1.9373,1.0,-0.025836,2.6946,1.0,-0.015733,1.8561,1.0,-0.031546,2.5141,-0.015733,1.6072
2022-02-15,2676.54,7.14,1.0,-0.010331,1.9173,1.0,-0.020741,2.6387,1.0,-0.010331,1.8369,1.0,-0.020741,2.462,-0.010331,1.5906
2022-02-16,2729.68,7.87,1.0,0.019854,1.9554,1.0,0.039629,2.7433,1.0,0.019854,1.8734,1.0,0.039629,2.5595,0.019854,1.6221
2022-02-17,2744.09,8.05,0.9,0.005129,1.9654,0.8,0.009879,2.7704,1.0,0.005279,1.8833,1.0,0.010479,2.5863,0.005279,1.6307
2022-02-18,2744.52,7.58,0.7,-0.000159,1.9651,0.6,-0.000413,2.7693,1.0,0.000157,1.8836,1.0,0.000234,2.5869,0.000157,1.631
2022-02-21,2743.8,8.36,0.7,-0.000184,1.9647,0.6,-0.000362,2.7682,1.0,-0.000262,1.8831,1.0,-0.000604,2.5854,-0.000262,1.6305
2022-02-22,2706.79,8.1,0.7,-0.009442,1.9462,0.6,-0.016234,2.7233,0.7,-0.013939,1.8568,0.6,-0.028257,2.5123,-0.013489,1.6085
2022-02-23,2719.53,7.63,0.7,0.003295,1.9526,0.6,0.0056,2.7386,0.7,0.003295,1.863,0.6,0.0056,2.5264,0.004707,1.6161
2022-02-24,2648.8,8.32,0.9,-0.018506,1.9165,0.8,-0.031857,2.6513,0.7,-0.018206,1.829,0.6,-0.031257,2.4474,-0.026008,1.5741
2022-02-25,2676.76,7.65,0.9,0.0095,1.9347,0.8,0.016826,2.6959,0.7,0.007389,1.8426,0.6,0.012619,2.4783,0.010556,1.5907
2022-02-28,2699.18,8.34,0.9,0.007538,1.9493,0.8,0.013338,2.7319,0.7,0.005863,1.8534,0.6,0.010003,2.5031,0.008376,1.604
2022-03-02,2703.52,7.85,0.9,0.001447,1.9521,0.8,0.002509,2.7387,0.7,0.001126,1.8554,0.6,0.001882,2.5078,0.001608,1.6066
2022-03-03,2747.08,6.72,0.9,0.014501,1.9804,0.8,0.025716,2.8092,0.7,0.011279,1.8764,0.6,0.019287,2.5562,0.016112,1.6325
2022-03-04,2713.43,7.29,0.9,-0.011024,1.9586,0.8,-0.019662,2.7539,0.7,-0.008575,1.8603,0.6,-0.014747,2.5185,-0.012249,1.6125
2022-03-07,2651.31,7.15,1.0,-0.020754,1.9179,1.0,-0.037293,2.6512,0.7,-0.016025,1.8305,0.6,-0.02752,2.4492,-0.022894,1.5756
2022-03-08,2622.4,5.37,1.0,-0.010904,1.897,1.0,-0.021887,2.5932,1.0,-0.008083,1.8157,1.0,-0.014332,2.4141,-0.010904,1.5584
2022-03-10,2680.32,6.5,1.0,0.022087,1.9389,1.0,0.044094,2.7075,1.0,0.022087,1.8558,1.0,0.044094,2.5205,0.022087,1.5928
2022-03-11,2661.28,5.71,1.0,-0.007104,1.9251,1.0,-0.014287,2.6689,1.0,-0.007104,1.8426,1.0,-0.014287,2.4845,-0.007104,1.5815
2022-03-14,2645.65,3.45,1.0,-0.005873,1.9138,1.0,-0.011826,2.6373,1.0,-0.005873,1.8318,1.0,-0.011826,2.4551,-0.005873,1.5722
2022-03-15,2621.53,2.84,1.0,-0.009117,1.8964,1.0,-0.018313,2.589,1.0,-0.009117,1.8151,1.0,-0.018313,2.4102,-0.009117,1.5579
2022-03-16,2659.23,4.55,1.0,0.014381,1.9236,1.0,0.028682,2.6633,1.0,0.014381,1.8412,1.0,0.028682,2.4793,0.014381,1.5803
2022-03-17,2694.51,4.36,1.0,0.013267,1.9492,1.0,0.026455,2.7337,1.0,0.013267,1.8656,1.0,0.026455,2.5449,0.013267,1.6012
2022-03-18,2707.02,2.73,1.0,0.004643,1.9582,1.0,0.009206,2.7589,1.0,0.004643,1.8743,1.0,0.009206,2.5683,0.004643,1.6087
2022-03-21,2686.05,3.54,1.0,-0.007747,1.943,1.0,-0.015572,2.7159,1.0,-0.007747,1.8597,1.0,-0.015572,2.5283,-0.007747,1.5962
2022-03-22,2710.0,3.2,1.0,0.008916,1.9604,1.0,0.017754,2.7641,1.0,0.008916,1.8763,1.0,0.017754,2.5732,0.008916,1.6104
2022-03-23,2735.05,4.2,1.0,0.009244,1.9785,1.0,0.018408,2.815,1.0,0.009244,1.8937,1.0,0.018408,2.6206,0.009244,1.6253
2022-03-24,2729.66,3.47,1.0,-0.001971,1.9746,1.0,-0.004021,2.8037,1.0,-0.001971,1.8899,1.0,-0.004021,2.61,-0.001971,1.6221
2022-03-25,2729.98,2.06,1.0,0.000117,1.9748,1.0,0.000155,2.8041,1.0,0.000117,1.8902,1.0,0.000155,2.6104,0.000117,1.6223
2022-03-28,2729.56,2.56,1.0,-0.000154,1.9745,1.0,-0.000387,2.8031,1.0,-0.000154,1.8899,1.0,-0.000387,2.6094,-0.000154,1.6221
2022-03-29,2741.07,2.26,1.0,0.004217,1.9828,1.0,0.008354,2.8265,1.0,0.004217,1.8978,1.0,0.008354,2.6312,0.004217,1.6289
2022-03-30,2746.74,3.63,1.0,0.002069,1.9869,1.0,0.004058,2.8379,1.0,0.002069,1.9018,1.0,0.004058,2.6419,0.002069,1.6323
2022-03-31,2757.65,2.81,1.0,0.003972,1.9948,1.0,0.007865,2.8603,1.0,0.003972,1.9093,1.0,0.007865,2.6627,0.003972,1.6388
2022-04-01,2739.85,2.08,1.0,-0.006455,1.982,1.0,-0.012989,2.8231,1.0,-0.006455,1.897,1.0,-0.012989,2.6281,-0.006455,1.6282
2022-04-04,2757.9,1.74,1.0,0.006588,1.995,1.0,0.013097,2.8601,1.0,0.006588,1.9095,1.0,0.013097,2.6625,0.006588,1.6389
2022-04-05,2759.2,3.44,1.0,0.000471,1.996,1.0,0.000863,2.8626,1.0,0.000471,1.9104,1.0,0.000863,2.6648,0.000471,1.6397
2022-04-06,2735.03,3.25,1.0,-0.00876,1.9785,1.0,-0.017599,2.8122,1.0,-0.00876,1.8937,1.0,-0.017599,2.6179,-0.00876,1.6253
2022-04-07,2695.86,-1.91,1.0,-0.014322,1.9501,1.0,-0.028723,2.7314,1.0,-0.014322,1.8665,1.0,-0.028723,2.5427,-0.014322,1.602
2022-04-08,2700.39,-3.14,0.9,0.00153,1.9531,0.8,0.002681,2.7387,1.0,0.00168,1.8697,1.0,0.003281,2.5511,0.00168,1.6047
2022-04-11,2693.1,-2.81,0.7,-0.00273,1.9478,0.6,-0.004983,2.7251,1.0,-0.0027,1.8646,1.0,-0.005479,2.5371,-0.0027,1.6004
2022-04-12,2666.76,-4.89,0.5,-0.007146,1.9339,0.4,-0.012384,2.6913,0.5,-0.010531,1.845,0.4,-0.02144,2.4827,-0.009781,1.5847
2022-04-13,2716.49,-5.27,0.3,0.009024,1.9513,0.2,0.014287,2.7298,0.5,0.009324,1.8622,0.4,0.014887,2.5197,0.018648,1.6143
2022-04-14,2716.71,-2.04,0.1,-0.000276,1.9508,0.0,-0.000583,2.7282,0.5,4e-05,1.8623,0.4,3.3e-05,2.5197,8.1e-05,1.6144
2022-04-15,2696.06,-3.28,0.1,-0.00076,1.9493,0.0,0.0,2.7282,0.5,-0.003801,1.8552,0.4,-0.006113,2.5043,-0.007601,1.6022
2022-04-18,2693.21,-1.52,0.1,-0.000106,1.9491,0.0,0.0,2.7282,0.5,-0.000529,1.8542,0.4,-0.000877,2.5021,-0.001057,1.6005
2022-04-19,2718.89,-0.83,0.1,0.000954,1.951,0.0,0.0,2.7282,0.1,0.004168,1.8619,0.0,0.006396,2.5182,0.009535,1.6157
2022-04-20,2718.69,-0.49,0.3,-0.000307,1.9504,0.1,-0.0003,2.7274,0.1,-7e-06,1.8619,0.0,0.0,2.5182,-7.4e-05,1.6156
2022-04-21,2728.21,-2.65,0.4,0.000901,1.9521,0.1,0.000692,2.7293,0.1,0.00035,1.8626,0.0,0.0,2.5182,0.003502,1.6213
2022-04-22,2704.71,-1.55,0.4,-0.003445,1.9454,0.1,-0.001731,2.7245,0.1,-0.000861,1.861,0.0,0.0,2.5182,-0.008614,1.6073
2022-04-25,2657.13,-0.54,0.5,-0.007187,1.9314,0.1,-0.003526,2.7149,0.1,-0.001759,1.8577,0.0,0.0,2.5182,-0.017592,1.579
2022-04-26,2668.31,-0.98,0.5,0.002104,1.9355,0.2,0.000534,2.7164,0.5,-0.000179,1.8574,0.2,-0.0006,2.5166,0.004208,1.5857
2022-04-27,2639.06,-4.14,0.5,-0.005481,1.9249,0.2,-0.004401,2.7044,0.5,-0.005481,1.8472,0.2,-0.004401,2.5056,-0.010962,1.5683
2022-04-28,2667.49,-1.99,0.4,0.005236,1.9349,0.1,0.003993,2.7152,0.5,0.005386,1.8571,0.2,0.004293,2.5163,0.010773,1.5852
2022-04-29,2695.05,5.6,0.4,0.004133,1.9429,0.1,0.002058,2.7208,0.5,0.005166,1.8667,0.2,0.004117,2.5267,0.010332,1.6016
2022-05-02,2687.45,5.8,0.5,-0.001278,1.9405,0.3,-0.001172,2.7176,0.5,-0.00141,1.8641,0.2,-0.001144,2.5238,-0.00282,1.597
2022-05-03,2680.46,-5.88,0.6,-0.00145,1.9376,0.4,-0.001884,2.7125,0.6,-0.00145,1.8614,0.4,-0.001656,2.5196,-0.002601,1.5929
2022-05-04,2677.57,-4.49,0.5,-0.000797,1.9361,0.4,-0.000894,2.7101,0.6,-0.000647,1.8602,0.4,-0.000894,2.5174,-0.001078,1.5912
2022-05-06,2644.51,-3.28,0.5,-0.006174,1.9241,0.4,-0.009909,2.6832,0.6,-0.007408,1.8464,0.4,-0.009909,2.4924,-0.012347,1.5715
2022-05-09,2610.81,-4.49,0.4,-0.006522,1.9116,0.4,-0.010226,2.6558,0.6,-0.007646,1.8323,0.4,-0.010226,2.4669,-0.012743,1.5515
2022-05-10,2596.56,-7.79,0.2,-0.002483,1.9068,0.2,-0.004998,2.6425,0.2,-0.003875,1.8252,0.2,-0.004998,2.4546,-0.005458,1.543
2022-05-11,2592.27,-6.61,0.0,-0.00063,1.9056,0.0,-0.001277,2.6391,0.2,-0.00033,1.8246,0.2,-0.000677,2.4529,-0.001652,1.5405
2022-05-12,2550.08,-6.58,0.0,0.0,1.9056,0.0,0.0,2.6391,0.2,-0.003255,1.8186,0.2,-0.006526,2.4369,-0.016275,1.5154
2022-05-13,2604.24,-7.04,0.0,0.0,1.9056,0.0,0.0,2.6391,0.2,0.004248,1.8264,0.2,0.00848,2.4576,0.021239,1.5476
2022-05-16,2596.58,-5.86,0.0,0.0,1.9056,0.0,0.0,2.6391,0.2,-0.000588,1.8253,0.2,-0.001192,2.4547,-0.002941,1.543
2022-05-17,2620.44,-5.84,0.0,0.0,1.9056,0.0,0.0,2.6391,0.0,0.001538,1.8281,0.0,0.00306,2.4622,0.009189,1.5572
2022-05-18,2625.98,-3.8,0.0,0.0,1.9056,0.0,0.0,2.6391,0.0,0.0,1.8281,0.0,0.0,2.4622,0.002114,1.5605
2022-05-19,2592.34,-1.97,0.0,0.0,1.9056,0.0,0.0,2.6391,0.0,0.0,1.8281,0.0,0.0,2.4622,-0.01281,1.5405
2022-05-20,2639.29,-3.76,0.1,-0.00015,1.9054,0.0,0.0,2.6391,0.0,0.0,1.8281,0.0,0.0,2.4622,0.018111,1.5684
2022-05-23,2647.38,-3.28,0.1,0.000307,1.9059,0.0,0.0,2.6391,0.0,0.0,1.8281,0.0,0.0,2.4622,0.003065,1.5732
2022-05-24,2605.87,-2.69,0.1,-0.001568,1.903,0.0,0.0,2.6391,0.1,-0.00015,1.8278,0.0,0.0,2.4622,-0.01568,1.5486
2022-05-25,2617.22,-3.94,0.1,0.000436,1.9038,0.0,0.0,2.6391,0.1,0.000436,1.8286,0.0,0.0,2.4622,0.004356,1.5553
2022-05-26,2612.45,-3.54,0.1,-0.000182,1.9034,0.0,0.0,2.6391,0.1,-0.000182,1.8283,0.0,0.0,2.4622,-0.001823,1.5525
2022-05-27,2638.05,-3.4,0.0,0.00083,1.905,0.0,0.0,2.6391,0.1,0.00098,1.8301,0.0,0.0,2.4622,0.009799,1.5677
2022-05-30,2669.66,-2.74,0.0,0.0,1.905,0.0,0.0,2.6391,0.1,0.001198,1.8323,0.0,0.0,2.4622,0.011982,1.5865
2022-05-31,2685.9,-3.08,0.0,0.0,1.905,0.0,0.0,2.6391,0.0,0.000458,1.8331,0.0,0.0,2.4622,0.006083,1.5961
2022-06-02,2658.99,-2.61,0.0,0.0,1.905,0.0,0.0,2.6391,0.0,0.0,1.8331,0.0,0.0,2.4622,-0.010019,1.5801
2022-06-03,2670.65,-5.22,0.0,0.0,1.905,0.0,0.0,2.6391,0.0,0.0,1.8331,0.0,0.0,2.4622,0.004385,1.5871
2022-06-07,2626.34,-0.18,0.0,0.0,1.905,0.0,0.0,2.6391,0.0,0.0,1.8331,0.0,0.0,2.4622,-0.016591,1.5607
2022-06-08,2626.15,-3.51,0.2,-0.0003,1.9044,0.1,-0.0003,2.6383,0.0,0.0,1.8331,0.0,0.0,2.4622,-7.2e-05,1.5606
2022-06-09,2625.44,-5.19,0.2,-5.4e-05,1.9043,0.1,-6.2e-05,2.6382,0.0,0.0,1.8331,0.0,0.0,2.4622,-0.00027,1.5602
2022-06-10,2595.87,-3.93,0.2,-0.002253,1.9001,0.1,-0.002261,2.6322,0.0,0.0,1.8331,0.0,0.0,2.4622,-0.011263,1.5426
2022-06-13,2504.51,-2.28,0.2,-0.007039,1.8867,0.1,-0.007047,2.6137,0.0,0.0,1.8331,0.0,0.0,2.4622,-0.035194,1.4883
2022-06-14,2492.97,-3.75,0.5,-0.001372,1.8841,0.3,-0.001529,2.6097,0.5,-0.00075,1.8317,0.3,-0.0009,2.46,-0.004608,1.4815
2022-06-15,2447.38,-1.44,0.3,-0.009444,1.8663,0.2,-0.011296,2.5802,0.5,-0.009144,1.815,0.3,-0.010996,2.4329,-0.018287,1.4544
2022-06-16,2451.41,-0.67,0.4,0.000344,1.8669,0.2,0.000643,2.5818,0.5,0.000823,1.8165,0.3,0.000964,2.4352,0.001647,1.4568
2022-06-17,2440.93,-0.33,0.6,-0.00201,1.8632,0.3,-0.002026,2.5766,0.5,-0.002138,1.8126,0.3,-0.002589,2.4289,-0.004275,1.4505
2022-06-20,2391.03,0.35,0.7,-0.012416,1.8401,0.4,-0.01259,2.5442,0.5,-0.010222,1.7941,0.3,-0.01229,2.3991,-0.020443,1.4209
2022-06-21,2408.93,1.76,0.9,0.00494,1.8491,0.5,0.005657,2.5586,0.9,0.003143,1.7997,0.5,0.003868,2.4084,0.007486,1.4315
2022-06-22,2342.81,3.66,1.0,-0.024853,1.8032,0.7,-0.028088,2.4867,0.9,-0.024703,1.7553,0.5,-0.027488,2.3422,-0.027448,1.3922
2022-06-23,2314.32,3.38,1.0,-0.012161,1.7813,0.9,-0.01768,2.4427,0.9,-0.010945,1.736,0.5,-0.0122,2.3136,-0.012161,1.3753
2022-06-24,2366.6,5.73,1.0,0.02259,1.8215,1.0,0.04029,2.5412,0.9,0.020331,1.7713,0.5,0.02255,2.3658,0.02259,1.4064
2022-06-27,2401.92,6.83,1.0,0.014924,1.8487,1.0,0.029769,2.6168,0.9,0.013432,1.7951,0.5,0.014885,2.401,0.014924,1.4274
2022-06-28,2422.09,7.56,1.0,0.008397,1.8642,1.0,0.016716,2.6605,1.0,0.007408,1.8084,1.0,0.006858,2.4174,0.008397,1.4393
2022-06-29,2377.99,8.62,1.0,-0.018207,1.8303,1.0,-0.036494,2.5635,1.0,-0.018207,1.7755,1.0,-0.036494,2.3292,-0.018207,1.4131
2022-06-30,2332.64,8.5,1.0,-0.019071,1.7954,1.0,-0.038221,2.4655,1.0,-0.019071,1.7416,1.0,-0.038221,2.2402,-0.019071,1.3862
2022-07-01,2305.42,8.22,1.0,-0.011669,1.7744,1.0,-0.023418,2.4077,1.0,-0.011669,1.7213,1.0,-0.023418,2.1877,-0.011669,1.37
2022-07-04,2300.34,8.02,1.0,-0.002204,1.7705,1.0,-0.004486,2.3969,1.0,-0.002204,1.7175,1.0,-0.004486,2.1779,-0.002204,1.367
2022-07-05,2341.78,8.59,1.0,0.018015,1.8024,1.0,0.03595,2.4831,1.0,0.018015,1.7485,1.0,0.03595,2.2562,0.018015,1.3916
2022-07-06,2292.01,8.68,1.0,-0.021253,1.7641,1.0,-0.042585,2.3774,1.0,-0.021253,1.7113,1.0,-0.042585,2.1601,-0.021253,1.362
2022-07-07,2334.27,8.01,1.0,0.018438,1.7966,1.0,0.036797,2.4648,1.0,0.018438,1.7429,1.0,0.036797,2.2396,0.018438,1.3872
2022-07-08,2350.61,7.84,1.0,0.007,1.8092,1.0,0.013921,2.4992,1.0,0.007,1.7551,1.0,0.013921,2.2708,0.007,1.3969
2022-07-11,2340.27,7.52,0.7,-0.004849,1.8004,0.6,-0.010077,2.474,1.0,-0.004399,1.7473,1.0,-0.008877,2.2506,-0.004399,1.3907
2022-07-12,2317.76,8.0,0.7,-0.006733,1.7883,0.6,-0.01159,2.4453,0.7,-0.010069,1.7297,0.6,-0.020516,2.2045,-0.009619,1.3773
2022-07-13,2328.61,8.09,0.7,0.003277,1.7942,0.6,0.00557,2.4589,0.7,0.003277,1.7354,0.6,0.00557,2.2167,0.004681,1.3838
2022-07-14,2322.32,8.13,0.7,-0.001891,1.7908,0.6,-0.003289,2.4508,0.7,-0.001891,1.7321,0.6,-0.003289,2.2095,-0.002701,1.3801
2022-07-15,2330.98,8.14,0.9,0.00231,1.7949,0.8,0.003827,2.4602,0.7,0.00261,1.7367,0.6,0.004427,2.2192,0.003729,1.3852
2022-07-18,2375.25,7.92,1.0,0.016943,1.8253,1.0,0.029724,2.5333,0.7,0.013294,1.7597,0.6,0.022743,2.2697,0.018992,1.4115
2022-07-19,2370.97,6.78,1.0,-0.001802,1.822,1.0,-0.003683,2.524,1.0,-0.001711,1.7567,1.0,-0.00341,2.262,-0.001802,1.409
2022-07-20,2386.85,5.99,1.0,0.006698,1.8342,1.0,0.013316,2.5576,1.0,0.006698,1.7685,1.0,0.013316,2.2921,0.006698,1.4184
2022-07-21,2409.16,4.49,1.0,0.009347,1.8514,1.0,0.018615,2.6052,1.0,0.009347,1.785,1.0,0.018615,2.3348,0.009347,1.4317
2022-07-22,2393.14,3.4,1.0,-0.00665,1.8391,1.0,-0.013379,2.5704,1.0,-0.00665,1.7732,1.0,-0.013379,2.3035,-0.00665,1.4221
2022-07-25,2403.69,3.61,1.0,0.004408,1.8472,1.0,0.008738,2.5928,1.0,0.004408,1.781,1.0,0.008738,2.3236,0.004408,1.4284
2022-07-26,2412.96,3.74,1.0,0.003857,1.8543,1.0,0.007634,2.6126,1.0,0.003857,1.7878,1.0,0.007634,2.3414,0.003857,1.4339
2022-07-27,2415.53,2.8,1.0,0.001065,1.8563,1.0,0.002051,2.618,1.0,0.001065,1.7897,1.0,0.002051,2.3462,0.001065,1.4354
2022-07-28,2435.27,2.91,1.0,0.008172,1.8714,1.0,0.016265,2.6606,1.0,0.008172,1.8044,1.0,0.016265,2.3843,0.008172,1.4472
2022-07-29,2451.5,3.21,1.0,0.006665,1.8839,1.0,0.01325,2.6958,1.0,0.006665,1.8164,1.0,0.01325,2.4159,0.006665,1.4568
2022-08-01,2452.25,2.1,1.0,0.000306,1.8845,1.0,0.000533,2.6972,1.0,0.000306,1.817,1.0,0.000533,2.4172,0.000306,1.4573
2022-08-02,2439.62,1.4,1.0,-0.00515,1.8748,1.0,-0.01038,2.6693,1.0,-0.00515,1.8076,1.0,-0.01038,2.3921,-0.00515,1.4498
2022-08-03,2461.45,1.33,1.0,0.008948,1.8916,1.0,0.017817,2.7168,1.0,0.008948,1.8238,1.0,0.017817,2.4348,0.008948,1.4627
2022-08-04,2473.11,1.42,1.0,0.004737,1.9005,1.0,0.009395,2.7423,1.0,0.004737,1.8324,1.0,0.009395,2.4576,0.004737,1.4697
2022-08-05,2490.8,2.3,1.0,0.007153,1.9141,0.9,0.013927,2.7805,1.0,0.007153,1.8455,1.0,0.014227,2.4926,0.007153,1.4802
2022-08-08,2493.1,1.68,1.0,0.000923,1.9159,0.9,0.001591,2.7849,1.0,0.000923,1.8472,1.0,0.001767,2.497,0.000923,1.4815
2022-08-09,2503.46,-0.26,1.0,0.004155,1.9238,0.9,0.007408,2.8056,1.0,0.004155,1.8549,0.9,0.007932,2.5168,0.004155,1.4877
2022-08-10,2480.88,0.35,1.0,-0.00902,1.9065,0.8,-0.016607,2.759,1.0,-0.00902,1.8382,0.9,-0.016307,2.4758,-0.00902,1.4743
2022-08-11,2523.78,1.36,1.0,0.017292,1.9395,0.8,0.027604,2.8351,1.0,0.017292,1.87,0.9,0.031055,2.5526,0.017292,1.4998
2022-08-12,2527.94,2.93,1.0,0.001648,1.9426,0.8,0.002574,2.8424,1.0,0.001648,1.873,0.9,0.002896,2.56,0.001648,1.5022
2022-08-16,2533.52,2.49,1.0,0.002207,1.9469,0.8,0.003468,2.8523,1.0,0.002207,1.8772,0.8,0.003602,2.5693,0.002207,1.5056
2022-08-17,2516.47,3.51,1.0,-0.00673,1.9338,0.8,-0.010831,2.8214,1.0,-0.00673,1.8645,0.8,-0.010831,2.5414,-0.00673,1.4954
2022-08-18,2508.05,3.45,1.0,-0.003346,1.9274,0.9,-0.005717,2.8053,1.0,-0.003346,1.8583,0.8,-0.005417,2.5277,-0.003346,1.4904
2022-08-19,2492.69,2.03,1.0,-0.006124,1.9156,1.0,-0.011395,2.7733,1.0,-0.006124,1.8469,0.8,-0.009862,2.5027,-0.006124,1.4813
2022-08-22,2462.5,-0.68,1.0,-0.012111,1.8924,1.0,-0.024302,2.7059,1.0,-0.012111,1.8246,0.8,-0.019442,2.4541,-0.012111,1.4634
2022-08-23,2435.34,-1.77,0.9,-0.011179,1.8712,0.9,-0.022438,2.6452,0.9,-0.011179,1.8042,0.9,-0.018011,2.4099,-0.011029,1.4472
2022-08-24,2447.45,-1.37,0.8,0.004325,1.8793,0.7,0.008279,2.6671,0.9,0.004475,1.8122,0.9,0.008879,2.4313,0.004973,1.4544
2022-08-25,2477.26,-2.7,0.7,0.009594,1.8973,0.5,0.016396,2.7108,0.9,0.010962,1.8321,0.9,0.021853,2.4844,0.01218,1.4721
2022-08-26,2481.03,-2.28,0.5,0.000765,1.8988,0.3,0.000882,2.7132,0.9,0.00137,1.8346,0.9,0.002668,2.491,0.001522,1.4744
2022-08-29,2426.89,-0.61,0.4,-0.011061,1.8778,0.1,-0.013717,2.676,0.9,-0.019639,1.7986,0.9,-0.03935,2.393,-0.021822,1.4422
2022-08-30,2450.93,-2.72,0.4,0.003962,1.8852,0.1,0.001973,2.6813,0.4,0.008165,1.8133,0.1,0.015359,2.4298,0.009906,1.4565
2022-08-31,2472.05,-1.87,0.3,0.003297,1.8914,0.1,0.001715,2.6859,0.4,0.003447,1.8195,0.1,0.001715,2.4339,0.008617,1.469
2022-09-01,2415.61,-3.14,0.3,-0.006849,1.8785,0.1,-0.004574,2.6736,0.4,-0.009133,1.8029,0.1,-0.004574,2.4228,-0.022831,1.4355
2022-09-02,2409.41,-5.62,0.3,-0.00077,1.877,0.1,-0.000521,2.6722,0.4,-0.001027,1.801,0.1,-0.000521,2.4215,-0.002567,1.4318
2022-09-05,2403.68,-3.51,0.2,-0.000863,1.8754,0.1,-0.000484,2.6709,0.4,-0.000951,1.7993,0.1,-0.000484,2.4204,-0.002378,1.4284
2022-09-06,2410.02,-3.3,0.1,0.000378,1.8761,0.0,0.00022,2.6715,0.1,0.000605,1.8004,0.0,0.00022,2.4209,0.002638,1.4322
2022-09-07,2376.46,-6.91,0.1,-0.001393,1.8735,0.0,0.0,2.6715,0.1,-0.001393,1.7979,0.0,0.0,2.4209,-0.013925,1.4122
2022-09-08,2384.28,-5.92,0.0,0.000179,1.8738,0.0,0.0,2.6715,0.1,0.000329,1.7985,0.0,0.0,2.4209,0.003291,1.4169
2022-09-13,2449.54,-4.54,0.0,0.0,1.8738,0.0,0.0,2.6715,0.0,0.002587,1.8032,0.0,0.0,2.4209,0.027371,1.4557
2022-09-14,2411.42,-4.08,0.0,0.0,1.8738,0.0,0.0,2.6715,0.0,0.0,1.8032,0.0,0.0,2.4209,-0.015562,1.433
2022-09-15,2401.83,-4.36,0.0,0.0,1.8738,0.0,0.0,2.6715,0.0,0.0,1.8032,0.0,0.0,2.4209,-0.003977,1.4273
2022-09-16,2382.78,-3.4,0.0,0.0,1.8738,0.0,0.0,2.6715,0.0,0.0,1.8032,0.0,0.0,2.4209,-0.007931,1.416
2022-09-19,2355.66,-3.96,0.0,0.0,1.8738,0.0,0.0,2.6715,0.0,0.0,1.8032,0.0,0.0,2.4209,-0.011382,1.3999
2022-09-20,2367.85,-4.29,0.0,0.0,1.8738,0.0,0.0,2.6715,0.0,0.0,1.8032,0.0,0.0,2.4209,0.005175,1.4071
2022-09-21,2347.21,-4.49,0.0,0.0,1.8738,0.0,0.0,2.6715,0.0,0.0,1.8032,0.0,0.0,2.4209,-0.008717,1.3948
2022-09-22,2332.31,-5.22,0.0,0.0,1.8738,0.0,0.0,2.6715,0.0,0.0,1.8032,0.0,0.0,2.4209,-0.006348,1.386
2022-09-23,2290.0,-5.63,0.0,0.0,1.8738,0.0,0.0,2.6715,0.0,0.0,1.8032,0.0,0.0,2.4209,-0.018141,1.3609
2022-09-26,2220.94,-5.37,0.0,0.0,1.8738,0.0,0.0,2.6715,0.0,0.0,1.8032,0.0,0.0,2.4209,-0.030157,1.3198
2022-09-27,2223.86,-4.93,0.3,-0.00045,1.873,0.2,-0.0006,2.6699,0.3,-0.00045,1.8023,0.2,-0.0006,2.4194,0.001315,1.3215
2022-09-28,2169.29,-4.86,0.3,-0.007362,1.8592,0.2,-0.009831,2.6436,0.3,-0.007362,1.7891,0.2,-0.009831,2.3957,-0.024538,1.2891
2022-09-29,2170.93,-6.13,0.3,0.000227,1.8596,0.2,0.000287,2.6444,0.3,0.000227,1.7895,0.2,0.000287,2.3963,0.000756,1.2901
2022-09-30,2155.49,-4.44,0.3,-0.002134,1.8557,0.2,-0.002861,2.6368,0.3,-0.002134,1.7857,0.2,-0.002861,2.3895,-0.007112,1.2809
2022-10-04,2209.38,-4.08,0.3,0.0075,1.8696,0.2,0.009985,2.6632,0.3,0.0075,1.7991,0.2,0.009985,2.4133,0.025001,1.3129
2022-10-05,2215.22,-3.86,0.3,0.000793,1.8711,0.2,0.001041,2.6659,0.3,0.000793,1.8005,0.2,0.001041,2.4159,0.002643,1.3164
2022-10-06,2237.86,-2.01,0.3,0.003066,1.8768,0.2,0.004072,2.6768,0.3,0.003066,1.806,0.2,0.004072,2.4257,0.01022,1.3299
2022-10-07,2232.84,-1.21,0.1,-0.000973,1.875,0.0,-0.001513,2.6727,0.3,-0.000673,1.8048,0.2,-0.000913,2.4235,-0.002243,1.3269
2022-10-11,2192.07,-1.23,0.2,-0.001976,1.8713,0.0,0.0,2.6727,0.2,-0.005628,1.7946,0.0,-0.00792,2.4043,-0.018259,1.3027
2022-10-12,2202.47,-3.96,0.3,0.000799,1.8728,0.1,-0.0003,2.6719,0.2,0.000949,1.7963,0.0,0.0,2.4043,0.004744,1.3088
2022-10-13,2162.87,-1.3,0.3,-0.005394,1.8627,0.1,-0.003604,2.6623,0.2,-0.003596,1.7899,0.0,0.0,2.4043,-0.01798,1.2853
2022-10-14,2212.55,-4.02,0.4,0.006741,1.8752,0.1,0.004586,2.6745,0.2,0.004594,1.7981,0.0,0.0,2.4043,0.022969,1.3148
2022-10-17,2219.71,-1.86,0.3,0.001144,1.8774,0.1,0.000639,2.6762,0.2,0.000647,1.7993,0.0,0.0,2.4043,0.003236,1.3191
2022-10-18,2249.95,-0.37,0.3,0.004087,1.885,0.0,0.002417,2.6827,0.3,0.002575,1.8039,0.0,0.0,2.4043,0.013623,1.3371
2022-10-19,2237.44,-0.62,0.3,-0.001668,1.8819,0.1,-0.0003,2.6819,0.3,-0.001668,1.8009,0.0,0.0,2.4043,-0.00556,1.3296
2022-10-20,2218.09,-0.61,0.5,-0.002894,1.8764,0.2,-0.002038,2.6764,0.3,-0.002594,1.7962,0.0,0.0,2.4043,-0.008648,1.3181
2022-10-21,2213.12,-1.48,0.5,-0.00112,1.8743,0.2,-0.000912,2.674,0.3,-0.000672,1.795,0.0,0.0,2.4043,-0.002241,1.3152
2022-10-24,2236.16,-0.97,0.6,0.005055,1.8838,0.2,0.004148,2.6851,0.3,0.003123,1.8006,0.0,0.0,2.4043,0.010411,1.3289
2022-10-25,2235.07,-0.51,0.7,-0.000442,1.883,0.3,-0.000511,2.6837,0.7,-0.000746,1.7993,0.3,-0.0009,2.4021,-0.000487,1.3282
2022-10-26,2249.56,-2.0,0.6,0.004388,1.8912,0.2,0.003566,2.6933,0.7,0.004538,1.8074,0.3,0.003866,2.4114,0.006483,1.3368
2022-10-27,2288.78,-1.27,0.6,0.010461,1.911,0.2,0.006958,2.712,0.7,0.012204,1.8295,0.3,0.010437,2.4366,0.017435,1.3601
2022-10-28,2268.4,-0.29,0.5,-0.005493,1.9005,0.1,-0.003878,2.7015,0.7,-0.006233,1.8181,0.3,-0.005366,2.4235,-0.008904,1.348
2022-10-31,2293.61,1.83,0.6,0.005407,1.9108,0.2,0.001915,2.7067,0.7,0.007779,1.8322,0.3,0.006644,2.4396,0.011114,1.363
2022-11-01,2335.22,-1.16,0.7,0.010735,1.9313,0.4,0.006641,2.7247,0.7,0.012699,1.8555,0.4,0.010561,2.4654,0.018142,1.3877
2022-11-02,2336.87,0.69,0.6,0.000345,1.932,0.3,0.000234,2.7253,0.7,0.000495,1.8564,0.4,0.000534,2.4667,0.000707,1.3887
2022-11-03,2329.17,1.63,0.8,-0.002277,1.9276,0.5,-0.002601,2.7182,0.7,-0.002307,1.8521,0.4,-0.002668,2.4601,-0.003295,1.3841
2022-11-04,2348.43,1.28,0.9,0.006465,1.9401,0.7,0.007629,2.7389,0.7,0.005788,1.8629,0.4,0.006583,2.4763,0.008269,1.3956
2022-11-07,2371.79,0.8,0.9,0.008952,1.9574,0.7,0.01387,2.7769,0.7,0.006963,1.8758,0.4,0.007926,2.4959,0.009947,1.4095
2022-11-08,2399.04,0.99,0.9,0.01034,1.9777,0.7,0.016029,2.8214,0.9,0.007742,1.8903,0.7,0.00826,2.5165,0.011489,1.4256
2022-11-09,2424.41,0.35,1.0,0.009368,1.9962,0.8,0.01445,2.8622,0.9,0.009518,1.9083,0.7,0.01475,2.5537,0.010575,1.4407
2022-11-10,2402.23,0.9,1.0,-0.009149,1.9779,0.8,-0.014701,2.8201,0.9,-0.008234,1.8926,0.7,-0.012864,2.5208,-0.009149,1.4275
2022-11-11,2483.16,1.03,1.0,0.03369,2.0446,0.8,0.05384,2.972,0.9,0.030321,1.95,0.7,0.04711,2.6396,0.03369,1.4756
2022-11-14,2474.65,5.0,1.0,-0.003427,2.0376,0.7,-0.005847,2.9546,0.9,-0.003084,1.944,0.7,-0.004853,2.6268,-0.003427,1.4706
2022-11-15,2480.33,5.36,1.0,0.002295,2.0422,0.8,0.002858,2.963,1.0,0.001916,1.9477,0.8,0.002858,2.6343,0.002295,1.474
2022-11-16,2477.45,5.53,1.0,-0.001161,2.0399,0.8,-0.001921,2.9573,1.0,-0.001161,1.9455,0.8,-0.001921,2.6292,-0.001161,1.4722
2022-11-17,2442.9,6.24,1.0,-0.013946,2.0114,0.9,-0.022677,2.8903,1.0,-0.013946,1.9183,0.8,-0.022377,2.5704,-0.013946,1.4517
2022-11-18,2444.48,4.36,1.0,0.000647,2.0127,1.0,0.000793,2.8926,1.0,0.000647,1.9196,0.8,0.000971,2.5729,0.000647,1.4527
2022-11-21,2419.5,4.17,1.0,-0.010219,1.9921,1.0,-0.020517,2.8332,1.0,-0.010219,1.9,0.8,-0.016414,2.5306,-0.010219,1.4378
2022-11-22,2405.27,3.25,1.0,-0.005881,1.9804,1.0,-0.011842,2.7997,1.0,-0.005881,1.8888,1.0,-0.010074,2.5051,-0.005881,1.4294
2022-11-23,2418.01,0.73,1.0,0.005297,1.9909,1.0,0.010514,2.8291,1.0,0.005297,1.8988,1.0,0.010514,2.5315,0.005297,1.4369
2022-11-24,2441.33,1.11,1.0,0.009644,2.0101,0.9,0.018909,2.8826,1.0,0.009644,1.9171,1.0,0.019209,2.5801,0.009644,1.4508
2022-11-25,2437.86,2.74,1.0,-0.001421,2.0073,0.9,-0.00263,2.875,1.0,-0.001421,1.9144,1.0,-0.002922,2.5726,-0.001421,1.4487
2022-11-28,2408.27,2.08,1.0,-0.012138,1.9829,0.9,-0.021919,2.812,1.0,-0.012138,1.8911,1.0,-0.024355,2.5099,-0.012138,1.4311
2022-11-29,2433.39,2.27,1.0,0.010431,2.0036,0.9,0.018704,2.8646,1.0,0.010431,1.9109,0.9,0.020482,2.5613,0.010431,1.4461
2022-11-30,2472.53,4.0,1.0,0.016085,2.0358,0.9,0.028881,2.9473,1.0,0.016085,1.9416,0.9,0.028881,2.6353,0.016085,1.4693
2022-12-01,2479.84,2.36,1.0,0.002956,2.0418,1.0,0.00495,2.9619,1.0,0.002956,1.9473,0.9,0.00525,2.6491,0.002956,1.4737
2022-12-02,2434.33,0.96,1.0,-0.018352,2.0044,1.0,-0.036783,2.853,1.0,-0.018352,1.9116,0.9,-0.033105,2.5614,-0.018352,1.4466
2022-12-05,2419.32,4.13,1.0,-0.006166,1.992,1.0,-0.012411,2.8176,1.0,-0.006166,1.8998,0.9,-0.01117,2.5328,-0.006166,1.4377
2022-12-06,2393.16,1.93,1.0,-0.010813,1.9705,1.0,-0.021705,2.7564,1.0,-0.010813,1.8793,1.0,-0.019835,2.4826,-0.010813,1.4222
2022-12-07,2382.81,0.63,1.0,-0.004325,1.9619,1.0,-0.008729,2.7323,1.0,-0.004325,1.8711,1.0,-0.008729,2.4609,-0.004325,1.416
2022-12-08,2371.08,0.28,1.0,-0.004923,1.9523,0.9,-0.010225,2.7044,1.0,-0.004923,1.8619,1.0,-0.009925,2.4365,-0.004923,1.409
2022-12-09,2389.04,-1.53,1.0,0.007575,1.9671,0.8,0.013263,2.7403,1.0,0.007575,1.876,1.0,0.01507,2.4732,0.007575,1.4197
2022-12-12,2373.02,-0.36,0.9,-0.006856,1.9536,0.7,-0.011092,2.7099,1.0,-0.006706,1.8635,1.0,-0.013491,2.4398,-0.006706,1.4102
2022-12-13,2372.4,0.31,0.8,-0.000385,1.9528,0.5,-0.001021,2.7071,0.8,-0.000561,1.8624,0.5,-0.002102,2.4347,-0.000261,1.4098
2022-12-14,2399.25,1.54,0.8,0.009054,1.9705,0.5,0.011278,2.7376,0.8,0.009054,1.8793,0.5,0.011278,2.4622,0.011318,1.4258
2022-12-15,2360.97,1.74,0.8,-0.012764,1.9454,0.5,-0.015995,2.6939,0.8,-0.012764,1.8553,0.5,-0.015995,2.4228,-0.015955,1.403
2022-12-16,2360.02,1.02,0.8,-0.000322,1.9447,0.6,-0.000742,2.6919,0.8,-0.000322,1.8547,0.5,-0.000442,2.4217,-0.000402,1.4025
2022-12-19,2352.17,-0.25,1.0,-0.002961,1.939,0.8,-0.004639,2.6794,0.8,-0.002661,1.8498,0.5,-0.003366,2.4136,-0.003326,1.3978
2022-12-20,2333.29,0.51,1.0,-0.008027,1.9234,0.8,-0.012906,2.6448,1.0,-0.006721,1.8373,0.8,-0.008966,2.3919,-0.008027,1.3866
2022-12-21,2328.95,-1.23,1.0,-0.00186,1.9198,0.8,-0.00304,2.6368,1.0,-0.00186,1.8339,0.8,-0.00304,2.3847,-0.00186,1.384
2022-12-22,2356.73,0.01,0.9,0.011778,1.9424,0.6,0.018422,2.6853,1.0,0.011928,1.8558,0.8,0.019022,2.43,0.011928,1.4005
2022-12-23,2313.69,1.13,0.9,-0.016436,1.9105,0.5,-0.022263,2.6255,1.0,-0.018263,1.8219,0.8,-0.029284,2.3589,-0.018263,1.3749
2022-12-26,2317.14,1.0,0.9,0.001342,1.9131,0.5,0.001451,2.6294,1.0,0.001491,1.8246,0.8,0.002322,2.3643,0.001491,1.377
2022-12-27,2332.79,1.83,0.9,0.006079,1.9247,0.6,0.006414,2.6462,0.9,0.006604,1.8367,0.6,0.010143,2.3883,0.006754,1.3863
2022-12-28,2280.45,6.3,0.9,-0.020193,1.8858,0.7,-0.027272,2.5741,0.9,-0.020193,1.7996,0.6,-0.026972,2.3239,-0.022437,1.3552
2022-12-29,2236.4,4.06,1.0,-0.017535,1.8528,0.8,-0.027398,2.5035,0.9,-0.017385,1.7683,0.6,-0.023227,2.2699,-0.019316,1.329
2023-01-02,2225.67,4.39,1.0,-0.004798,1.8439,0.9,-0.00804,2.4834,0.9,-0.004318,1.7606,0.6,-0.005805,2.2567,-0.004798,1.3226
2023-01-03,2218.68,5.16,1.0,-0.003141,1.8381,1.0,-0.006025,2.4684,1.0,-0.002977,1.7554,1.0,-0.005016,2.2454,-0.003141,1.3185
2023-01-04,2255.98,6.34,1.0,0.016812,1.869,1.0,0.033544,2.5512,1.0,0.016812,1.7849,1.0,0.033544,2.3207,0.016812,1.3406
2023-01-05,2264.65,4.89,1.0,0.003843,1.8762,1.0,0.007607,2.5706,1.0,0.003843,1.7918,1.0,0.007607,2.3384,0.003843,1.3458
2023-01-06,2289.97,3.19,1.0,0.011181,1.8972,1.0,0.022282,2.6279,1.0,0.011181,1.8118,1.0,0.022282,2.3905,0.011181,1.3608
2023-01-09,2350.19,2.17,1.0,0.026297,1.947,1.0,0.052515,2.7659,1.0,0.026297,1.8595,1.0,0.052515,2.516,0.026297,1.3966
2023-01-10,2351.31,1.74,1.0,0.000477,1.948,1.0,0.000874,2.7683,1.0,0.000477,1.8603,1.0,0.000874,2.5182,0.000477,1.3973
2023-01-11,2359.53,1.36,1.0,0.003496,1.9548,1.0,0.006912,2.7875,1.0,0.003496,1.8668,1.0,0.006912,2.5357,0.003496,1.4022
2023-01-12,2365.1,3.38,1.0,0.002361,1.9594,1.0,0.004642,2.8004,1.0,0.002361,1.8712,1.0,0.004642,2.5474,0.002361,1.4055
2023-01-13,2386.09,2.24,1.0,0.008875,1.9768,1.0,0.01767,2.8499,1.0,0.008875,1.8879,1.0,0.01767,2.5924,0.008875,1.418
2023-01-16,2399.86,4.78,1.0,0.005771,1.9882,1.0,0.011463,2.8826,1.0,0.005771,1.8988,1.0,0.011463,2.6222,0.005771,1.4261
2023-01-17,2379.39,4.81,1.0,-0.00853,1.9712,1.0,-0.017139,2.8332,1.0,-0.00853,1.8826,1.0,-0.017139,2.5772,-0.00853,1.414
2023-01-18,2368.32,3.9,1.0,-0.004652,1.9621,1.0,-0.009384,2.8066,1.0,-0.004652,1.8738,1.0,-0.009384,2.553,-0.004652,1.4074
2023-01-19,2380.34,3.49,1.0,0.005075,1.972,1.0,0.010071,2.8348,1.0,0.005075,1.8833,1.0,0.010071,2.5787,0.005075,1.4145
2023-01-20,2395.26,3.06,1.0,0.006268,1.9844,1.0,0.012457,2.8702,1.0,0.006268,1.8951,1.0,0.012457,2.6109,0.006268,1.4234
2023-01-25,2428.57,1.58,1.0,0.013907,2.012,1.0,0.027734,2.9498,1.0,0.013907,1.9215,1.0,0.027734,2.6833,0.013907,1.4432
2023-01-26,2468.65,0.72,1.0,0.016504,2.0452,1.0,0.032928,3.0469,1.0,0.016504,1.9532,1.0,0.032928,2.7716,0.016504,1.467
2023-01-27,2484.02,1.8,1.0,0.006226,2.0579,0.9,0.012073,3.0837,1.0,0.006226,1.9653,1.0,0.012373,2.8059,0.006226,1.4761
2023-01-30,2450.47,2.36,1.0,-0.013506,2.0301,0.9,-0.024383,3.0085,1.0,-0.013506,1.9388,1.0,-0.027092,2.7299,-0.013506,1.4562
2023-01-31,2425.08,4.49,1.0,-0.010361,2.0091,0.9,-0.018722,2.9522,1.0,-0.010361,1.9187,0.9,-0.021102,2.6723,-0.010361,1.4411
2023-02-01,2449.8,4.1,1.0,0.010193,2.0296,0.9,0.018277,3.0061,1.0,0.010193,1.9383,0.9,0.018277,2.7211,0.010193,1.4558
2023-02-02,2468.88,4.62,1.0,0.007788,2.0454,0.9,0.013948,3.048,1.0,0.007788,1.9534,0.9,0.013948,2.7591,0.007788,1.4672
2023-02-03,2480.4,7.36,1.0,0.004666,2.0549,1.0,0.008028,3.0725,1.0,0.004666,1.9625,0.9,0.008328,2.7821,0.004666,1.474
2023-02-06,2438.19,1.44,1.0,-0.017017,2.02,1.0,-0.034114,2.9677,1.0,-0.017017,1.9291,0.9,-0.030703,2.6966,-0.017017,1.4489
2023-02-07,2451.71,1.74,1.0,0.005545,2.0312,1.0,0.011011,3.0004,1.0,0.005545,1.9398,1.0,0.00961,2.7226,0.005545,1.4569
2023-02-08,2483.64,0.57,1.0,0.013024,2.0576,1.0,0.025968,3.0783,1.0,0.013024,1.965,1.0,0.025968,2.7933,0.013024,1.4759
2023-02-09,2481.52,1.48,1.0,-0.000854,2.0558,0.9,-0.002087,3.0719,1.0,-0.000854,1.9634,1.0,-0.001787,2.7883,-0.000854,1.4747
2023-02-10,2469.73,-1.69,1.0,-0.004751,2.0461,0.9,-0.008623,3.0454,1.0,-0.004751,1.954,1.0,-0.009582,2.7616,-0.004751,1.4677
2023-02-13,2452.7,-0.96,0.9,-0.007045,2.0317,0.7,-0.013083,3.0055,1.0,-0.006895,1.9406,1.0,-0.01387,2.7232,-0.006895,1.4575
2023-02-14,2465.64,-2.27,0.8,0.004598,2.041,0.6,0.007031,3.0267,0.8,0.004976,1.9502,0.6,0.009272,2.7485,0.005276,1.4652
2023-02-15,2427.9,-2.21,0.6,-0.012545,2.0154,0.4,-0.019015,2.9691,0.8,-0.012245,1.9263,0.6,-0.018415,2.6979,-0.015306,1.4428
2023-02-16,2475.48,-5.58,0.5,0.011608,2.0388,0.2,0.015046,3.0138,0.8,0.015678,1.9565,0.6,0.023469,2.7612,0.019597,1.4711
2023-02-17,2451.21,-4.8,0.3,-0.005202,2.0282,0.0,-0.004538,3.0001,0.8,-0.007843,1.9412,0.6,-0.011813,2.7286,-0.009804,1.4567
2023-02-20,2455.12,-4.91,0.2,0.000329,2.0289,0.0,0.0,3.0001,0.8,0.001276,1.9437,0.6,0.001867,2.7337,0.001595,1.459
2023-02-21,2458.96,-7.12,0.1,0.000163,2.0292,0.0,0.0,3.0001,0.1,0.000201,1.9441,0.0,2.9e-05,2.7338,0.001564,1.4613
2023-02-22,2417.68,-5.29,0.0,-0.001829,2.0255,0.0,0.0,3.0001,0.1,-0.001679,1.9408,0.0,0.0,2.7338,-0.016788,1.4367
2023-02-23,2439.09,-6.51,0.0,0.0,2.0255,0.0,0.0,3.0001,0.1,0.000886,1.9425,0.0,0.0,2.7338,0.008856,1.4494
2023-02-24,2423.61,-4.81,0.0,0.0,2.0255,0.0,0.0,3.0001,0.1,-0.000635,1.9413,0.0,0.0,2.7338,-0.006347,1.4403
2023-02-27,2402.64,-5.32,0.0,0.0,2.0255,0.0,0.0,3.0001,0.1,-0.000865,1.9396,0.0,0.0,2.7338,-0.008652,1.4278
2023-02-28,2412.85,-5.89,0.0,0.0,2.0255,0.0,0.0,3.0001,0.0,0.000275,1.9401,0.0,0.0,2.7338,0.004249,1.4339
2023-03-02,2427.85,-5.28,0.0,0.0,2.0255,0.0,0.0,3.0001,0.0,0.0,1.9401,0.0,0.0,2.7338,0.006217,1.4428
2023-03-03,2432.07,-4.43,0.0,0.0,2.0255,0.0,0.0,3.0001,0.0,0.0,1.9401,0.0,0.0,2.7338,0.001738,1.4453
2023-03-06,2462.62,-3.33,0.0,0.0,2.0255,0.0,0.0,3.0001,0.0,0.0,1.9401,0.0,0.0,2.7338,0.012561,1.4634
2023-03-07,2463.35,-6.6,0.0,0.0,2.0255,0.0,0.0,3.0001,0.0,0.0,1.9401,0.0,0.0,2.7338,0.000296,1.4639
2023-03-08,2431.91,-2.87,0.0,0.0,2.0255,0.0,0.0,3.0001,0.0,0.0,1.9401,0.0,0.0,2.7338,-0.012763,1.4452
2023-03-09,2419.09,-1.14,0.0,0.0,2.0255,0.0,0.0,3.0001,0.0,0.0,1.9401,0.0,0.0,2.7338,-0.005272,1.4376
2023-03-10,2394.59,-3.89,0.1,-0.00015,2.0252,0.0,0.0,3.0001,0.0,0.0,1.9401,0.0,0.0,2.7338,-0.010128,1.423
2023-03-13,2410.6,-1.97,0.1,0.000669,2.0265,0.0,0.0,3.0001,0.0,0.0,1.9401,0.0,0.0,2.7338,0.006686,1.4325
2023-03-14,2348.97,-2.73,0.2,-0.002707,2.021,0.0,0.0,3.0001,0.2,-0.0003,1.9395,0.0,0.0,2.7338,-0.025566,1.3959
2023-03-15,2379.72,-2.51,0.2,0.002618,2.0263,0.0,0.0,3.0001,0.2,0.002618,1.9446,0.0,0.0,2.7338,0.013091,1.4142
2023-03-16,2377.91,-0.78,0.2,-0.000152,2.026,0.0,0.0,3.0001,0.2,-0.000152,1.9443,0.0,0.0,2.7338,-0.000761,1.4131
2023-03-17,2395.69,0.59,0.2,0.001495,2.0291,0.1,-0.0003,2.9992,0.2,0.001495,1.9472,0.0,0.0,2.7338,0.007477,1.4237
2023-03-20,2379.2,-1.88,0.4,-0.001677,2.0257,0.2,-0.001685,2.9942,0.2,-0.001377,1.9446,0.0,0.0,2.7338,-0.006883,1.4139
2023-03-21,2388.35,-1.65,0.4,0.001538,2.0288,0.2,0.001522,2.9987,0.4,0.000469,1.9455,0.2,-0.0006,2.7321,0.003846,1.4193
2023-03-22,2416.96,-2.41,0.5,0.004642,2.0382,0.2,0.004776,3.013,0.4,0.004792,1.9548,0.2,0.004776,2.7452,0.011979,1.4363
2023-03-23,2424.48,-0.65,0.5,0.001556,2.0414,0.2,0.001229,3.0167,0.4,0.001245,1.9572,0.2,0.001229,2.7485,0.003111,1.4408
2023-03-24,2414.96,-0.15,0.5,-0.001963,2.0374,0.2,-0.001587,3.012,0.4,-0.001571,1.9542,0.2,-0.001587,2.7442,-0.003927,1.4351
2023-03-27,2409.22,-0.6,0.5,-0.001188,2.0349,0.2,-0.000967,3.009,0.4,-0.000951,1.9523,0.2,-0.000967,2.7415,-0.002377,1.4317
2023-03-28,2434.94,2.16,0.6,0.005188,2.0455,0.2,0.004254,3.0218,0.6,0.00397,1.96,0.2,0.004254,2.7532,0.010676,1.447
2023-03-29,2443.92,4.54,0.7,0.002063,2.0497,0.4,0.000859,3.0244,0.6,0.002213,1.9644,0.2,0.001459,2.7572,0.003688,1.4523
2023-03-30,2453.16,2.42,0.9,0.002347,2.0545,0.6,0.002393,3.0317,0.6,0.002268,1.9688,0.2,0.001496,2.7613,0.003781,1.4578
2023-03-31,2476.86,0.81,0.9,0.008695,2.0724,0.8,0.010946,3.0649,0.6,0.005797,1.9803,0.2,0.003849,2.772,0.009661,1.4719
2023-04-03,2472.34,1.11,0.9,-0.001642,2.069,0.8,-0.002983,3.0557,0.6,-0.001095,1.9781,0.2,-0.000746,2.7699,-0.001825,1.4692
2023-04-04,2480.51,-1.88,1.0,0.002824,2.0748,0.9,0.004924,3.0708,1.0,0.001383,1.9808,0.9,-0.000794,2.7677,0.003305,1.4741
2023-04-05,2495.21,3.13,0.9,0.005776,2.0868,0.7,0.009996,3.1015,1.0,0.005926,1.9926,0.9,0.010596,2.797,0.005926,1.4828
2023-04-06,2459.23,-0.28,0.9,-0.012978,2.0597,0.7,-0.020243,3.0387,1.0,-0.01442,1.9638,0.9,-0.026027,2.7242,-0.01442,1.4614
2023-04-07,2490.41,-4.13,0.8,0.011261,2.0829,0.6,0.017395,3.0915,1.0,0.012679,1.9887,0.9,0.02275,2.7862,0.012679,1.4799
2023-04-10,2512.08,-5.01,0.6,0.006661,2.0968,0.4,0.009794,3.1218,1.0,0.008701,2.006,0.9,0.015591,2.8296,0.008701,1.4928
2023-04-11,2547.86,-3.68,0.4,0.008246,2.1141,0.3,0.011063,3.1563,0.4,0.013343,2.0328,0.3,0.023766,2.8969,0.014243,1.5141
2023-04-12,2550.64,-4.28,0.4,0.000436,2.115,0.3,0.000631,3.1583,0.4,0.000436,2.0337,0.3,0.000631,2.8987,0.001091,1.5157
2023-04-13,2561.66,0.25,0.2,0.001428,2.118,0.1,0.001968,3.1646,0.4,0.001728,2.0372,0.3,0.002568,2.9062,0.00432,1.5223
2023-04-14,2571.49,-0.58,0.2,0.000767,2.1196,0.1,0.00076,3.167,0.4,0.001535,2.0403,0.3,0.002279,2.9128,0.003837,1.5281
2023-04-17,2575.91,1.56,0.3,0.000194,2.1201,0.2,3.6e-05,3.1671,0.4,0.000688,2.0417,0.3,0.001007,2.9157,0.001719,1.5308
2023-04-18,2571.09,-1.08,0.5,-0.000861,2.1182,0.4,-0.001364,3.1627,0.5,-0.000898,2.0399,0.4,-0.001447,2.9115,-0.001871,1.5279
2023-04-19,2575.08,-2.22,0.7,0.000476,2.1192,0.4,0.00121,3.1666,0.5,0.000776,2.0415,0.4,0.00121,2.915,0.001552,1.5303
2023-04-20,2563.11,-2.56,0.7,-0.003254,2.1123,0.4,-0.00375,3.1547,0.5,-0.002324,2.0367,0.4,-0.00375,2.9041,-0.004648,1.5231
2023-04-21,2544.4,-5.44,0.5,-0.00541,2.1009,0.3,-0.006172,3.1352,0.5,-0.00365,2.0293,0.4,-0.005872,2.887,-0.0073,1.512
2023-04-24,2523.5,-4.91,0.4,-0.004257,2.092,0.2,-0.005252,3.1188,0.5,-0.004107,2.021,0.4,-0.006603,2.868,-0.008214,1.4996
2023-04-25,2489.02,-4.2,0.2,-0.005765,2.0799,0.0,-0.006081,3.0998,0.2,-0.007282,2.0062,0.0,-0.012163,2.8331,-0.013664,1.4791
2023-04-26,2484.83,-4.35,0.1,-0.000487,2.0789,0.0,0.0,3.0998,0.2,-0.000337,2.0056,0.0,0.0,2.8331,-0.001683,1.4766
2023-04-27,2495.81,-2.43,0.0,0.000292,2.0795,0.0,0.0,3.0998,0.2,0.000884,2.0073,0.0,0.0,2.8331,0.004419,1.4832
2023-04-28,2501.53,-2.02,0.0,0.0,2.0795,0.0,0.0,3.0998,0.2,0.000458,2.0083,0.0,0.0,2.8331,0.002292,1.4866
2023-05-02,2524.39,-2.35,0.1,-0.00015,2.0792,0.0,0.0,3.0998,0.1,0.001678,2.0116,0.0,0.0,2.8331,0.009138,1.5001
2023-05-03,2501.4,-2.24,0.1,-0.000911,2.0773,0.0,0.0,3.0998,0.1,-0.000911,2.0098,0.0,0.0,2.8331,-0.009107,1.4865
2023-05-04,2500.94,-1.36,0.2,-0.000168,2.077,0.0,0.0,3.0998,0.1,-1.8e-05,2.0098,0.0,0.0,2.8331,-0.000184,1.4862
2023-05-08,2513.21,-4.53,0.3,0.000831,2.0787,0.0,0.0,3.0998,0.1,0.000491,2.0107,0.0,0.0,2.8331,0.004906,1.4935
2023-05-09,2510.06,-4.27,0.2,-0.000526,2.0776,0.0,0.0,3.0998,0.2,-0.000275,2.0102,0.0,0.0,2.8331,-0.001253,1.4916
2023-05-10,2496.51,-7.05,0.2,-0.00108,2.0753,0.0,0.0,3.0998,0.2,-0.00108,2.008,0.0,0.0,2.8331,-0.005398,1.4836
2023-05-11,2491.0,-4.33,0.1,-0.000591,2.0741,0.0,0.0,3.0998,0.2,-0.000441,2.0071,0.0,0.0,2.8331,-0.002207,1.4803
2023-05-12,2475.42,-4.03,0.1,-0.000625,2.0728,0.0,0.0,3.0998,0.2,-0.001251,2.0046,0.0,0.0,2.8331,-0.006255,1.471
2023-05-15,2479.35,-3.37,0.0,9e-06,2.0728,0.0,0.0,3.0998,0.2,0.000318,2.0053,0.0,0.0,2.8331,0.001588,1.4734
2023-05-16,2480.24,-4.2,0.0,0.0,2.0728,0.0,0.0,3.0998,0.0,-0.000228,2.0048,0.0,0.0,2.8331,0.000359,1.4739
2023-05-17,2494.66,0.41,0.0,0.0,2.0728,0.0,0.0,3.0998,0.0,0.0,2.0048,0.0,0.0,2.8331,0.005814,1.4825
2023-05-18,2515.4,-2.55,0.2,-0.0003,2.0722,0.1,-0.0003,3.0989,0.0,0.0,2.0048,0.0,0.0,2.8331,0.008314,1.4948
2023-05-19,2537.79,-1.88,0.2,0.00178,2.0759,0.1,0.001772,3.1044,0.0,0.0,2.0048,0.0,0.0,2.8331,0.008901,1.5081
2023-05-22,2557.08,-0.54,0.3,0.00137,2.0787,0.1,0.001512,3.1091,0.0,0.0,2.0048,0.0,0.0,2.8331,0.007601,1.5196
2023-05-23,2567.55,0.79,0.4,0.001078,2.081,0.2,0.000511,3.1106,0.4,-0.0006,2.0036,0.2,-0.0006,2.8314,0.004095,1.5258
2023-05-24,2567.45,1.44,0.6,-0.000316,2.0803,0.3,-0.000331,3.1096,0.4,-1.6e-05,2.0036,0.2,-3.1e-05,2.8313,-3.9e-05,1.5257
2023-05-25,2554.69,2.25,0.6,-0.002982,2.0741,0.4,-0.003306,3.0993,0.4,-0.001988,1.9996,0.2,-0.002004,2.8256,-0.00497,1.5181
2023-05-26,2558.81,4.48,0.8,0.000668,2.0755,0.6,0.000658,3.1014,0.4,0.000645,2.0009,0.2,0.000629,2.8274,0.001613,1.5206
2023-05-30,2585.52,2.43,0.9,0.008201,2.0925,0.8,0.011879,3.1382,0.9,0.003425,2.0077,0.8,0.00236,2.8341,0.010438,1.5365
2023-05-31,2577.12,3.64,1.0,-0.003074,2.0861,0.9,-0.005562,3.1208,0.9,-0.002924,2.0019,0.8,-0.005262,2.8192,-0.003249,1.5315
2023-06-01,2569.17,2.72,1.0,-0.003085,2.0797,1.0,-0.005924,3.1023,0.9,-0.002776,1.9963,0.8,-0.004999,2.8051,-0.003085,1.5268
2023-06-02,2601.36,3.69,1.0,0.012529,2.1057,1.0,0.024979,3.1798,0.9,0.011276,2.0188,0.8,0.019983,2.8611,0.012529,1.5459
2023-06-05,2615.41,5.72,1.0,0.005401,2.1171,1.0,0.010723,3.2139,0.9,0.004861,2.0286,0.8,0.008578,2.8857,0.005401,1.5542
2023-06-07,2615.6,2.91,1.0,7.3e-05,2.1173,1.0,6.6e-05,3.2141,0.9,6.5e-05,2.0288,0.8,5.3e-05,2.8858,7.3e-05,1.5543
2023-06-08,2610.85,2.04,1.0,-0.001816,2.1134,1.0,-0.003711,3.2021,0.9,-0.001634,2.0254,0.8,-0.002969,2.8773,-0.001816,1.5515
2023-06-09,2641.16,2.61,1.0,0.011609,2.1379,1.0,0.023139,3.2762,0.9,0.010448,2.0466,0.8,0.018511,2.9305,0.011609,1.5695
2023-06-12,2629.35,5.23,1.0,-0.004472,2.1284,1.0,-0.009022,3.2467,0.9,-0.004024,2.0384,0.8,-0.007218,2.9094,-0.004472,1.5625
2023-06-13,2637.95,3.95,1.0,0.003271,2.1353,1.0,0.006462,3.2677,1.0,0.002794,2.0441,1.0,0.00457,2.9227,0.003271,1.5676
2023-06-14,2619.08,3.06,1.0,-0.007153,2.1201,1.0,-0.014386,3.2206,1.0,-0.007153,2.0294,1.0,-0.014386,2.8806,-0.007153,1.5564
2023-06-15,2608.54,4.4,1.0,-0.004024,2.1115,1.0,-0.008128,3.1945,1.0,-0.004024,2.0213,1.0,-0.008128,2.8572,-0.004024,1.5501
2023-06-16,2625.79,3.68,1.0,0.006613,2.1255,1.0,0.013146,3.2365,1.0,0.006613,2.0346,1.0,0.013146,2.8948,0.006613,1.5604
2023-06-19,2609.5,6.1,1.0,-0.006204,2.1123,1.0,-0.012487,3.1961,1.0,-0.006204,2.022,1.0,-0.012487,2.8586,-0.006204,1.5507
2023-06-20,2604.91,4.29,1.0,-0.001759,2.1086,1.0,-0.003597,3.1846,1.0,-0.001759,2.0185,1.0,-0.003597,2.8483,-0.001759,1.548
2023-06-21,2582.63,3.04,1.0,-0.008553,2.0906,1.0,-0.017186,3.1298,1.0,-0.008553,2.0012,1.0,-0.017186,2.7994,-0.008553,1.5347
2023-06-22,2593.7,1.01,1.0,0.004286,2.0995,1.0,0.008493,3.1564,1.0,0.004286,2.0098,1.0,0.008493,2.8232,0.004286,1.5413
2023-06-23,2570.1,1.25,1.0,-0.009099,2.0804,1.0,-0.018277,3.0987,1.0,-0.009099,1.9915,1.0,-0.018277,2.7716,-0.009099,1.5273
2023-06-26,2582.2,-0.52,1.0,0.004708,2.0902,0.9,0.009037,3.1267,1.0,0.004708,2.0009,1.0,0.009337,2.7974,0.004708,1.5345
2023-06-27,2581.39,0.5,0.9,-0.000464,2.0892,0.8,-0.000936,3.1238,0.9,-0.000464,1.9999,0.8,-0.001307,2.7938,-0.000314,1.534
2023-06-28,2564.19,0.43,0.9,-0.005997,2.0767,0.7,-0.011024,3.0894,0.9,-0.005997,1.9879,0.8,-0.010724,2.7638,-0.006663,1.5238
2023-06-29,2550.02,2.02,0.9,-0.004974,2.0664,0.7,-0.007792,3.0653,0.9,-0.004974,1.9781,0.8,-0.008905,2.7392,-0.005526,1.5154
2023-06-30,2564.28,0.66,0.9,0.005033,2.0768,0.7,0.007773,3.0891,0.9,0.005033,1.988,0.8,0.008884,2.7635,0.005592,1.5238
2023-07-03,2602.47,-0.38,0.9,0.013404,2.1046,0.7,0.020795,3.1533,0.9,0.013404,2.0147,0.8,0.023765,2.8292,0.014893,1.5465
2023-07-04,2593.31,0.19,1.0,-0.003318,2.0976,0.7,-0.004983,3.1376,1.0,-0.003318,2.008,0.7,-0.005995,2.8123,-0.00352,1.5411
2023-07-05,2579.0,5.28,0.9,-0.005668,2.0858,0.7,-0.007781,3.1132,1.0,-0.005518,1.9969,0.7,-0.007781,2.7904,-0.005518,1.5326
2023-07-06,2556.29,1.54,0.9,-0.007925,2.0692,0.7,-0.012384,3.0747,1.0,-0.008806,1.9793,0.7,-0.012384,2.7558,-0.008806,1.5191
2023-07-07,2526.71,0.96,0.9,-0.010414,2.0477,0.7,-0.016256,3.0247,1.0,-0.011571,1.9564,0.7,-0.016256,2.711,-0.011571,1.5015
2023-07-10,2520.7,-2.23,0.9,-0.002141,2.0433,0.7,-0.003386,3.0144,1.0,-0.002379,1.9518,0.7,-0.003386,2.7018,-0.002379,1.4979
2023-07-11,2562.49,-5.56,0.8,0.014771,2.0735,0.7,0.023155,3.0842,0.8,0.016279,1.9835,0.7,0.023155,2.7644,0.016579,1.5228
2023-07-12,2574.72,-1.81,0.6,0.003518,2.0808,0.5,0.006026,3.1028,0.8,0.003818,1.9911,0.7,0.006626,2.7827,0.004773,1.53
2023-07-13,2591.23,-1.35,0.5,0.003697,2.0885,0.3,0.005773,3.1207,0.8,0.00513,2.0013,0.7,0.008922,2.8075,0.006412,1.5399
2023-07-14,2628.3,-1.33,0.4,0.007003,2.1031,0.2,0.00826,3.1465,0.8,0.011445,2.0242,0.7,0.019973,2.8636,0.014306,1.5619
2023-07-17,2619.0,3.98,0.3,-0.001565,2.0998,0.0,-0.002031,3.1401,0.8,-0.002831,2.0185,0.7,-0.005009,2.8493,-0.003538,1.5564
2023-07-18,2607.62,1.95,0.5,-0.001604,2.0964,0.2,-0.0006,3.1382,0.5,-0.003926,2.0106,0.2,-0.007639,2.8275,-0.004345,1.5496
2023-07-19,2608.24,-1.9,0.7,-0.000181,2.096,0.4,-0.000521,3.1366,0.5,0.000119,2.0108,0.2,7.9e-05,2.8277,0.000238,1.55
2023-07-20,2600.23,-0.82,0.7,-0.00215,2.0915,0.4,-0.002489,3.1288,0.5,-0.001536,2.0077,0.2,-0.001244,2.8242,-0.003071,1.5452
2023-07-21,2609.76,-3.87,0.7,0.002566,2.0969,0.5,0.0026,3.1369,0.5,0.001833,2.0114,0.2,0.00145,2.8283,0.003665,1.5509
2023-07-24,2628.53,1.1,0.6,0.004885,2.1071,0.5,0.007153,3.1594,0.5,0.003596,2.0186,0.2,0.002861,2.8364,0.007192,1.562
2023-07-25,2636.46,1.17,0.6,0.00181,2.111,0.4,0.002677,3.1678,0.6,0.001358,2.0214,0.4,0.000591,2.8381,0.003017,1.5667
2023-07-26,2592.36,0.47,0.6,-0.010036,2.0898,0.4,-0.013413,3.1253,0.6,-0.010036,2.0011,0.4,-0.013413,2.8,-0.016727,1.5405
2023-07-27,2603.81,3.85,0.7,0.0025,2.095,0.5,0.003202,3.1354,0.6,0.00265,2.0064,0.4,0.003502,2.8098,0.004417,1.5473
2023-07-28,2608.32,6.39,0.8,0.001062,2.0972,0.7,0.001092,3.1388,0.6,0.001039,2.0085,0.4,0.001354,2.8136,0.001732,1.55
2023-07-31,2632.58,6.1,1.0,0.007141,2.1122,0.9,0.012366,3.1776,0.6,0.005581,2.0197,0.4,0.007409,2.8345,0.009301,1.5644
2023-08-01,2667.07,3.71,1.0,0.013101,2.1399,0.9,0.023511,3.2523,1.0,0.007261,2.0343,0.9,0.008949,2.8598,0.013101,1.5849
2023-08-02,2616.47,4.36,1.0,-0.018972,2.0993,0.9,-0.034221,3.141,1.0,-0.018972,1.9958,0.9,-0.034221,2.762,-0.018972,1.5549
2023-08-03,2605.39,5.27,1.0,-0.004235,2.0904,1.0,-0.007994,3.1159,1.0,-0.004235,1.9873,0.9,-0.007694,2.7407,-0.004235,1.5483
2023-08-04,2602.8,1.26,1.0,-0.000994,2.0883,1.0,-0.002068,3.1094,1.0,-0.000994,1.9853,0.9,-0.001861,2.7356,-0.000994,1.5467
2023-08-07,2580.71,-0.67,1.0,-0.008487,2.0706,1.0,-0.017053,3.0564,1.0,-0.008487,1.9685,0.9,-0.015348,2.6936,-0.008487,1.5336
2023-08-08,2573.98,-4.07,0.9,-0.002758,2.0649,0.8,-0.005895,3.0384,0.9,-0.002758,1.963,0.8,-0.005065,2.68,-0.002608,1.5296
2023-08-09,2605.12,-1.96,0.7,0.010588,2.0867,0.6,0.018693,3.0952,0.9,0.010888,1.9844,0.8,0.019293,2.7317,0.012098,1.5481
2023-08-10,2601.56,-5.17,0.6,-0.001107,2.0844,0.4,-0.002287,3.0881,0.9,-0.00123,1.982,0.8,-0.00225,2.7255,-0.001367,1.546
2023-08-11,2591.26,-4.28,0.4,-0.002675,2.0789,0.2,-0.003799,3.0764,0.9,-0.003563,1.9749,0.8,-0.006398,2.7081,-0.003959,1.5399
2023-08-14,2570.87,-3.89,0.2,-0.003448,2.0717,0.1,-0.003463,3.0657,0.9,-0.007082,1.9609,0.8,-0.012654,2.6738,-0.007869,1.5278
2023-08-16,2525.64,-4.44,0.1,-0.003669,2.0641,0.0,-0.003827,3.054,0.9,-0.015834,1.9299,0.8,-0.028213,2.5984,-0.017593,1.5009
2023-08-17,2519.85,-4.56,0.1,-0.000229,2.0636,0.0,0.0,3.054,0.9,-0.002063,1.9259,0.8,-0.003731,2.5887,-0.002292,1.4974
2023-08-18,2504.5,-1.55,0.0,-0.000759,2.062,0.0,0.0,3.054,0.9,-0.005482,1.9153,0.8,-0.00981,2.5633,-0.006092,1.4883
2023-08-21,2508.8,-6.12,0.1,-0.00015,2.0617,0.0,0.0,3.054,0.9,0.001545,1.9183,0.8,0.002684,2.5702,0.001717,1.4909
2023-08-22,2515.74,-5.67,0.1,0.000277,2.0623,0.0,0.0,3.054,0.1,0.00129,1.9208,0.0,0.001963,2.5752,0.002766,1.495
2023-08-23,2505.5,-4.21,0.1,-0.000407,2.0615,0.0,0.0,3.054,0.1,-0.000407,1.92,0.0,0.0,2.5752,-0.00407,1.4889
2023-08-24,2537.68,-6.05,0.1,0.001284,2.0641,0.0,0.0,3.054,0.1,0.001284,1.9225,0.0,0.0,2.5752,0.012844,1.508
2023-08-25,2519.14,-6.18,0.1,-0.000731,2.0626,0.0,0.0,3.054,0.1,-0.000731,1.9211,0.0,0.0,2.5752,-0.007306,1.497
2023-08-28,2543.41,-5.62,0.0,0.000813,2.0643,0.0,0.0,3.054,0.1,0.000963,1.9229,0.0,0.0,2.5752,0.009634,1.5114
2023-08-29,2552.16,-6.93,0.0,0.0,2.0643,0.0,0.0,3.054,0.0,0.000194,1.9233,0.0,0.0,2.5752,0.00344,1.5166
2023-08-30,2561.22,-5.93,0.0,0.0,2.0643,0.0,0.0,3.054,0.0,0.0,1.9233,0.0,0.0,2.5752,0.00355,1.522
2023-08-31,2556.27,-6.78,0.0,0.0,2.0643,0.0,0.0,3.054,0.0,0.0,1.9233,0.0,0.0,2.5752,-0.001933,1.5191
2023-09-01,2563.71,-6.38,0.0,0.0,2.0643,0.0,0.0,3.054,0.0,0.0,1.9233,0.0,0.0,2.5752,0.00291,1.5235
2023-09-04,2584.55,-6.41,0.0,0.0,2.0643,0.0,0.0,3.054,0.0,0.0,1.9233,0.0,0.0,2.5752,0.008129,1.5359
2023-09-05,2582.18,-5.26,0.0,0.0,2.0643,0.0,0.0,3.054,0.0,0.0,1.9233,0.0,0.0,2.5752,-0.000917,1.5345
2023-09-06,2563.34,-6.44,0.0,0.0,2.0643,0.0,0.0,3.054,0.0,0.0,1.9233,0.0,0.0,2.5752,-0.007296,1.5233
2023-09-07,2548.26,-6.32,0.0,0.0,2.0643,0.0,0.0,3.054,0.0,0.0,1.9233,0.0,0.0,2.5752,-0.005883,1.5143
2023-09-08,2547.68,-6.09,0.0,0.0,2.0643,0.0,0.0,3.054,0.0,0.0,1.9233,0.0,0.0,2.5752,-0.000228,1.514
2023-09-11,2556.88,-5.48,0.0,0.0,2.0643,0.0,0.0,3.054,0.0,0.0,1.9233,0.0,0.0,2.5752,0.003611,1.5194
2023-09-12,2536.58,-7.11,0.0,0.0,2.0643,0.0,0.0,3.054,0.0,0.0,1.9233,0.0,0.0,2.5752,-0.007939,1.5074
2023-09-13,2534.7,-6.35,0.0,0.0,2.0643,0.0,0.0,3.054,0.0,0.0,1.9233,0.0,0.0,2.5752,-0.000741,1.5063
2023-09-14,2572.89,-6.78,0.0,0.0,2.0643,0.0,0.0,3.054,0.0,0.0,1.9233,0.0,0.0,2.5752,0.015067,1.529
2023-09-15,2601.28,-5.22,0.0,0.0,2.0643,0.0,0.0,3.054,0.0,0.0,1.9233,0.0,0.0,2.5752,0.011034,1.5458
2023-09-18,2574.72,-3.62,0.0,0.0,2.0643,0.0,0.0,3.054,0.0,0.0,1.9233,0.0,0.0,2.5752,-0.01021,1.53
2023-09-19,2559.21,-7.2,0.0,0.0,2.0643,0.0,0.0,3.054,0.0,0.0,1.9233,0.0,0.0,2.5752,-0.006024,1.5208
2023-09-20,2559.74,-4.92,0.0,0.0,2.0643,0.0,0.0,3.054,0.0,0.0,1.9233,0.0,0.0,2.5752,0.000207,1.5211
2023-09-21,2514.97,-3.76,0.0,0.0,2.0643,0.0,0.0,3.054,0.0,0.0,1.9233,0.0,0.0,2.5752,-0.01749,1.4945
2023-09-22,2508.13,-4.42,0.0,0.0,2.0643,0.0,0.0,3.054,0.0,0.0,1.9233,0.0,0.0,2.5752,-0.00272,1.4905
2023-09-25,2495.76,-3.41,0.0,0.0,2.0643,0.0,0.0,3.054,0.0,0.0,1.9233,0.0,0.0,2.5752,-0.004932,1.4831
2023-09-26,2462.97,-6.13,0.0,0.0,2.0643,0.0,0.0,3.054,0.0,0.0,1.9233,0.0,0.0,2.5752,-0.013138,1.4636
2023-09-27,2465.07,-6.23,0.0,0.0,2.0643,0.0,0.0,3.054,0.0,0.0,1.9233,0.0,0.0,2.5752,0.000853,1.4649
2023-10-04,2405.69,-0.33,0.0,0.0,2.0643,0.0,0.0,3.054,0.0,0.0,1.9233,0.0,0.0,2.5752,-0.024089,1.4296
2023-10-05,2403.6,-4.26,0.2,-0.0003,2.0637,0.1,-0.0003,3.0531,0.0,0.0,1.9233,0.0,0.0,2.5752,-0.000869,1.4284
2023-10-06,2408.73,0.64,0.2,0.000427,2.0645,0.1,0.000419,3.0544,0.0,0.0,1.9233,0.0,0.0,2.5752,0.002134,1.4314
2023-10-10,2402.58,-1.14,0.4,-0.000811,2.0629,0.2,-0.000819,3.0519,0.4,-0.0006,1.9221,0.2,-0.0006,2.5737,-0.002553,1.4278
2023-10-11,2450.08,-5.07,0.5,0.007758,2.0789,0.3,0.007592,3.075,0.4,0.007908,1.9373,0.2,0.007892,2.594,0.01977,1.456
2023-10-12,2479.82,-6.35,0.5,0.006069,2.0915,0.3,0.007259,3.0974,0.4,0.004855,1.9467,0.2,0.004839,2.6066,0.012138,1.4737
2023-10-13,2456.15,-2.09,0.3,-0.005073,2.0809,0.2,-0.006051,3.0786,0.4,-0.003818,1.9393,0.2,-0.003834,2.5966,-0.009545,1.4596
2023-10-16,2436.24,1.75,0.4,-0.002582,2.0755,0.2,-0.003258,3.0686,0.4,-0.003242,1.933,0.2,-0.003258,2.5881,-0.008106,1.4478
2023-10-17,2460.17,3.47,0.4,0.003929,2.0837,0.2,0.003913,3.0806,0.4,0.003929,1.9406,0.2,0.003913,2.5982,0.009823,1.462
2023-10-18,2462.6,1.67,0.5,0.000245,2.0842,0.4,-0.000221,3.0799,0.4,0.000395,1.9414,0.2,0.000379,2.5992,0.000988,1.4634
2023-10-19,2415.8,-2.05,0.7,-0.009802,2.0637,0.6,-0.015835,3.0311,0.4,-0.007602,1.9266,0.2,-0.007618,2.5794,-0.019004,1.4356
2023-10-20,2375.0,-1.86,0.7,-0.011822,2.0394,0.6,-0.020314,2.9696,0.4,-0.006756,1.9136,0.2,-0.006771,2.5619,-0.016889,1.4114
2023-10-23,2357.02,-2.4,0.7,-0.005299,2.0285,0.6,-0.009132,2.9424,0.4,-0.003028,1.9078,0.2,-0.003044,2.5542,-0.007571,1.4007
2023-10-24,2383.51,-4.09,0.6,0.007717,2.0442,0.4,0.012839,2.9802,0.6,0.004196,1.9158,0.4,0.00388,2.5641,0.011239,1.4164
2023-10-25,2363.17,0.37,0.4,-0.00542,2.0331,0.2,-0.007459,2.958,0.6,-0.00512,1.906,0.4,-0.006859,2.5465,-0.008534,1.4043
2023-10-26,2299.08,1.17,0.4,-0.010848,2.0111,0.1,-0.011164,2.925,0.6,-0.016272,1.875,0.4,-0.021728,2.4911,-0.02712,1.3662
2023-10-27,2302.81,2.01,0.5,0.000499,2.0121,0.3,-0.000283,2.9241,0.6,0.000973,1.8768,0.4,0.001266,2.4943,0.001622,1.3685
2023-10-30,2310.55,6.26,0.6,0.001531,2.0151,0.5,0.001393,2.9282,0.6,0.002017,1.8806,0.4,0.002657,2.5009,0.003361,1.3731
2023-10-31,2277.99,4.94,0.8,-0.008755,1.9975,0.7,-0.014732,2.8851,0.8,-0.008755,1.8641,0.7,-0.012205,2.4704,-0.014092,1.3537
2023-11-01,2301.56,4.71,1.0,0.007977,2.0134,0.9,0.01383,2.925,0.8,0.008277,1.8796,0.7,0.01443,2.506,0.010347,1.3677
2023-11-02,2343.12,4.5,1.0,0.018057,2.0498,1.0,0.032132,3.019,0.8,0.014446,1.9067,0.7,0.025225,2.5693,0.018057,1.3924
2023-11-03,2368.34,5.09,1.0,0.010763,2.0719,1.0,0.021447,3.0837,0.8,0.008611,1.9231,0.7,0.015013,2.6078,0.010763,1.4074
2023-11-06,2502.37,3.03,1.0,0.056592,2.1891,1.0,0.113105,3.4325,0.8,0.045274,2.0102,0.7,0.079174,2.8143,0.056592,1.4871
2023-11-07,2443.96,4.05,1.0,-0.023342,2.138,1.0,-0.046763,3.272,1.0,-0.018973,1.9721,1.0,-0.033634,2.7197,-0.023342,1.4523
2023-11-08,2421.62,7.27,0.9,-0.009291,2.1181,0.8,-0.018961,3.2099,1.0,-0.009141,1.954,1.0,-0.018361,2.6697,-0.009141,1.4391
2023-11-09,2427.08,6.73,0.9,0.002029,2.1224,0.8,0.003544,3.2213,1.0,0.002255,1.9584,1.0,0.00443,2.6815,0.002255,1.4423
2023-11-10,2409.66,6.27,0.9,-0.00646,2.1087,0.8,-0.011547,3.1841,1.0,-0.007177,1.9444,1.0,-0.014434,2.6428,-0.007177,1.432
2023-11-13,2403.76,6.44,0.9,-0.002204,2.1041,0.8,-0.003981,3.1714,1.0,-0.002448,1.9396,1.0,-0.004976,2.6297,-0.002448,1.4285
2023-11-14,2433.25,7.51,0.9,0.011041,2.1273,0.8,0.019566,3.2335,0.9,0.012118,1.9631,0.8,0.023857,2.6924,0.012268,1.446
2023-11-15,2486.67,7.8,1.0,0.019609,2.169,1.0,0.034463,3.3449,0.9,0.019759,2.0019,0.8,0.035063,2.7868,0.021954,1.4777
2023-11-16,2488.18,8.18,1.0,0.000607,2.1704,1.0,0.001135,3.3487,0.9,0.000547,2.003,0.8,0.000908,2.7894,0.000607,1.4786
2023-11-17,2469.85,8.99,1.0,-0.007367,2.1544,1.0,-0.014813,3.2991,0.9,-0.00663,1.9897,0.8,-0.01185,2.7563,-0.007367,1.4677
2023-11-20,2491.2,8.76,1.0,0.008644,2.173,1.0,0.017209,3.3559,0.9,0.00778,2.0052,0.8,0.013767,2.7943,0.008644,1.4804
2023-11-21,2510.42,8.88,1.0,0.007715,2.1898,1.0,0.015351,3.4074,1.0,0.006794,2.0188,1.0,0.011681,2.8269,0.007715,1.4918
2023-11-22,2511.7,8.9,1.0,0.00051,2.1909,1.0,0.00094,3.4106,1.0,0.00051,2.0199,1.0,0.00094,2.8295,0.00051,1.4926
2023-11-23,2514.96,8.93,1.0,0.001298,2.1937,1.0,0.002516,3.4192,1.0,0.001298,2.0225,1.0,0.002516,2.8367,0.001298,1.4945
2023-11-24,2496.63,8.55,1.0,-0.007288,2.1777,1.0,-0.014656,3.3691,1.0,-0.007288,2.0077,1.0,-0.014656,2.7951,-0.007288,1.4836
2023-11-27,2495.66,8.72,1.0,-0.000389,2.1769,1.0,-0.000856,3.3662,1.0,-0.000389,2.007,1.0,-0.000856,2.7927,-0.000389,1.4831
2023-11-28,2521.76,8.85,1.0,0.010458,2.1996,1.0,0.020837,3.4364,1.0,0.010458,2.0279,1.0,0.020837,2.8509,0.010458,1.4986
2023-11-29,2519.81,8.94,1.0,-0.000773,2.1979,1.0,-0.001626,3.4308,1.0,-0.000773,2.0264,1.0,-0.001626,2.8463,-0.000773,1.4974
2023-11-30,2535.29,9.03,1.0,0.006143,2.2114,1.0,0.012207,3.4726,1.0,0.006143,2.0388,1.0,0.012207,2.881,0.006143,1.5066
2023-12-01,2505.01,8.88,1.0,-0.011943,2.185,1.0,-0.023966,3.3894,1.0,-0.011943,2.0145,1.0,-0.023966,2.812,-0.011943,1.4886
2023-12-04,2514.95,8.28,1.0,0.003968,2.1937,1.0,0.007857,3.416,1.0,0.003968,2.0225,1.0,0.007857,2.834,0.003968,1.4945
2023-12-05,2494.28,8.46,1.0,-0.008219,2.1757,1.0,-0.016517,3.3596,1.0,-0.008219,2.0058,1.0,-0.016517,2.7872,-0.008219,1.4822
2023-12-06,2495.38,7.88,1.0,0.000441,2.1766,1.0,0.000803,3.3623,1.0,0.000441,2.0067,1.0,0.000803,2.7895,0.000441,1.4829
2023-12-07,2492.07,7.64,1.0,-0.001326,2.1737,1.0,-0.002732,3.3531,1.0,-0.001326,2.0041,1.0,-0.002732,2.7819,-0.001326,1.4809
2023-12-08,2517.85,8.3,1.0,0.010345,2.1962,1.0,0.02061,3.4222,1.0,0.010345,2.0248,1.0,0.02061,2.8392,0.010345,1.4963
2023-12-11,2525.36,8.99,1.0,0.002983,2.2028,1.0,0.005886,3.4424,1.0,0.002983,2.0308,1.0,0.005886,2.8559,0.002983,1.5007
2023-12-12,2535.27,7.73,1.0,0.003924,2.2114,1.0,0.007769,3.4691,1.0,0.003924,2.0388,1.0,0.007769,2.8781,0.003924,1.5066
2023-12-13,2510.66,8.16,1.0,-0.009707,2.19,1.0,-0.019493,3.4015,1.0,-0.009707,2.019,1.0,-0.019493,2.822,-0.009707,1.492
2023-12-14,2544.18,8.71,1.0,0.013351,2.2192,1.0,0.026623,3.4921,1.0,0.013351,2.046,1.0,0.026623,2.8971,0.013351,1.5119
2023-12-15,2563.56,8.96,1.0,0.007617,2.2361,1.0,0.015155,3.545,1.0,0.007617,2.0616,1.0,0.015155,2.941,0.007617,1.5234
2023-12-18,2566.86,9.13,1.0,0.001287,2.239,1.0,0.002495,3.5538,1.0,0.001287,2.0642,1.0,0.002495,2.9484,0.001287,1.5254
2023-12-19,2568.55,8.27,1.0,0.000658,2.2405,1.0,0.001237,3.5582,1.0,0.000658,2.0656,1.0,0.001237,2.952,0.000658,1.5264
2023-12-20,2614.3,8.63,1.0,0.017812,2.2804,1.0,0.035544,3.6847,1.0,0.017812,2.1024,1.0,0.035544,3.0569,0.017812,1.5536
2023-12-21,2600.02,9.48,1.0,-0.005462,2.2679,1.0,-0.011004,3.6442,1.0,-0.005462,2.0909,1.0,-0.011004,3.0233,-0.005462,1.5451
2023-12-22,2599.51,9.28,1.0,-0.000196,2.2675,1.0,-0.000472,3.6424,1.0,-0.000196,2.0905,1.0,-0.000472,3.0219,-0.000196,1.5448
2023-12-26,2602.59,9.09,1.0,0.001185,2.2701,1.0,0.00229,3.6508,1.0,0.001185,2.0929,1.0,0.00229,3.0288,0.001185,1.5466
2023-12-27,2613.5,9.45,1.0,0.004192,2.2797,1.0,0.008305,3.6811,1.0,0.004192,2.1017,1.0,0.008305,3.0539,0.004192,1.5531
2023-12-28,2655.28,9.39,1.0,0.015986,2.3161,1.0,0.031893,3.7985,1.0,0.015986,2.1353,1.0,0.031893,3.1513,0.015986,1.5779
2024-01-02,2669.81,9.55,1.0,0.005472,2.3288,1.0,0.010865,3.8398,1.0,0.005472,2.147,1.0,0.010865,3.1856,0.005472,1.5866
2024-01-03,2607.31,9.43,1.0,-0.02341,2.2743,1.0,-0.046899,3.6597,1.0,-0.02341,2.0967,1.0,-0.046899,3.0362,-0.02341,1.5494
2024-01-04,2587.02,9.46,1.0,-0.007782,2.2566,1.0,-0.015643,3.6024,1.0,-0.007782,2.0804,1.0,-0.015643,2.9887,-0.007782,1.5374
2024-01-05,2578.08,9.34,1.0,-0.003456,2.2488,1.0,-0.006991,3.5773,1.0,-0.003456,2.0732,1.0,-0.006991,2.9678,-0.003456,1.532
2024-01-08,2567.82,9.19,1.0,-0.00398,2.2398,1.0,-0.008039,3.5485,1.0,-0.00398,2.065,1.0,-0.008039,2.9439,-0.00398,1.5259
2024-01-09,2561.24,7.44,1.0,-0.002562,2.2341,1.0,-0.005204,3.53,1.0,-0.002562,2.0597,1.0,-0.005204,2.9286,-0.002562,1.522
2024-01-10,2541.98,7.69,1.0,-0.00752,2.2173,1.0,-0.015119,3.4767,1.0,-0.00752,2.0442,1.0,-0.015119,2.8843,-0.00752,1.5106
2024-01-11,2540.27,6.6,1.0,-0.000673,2.2158,1.0,-0.001425,3.4717,1.0,-0.000673,2.0428,1.0,-0.001425,2.8802,-0.000673,1.5096
2024-01-12,2525.05,3.45,1.0,-0.005991,2.2025,1.0,-0.012062,3.4298,1.0,-0.005991,2.0306,1.0,-0.012062,2.8455,-0.005991,1.5005
2024-01-15,2525.99,6.51,1.0,0.000372,2.2033,1.0,0.000665,3.4321,1.0,0.000372,2.0313,1.0,0.000665,2.8474,0.000372,1.5011
2024-01-16,2497.59,4.52,1.0,-0.011243,2.1786,1.0,-0.022566,3.3547,1.0,-0.011243,2.0085,1.0,-0.022566,2.7831,-0.011243,1.4842
2024-01-17,2435.9,4.46,1.0,-0.0247,2.1247,1.0,-0.049479,3.1887,1.0,-0.0247,1.9589,1.0,-0.049479,2.6454,-0.0247,1.4476
2024-01-18,2440.04,0.76,1.0,0.0017,2.1284,1.0,0.00332,3.1993,1.0,0.0017,1.9622,1.0,0.00332,2.6542,0.0017,1.45
2024-01-19,2472.74,0.49,1.0,0.013401,2.1569,0.9,0.026423,3.2838,1.0,0.013401,1.9885,1.0,0.026723,2.7251,0.013401,1.4694
2024-01-22,2464.35,0.09,1.0,-0.003393,2.1496,0.9,-0.006179,3.2635,1.0,-0.003393,1.9818,1.0,-0.006865,2.7064,-0.003393,1.4645
2024-01-23,2478.61,1.37,1.0,0.005787,2.162,0.8,0.010044,3.2963,1.0,0.005787,1.9932,0.8,0.010894,2.7359,0.005787,1.4729
2024-01-24,2469.69,2.85,1.0,-0.003599,2.1542,0.8,-0.005822,3.2771,1.0,-0.003599,1.9861,0.8,-0.005822,2.72,-0.003599,1.4676
2024-01-25,2470.34,2.67,1.0,0.000263,2.1548,0.8,0.000358,3.2783,1.0,0.000263,1.9866,0.8,0.000358,2.7209,0.000263,1.468
2024-01-26,2478.56,1.27,1.0,0.003327,2.162,0.8,0.00526,3.2955,1.0,0.003327,1.9932,0.8,0.00526,2.7353,0.003327,1.4729
2024-01-29,2500.65,1.47,1.0,0.008912,2.1812,0.9,0.013896,3.3413,1.0,0.008912,2.011,0.8,0.014196,2.7741,0.008912,1.486
2024-01-30,2498.81,-0.47,1.0,-0.000736,2.1796,0.9,-0.001396,3.3366,1.0,-0.000736,2.0095,0.9,-0.001541,2.7698,-0.000736,1.4849
2024-01-31,2497.09,3.5,1.0,-0.000688,2.1781,0.8,-0.00161,3.3313,1.0,-0.000688,2.0081,0.9,-0.00131,2.7662,-0.000688,1.4839
2024-02-01,2542.46,1.59,1.0,0.018169,2.2177,0.8,0.029007,3.4279,1.0,0.018169,2.0446,0.9,0.032633,2.8565,0.018169,1.5109
2024-02-02,2615.31,2.14,1.0,0.028653,2.2812,0.8,0.045782,3.5848,1.0,0.028653,2.1032,0.9,0.051505,3.0036,0.028653,1.5542
2024-02-05,2591.31,5.15,1.0,-0.009177,2.2603,0.9,-0.015046,3.5309,1.0,-0.009177,2.0839,0.9,-0.01659,2.9537,-0.009177,1.5399
2024-02-06,2576.2,4.13,1.0,-0.005831,2.2471,0.9,-0.010567,3.4936,1.0,-0.005831,2.0717,0.9,-0.010567,2.9225,-0.005831,1.5309
2024-02-07,2609.58,3.74,1.0,0.012957,2.2762,1.0,0.022951,3.5738,1.0,0.012957,2.0986,0.9,0.023251,2.9905,0.012957,1.5508
2024-02-08,2620.32,6.35,1.0,0.004116,2.2856,1.0,0.008152,3.6029,1.0,0.004116,2.1072,0.9,0.007337,3.0124,0.004116,1.5571
2024-02-13,2649.64,5.58,1.0,0.011189,2.3112,1.0,0.0223,3.6833,1.0,0.011189,2.1308,1.0,0.01977,3.072,0.011189,1.5746
2024-02-14,2620.42,3.97,1.0,-0.011028,2.2857,1.0,-0.022135,3.6017,1.0,-0.011028,2.1073,1.0,-0.022135,3.004,-0.011028,1.5572
2024-02-15,2613.8,5.41,1.0,-0.002526,2.2799,1.0,-0.005132,3.5832,1.0,-0.002526,2.102,1.0,-0.005132,2.9886,-0.002526,1.5533
2024-02-16,2648.76,5.62,1.0,0.013375,2.3104,1.0,0.026671,3.6788,1.0,0.013375,2.1301,1.0,0.026671,3.0683,0.013375,1.574
2024-02-19,2680.26,6.81,1.0,0.011892,2.3379,1.0,0.023705,3.766,1.0,0.011892,2.1554,1.0,0.023705,3.141,0.011892,1.5928
2024-02-20,2657.79,6.62,1.0,-0.008384,2.3183,1.0,-0.016846,3.7026,1.0,-0.008384,2.1373,1.0,-0.016846,3.0881,-0.008384,1.5794
2024-02-21,2653.31,6.15,1.0,-0.001686,2.3144,1.0,-0.003451,3.6898,1.0,-0.001686,2.1337,1.0,-0.003451,3.0774,-0.001686,1.5768
2024-02-22,2664.27,5.77,1.0,0.004131,2.3239,1.0,0.008182,3.72,1.0,0.004131,2.1426,1.0,0.008182,3.1026,0.004131,1.5833
2024-02-23,2667.7,5.29,1.0,0.001287,2.3269,1.0,0.002495,3.7293,1.0,0.001287,2.1453,1.0,0.002495,3.1104,0.001287,1.5853
2024-02-26,2647.08,5.01,1.0,-0.00773,2.309,1.0,-0.015538,3.6713,1.0,-0.00773,2.1287,1.0,-0.015538,3.062,-0.00773,1.573
2024-02-27,2625.05,4.33,1.0,-0.008322,2.2897,1.0,-0.016724,3.6099,1.0,-0.008322,2.111,1.0,-0.016724,3.0108,-0.008322,1.56
2024-02-28,2652.29,4.85,1.0,0.010377,2.3135,1.0,0.020675,3.6846,1.0,0.010377,2.1329,1.0,0.020675,3.0731,0.010377,1.5761
2024-02-29,2642.36,5.52,1.0,-0.003744,2.3048,1.0,-0.007567,3.6567,1.0,-0.003744,2.1249,1.0,-0.007567,3.0498,-0.003744,1.5702
2024-03-04,2674.27,4.07,1.0,0.012076,2.3327,1.0,0.024073,3.7447,1.0,0.012076,2.1506,1.0,0.024073,3.1232,0.012076,1.5892
2024-03-05,2649.4,4.4,1.0,-0.0093,2.311,1.0,-0.018679,3.6748,1.0,-0.0093,2.1306,1.0,-0.018679,3.0649,-0.0093,1.5744
2024-03-06,2641.49,6.41,1.0,-0.002986,2.3041,1.0,-0.006051,3.6525,1.0,-0.002986,2.1242,1.0,-0.006051,3.0464,-0.002986,1.5697
2024-03-07,2647.62,3.06,1.0,0.002321,2.3094,1.0,0.004562,3.6692,1.0,0.002321,2.1292,1.0,0.004562,3.0602,0.002321,1.5734
2024-03-08,2680.35,2.88,1.0,0.012362,2.338,1.0,0.024645,3.7596,1.0,0.012362,2.1555,1.0,0.024645,3.1357,0.012362,1.5928
2024-03-11,2659.84,2.73,1.0,-0.007652,2.3201,1.0,-0.015383,3.7018,1.0,-0.007652,2.139,1.0,-0.015383,3.0874,-0.007652,1.5806
2024-03-12,2681.81,0.07,1.0,0.00826,2.3392,1.0,0.01644,3.7626,1.0,0.00826,2.1567,1.0,0.01644,3.1382,0.00826,1.5937
2024-03-13,2693.57,0.79,1.0,0.004385,2.3495,0.9,0.008391,3.7942,1.0,0.004385,2.1661,1.0,0.008691,3.1655,0.004385,1.6007
2024-03-14,2718.76,1.62,1.0,0.009352,2.3715,0.9,0.016762,3.8578,1.0,0.009352,2.1864,1.0,0.018624,3.2244,0.009352,1.6156
2024-03-15,2666.84,1.54,1.0,-0.019097,2.3262,0.8,-0.034746,3.7238,1.0,-0.019097,2.1446,1.0,-0.038273,3.101,-0.019097,1.5848
2024-03-18,2685.84,0.5,1.0,0.007125,2.3428,0.8,0.011336,3.766,1.0,0.007125,2.1599,1.0,0.01417,3.1449,0.007125,1.5961
2024-03-19,2656.17,-1.52,1.0,-0.011047,2.3169,0.8,-0.017738,3.6992,1.0,-0.011047,2.136,0.8,-0.022773,3.0733,-0.011047,1.5785
2024-03-20,2690.14,-1.11,0.9,0.012639,2.3462,0.7,0.020099,3.7735,1.0,0.012789,2.1634,0.8,0.020399,3.136,0.012789,1.5986
2024-03-21,2754.86,-2.78,0.8,0.021502,2.3966,0.6,0.033326,3.8993,1.0,0.024058,2.2154,0.8,0.03843,3.2565,0.024058,1.6371
2024-03-22,2748.56,-1.4,0.6,-0.002129,2.3915,0.4,-0.003392,3.886,1.0,-0.002287,2.2103,0.8,-0.003722,3.2444,-0.002287,1.6334
2024-03-25,2737.57,-3.15,0.5,-0.002549,2.3854,0.2,-0.003831,3.8712,1.0,-0.003998,2.2015,0.8,-0.006461,3.2235,-0.003998,1.6268
2024-03-26,2757.09,-4.67,0.3,0.003265,2.3932,0.1,0.002536,3.881,0.3,0.00608,2.2149,0.1,0.009245,3.2533,0.00713,1.6384
2024-03-27,2755.11,1.94,0.2,-0.000365,2.3923,0.0,-0.000452,3.8792,0.3,-0.000215,2.2144,0.1,-0.000152,3.2528,-0.000718,1.6372
2024-03-28,2745.82,0.59,0.3,-0.000824,2.3904,0.2,-0.0006,3.8769,0.3,-0.001012,2.2122,0.1,-0.000682,3.2505,-0.003372,1.6317
2024-03-29,2746.63,-2.88,0.5,-0.000212,2.3899,0.4,-0.000498,3.875,0.3,8.8e-05,2.2124,0.1,5.1e-05,3.2507,0.000295,1.6322
2024-04-01,2747.86,-1.12,0.4,7.4e-05,2.39,0.3,2.7e-05,3.8751,0.3,0.000134,2.2127,0.1,8.2e-05,3.251,0.000448,1.6329
2024-04-02,2753.16,-0.41,0.5,0.000622,2.3915,0.4,0.000833,3.8783,0.5,0.000279,2.2133,0.4,-0.000522,3.2493,0.001929,1.6361
2024-04-03,2706.97,1.87,0.7,-0.008689,2.3707,0.4,-0.013453,3.8261,0.5,-0.008389,2.1947,0.4,-0.013453,3.2056,-0.016777,1.6086
2024-04-04,2742.0,-1.24,0.7,0.009058,2.3922,0.4,0.010321,3.8656,0.5,0.00647,2.2089,0.4,0.010321,3.2386,0.012941,1.6295
2024-04-05,2714.21,-3.54,0.6,-0.007244,2.3749,0.3,-0.00844,3.833,0.5,-0.005067,2.1977,0.4,-0.00814,3.2123,-0.010135,1.6129
2024-04-08,2717.65,-2.94,0.6,0.00076,2.3767,0.3,0.000737,3.8358,0.5,0.000634,2.1991,0.4,0.000982,3.2154,0.001267,1.615
2024-04-09,2705.16,-6.91,0.5,-0.002908,2.3698,0.3,-0.002781,3.8251,0.5,-0.002298,2.1941,0.3,-0.004008,3.2026,-0.004596,1.6076
2024-04-11,2706.96,-5.02,0.3,3.3e-05,2.3699,0.2,7.5e-05,3.8254,0.5,0.000333,2.1948,0.3,0.000375,3.2038,0.000665,1.6086
2024-04-12,2681.82,-4.56,0.1,-0.003086,2.3625,0.0,-0.004331,3.8089,0.5,-0.004644,2.1846,0.3,-0.005596,3.1858,-0.009287,1.5937
2024-04-15,2670.43,-2.87,0.0,-0.000575,2.3612,0.0,0.0,3.8089,0.5,-0.002124,2.18,0.3,-0.002572,3.1776,-0.004247,1.5869
2024-04-16,2609.63,-2.1,0.0,0.0,2.3612,0.0,0.0,3.8089,0.0,-0.012134,2.1535,0.0,-0.014585,3.1313,-0.022768,1.5508
2024-04-17,2584.18,-0.58,0.1,-0.00015,2.3608,0.0,0.0,3.8089,0.0,0.0,2.1535,0.0,0.0,3.1313,-0.009752,1.5357
2024-04-18,2634.7,2.82,0.2,0.001805,2.3651,0.1,-0.0003,3.8077,0.0,0.0,2.1535,0.0,0.0,3.1313,0.01955,1.5657
2024-04-19,2591.86,-2.19,0.4,-0.003552,2.3567,0.3,-0.00386,3.793,0.0,0.0,2.1535,0.0,0.0,3.1313,-0.01626,1.5402
2024-04-22,2629.44,-0.97,0.5,0.00565,2.37,0.3,0.008676,3.8259,0.0,0.0,2.1535,0.0,0.0,3.1313,0.014499,1.5626
2024-04-23,2623.02,0.0,0.6,-0.001371,2.3668,0.3,-0.001489,3.8202,0.6,-0.0009,2.1516,0.3,-0.0009,3.1285,-0.002442,1.5588
2024-04-24,2675.75,2.8,0.7,0.011912,2.3949,0.4,0.011738,3.8651,0.6,0.012062,2.1775,0.3,0.012038,3.1661,0.020103,1.5901
2024-04-25,2628.62,2.54,0.8,-0.01248,2.3651,0.5,-0.014423,3.8093,0.6,-0.010568,2.1545,0.3,-0.010592,3.1326,-0.017614,1.5621
2024-04-26,2656.33,1.64,0.8,0.008433,2.385,0.5,0.010502,3.8493,0.6,0.006325,2.1681,0.3,0.006301,3.1523,0.010542,1.5785
2024-04-29,2687.44,1.83,0.9,0.009219,2.407,0.7,0.011072,3.892,0.6,0.007027,2.1834,0.3,0.007003,3.1744,0.011712,1.597
2024-04-30,2692.06,2.06,1.0,0.001397,2.4104,0.9,0.001751,3.8988,1.0,0.000431,2.1843,0.9,-0.000792,3.1719,0.001719,1.5998
2024-05-02,2683.65,1.87,1.0,-0.003124,2.4028,1.0,-0.005995,3.8754,1.0,-0.003124,2.1775,0.9,-0.005695,3.1538,-0.003124,1.5948
2024-05-03,2676.63,2.58,1.0,-0.002616,2.3965,1.0,-0.005311,3.8548,1.0,-0.002616,2.1718,0.9,-0.00478,3.1388,-0.002616,1.5906
2024-05-07,2734.36,3.51,1.0,0.021568,2.4482,1.0,0.043057,4.0208,1.0,0.021568,2.2186,1.0,0.038451,3.2594,0.021568,1.6249
2024-05-08,2745.05,2.28,1.0,0.00391,2.4578,1.0,0.00774,4.0519,1.0,0.00391,2.2273,1.0,0.00774,3.2847,0.00391,1.6313
2024-05-09,2712.14,-0.49,1.0,-0.011989,2.4283,1.0,-0.024057,3.9544,1.0,-0.011989,2.2006,1.0,-0.024057,3.2057,-0.011989,1.6117
2024-05-10,2727.63,-1.63,1.0,0.005711,2.4422,0.9,0.011043,3.9981,1.0,0.005711,2.2132,1.0,0.011343,3.242,0.005711,1.6209
2024-05-13,2727.21,1.01,0.8,-0.000454,2.4411,0.7,-0.000949,3.9943,1.0,-0.000154,2.2128,1.0,-0.000387,3.2408,-0.000154,1.6207
2024-05-14,2730.34,-0.39,0.8,0.000918,2.4433,0.6,0.001251,3.9993,0.8,0.000848,2.2147,0.6,0.001016,3.2441,0.001148,1.6225
2024-05-16,2753.0,0.19,0.8,0.006639,2.4596,0.5,0.009612,4.0378,0.8,0.006639,2.2294,0.6,0.009912,3.2762,0.008299,1.636
2024-05-17,2724.62,1.07,0.8,-0.008247,2.4393,0.4,-0.010648,3.9948,0.8,-0.008247,2.211,0.6,-0.012418,3.2355,-0.010309,1.6191
2024-05-20,2742.14,-0.32,0.8,0.005144,2.4518,0.5,0.004812,4.014,0.8,0.005144,2.2224,0.6,0.007669,3.2603,0.00643,1.6295
2024-05-21,2724.18,0.91,0.9,-0.00539,2.4386,0.6,-0.006889,3.9863,0.9,-0.00539,2.2104,0.6,-0.007907,3.2346,-0.00655,1.6189
2024-05-22,2723.46,1.23,0.9,-0.000238,2.438,0.6,-0.000365,3.9849,0.9,-0.000238,2.2099,0.6,-0.000365,3.2334,-0.000264,1.6184
2024-05-23,2721.81,-0.93,1.0,-0.000695,2.4363,0.7,-0.001075,3.9806,0.9,-0.000545,2.2087,0.6,-0.000775,3.2309,-0.000606,1.6175
2024-05-24,2687.6,-2.04,0.9,-0.012719,2.4053,0.6,-0.017952,3.9091,0.9,-0.011312,2.1837,0.6,-0.01513,3.182,-0.012569,1.5971
2024-05-27,2722.99,-2.56,0.7,0.011551,2.4331,0.5,0.015454,3.9695,0.9,0.011851,2.2096,0.6,0.015754,3.2321,0.013168,1.6182
2024-05-28,2722.85,-2.89,0.6,-0.000186,2.4327,0.4,-0.000391,3.968,0.6,-0.000496,2.2085,0.4,-0.000709,3.2298,-5.1e-05,1.6181
2024-05-29,2677.3,-0.83,0.4,-0.010337,2.4075,0.2,-0.014015,3.9124,0.6,-0.010037,2.1863,0.4,-0.013415,3.1865,-0.016729,1.591
2024-05-30,2635.44,-1.73,0.3,-0.006404,2.3921,0.1,-0.00657,3.8867,0.6,-0.009381,2.1658,0.4,-0.01254,3.1465,-0.015635,1.5661
2024-05-31,2636.52,-3.69,0.3,0.000123,2.3924,0.0,-0.000226,3.8858,0.6,0.000246,2.1663,0.4,0.000296,3.1475,0.00041,1.5668
2024-06-03,2682.52,-1.69,0.2,0.005084,2.4046,0.0,0.0,3.8858,0.6,0.010468,2.189,0.4,0.013926,3.1913,0.017447,1.5941
2024-06-04,2662.1,-3.3,0.3,-0.001672,2.4005,0.0,0.0,3.8858,0.3,-0.005017,2.178,0.0,-0.007322,3.1679,-0.007612,1.582
2024-06-05,2689.5,-4.13,0.3,0.003088,2.408,0.0,0.0,3.8858,0.3,0.003088,2.1848,0.0,0.0,3.1679,0.010293,1.5983
2024-06-07,2722.67,-5.94,0.2,0.00355,2.4165,0.0,0.0,3.8858,0.3,0.0037,2.1928,0.0,0.0,3.1679,0.012333,1.618
2024-06-10,2701.17,-4.72,0.1,-0.001729,2.4123,0.0,0.0,3.8858,0.3,-0.002369,2.1877,0.0,0.0,3.1679,-0.007897,1.6052
2024-06-11,2705.32,-5.49,0.1,0.000154,2.4127,0.0,0.0,3.8858,0.1,0.000161,2.188,0.0,0.0,3.1679,0.001536,1.6077
2024-06-12,2728.17,-6.28,0.0,0.000695,2.4144,0.0,0.0,3.8858,0.1,0.000845,2.1899,0.0,0.0,3.1679,0.008446,1.6212
2024-06-13,2754.89,-4.8,0.0,0.0,2.4144,0.0,0.0,3.8858,0.1,0.000979,2.192,0.0,0.0,3.1679,0.009794,1.6371
2024-06-14,2758.42,-5.3,0.0,0.0,2.4144,0.0,0.0,3.8858,0.1,0.000128,2.1923,0.0,0.0,3.1679,0.001281,1.6392
2024-06-17,2744.1,-4.43,0.0,0.0,2.4144,0.0,0.0,3.8858,0.1,-0.000519,2.1911,0.0,0.0,3.1679,-0.005191,1.6307
2024-06-18,2763.92,-3.95,0.0,0.0,2.4144,0.0,0.0,3.8858,0.0,0.000572,2.1924,0.0,0.0,3.1679,0.007223,1.6425
2024-06-19,2797.33,-3.96,0.0,0.0,2.4144,0.0,0.0,3.8858,0.0,0.0,2.1924,0.0,0.0,3.1679,0.012088,1.6623
2024-06-20,2807.63,-3.86,0.0,0.0,2.4144,0.0,0.0,3.8858,0.0,0.0,2.1924,0.0,0.0,3.1679,0.003682,1.6685
2024-06-21,2784.26,-4.13,0.0,0.0,2.4144,0.0,0.0,3.8858,0.0,0.0,2.1924,0.0,0.0,3.1679,-0.008324,1.6546
2024-06-24,2764.73,-3.84,0.0,0.0,2.4144,0.0,0.0,3.8858,0.0,0.0,2.1924,0.0,0.0,3.1679,-0.007014,1.643
2024-06-25,2774.39,-2.79,0.0,0.0,2.4144,0.0,0.0,3.8858,0.0,0.0,2.1924,0.0,0.0,3.1679,0.003494,1.6487
2024-06-26,2792.05,-1.63,0.0,0.0,2.4144,0.0,0.0,3.8858,0.0,0.0,2.1924,0.0,0.0,3.1679,0.006365,1.6592
2024-06-27,2784.06,-0.87,0.1,-0.00015,2.414,0.0,0.0,3.8858,0.0,0.0,2.1924,0.0,0.0,3.1679,-0.002862,1.6545
2024-06-28,2797.82,-2.99,0.2,0.000344,2.4148,0.0,0.0,3.8858,0.0,0.0,2.1924,0.0,0.0,3.1679,0.004942,1.6626
2024-07-01,2804.31,-0.24,0.2,0.000464,2.416,0.0,0.0,3.8858,0.0,0.0,2.1924,0.0,0.0,3.1679,0.00232,1.6665
2024-07-02,2780.86,-0.14,0.4,-0.001972,2.4112,0.1,-0.0003,3.8846,0.4,-0.0006,2.1911,0.1,-0.0003,3.167,-0.008362,1.6525
2024-07-03,2794.01,-1.32,0.5,0.001742,2.4154,0.2,0.000638,3.8871,0.4,0.001892,2.1952,0.1,0.000938,3.17,0.004729,1.6604
2024-07-04,2824.94,-2.85,0.6,0.005385,2.4284,0.2,0.004412,3.9043,0.4,0.004428,2.2049,0.1,0.002206,3.1769,0.01107,1.6787
2024-07-05,2862.23,-3.53,0.4,0.00762,2.4469,0.2,0.005264,3.9248,0.4,0.00528,2.2166,0.1,0.002632,3.1853,0.0132,1.7009
2024-07-08,2857.76,-4.16,0.4,-0.000625,2.4454,0.2,-0.000641,3.9223,0.4,-0.000625,2.2152,0.1,-0.00032,3.1843,-0.001562,1.6982
2024-07-09,2867.38,-3.42,0.3,0.001197,2.4483,0.1,0.001031,3.9263,0.3,0.001197,2.2179,0.1,0.000665,3.1864,0.003366,1.704
2024-07-10,2867.99,-3.25,0.1,-0.000236,2.4477,0.0,-0.000265,3.9253,0.3,6.4e-05,2.218,0.1,3.5e-05,3.1865,0.000213,1.7043
2024-07-11,2891.35,-0.74,0.0,0.000665,2.4494,0.0,0.0,3.9253,0.3,0.002444,2.2234,0.1,0.001621,3.1917,0.008145,1.7182
2024-07-12,2857.0,-1.12,0.1,-0.00015,2.449,0.1,-0.0003,3.9241,0.3,-0.003564,2.2155,0.1,-0.002384,3.1841,-0.01188,1.6978
2024-07-15,2860.92,0.36,0.2,-1.3e-05,2.449,0.1,0.000266,3.9252,0.3,0.000412,2.2164,0.1,0.000266,3.1849,0.001372,1.7001
2024-07-16,2866.09,0.79,0.4,6.1e-05,2.4491,0.2,5.3e-05,3.9254,0.4,0.000392,2.2173,0.2,5.3e-05,3.1851,0.001807,1.7032
2024-07-17,2843.29,1.17,0.6,-0.003482,2.4406,0.4,-0.003798,3.9105,0.4,-0.003182,2.2102,0.2,-0.003198,3.1749,-0.007955,1.6896
2024-07-18,2824.35,1.28,0.8,-0.004297,2.4301,0.5,-0.005661,3.8883,0.4,-0.002665,2.2043,0.2,-0.00268,3.1664,-0.006661,1.6784
2024-07-19,2795.46,0.28,0.9,-0.008333,2.4098,0.6,-0.010569,3.8472,0.4,-0.004092,2.1953,0.2,-0.004107,3.1534,-0.010229,1.6612
2024-07-22,2763.51,1.46,1.0,-0.010436,2.3847,0.7,-0.014063,3.7931,0.4,-0.004572,2.1853,0.2,-0.004588,3.1389,-0.011429,1.6422
2024-07-23,2774.29,-0.92,1.0,0.003901,2.394,0.8,0.005106,3.8125,1.0,0.00066,2.1867,0.8,-0.000256,3.1381,0.003901,1.6486
2024-07-24,2758.71,-0.84,0.9,-0.005766,2.3802,0.7,-0.009349,3.7769,1.0,-0.005616,2.1744,0.8,-0.009049,3.1097,-0.005616,1.6394
2024-07-25,2710.65,0.17,0.9,-0.015679,2.3429,0.6,-0.024745,3.6834,1.0,-0.017421,2.1366,0.8,-0.027937,3.0228,-0.017421,1.6108
2024-07-26,2731.9,-0.18,0.8,0.006906,2.3591,0.5,0.00906,3.7168,1.0,0.007839,2.1533,0.8,0.01248,3.0606,0.007839,1.6235
2024-07-29,2765.53,1.08,0.8,0.009848,2.3823,0.5,0.01227,3.7624,1.0,0.01231,2.1798,0.8,0.019633,3.1207,0.01231,1.6434
2024-07-30,2738.19,-0.65,0.8,-0.007909,2.3634,0.5,-0.009926,3.725,0.8,-0.010186,2.1576,0.5,-0.016781,3.0683,-0.009886,1.6272
2024-07-31,2770.69,-1.3,0.8,0.009495,2.3859,0.5,0.011829,3.7691,0.8,0.009495,2.1781,0.5,0.011829,3.1046,0.011869,1.6465
2024-08-01,2777.68,1.01,0.8,0.002018,2.3907,0.4,0.002183,3.7773,0.8,0.002018,2.1825,0.5,0.002483,3.1123,0.002523,1.6507
2024-08-02,2676.19,-0.16,0.8,-0.02923,2.3208,0.5,-0.029562,3.6657,0.8,-0.02923,2.1187,0.5,-0.036577,2.9985,-0.036538,1.5903
2024-08-05,2441.55,3.36,0.8,-0.070142,2.158,0.5,-0.087717,3.3441,0.8,-0.070142,1.9701,0.5,-0.087717,2.7354,-0.087677,1.4509
2024-08-06,2522.15,2.84,1.0,0.026109,2.2144,0.5,0.032972,3.4544,1.0,0.026109,2.0215,0.5,0.032972,2.8256,0.033012,1.4988
2024-08-07,2568.41,6.59,0.9,0.018191,2.2547,0.5,0.018302,3.5176,1.0,0.018341,2.0586,0.5,0.018302,2.8773,0.018341,1.5263
2024-08-08,2556.73,5.8,0.9,-0.004093,2.2454,0.5,-0.004587,3.5015,1.0,-0.004548,2.0492,0.5,-0.004587,2.8642,-0.004548,1.5194
2024-08-09,2588.43,7.34,0.7,0.010859,2.2698,0.3,0.011759,3.5426,1.0,0.012399,2.0746,0.5,0.012359,2.8995,0.012399,1.5382
2024-08-12,2618.3,7.65,0.6,0.007928,2.2878,0.2,0.0066,3.566,1.0,0.01154,2.0986,0.5,0.0115,2.9329,0.01154,1.5559
2024-08-13,2621.5,7.38,0.6,0.000733,2.2895,0.2,0.000473,3.5677,0.6,0.000622,2.0999,0.2,0.000282,2.9337,0.001222,1.5578
2024-08-14,2644.5,5.7,0.6,0.005264,2.3015,0.2,0.003494,3.5802,0.6,0.005264,2.1109,0.2,0.003494,2.944,0.008774,1.5715
2024-08-16,2697.23,5.73,0.3,0.011514,2.328,0.0,0.00736,3.6065,0.6,0.011964,2.1362,0.2,0.00796,2.9674,0.019939,1.6029
2024-08-19,2674.36,5.7,0.4,-0.002694,2.3218,0.2,-0.0006,3.6044,0.6,-0.005087,2.1253,0.2,-0.003408,2.9573,-0.008479,1.5893
2024-08-20,2696.63,5.83,0.6,0.003031,2.3288,0.4,0.002715,3.6142,0.6,0.004996,2.136,0.4,0.002715,2.9653,0.008327,1.6025
2024-08-21,2701.13,4.63,0.7,0.000851,2.3308,0.6,0.000703,3.6167,0.6,0.001001,2.1381,0.4,0.001303,2.9692,0.001669,1.6052
2024-08-22,2707.67,5.31,0.9,0.001395,2.334,0.8,0.002258,3.6249,0.6,0.001453,2.1412,0.4,0.001905,2.9748,0.002421,1.6091
2024-08-23,2701.69,5.23,1.0,-0.002138,2.329,1.0,-0.004197,3.6096,0.6,-0.001325,2.1384,0.4,-0.001799,2.9695,-0.002209,1.6055
2024-08-26,2698.01,5.77,1.0,-0.001362,2.3259,1.0,-0.002804,3.5995,0.6,-0.000817,2.1366,0.4,-0.001121,2.9662,-0.001362,1.6033
2024-08-27,2689.25,5.25,1.0,-0.003247,2.3183,1.0,-0.006573,3.5759,1.0,-0.002548,2.1312,1.0,-0.004429,2.953,-0.003247,1.5981
2024-08-28,2689.83,5.84,1.0,0.000216,2.3188,1.0,0.000352,3.5771,1.0,0.000216,2.1316,1.0,0.000352,2.9541,0.000216,1.5985
2024-08-29,2662.28,6.38,1.0,-0.010242,2.2951,1.0,-0.020564,3.5036,1.0,-0.010242,2.1098,1.0,-0.020564,2.8933,-0.010242,1.5821
2024-08-30,2674.31,5.18,1.0,0.004519,2.3054,1.0,0.008958,3.5349,1.0,0.004519,2.1193,1.0,0.008958,2.9192,0.004519,1.5892
2024-09-02,2681.0,5.23,1.0,0.002502,2.3112,1.0,0.004924,3.5524,1.0,0.002502,2.1246,1.0,0.004924,2.9336,0.002502,1.5932
2024-09-03,2664.63,2.34,1.0,-0.006106,2.2971,1.0,-0.012291,3.5087,1.0,-0.006106,2.1117,1.0,-0.012291,2.8976,-0.006106,1.5835
2024-09-04,2580.8,1.45,1.0,-0.03146,2.2248,1.0,-0.063,3.2876,1.0,-0.03146,2.0452,1.0,-0.063,2.715,-0.03146,1.5337
2024-09-05,2575.5,1.68,1.0,-0.002054,2.2203,1.0,-0.004187,3.2739,1.0,-0.002054,2.041,1.0,-0.004187,2.7036,-0.002054,1.5305
2024-09-06,2544.28,3.58,1.0,-0.012122,2.1934,1.0,-0.024323,3.1942,1.0,-0.012122,2.0163,1.0,-0.024323,2.6379,-0.012122,1.512
2024-09-09,2535.93,4.54,1.0,-0.003282,2.1862,1.0,-0.006643,3.173,1.0,-0.003282,2.0097,1.0,-0.006643,2.6204,-0.003282,1.507
2024-09-10,2523.43,2.72,1.0,-0.004929,2.1754,1.0,-0.009938,3.1415,1.0,-0.004929,1.9998,1.0,-0.009938,2.5943,-0.004929,1.4996
2024-09-11,2513.37,3.86,1.0,-0.003987,2.1667,1.0,-0.008053,3.1162,1.0,-0.003987,1.9918,1.0,-0.008053,2.5734,-0.003987,1.4936
2024-09-12,2572.09,4.12,1.0,0.023363,2.2173,1.0,0.046647,3.2616,1.0,0.023363,2.0383,1.0,0.046647,2.6935,0.023363,1.5285
2024-09-13,2575.41,4.69,1.0,0.001291,2.2202,1.0,0.002502,3.2697,1.0,0.001291,2.041,1.0,0.002502,2.7002,0.001291,1.5305
2024-09-19,2580.8,4.38,1.0,0.002093,2.2248,1.0,0.004106,3.2831,1.0,0.002093,2.0452,1.0,0.004106,2.7113,0.002093,1.5337
2024-09-20,2593.37,4.91,1.0,0.004871,2.2357,1.0,0.009662,3.3149,1.0,0.004871,2.0552,1.0,0.009662,2.7375,0.004871,1.5411
2024-09-23,2602.01,5.55,1.0,0.003332,2.2431,1.0,0.006584,3.3367,1.0,0.003332,2.062,1.0,0.006584,2.7555,0.003332,1.5463
2024-09-24,2631.68,4.57,1.0,0.011403,2.2687,1.0,0.022726,3.4125,1.0,0.011403,2.0855,1.0,0.022726,2.8181,0.011403,1.5639
2024-09-25,2596.32,4.94,1.0,-0.013436,2.2382,1.0,-0.026952,3.3205,1.0,-0.013436,2.0575,1.0,-0.026952,2.7422,-0.013436,1.5429
2024-09-26,2671.57,5.79,1.0,0.028983,2.3031,1.0,0.057887,3.5128,1.0,0.028983,2.1172,1.0,0.057887,2.9009,0.028983,1.5876
2024-09-27,2649.78,6.01,1.0,-0.008156,2.2843,1.0,-0.016392,3.4552,1.0,-0.008156,2.0999,1.0,-0.016392,2.8534,-0.008156,1.5747
2024-09-30,2593.27,6.96,1.0,-0.021326,2.2356,1.0,-0.042732,3.3075,1.0,-0.021326,2.0551,1.0,-0.042732,2.7314,-0.021326,1.5411
2024-10-02,2561.69,5.06,1.0,-0.012178,2.2084,1.0,-0.024435,3.2267,1.0,-0.012178,2.0301,1.0,-0.024435,2.6647,-0.012178,1.5223
2024-10-04,2569.71,7.72,1.0,0.003131,2.2153,1.0,0.006182,3.2467,1.0,0.003131,2.0364,1.0,0.006182,2.6812,0.003131,1.5271
2024-10-07,2610.38,7.39,1.0,0.015827,2.2503,1.0,0.031574,3.3492,1.0,0.015827,2.0687,1.0,0.031574,2.7658,0.015827,1.5512
2024-10-08,2594.36,4.06,1.0,-0.006137,2.2365,1.0,-0.012353,3.3078,1.0,-0.006137,2.056,1.0,-0.012353,2.7317,-0.006137,1.5417
2024-10-10,2599.16,1.86,1.0,0.00185,2.2407,1.0,0.003621,3.3198,1.0,0.00185,2.0598,1.0,0.003621,2.7415,0.00185,1.5446
2024-10-11,2596.91,0.14,1.0,-0.000866,2.2387,1.0,-0.001811,3.3138,1.0,-0.000866,2.058,1.0,-0.001811,2.7366,-0.000866,1.5432
2024-10-14,2623.29,3.06,1.0,0.010158,2.2615,0.9,0.019937,3.3798,1.0,0.010158,2.0789,1.0,0.020237,2.792,0.010158,1.5589
2024-10-15,2633.45,3.06,1.0,0.003873,2.2702,0.9,0.0069,3.4032,1.0,0.003873,2.0869,0.9,0.007367,2.8125,0.003873,1.5649
2024-10-16,2610.36,3.57,1.0,-0.008768,2.2503,0.9,-0.015854,3.3492,1.0,-0.008768,2.0686,0.9,-0.015854,2.7679,-0.008768,1.5512
2024-10-17,2609.3,3.36,1.0,-0.000406,2.2494,0.9,-0.000802,3.3465,1.0,-0.000406,2.0678,0.9,-0.000802,2.7657,-0.000406,1.5506
2024-10-18,2593.82,2.82,1.0,-0.005933,2.2361,0.9,-0.01075,3.3105,1.0,-0.005933,2.0555,0.9,-0.01075,2.736,-0.005933,1.5414
2024-10-21,2604.92,0.92,1.0,0.004279,2.2456,1.0,0.007331,3.3348,1.0,0.004279,2.0643,0.9,0.007631,2.7569,0.004279,1.548
2024-10-22,2570.7,-0.52,1.0,-0.013137,2.2161,1.0,-0.026353,3.2469,1.0,-0.013137,2.0372,1.0,-0.024017,2.6907,-0.013137,1.5277
2024-10-23,2599.62,1.92,0.9,0.0111,2.2407,0.8,0.02182,3.3178,1.0,0.01125,2.0601,1.0,0.02242,2.751,0.01125,1.5448
2024-10-24,2581.03,2.83,0.9,-0.006436,2.2263,0.8,-0.011505,3.2796,1.0,-0.007151,2.0454,1.0,-0.014381,2.7114,-0.007151,1.5338
2024-10-25,2583.27,3.17,0.9,0.000781,2.228,0.8,0.001325,3.284,1.0,0.000868,2.0472,1.0,0.001656,2.7159,0.000868,1.5351
2024-10-28,2612.43,1.66,0.9,0.010159,2.2507,0.8,0.017997,3.3431,1.0,0.011288,2.0703,1.0,0.022497,2.777,0.011288,1.5525
2024-10-29,2617.8,2.26,0.9,0.00185,2.2548,0.9,0.002925,3.3528,0.9,0.001906,2.0742,0.9,0.003732,2.7874,0.002056,1.5556
2024-10-30,2593.79,-2.48,1.0,-0.008405,2.2359,1.0,-0.016881,3.2962,0.9,-0.008255,2.0571,0.9,-0.016581,2.7412,-0.009172,1.5414
2024-10-31,2556.15,-1.19,0.8,-0.014812,2.2028,0.8,-0.029703,3.1983,0.9,-0.01306,2.0302,0.9,-0.026192,2.6694,-0.014512,1.519
2024-11-01,2542.36,-2.11,0.7,-0.004466,2.1929,0.6,-0.009295,3.1686,0.9,-0.004855,2.0204,0.9,-0.009782,2.6432,-0.005395,1.5108
2024-11-04,2588.97,-0.41,0.6,0.012683,2.2208,0.4,0.021352,3.2363,0.9,0.0165,2.0537,0.9,0.032929,2.7303,0.018333,1.5385
2024-11-05,2576.88,1.27,0.5,-0.002952,2.2142,0.3,-0.004068,3.2231,0.5,-0.004803,2.0439,0.3,-0.010277,2.7022,-0.00467,1.5313
2024-11-06,2563.51,-1.74,0.5,-0.002594,2.2085,0.3,-0.003137,3.213,0.5,-0.002594,2.0386,0.3,-0.003137,2.6937,-0.005188,1.5234
2024-11-07,2564.63,-1.56,0.6,6.8e-05,2.2086,0.3,0.000238,3.2138,0.5,0.000218,2.039,0.3,0.000238,2.6944,0.000437,1.5241
2024-11-08,2561.15,-0.42,0.6,-0.000814,2.2068,0.3,-0.000838,3.2111,0.5,-0.000678,2.0376,0.3,-0.000838,2.6921,-0.001357,1.522
2024-11-11,2531.66,-1.73,0.7,-0.007059,2.1912,0.3,-0.006932,3.1888,0.5,-0.005757,2.0259,0.3,-0.006932,2.6735,-0.011514,1.5045
2024-11-12,2482.57,-2.18,0.6,-0.013723,2.1612,0.3,-0.011658,3.1516,0.6,-0.009845,2.0059,0.3,-0.011658,2.6423,-0.01939,1.4753
2024-11-13,2417.08,-0.19,0.4,-0.016128,2.1263,0.1,-0.016452,3.0998,0.6,-0.015828,1.9742,0.3,-0.015852,2.6004,-0.02638,1.4364
2024-11-14,2418.86,2.46,0.5,0.000145,2.1266,0.2,-0.000161,3.0993,0.6,0.000442,1.9751,0.3,0.000418,2.6015,0.000736,1.4374
2024-11-15,2416.86,-2.47,0.6,-0.000563,2.1254,0.4,-0.000947,3.0963,0.6,-0.000496,1.9741,0.3,-0.00052,2.6002,-0.000827,1.4362
2024-11-18,2469.07,0.52,0.5,0.012811,2.1526,0.3,0.01695,3.1488,0.6,0.012961,1.9997,0.3,0.012938,2.6338,0.021602,1.4673
2024-11-19,2471.95,-2.54,0.6,0.000433,2.1536,0.4,0.000376,3.15,0.6,0.0007,2.0011,0.4,0.000376,2.6348,0.001166,1.469
2024-11-20,2482.29,-0.81,0.6,0.00251,2.159,0.4,0.003315,3.1605,0.6,0.00251,2.0061,0.4,0.003315,2.6435,0.004183,1.4751
2024-11-21,2480.63,-0.11,0.6,-0.000401,2.1581,0.4,-0.000567,3.1587,0.6,-0.000401,2.0053,0.4,-0.000567,2.642,-0.000669,1.4741
2024-11-22,2501.24,1.02,0.6,0.004985,2.1689,0.3,0.006315,3.1786,0.6,0.004985,2.0153,0.4,0.006615,2.6595,0.008308,1.4864
2024-11-25,2534.34,1.31,0.7,0.00779,2.1858,0.4,0.007616,3.2028,0.6,0.00794,2.0313,0.4,0.010555,2.6876,0.013233,1.5061
2024-11-26,2520.36,1.55,0.7,-0.003861,2.1773,0.5,-0.004745,3.1876,0.7,-0.00346,2.0243,0.5,-0.004745,2.6748,-0.005516,1.4977
2024-11-27,2503.06,1.57,0.9,-0.005105,2.1662,0.7,-0.007504,3.1637,0.7,-0.004805,2.0145,0.5,-0.006904,2.6563,-0.006864,1.4875
2024-11-28,2504.67,5.11,1.0,0.000429,2.1671,0.8,0.000545,3.1654,0.7,0.00045,2.0154,0.5,0.000604,2.6579,0.000643,1.4884
2024-11-29,2455.91,3.34,1.0,-0.019468,2.125,0.9,-0.031512,3.0657,0.7,-0.013627,1.988,0.5,-0.019507,2.6061,-0.019468,1.4594
2024-12-02,2454.48,3.95,1.0,-0.000582,2.1237,1.0,-0.00142,3.0613,0.7,-0.000408,1.9872,0.5,-0.000622,2.6045,-0.000582,1.4586
2024-12-03,2500.1,4.71,1.0,0.018586,2.1632,1.0,0.037093,3.1749,1.0,0.01256,2.0121,1.0,0.017047,2.6489,0.018586,1.4857
2024-12-04,2464.0,5.55,1.0,-0.014439,2.1319,1.0,-0.028958,3.0829,1.0,-0.014439,1.9831,1.0,-0.028958,2.5722,-0.014439,1.4643
2024-12-05,2441.85,2.3,1.0,-0.008989,2.1128,1.0,-0.018058,3.0273,1.0,-0.008989,1.9652,1.0,-0.018058,2.5257,-0.008989,1.4511
2024-12-06,2428.16,4.45,1.0,-0.005606,2.1009,1.0,-0.011292,2.9931,1.0,-0.005606,1.9542,1.0,-0.011292,2.4972,-0.005606,1.443
2024-12-09,2360.58,6.55,1.0,-0.027832,2.0425,1.0,-0.055743,2.8262,1.0,-0.027832,1.8998,1.0,-0.055743,2.358,-0.027832,1.4028
2024-12-10,2417.84,6.81,1.0,0.024257,2.092,1.0,0.048434,2.9631,1.0,0.024257,1.9459,1.0,0.048434,2.4722,0.024257,1.4368
2024-12-11,2442.51,7.63,1.0,0.010203,2.1134,1.0,0.020327,3.0234,1.0,0.010203,1.9658,1.0,0.020327,2.5225,0.010203,1.4515
2024-12-12,2482.12,8.43,1.0,0.016217,2.1476,1.0,0.032354,3.1212,1.0,0.016217,1.9977,1.0,0.032354,2.6041,0.016217,1.475
2024-12-13,2494.46,8.88,1.0,0.004972,2.1583,1.0,0.009864,3.152,1.0,0.004972,2.0076,1.0,0.009864,2.6298,0.004972,1.4824
2024-12-16,2488.97,8.57,1.0,-0.002201,2.1536,1.0,-0.004481,3.1378,1.0,-0.002201,2.0032,1.0,-0.004481,2.618,-0.002201,1.4791
2024-12-17,2456.81,8.63,1.0,-0.012921,2.1257,1.0,-0.025921,3.0565,1.0,-0.012921,1.9773,1.0,-0.025921,2.5501,-0.012921,1.46
2024-12-18,2484.43,8.68,1.0,0.011242,2.1496,1.0,0.022405,3.125,1.0,0.011242,1.9995,1.0,0.022405,2.6072,0.011242,1.4764
2024-12-19,2435.93,8.5,1.0,-0.019522,2.1077,1.0,-0.039123,3.0027,1.0,-0.019522,1.9605,1.0,-0.039123,2.5052,-0.019522,1.4476
2024-12-20,2404.15,7.3,1.0,-0.013046,2.0802,1.0,-0.026172,2.9241,1.0,-0.013046,1.9349,1.0,-0.026172,2.4397,-0.013046,1.4287
2024-12-23,2442.01,6.39,1.0,0.015748,2.1129,1.0,0.031416,3.016,1.0,0.015748,1.9654,1.0,0.031416,2.5163,0.015748,1.4512
2024-12-24,2440.52,7.12,1.0,-0.00061,2.1116,1.0,-0.0013,3.0121,1.0,-0.00061,1.9642,1.0,-0.0013,2.5131,-0.00061,1.4503
2024-12-26,2429.67,6.77,1.0,-0.004446,2.1022,1.0,-0.008971,2.9851,1.0,-0.004446,1.9554,1.0,-0.008971,2.4905,-0.004446,1.4439
2024-12-27,2404.77,5.86,1.0,-0.010248,2.0807,1.0,-0.020576,2.9236,1.0,-0.010248,1.9354,1.0,-0.020576,2.4393,-0.010248,1.4291
2024-12-30,2399.49,7.37,1.0,-0.002196,2.0761,1.0,-0.004471,2.9106,1.0,-0.002196,1.9312,1.0,-0.004471,2.4284,-0.002196,1.4259
2025-01-02,2398.94,7.89,1.0,-0.000229,2.0757,1.0,-0.000538,2.909,1.0,-0.000229,1.9307,1.0,-0.000538,2.4271,-0.000229,1.4256
2025-01-03,2441.92,7.65,1.0,0.017916,2.1128,1.0,0.035753,3.013,1.0,0.017916,1.9653,1.0,0.035753,2.5138,0.017916,1.4511
2025-01-06,2488.64,8.32,1.0,0.019132,2.1533,1.0,0.038186,3.1281,1.0,0.019132,2.0029,1.0,0.038186,2.6098,0.019132,1.4789
2025-01-07,2492.1,7.37,1.0,0.00139,2.1563,1.0,0.002701,3.1365,1.0,0.00139,2.0057,1.0,0.002701,2.6169,0.00139,1.481
2025-01-08,2521.05,7.56,1.0,0.011617,2.1813,1.0,0.023154,3.2091,1.0,0.011617,2.029,1.0,0.023154,2.6775,0.011617,1.4982
2025-01-09,2521.9,4.16,1.0,0.000337,2.182,1.0,0.000595,3.2111,1.0,0.000337,2.0297,1.0,0.000595,2.6791,0.000337,1.4987
2025-01-10,2515.78,3.42,1.0,-0.002427,2.1768,1.0,-0.004933,3.1952,1.0,-0.002427,2.0247,1.0,-0.004933,2.6658,-0.002427,1.495
2025-01-13,2489.56,5.36,1.0,-0.010422,2.1541,1.0,-0.020924,3.1284,1.0,-0.010422,2.0036,1.0,-0.020924,2.6101,-0.010422,1.4794
2025-01-14,2497.4,5.63,1.0,0.003149,2.1608,1.0,0.006219,3.1478,1.0,0.003149,2.01,1.0,0.006219,2.6263,0.003149,1.4841
2025-01-15,2496.81,6.91,1.0,-0.000236,2.1603,1.0,-0.000552,3.1461,1.0,-0.000236,2.0095,1.0,-0.000552,2.6248,-0.000236,1.4838
2025-01-16,2527.49,5.76,1.0,0.012288,2.1869,1.0,0.024496,3.2231,1.0,0.012288,2.0342,1.0,0.024496,2.6891,0.012288,1.502
2025-01-17,2523.55,5.05,1.0,-0.001559,2.1835,1.0,-0.003197,3.2128,1.0,-0.001559,2.031,1.0,-0.003197,2.6805,-0.001559,1.4996
2025-01-20,2520.05,3.76,1.0,-0.001387,2.1804,1.0,-0.002853,3.2037,1.0,-0.001387,2.0282,1.0,-0.002853,2.6729,-0.001387,1.4976
2025-01-21,2518.03,2.94,1.0,-0.000802,2.1787,1.0,-0.001683,3.1983,1.0,-0.000802,2.0266,1.0,-0.001683,2.6684,-0.000802,1.4964
2025-01-22,2547.06,5.09,1.0,0.011529,2.2038,1.0,0.022978,3.2718,1.0,0.011529,2.0499,1.0,0.022978,2.7297,0.011529,1.5136
2025-01-23,2515.49,5.5,1.0,-0.012395,2.1765,1.0,-0.024869,3.1904,1.0,-0.012395,2.0245,1.0,-0.024869,2.6618,-0.012395,1.4949
2025-01-24,2536.8,5.02,1.0,0.008472,2.1949,1.0,0.016864,3.2442,1.0,0.008472,2.0417,1.0,0.016864,2.7067,0.008472,1.5075
2025-01-31,2517.37,3.0,1.0,-0.007659,2.1781,1.0,-0.015398,3.1943,1.0,-0.007659,2.026,1.0,-0.015398,2.665,-0.007659,1.496
2025-02-03,2453.95,4.85,1.0,-0.025193,2.1233,1.0,-0.050465,3.0331,1.0,-0.025193,1.975,1.0,-0.050465,2.5305,-0.025193,1.4583
2025-02-04,2481.69,4.56,1.0,0.011304,2.1473,1.0,0.022529,3.1014,1.0,0.011304,1.9973,1.0,0.022529,2.5876,0.011304,1.4748
2025-02-05,2509.27,7.28,1.0,0.011113,2.1711,1.0,0.022147,3.1701,1.0,0.011113,2.0195,1.0,0.022147,2.6449,0.011113,1.4912
2025-02-06,2536.75,6.78,1.0,0.010951,2.1949,1.0,0.021823,3.2393,1.0,0.010951,2.0416,1.0,0.021823,2.7026,0.010951,1.5075
2025-02-07,2521.92,5.44,1.0,-0.005846,2.1821,1.0,-0.011771,3.2011,1.0,-0.005846,2.0297,1.0,-0.011771,2.6708,-0.005846,1.4987
2025-02-10,2521.27,6.36,1.0,-0.000258,2.1815,1.0,-0.000595,3.1992,1.0,-0.000258,2.0292,1.0,-0.000595,2.6692,-0.000258,1.4983
2025-02-11,2539.05,5.28,1.0,0.007052,2.1969,1.0,0.014025,3.2441,1.0,0.007052,2.0435,1.0,0.014025,2.7066,0.007052,1.5089
2025-02-12,2548.39,4.87,1.0,0.003679,2.205,1.0,0.007278,3.2677,1.0,0.003679,2.051,1.0,0.007278,2.7263,0.003679,1.5144
2025-02-13,2583.17,4.1,1.0,0.013648,2.2351,1.0,0.027216,3.3566,1.0,0.013648,2.079,1.0,0.027216,2.8005,0.013648,1.5351
2025-02-14,2591.05,4.7,1.0,0.003051,2.2419,1.0,0.006022,3.3768,1.0,0.003051,2.0853,1.0,0.006022,2.8174,0.003051,1.5398
2025-02-17,2610.42,5.91,1.0,0.007476,2.2586,1.0,0.014872,3.4271,1.0,0.007476,2.1009,1.0,0.014872,2.8593,0.007476,1.5513
2025-02-18,2626.81,6.04,1.0,0.006279,2.2728,1.0,0.012478,3.4698,1.0,0.006279,2.1141,1.0,0.012478,2.895,0.006279,1.561
2025-02-19,2671.52,5.45,1.0,0.017021,2.3115,1.0,0.033962,3.5877,1.0,0.017021,2.1501,1.0,0.033962,2.9933,0.017021,1.5876
2025-02-20,2654.06,6.05,1.0,-0.006536,2.2964,1.0,-0.013151,3.5405,1.0,-0.006536,2.136,1.0,-0.013151,2.9539,-0.006536,1.5772
2025-02-21,2654.58,6.0,1.0,0.000196,2.2968,1.0,0.000312,3.5416,1.0,0.000196,2.1365,1.0,0.000312,2.9548,0.000196,1.5775
2025-02-24,2645.27,4.22,1.0,-0.003507,2.2888,1.0,-0.007094,3.5165,1.0,-0.003507,2.129,1.0,-0.007094,2.9339,-0.003507,1.572
2025-02-25,2630.29,5.09,1.0,-0.005663,2.2758,1.0,-0.011405,3.4764,1.0,-0.005663,2.1169,1.0,-0.011405,2.9004,-0.005663,1.5631
2025-02-26,2641.09,1.94,1.0,0.004106,2.2852,1.0,0.008133,3.5046,1.0,0.004106,2.1256,1.0,0.008133,2.924,0.004106,1.5695
2025-02-27,2621.75,3.95,1.0,-0.007323,2.2684,1.0,-0.014725,3.453,1.0,-0.007323,2.11,1.0,-0.014725,2.8809,-0.007323,1.558
2025-02-28,2532.78,1.58,1.0,-0.033935,2.1915,1.0,-0.06795,3.2184,1.0,-0.033935,2.0384,1.0,-0.06795,2.6852,-0.033935,1.5051
2025-03-04,2528.92,1.42,1.0,-0.001524,2.1881,1.0,-0.003127,3.2083,1.0,-0.001524,2.0353,1.0,-0.003127,2.6768,-0.001524,1.5028
2025-03-05,2558.13,2.37,1.0,0.01155,2.2134,1.0,0.023021,3.2822,1.0,0.01155,2.0588,1.0,0.023021,2.7384,0.01155,1.5202
2025-03-06,2576.16,2.91,1.0,0.007048,2.229,1.0,0.014017,3.3282,1.0,0.007048,2.0733,1.0,0.014017,2.7768,0.007048,1.5309
2025-03-07,2563.48,-1.16,1.0,-0.004922,2.218,1.0,-0.009923,3.2952,1.0,-0.004922,2.0631,1.0,-0.009923,2.7492,-0.004922,1.5234
2025-03-10,2570.39,-1.97,0.9,0.002546,2.2237,0.8,0.004712,3.3107,1.0,0.002696,2.0687,1.0,0.005312,2.7638,0.002696,1.5275
2025-03-11,2537.6,-5.2,0.8,-0.011631,2.1978,0.6,-0.021074,3.2409,0.8,-0.013057,2.0417,0.6,-0.026793,2.6898,-0.012757,1.508
2025-03-12,2574.82,-2.18,0.6,0.011434,2.2229,0.4,0.016953,3.2959,0.8,0.011734,2.0656,0.6,0.017553,2.737,0.014667,1.5301
2025-03-13,2573.64,-2.78,0.4,-0.000575,2.2217,0.2,-0.000998,3.2926,0.8,-0.000367,2.0649,0.6,-0.000598,2.7354,-0.000458,1.5294
2025-03-14,2566.36,-3.58,0.2,-0.001431,2.2185,0.0,-0.001747,3.2868,0.8,-0.002263,2.0602,0.6,-0.003442,2.726,-0.002829,1.5251
2025-03-17,2610.69,-4.45,0.1,0.003305,2.2258,0.0,0.0,3.2868,0.8,0.013819,2.0887,0.6,0.020681,2.7823,0.017273,1.5514
2025-03-18,2612.34,-3.12,0.1,6.3e-05,2.2259,0.0,0.0,3.2868,0.1,-0.000544,2.0875,0.0,-0.001089,2.7793,0.000632,1.5524
2025-03-19,2628.62,-4.33,0.1,0.000623,2.2273,0.0,0.0,3.2868,0.1,0.000623,2.0888,0.0,0.0,2.7793,0.006232,1.5621
2025-03-20,2637.1,-6.03,0.0,0.000173,2.2277,0.0,0.0,3.2868,0.1,0.000323,2.0895,0.0,0.0,2.7793,0.003226,1.5671
2025-03-21,2643.13,-5.42,0.0,0.0,2.2277,0.0,0.0,3.2868,0.1,0.000229,2.09,0.0,0.0,2.7793,0.002287,1.5707
2025-03-24,2632.07,-5.67,0.0,0.0,2.2277,0.0,0.0,3.2868,0.1,-0.000418,2.0891,0.0,0.0,2.7793,-0.004184,1.5641
2025-03-25,2615.81,-5.74,0.0,0.0,2.2277,0.0,0.0,3.2868,0.0,-0.000768,2.0875,0.0,0.0,2.7793,-0.006178,1.5545
2025-03-26,2643.94,-6.5,0.0,0.0,2.2277,0.0,0.0,3.2868,0.0,0.0,2.0875,0.0,0.0,2.7793,0.010754,1.5712
2025-03-27,2607.15,-4.48,0.0,0.0,2.2277,0.0,0.0,3.2868,0.0,0.0,2.0875,0.0,0.0,2.7793,-0.013915,1.5493
2025-03-28,2557.98,-4.54,0.0,0.0,2.2277,0.0,0.0,3.2868,0.0,0.0,2.0875,0.0,0.0,2.7793,-0.01886,1.5201
2025-03-31,2481.12,-4.12,0.0,0.0,2.2277,0.0,0.0,3.2868,0.0,0.0,2.0875,0.0,0.0,2.7793,-0.030047,1.4744
2025-04-01,2521.39,-0.11,0.0,0.0,2.2277,0.0,0.0,3.2868,0.0,0.0,2.0875,0.0,0.0,2.7793,0.016231,1.4984
2025-04-02,2505.86,3.45,0.2,-0.0003,2.2271,0.1,-0.0003,3.2858,0.0,0.0,2.0875,0.0,0.0,2.7793,-0.006159,1.4891
2025-04-03,2486.7,5.42,0.4,-0.001829,2.223,0.3,-0.002137,3.2788,0.0,0.0,2.0875,0.0,0.0,2.7793,-0.007646,1.4777
2025-04-04,2465.42,1.4,0.6,-0.003723,2.2147,0.5,-0.005758,3.2599,0.0,0.0,2.0875,0.0,0.0,2.7793,-0.008558,1.4651
2025-04-07,2328.2,5.02,0.8,-0.033695,2.1401,0.7,-0.056298,3.0764,0.0,0.0,2.0875,0.0,0.0,2.7793,-0.055658,1.3836
2025-04-08,2334.23,5.58,1.0,0.001772,2.1439,1.0,0.00267,3.0846,1.0,-0.0015,2.0844,1.0,-0.003,2.771,0.00259,1.3871
2025-04-09,2293.7,6.07,1.0,-0.017363,2.1066,1.0,-0.034806,2.9773,1.0,-0.017363,2.0482,1.0,-0.034806,2.6745,-0.017363,1.3631
2025-04-10,2445.06,5.16,1.0,0.065989,2.2457,1.0,0.1319,3.37,1.0,0.065989,2.1834,1.0,0.1319,3.0273,0.065989,1.453
2025-04-11,2432.72,4.64,1.0,-0.005047,2.2343,1.0,-0.010173,3.3357,1.0,-0.005047,2.1723,1.0,-0.010173,2.9965,-0.005047,1.4457
2025-04-14,2455.89,4.03,1.0,0.009524,2.2556,0.8,0.018369,3.397,1.0,0.009524,2.193,1.0,0.018969,3.0533,0.009524,1.4594
2025-04-15,2477.41,4.05,0.9,0.008613,2.275,0.6,0.013357,3.4423,0.9,0.008613,2.2119,0.6,0.016246,3.1029,0.008763,1.4722
2025-04-16,2447.43,6.13,0.9,-0.010891,2.2503,0.6,-0.014569,3.3922,0.9,-0.010891,2.1878,0.6,-0.014569,3.0577,-0.012101,1.4544
2025-04-17,2470.41,5.97,0.4,0.0077,2.2676,0.2,0.01002,3.4262,0.9,0.00845,2.2063,0.6,0.01122,3.092,0.009389,1.4681
2025-04-18,2483.42,4.81,0.6,0.001807,2.2717,0.4,0.001491,3.4313,0.9,0.00474,2.2168,0.6,0.006272,3.1114,0.005266,1.4758
2025-04-21,2488.42,5.29,0.7,0.001058,2.2741,0.6,0.000979,3.4346,0.9,0.001812,2.2208,0.6,0.002368,3.1188,0.002013,1.4788
2025-04-22,2486.64,5.51,0.9,-0.000801,2.2723,0.8,-0.001506,3.4295,0.9,-0.000644,2.2194,0.8,-0.001506,3.1141,-0.000715,1.4777
2025-04-23,2525.56,4.2,0.9,0.014086,2.3043,0.8,0.024979,3.5151,0.9,0.014086,2.2506,0.8,0.024979,3.1919,0.015652,1.5008
2025-04-24,2522.33,4.72,1.0,-0.001301,2.3013,1.0,-0.00271,3.5056,0.9,-0.001151,2.248,0.8,-0.00211,3.1851,-0.001279,1.4989
2025-04-25,2546.3,5.14,1.0,0.009503,2.3231,1.0,0.018927,3.5719,0.9,0.008553,2.2673,0.8,0.015141,3.2334,0.009503,1.5132
2025-04-28,2548.86,5.44,1.0,0.001005,2.3255,1.0,0.001931,3.5788,0.9,0.000905,2.2693,0.8,0.001545,3.2384,0.001005,1.5147
2025-04-29,2565.42,6.08,1.0,0.006497,2.3406,1.0,0.012915,3.6251,1.0,0.005697,2.2822,1.0,0.009732,3.2699,0.006497,1.5245
2025-04-30,2556.61,4.6,1.0,-0.003434,2.3326,1.0,-0.006948,3.5999,1.0,-0.003434,2.2744,1.0,-0.006948,3.2472,-0.003434,1.5193
2025-05-02,2559.79,5.83,1.0,0.001244,2.3355,1.0,0.002408,3.6086,1.0,0.001244,2.2772,1.0,0.002408,3.255,0.001244,1.5212
2025-05-07,2573.8,6.45,1.0,0.005473,2.3482,1.0,0.010867,3.6478,1.0,0.005473,2.2897,1.0,0.010867,3.2904,0.005473,1.5295
2025-05-08,2579.48,5.22,1.0,0.002207,2.3534,1.0,0.004334,3.6636,1.0,0.002207,2.2947,1.0,0.004334,3.3046,0.002207,1.5329
2025-05-09,2577.27,3.38,1.0,-0.000857,2.3514,1.0,-0.001793,3.657,1.0,-0.000857,2.2928,1.0,-0.001793,3.2987,-0.000857,1.5316
2025-05-12,2607.33,3.01,1.0,0.011664,2.3788,1.0,0.023248,3.742,1.0,0.011664,2.3195,1.0,0.023248,3.3754,0.011664,1.5494
2025-05-13,2608.42,-1.22,1.0,0.000418,2.3798,1.0,0.000757,3.7449,1.0,0.000418,2.3205,1.0,0.000757,3.3779,0.000418,1.5501
2025-05-14,2640.57,0.16,0.9,0.012175,2.4088,0.8,0.023972,3.8346,1.0,0.012325,2.3491,1.0,0.024572,3.4609,0.012325,1.5692
2025-05-15,2621.36,2.43,0.9,-0.006547,2.393,0.7,-0.012003,3.7886,1.0,-0.007275,2.332,1.0,-0.014629,3.4103,-0.007275,1.5578
2025-05-16,2626.87,3.28,0.9,0.001892,2.3976,0.7,0.002887,3.7995,1.0,0.002102,2.3369,1.0,0.004125,3.4244,0.002102,1.561
2025-05-19,2603.42,3.49,0.9,-0.008034,2.3783,0.7,-0.012553,3.7518,1.0,-0.008927,2.316,1.0,-0.017933,3.363,-0.008927,1.5471
2025-05-20,2601.8,3.16,0.9,-0.00056,2.377,0.7,-0.000927,3.7484,0.9,-0.000772,2.3143,0.7,-0.002224,3.3555,-0.000622,1.5461
2025-05-21,2625.58,2.6,1.0,0.008076,2.3962,0.9,0.01214,3.7939,0.9,0.008226,2.3333,0.7,0.01274,3.3982,0.00914,1.5603
2025-05-22,2593.67,3.43,1.0,-0.012154,2.367,1.0,-0.022248,3.7095,0.9,-0.010938,2.3078,0.7,-0.01707,3.3402,-0.012154,1.5413
2025-05-23,2592.09,1.6,1.0,-0.000609,2.3656,1.0,-0.001298,3.7046,0.9,-0.000548,2.3065,0.7,-0.000908,3.3372,-0.000609,1.5404
2025-05-26,2644.4,1.4,1.0,0.020181,2.4133,1.0,0.040282,3.8539,0.9,0.018163,2.3484,0.7,0.028197,3.4313,0.020181,1.5715
2025-05-27,2637.22,2.5,1.0,-0.002715,2.4068,1.0,-0.00551,3.8326,1.0,-0.002594,2.3423,1.0,-0.004757,3.415,-0.002715,1.5672
2025-05-28,2670.15,1.9,1.0,0.012487,2.4368,1.0,0.024894,3.9281,1.0,0.012487,2.3716,1.0,0.024894,3.5,0.012487,1.5868
2025-05-29,2720.64,2.27,1.0,0.018909,2.4829,1.0,0.037739,4.0763,1.0,0.018909,2.4164,1.0,0.037739,3.6321,0.018909,1.6168
2025-05-30,2697.67,2.55,1.0,-0.008443,2.4619,1.0,-0.016965,4.0071,1.0,-0.008443,2.396,1.0,-0.016965,3.5704,-0.008443,1.6031
2025-06-02,2698.97,3.56,1.0,0.000482,2.4631,1.0,0.000884,4.0107,1.0,0.000482,2.3971,1.0,0.000884,3.5736,0.000482,1.6039
2025-06-04,2770.84,3.85,1.0,0.026629,2.5287,1.0,0.053178,4.224,1.0,0.026629,2.461,1.0,0.053178,3.7636,0.026629,1.6466
2025-06-05,2812.05,5.44,1.0,0.014873,2.5663,1.0,0.029666,4.3493,1.0,0.014873,2.4976,1.0,0.029666,3.8753,0.014873,1.6711
2025-06-09,2855.77,5.71,1.0,0.015547,2.6062,1.0,0.031015,4.4842,1.0,0.015547,2.5364,1.0,0.031015,3.9955,0.015547,1.6971
2025-06-10,2871.85,3.87,1.0,0.005631,2.6209,1.0,0.011182,4.5343,1.0,0.005631,2.5507,1.0,0.011182,4.0402,0.005631,1.7066
2025-06-11,2907.04,4.58,1.0,0.012253,2.653,1.0,0.024427,4.6451,1.0,0.012253,2.582,1.0,0.024427,4.1389,0.012253,1.7275
2025-06-12,2920.03,5.78,1.0,0.004468,2.6649,1.0,0.008858,4.6862,1.0,0.004468,2.5935,1.0,0.008858,4.1755,0.004468,1.7353
2025-06-13,2894.62,6.79,1.0,-0.008702,2.6417,1.0,-0.017483,4.6043,1.0,-0.008702,2.5709,1.0,-0.017483,4.1025,-0.008702,1.7202
2025-06-16,2946.66,6.46,1.0,0.017978,2.6892,1.0,0.035877,4.7695,1.0,0.017978,2.6171,1.0,0.035877,4.2497,0.017978,1.7511
2025-06-17,2950.3,7.46,1.0,0.001235,2.6925,1.0,0.002391,4.7809,1.0,0.001235,2.6204,1.0,0.002391,4.2599,0.001235,1.7532
2025-06-18,2972.19,6.65,1.0,0.00742,2.7125,1.0,0.01476,4.8514,1.0,0.00742,2.6398,1.0,0.01476,4.3227,0.00742,1.7662
2025-06-19,2977.74,6.49,1.0,0.001867,2.7175,1.0,0.003655,4.8692,1.0,0.001867,2.6447,1.0,0.003655,4.3385,0.001867,1.7695
2025-06-20,3021.84,5.2,1.0,0.01481,2.7578,1.0,0.02954,5.013,1.0,0.01481,2.6839,1.0,0.02954,4.4667,0.01481,1.7958
2025-06-23,3014.47,5.44,1.0,-0.002439,2.7511,1.0,-0.004957,4.9882,1.0,-0.002439,2.6774,1.0,-0.004957,4.4446,-0.002439,1.7914
2025-06-24,3103.64,5.01,1.0,0.029581,2.8324,1.0,0.059082,5.2829,1.0,0.029581,2.7566,1.0,0.059082,4.7072,0.029581,1.8444
2025-06-25,3108.25,5.11,1.0,0.001485,2.8366,1.0,0.002891,5.2981,1.0,0.001485,2.7607,1.0,0.002891,4.7208,0.001485,1.8471
2025-06-26,3079.56,5.81,1.0,-0.00923,2.8105,1.0,-0.01854,5.1999,1.0,-0.00923,2.7352,1.0,-0.01854,4.6332,-0.00923,1.8301
2025-06-27,3055.94,4.32,1.0,-0.00767,2.7889,1.0,-0.015419,5.1197,1.0,-0.00767,2.7142,1.0,-0.015419,4.5618,-0.00767,1.816
2025-06-30,3071.7,5.61,1.0,0.005157,2.8033,1.0,0.010235,5.1721,1.0,0.005157,2.7282,1.0,0.010235,4.6085,0.005157,1.8254
2025-07-01,3089.65,3.73,1.0,0.005844,2.8197,1.0,0.011608,5.2322,1.0,0.005844,2.7441,1.0,0.011608,4.662,0.005844,1.8361
2025-07-02,3075.06,4.65,1.0,-0.004722,2.8064,1.0,-0.009524,5.1823,1.0,-0.004722,2.7312,1.0,-0.009524,4.6176,-0.004722,1.8274
2025-07-03,3116.27,3.87,1.0,0.013401,2.844,1.0,0.026723,5.3208,1.0,0.013401,2.7678,1.0,0.026723,4.741,0.013401,1.8519
2025-07-04,3054.28,0.23,1.0,-0.019892,2.7874,1.0,-0.039864,5.1087,1.0,-0.019892,2.7127,1.0,-0.039864,4.552,-0.019892,1.815
2025-07-07,3059.47,0.79,1.0,0.001699,2.7921,0.9,0.003019,5.1242,1.0,0.001699,2.7173,1.0,0.003319,4.5671,0.001699,1.8181
2025-07-08,3114.95,-2.09,1.0,0.018134,2.8428,0.9,0.03257,5.291,1.0,0.018134,2.7666,0.9,0.035888,4.731,0.018134,1.8511
2025-07-09,3133.74,-1.84,0.8,0.005732,2.8591,0.7,0.010187,5.3449,1.0,0.006032,2.7833,0.9,0.010787,4.782,0.006032,1.8623
2025-07-10,3183.23,-4.05,0.7,0.012484,2.8947,0.5,0.021454,5.4596,1.0,0.015793,2.8273,0.9,0.028355,4.9176,0.015793,1.8917
2025-07-11,3175.77,-2.5,0.5,-0.00194,2.8891,0.3,-0.002983,5.4433,1.0,-0.002344,2.8206,0.9,-0.00429,4.8965,-0.002344,1.8872
2025-07-14,3202.03,-3.28,0.4,0.003984,2.9006,0.1,0.004338,5.4669,1.0,0.008269,2.844,0.9,0.014813,4.9691,0.008269,1.9028
2025-07-15,3215.28,-3.75,0.2,0.001355,2.9046,0.0,0.00052,5.4698,0.2,0.002938,2.8523,0.0,0.004677,4.9923,0.004138,1.9107
2025-07-16,3186.38,-4.03,0.1,-0.001948,2.8989,0.0,0.0,5.4698,0.2,-0.001798,2.8472,0.0,0.0,4.9923,-0.008988,1.8935
2025-07-17,3192.29,-4.41,0.0,3.5e-05,2.899,0.0,0.0,5.4698,0.2,0.000371,2.8482,0.0,0.0,4.9923,0.001855,1.897
2025-07-18,3188.07,-4.93,0.0,0.0,2.899,0.0,0.0,5.4698,0.2,-0.000264,2.8475,0.0,0.0,4.9923,-0.001322,1.8945
2025-07-21,3210.81,-5.39,0.0,0.0,2.899,0.0,0.0,5.4698,0.2,0.001427,2.8515,0.0,0.0,4.9923,0.007133,1.9081
2025-07-22,3169.94,-5.76,0.0,0.0,2.899,0.0,0.0,5.4698,0.0,-0.002846,2.8434,0.0,0.0,4.9923,-0.012729,1.8838
2025-07-23,3183.77,-6.97,0.0,0.0,2.899,0.0,0.0,5.4698,0.0,0.0,2.8434,0.0,0.0,4.9923,0.004363,1.892
2025-07-24,3190.45,-5.89,0.0,0.0,2.899,0.0,0.0,5.4698,0.0,0.0,2.8434,0.0,0.0,4.9923,0.002098,1.896
2025-07-25,3196.05,-3.56,0.0,0.0,2.899,0.0,0.0,5.4698,0.0,0.0,2.8434,0.0,0.0,4.9923,0.001755,1.8993
2025-07-28,3209.52,-5.36,0.0,0.0,2.899,0.0,0.0,5.4698,0.0,0.0,2.8434,0.0,0.0,4.9923,0.004215,1.9073
2025-07-29,3230.57,-4.83,0.0,0.0,2.899,0.0,0.0,5.4698,0.0,0.0,2.8434,0.0,0.0,4.9923,0.006559,1.9198
2025-07-30,3254.47,-2.61,0.0,0.0,2.899,0.0,0.0,5.4698,0.0,0.0,2.8434,0.0,0.0,4.9923,0.007398,1.934
2025-07-31,3245.44,-2.68,0.0,0.0,2.899,0.0,0.0,5.4698,0.0,0.0,2.8434,0.0,0.0,4.9923,-0.002775,1.9286
2025-08-01,3119.41,-3.01,0.0,0.0,2.899,0.0,0.0,5.4698,0.0,0.0,2.8434,0.0,0.0,4.9923,-0.038833,1.8537
2025-08-04,3147.75,-2.95,0.0,0.0,2.899,0.0,0.0,5.4698,0.0,0.0,2.8434,0.0,0.0,4.9923,0.009085,1.8706
2025-08-05,3198.0,-0.73,0.0,0.0,2.899,0.0,0.0,5.4698,0.0,0.0,2.8434,0.0,0.0,4.9923,0.015964,1.9004
2025-08-06,3198.14,-2.11,0.2,-0.0003,2.8982,0.1,-0.0003,5.4681,0.0,0.0,2.8434,0.0,0.0,4.9923,4.4e-05,1.9005
2025-08-07,3227.68,-5.52,0.2,0.001847,2.9035,0.1,0.001839,5.4782,0.0,0.0,2.8434,0.0,0.0,4.9923,0.009237,1.9181
2025-08-08,3210.01,-5.76,0.2,-0.001095,2.9003,0.1,-0.001103,5.4722,0.0,0.0,2.8434,0.0,0.0,4.9923,-0.005475,1.9076
2025-08-11,3206.77,-5.21,0.2,-0.000202,2.8997,0.1,-0.00021,5.471,0.0,0.0,2.8434,0.0,0.0,4.9923,-0.001009,1.9056
2025-08-12,3189.91,-5.07,0.2,-0.001052,2.8967,0.1,-0.001059,5.4652,0.2,-0.0003,2.8426,0.1,-0.0003,4.9908,-0.005258,1.8956
2025-08-13,3224.37,-5.44,0.1,0.002011,2.9025,0.0,0.001853,5.4753,0.2,0.002161,2.8487,0.1,0.002153,5.0016,0.010803,1.9161
2025-08-14,3225.66,-4.13,0.0,-0.00011,2.9022,0.0,0.0,5.4753,0.2,8e-05,2.8489,0.1,7.2e-05,5.0019,0.0004,1.9169
2025-08-18,3177.28,-5.27,0.0,0.0,2.9022,0.0,0.0,5.4753,0.2,-0.003,2.8404,0.1,-0.003008,4.9869,-0.014998,1.8881
2025-08-19,3151.56,-3.58,0.0,0.0,2.9022,0.0,0.0,5.4753,0.0,-0.001919,2.835,0.0,-0.001927,4.9773,-0.008095,1.8728
2025-08-20,3130.09,-6.14,0.0,0.0,2.9022,0.0,0.0,5.4753,0.0,0.0,2.835,0.0,0.0,4.9773,-0.006812,1.8601
2025-08-21,3141.74,-4.87,0.0,0.0,2.9022,0.0,0.0,5.4753,0.0,0.0,2.835,0.0,0.0,4.9773,0.003722,1.867
2025-08-22,3168.73,-4.48,0.0,0.0,2.9022,0.0,0.0,5.4753,0.0,0.0,2.835,0.0,0.0,4.9773,0.008591,1.883
2025-08-25,3209.86,-4.54,0.0,0.0,2.9022,0.0,0.0,5.4753,0.0,0.0,2.835,0.0,0.0,4.9773,0.01298,1.9075
2025-08-26,3179.36,-4.94,0.0,0.0,2.9022,0.0,0.0,5.4753,0.0,0.0,2.835,0.0,0.0,4.9773,-0.009502,1.8894
2025-08-27,3187.16,-5.33,0.0,0.0,2.9022,0.0,0.0,5.4753,0.0,0.0,2.835,0.0,0.0,4.9773,0.002453,1.894
2025-08-28,3196.32,-3.65,0.0,0.0,2.9022,0.0,0.0,5.4753,0.0,0.0,2.835,0.0,0.0,4.9773,0.002874,1.8994
2025-08-29,3186.01,-5.15,0.0,0.0,2.9022,0.0,0.0,5.4753,0.0,0.0,2.835,0.0,0.0,4.9773,-0.003226,1.8933
2025-09-01,3142.93,-4.57,0.0,0.0,2.9022,0.0,0.0,5.4753,0.0,0.0,2.835,0.0,0.0,4.9773,-0.013522,1.8677
2025-09-02,3172.35,-5.62,0.0,0.0,2.9022,0.0,0.0,5.4753,0.0,0.0,2.835,0.0,0.0,4.9773,0.009361,1.8852
2025-09-03,3184.42,-3.94,0.0,0.0,2.9022,0.0,0.0,5.4753,0.0,0.0,2.835,0.0,0.0,4.9773,0.003805,1.8924
2025-09-04,3200.83,-6.41,0.0,0.0,2.9022,0.0,0.0,5.4753,0.0,0.0,2.835,0.0,0.0,4.9773,0.005153,1.9021
2025-09-05,3205.12,-6.31,0.0,0.0,2.9022,0.0,0.0,5.4753,0.0,0.0,2.835,0.0,0.0,4.9773,0.00134,1.9047
2025-09-08,3219.59,-7.04,0.0,0.0,2.9022,0.0,0.0,5.4753,0.0,0.0,2.835,0.0,0.0,4.9773,0.004515,1.9133
2025-09-09,3260.05,-7.31,0.0,0.0,2.9022,0.0,0.0,5.4753,0.0,0.0,2.835,0.0,0.0,4.9773,0.012567,1.9373
2025-09-10,3314.53,-5.83,0.0,0.0,2.9022,0.0,0.0,5.4753,0.0,0.0,2.835,0.0,0.0,4.9773,0.016711,1.9697
2025-09-11,3344.2,-3.95,0.0,0.0,2.9022,0.0,0.0,5.4753,0.0,0.0,2.835,0.0,0.0,4.9773,0.008951,1.9873
2025-09-12,3395.54,-3.11,0.0,0.0,2.9022,0.0,0.0,5.4753,0.0,0.0,2.835,0.0,0.0,4.9773,0.015352,2.0178
2025-09-15,3407.31,-1.7,0.0,0.0,2.9022,0.0,0.0,5.4753,0.0,0.0,2.835,0.0,0.0,4.9773,0.003466,2.0248
2025-09-16,3449.62,-0.19,0.1,-0.00015,2.9018,0.0,0.0,5.4753,0.1,-0.00015,2.8345,0.0,0.0,4.9773,0.012417,2.05
2025-09-17,3413.4,0.74,0.2,-0.0012,2.8983,0.1,-0.0003,5.4737,0.1,-0.00105,2.8315,0.0,0.0,4.9773,-0.0105,2.0284
2025-09-18,3461.3,0.04,0.4,0.002507,2.9055,0.2,0.002499,5.4874,0.1,0.001403,2.8355,0.0,0.0,4.9773,0.014033,2.0569
2025-09-19,3445.24,-1.62,0.6,-0.002156,2.8993,0.3,-0.002172,5.4754,0.1,-0.000464,2.8342,0.0,0.0,4.9773,-0.00464,2.0474
2025-09-22,3468.65,-0.63,0.7,0.003927,2.9107,0.3,0.004053,5.4976,0.1,0.000679,2.8361,0.0,0.0,4.9773,0.006795,2.0613
2025-09-23,3486.19,-1.83,0.8,0.00339,2.9205,0.4,0.00271,5.5125,0.8,-0.000544,2.8346,0.4,-0.0012,4.9713,0.005057,2.0717
2025-09-24,3472.14,-0.7,0.7,-0.003374,2.9107,0.3,-0.003556,5.4929,0.8,-0.003224,2.8254,0.4,-0.003256,4.9551,-0.00403,2.0633
2025-09-25,3471.11,-0.04,0.6,-0.000358,2.9096,0.2,-0.000502,5.4902,0.8,-0.000237,2.8248,0.4,-0.000269,4.9538,-0.000297,2.0627
2025-09-26,3386.05,-0.5,0.6,-0.014703,2.8669,0.2,-0.009818,5.4363,0.8,-0.019604,2.7694,0.4,-0.019636,4.8565,-0.024505,2.0122
2025-09-29,3431.21,-0.05,0.7,0.007852,2.8894,0.3,0.005019,5.4636,0.8,0.01067,2.799,0.4,0.010638,4.9082,0.013337,2.039
2025-09-30,3424.6,-1.4,0.7,-0.001349,2.8855,0.3,-0.00118,5.4571,0.7,-0.001691,2.7942,0.3,-0.001873,4.899,-0.001926,2.0351
2025-10-01,3455.83,0.57,0.7,0.006384,2.9039,0.3,0.005448,5.4868,0.7,0.006384,2.8121,0.3,0.005448,4.9257,0.009119,2.0537
2025-10-02,3549.21,-0.09,0.8,0.018765,2.9584,0.4,0.015889,5.574,0.7,0.018915,2.8652,0.3,0.016189,5.0054,0.027021,2.1091
2025-10-10,3610.6,-0.18,0.8,0.013837,2.9993,0.4,0.013806,5.651,0.7,0.012108,2.8999,0.3,0.010354,5.0572,0.017297,2.1456
2025-10-13,3584.55,-1.48,0.8,-0.005772,2.982,0.4,-0.005804,5.6182,0.7,-0.00505,2.8853,0.3,-0.004353,5.0352,-0.007215,2.1301
2025-10-14,3561.81,0.66,0.7,-0.005225,2.9664,0.3,-0.005407,5.5878,0.7,-0.004441,2.8725,0.3,-0.00383,5.0159,-0.006344,2.1166
2025-10-15,3657.28,3.27,0.8,0.018613,3.0216,0.5,0.015458,5.6742,0.7,0.018763,2.9264,0.3,0.016058,5.0965,0.026804,2.1734
2025-10-16,3748.37,1.54,0.8,0.019925,3.0818,0.5,0.024867,5.8153,0.7,0.017435,2.9774,0.3,0.01492,5.1725,0.024906,2.2275
2025-10-17,3748.89,0.77,0.9,-3.9e-05,3.0817,0.6,-0.000201,5.8141,0.7,9.7e-05,2.9777,0.3,5.9e-05,5.1728,0.000139,2.2278
2025-10-20,3814.69,-0.51,0.9,0.015797,3.1304,0.7,0.020715,5.9346,0.7,0.012286,3.0143,0.3,0.010507,5.2272,0.017552,2.2669
2025-10-21,3823.84,1.05,0.9,0.002159,3.1372,0.7,0.003303,5.9542,0.9,0.001379,3.0184,0.7,0.000215,5.2283,0.002399,2.2723
2025-10-22,3883.68,2.57,0.9,0.014084,3.1813,0.8,0.021553,6.0825,0.9,0.014084,3.0609,0.7,0.021853,5.3426,0.015649,2.3079
2025-10-23,3845.56,2.59,0.9,-0.008834,3.1532,0.8,-0.015768,5.9866,0.9,-0.008834,3.0339,0.7,-0.013797,5.2688,-0.009815,2.2853
2025-10-24,3941.59,2.24,0.9,0.022474,3.2241,0.8,0.039891,6.2254,0.9,0.022474,3.1021,0.7,0.034905,5.4527,0.024972,2.3423
2025-10-27,4042.83,3.57,0.9,0.023117,3.2986,0.8,0.041033,6.4808,0.9,0.023117,3.1738,0.7,0.035904,5.6485,0.025685,2.4025
2025-10-28,4010.41,2.34,1.0,-0.007367,3.2743,1.0,-0.013494,6.3934,1.0,-0.007367,3.1504,1.0,-0.012182,5.5797,-0.008019,2.3832
2025-10-29,4081.15,3.8,1.0,0.017639,3.3321,1.0,0.035199,6.6184,1.0,0.017639,3.206,1.0,0.035199,5.7761,0.017639,2.4253
2025-10-30,4086.89,5.73,1.0,0.001406,3.3368,1.0,0.002734,6.6365,1.0,0.001406,3.2105,1.0,0.002734,5.7919,0.001406,2.4287
2025-10-31,4107.5,5.31,1.0,0.005043,3.3536,1.0,0.010007,6.7029,1.0,0.005043,3.2267,1.0,0.010007,5.8499,0.005043,2.4409
2025-11-03,4221.87,3.95,1.0,0.027844,3.447,1.0,0.055609,7.0757,1.0,0.027844,3.3165,1.0,0.055609,6.1752,0.027844,2.5089
2025-11-04,4121.74,4.66,1.0,-0.023717,3.3652,1.0,-0.047513,6.7395,1.0,-0.023717,3.2379,1.0,-0.047513,5.8818,-0.023717,2.4494
2025-11-05,4004.42,5.71,1.0,-0.028464,3.2694,1.0,-0.057007,6.3553,1.0,-0.028464,3.1457,1.0,-0.057007,5.5465,-0.028464,2.3797
2025-11-06,4026.45,3.86,1.0,0.005501,3.2874,1.0,0.010923,6.4247,1.0,0.005501,3.163,1.0,0.010923,5.607,0.005501,2.3928
2025-11-07,3953.76,4.92,1.0,-0.018053,3.2281,1.0,-0.036186,6.1922,1.0,-0.018053,3.1059,1.0,-0.036186,5.4041,-0.018053,2.3496
2025-11-10,4073.24,3.33,1.0,0.030219,3.3256,1.0,0.060359,6.566,1.0,0.030219,3.1998,1.0,0.060359,5.7303,0.030219,2.4206
2025-11-11,4106.39,2.48,1.0,0.008138,3.3527,1.0,0.016198,6.6723,1.0,0.008138,3.2258,1.0,0.016198,5.8232,0.008138,2.4403
2025-11-12,4150.39,-1.4,1.0,0.010715,3.3886,1.0,0.021351,6.8148,1.0,0.010715,3.2604,1.0,0.021351,5.9475,0.010715,2.4664
2025-11-13,4170.63,-0.25,1.0,0.004877,3.4052,1.0,0.009674,6.8807,1.0,0.004877,3.2763,1.0,0.009674,6.005,0.004877,2.4784
2025-11-14,4011.57,2.1,1.0,-0.038138,3.2753,0.9,-0.076656,6.3533,1.0,-0.038138,3.1513,1.0,-0.076356,5.5465,-0.038138,2.3839
2025-11-17,4089.25,0.42,0.9,0.019214,3.3382,0.7,0.034184,6.5704,1.0,0.019364,3.2123,1.0,0.038649,5.7609,0.019364,2.4301
2025-11-18,3953.62,1.42,0.9,-0.029851,3.2386,0.6,-0.04679,6.263,0.9,-0.033317,3.1053,0.6,-0.067614,5.3714,-0.033167,2.3495
2025-11-19,3929.51,2.95,1.0,-0.005638,3.2203,0.8,-0.007965,6.2131,0.9,-0.005488,3.0883,0.6,-0.007365,5.3318,-0.006098,2.3351
2025-11-20,4004.85,-2.7,1.0,0.019173,3.2821,1.0,0.030013,6.3996,0.9,0.017256,3.1416,0.6,0.02296,5.4542,0.019173,2.3799
2025-11-21,3853.26,-0.32,1.0,-0.037852,3.1578,0.9,-0.076083,5.9127,0.9,-0.034066,3.0345,0.6,-0.04547,5.2062,-0.037852,2.2898
2025-11-24,3846.06,-2.33,1.0,-0.001869,3.1519,0.8,-0.003735,5.8906,0.9,-0.001682,3.0294,0.6,-0.00229,5.1943,-0.001869,2.2856
2025-11-25,3857.78,-1.92,0.9,0.002897,3.1611,0.7,0.004512,5.9172,0.9,0.002743,3.0377,0.7,0.003309,5.2115,0.003047,2.2925
2025-11-26,3960.87,-0.21,0.5,0.02345,3.2352,0.3,0.036156,6.1311,0.9,0.02405,3.1108,0.7,0.037356,5.4062,0.026723,2.3538
2025-11-27,3986.91,-3.77,0.5,0.003287,3.2458,0.2,0.003621,6.1533,0.9,0.005917,3.1292,0.7,0.009148,5.4556,0.006574,2.3693
2025-11-28,3926.59,-0.45,0.4,-0.007715,3.2208,0.2,-0.006068,6.116,0.9,-0.013617,3.0866,0.7,-0.021237,5.3398,-0.01513,2.3334
2025-12-01,3920.37,-0.28,0.4,-0.000634,3.2187,0.2,-0.00065,6.112,0.9,-0.001426,3.0822,0.7,-0.002273,5.3276,-0.001584,2.3297
2025-12-02,3994.93,-0.56,0.5,0.007457,3.2427,0.2,0.007592,6.1584,0.5,0.016517,3.1331,0.2,0.025071,5.4612,0.019019,2.374
2025-12-03,4036.3,1.46,0.6,0.005028,3.259,0.3,0.003826,6.182,0.5,0.005178,3.1493,0.2,0.004126,5.4837,0.010356,2.3986
2025-12-04,4028.51,-2.24,0.7,-0.001308,3.2548,0.4,-0.001482,6.1728,0.5,-0.000965,3.1463,0.2,-0.000788,5.4794,-0.00193,2.394
2025-12-05,4100.05,-2.59,0.7,0.012431,3.2952,0.4,0.014175,6.2603,0.5,0.008879,3.1742,0.2,0.007087,5.5182,0.017758,2.4365
2025-12-08,4154.85,-1.92,0.6,0.009206,3.3256,0.3,0.010361,6.3252,0.5,0.006683,3.1954,0.2,0.00533,5.5476,0.013366,2.4691
2025-12-09,4143.55,-1.42,0.5,-0.001782,3.3196,0.3,-0.001656,6.3147,0.5,-0.00136,3.1911,0.3,-0.001404,5.5399,-0.00272,2.4623
2025-12-10,4135.0,-2.09,0.4,-0.001182,3.3157,0.2,-0.001562,6.3049,0.5,-0.001032,3.1878,0.3,-0.001262,5.5329,-0.002063,2.4573
2025-12-11,4110.62,-0.06,0.3,-0.002508,3.3074,0.0,-0.002974,6.2861,0.5,-0.002948,3.1784,0.3,-0.003561,5.5132,-0.005896,2.4428
2025-12-12,4167.16,-0.82,0.4,0.003976,3.3206,0.1,-0.0003,6.2842,0.5,0.006877,3.2003,0.3,0.008229,5.5585,0.013755,2.4764
2025-12-15,4090.59,1.61,0.5,-0.0075,3.2957,0.2,-0.003983,6.2592,0.5,-0.009187,3.1709,0.3,-0.011049,5.4971,-0.018375,2.4309
2025-12-16,3999.13,3.74,0.7,-0.011479,3.2578,0.4,-0.009559,6.1994,0.7,-0.011479,3.1345,0.4,-0.013739,5.4216,-0.022359,2.3765
2025-12-17,4056.41,2.41,0.8,0.009876,3.29,0.5,0.011127,6.2683,0.7,0.010026,3.1659,0.4,0.011427,5.4835,0.014323,2.4106
2025-12-18,3994.51,2.25,0.9,-0.012358,3.2493,0.7,-0.015899,6.1687,0.7,-0.010682,3.1321,0.4,-0.01224,5.4164,-0.01526,2.3738
2025-12-19,4020.55,-1.29,0.9,0.005867,3.2684,0.8,0.008771,6.2228,0.7,0.004563,3.1464,0.4,0.005183,5.4445,0.006519,2.3892
2025-12-22,4105.93,-2.12,0.9,0.019112,3.3309,0.8,0.033914,6.4338,0.7,0.014865,3.1931,0.4,0.016957,5.5368,0.021236,2.44
2025-12-23,4117.32,-2.75,0.8,0.002347,3.3387,0.6,0.003775,6.4581,0.8,0.001792,3.1989,0.6,0.001587,5.5456,0.002774,2.4468
2025-12-24,4108.62,-2.86,0.6,-0.00199,3.332,0.4,-0.003183,6.4376,0.8,-0.00169,3.1934,0.6,-0.002583,5.5313,-0.002113,2.4416
2025-12-26,4129.68,-3.43,0.4,0.002775,3.3413,0.2,0.003469,6.4599,0.8,0.004101,3.2065,0.6,0.006103,5.565,0.005126,2.4541
2025-12-29,4220.56,-0.24,0.2,0.008503,3.3697,0.0,0.008187,6.5128,0.8,0.017605,3.263,0.6,0.02636,5.7117,0.022007,2.5081
2025-12-30,4214.17,1.22,0.2,-0.000303,3.3687,0.1,-0.0003,6.5108,0.2,-0.002111,3.2561,0.1,-0.003364,5.6925,-0.001514,2.5043
2026-01-02,4309.63,2.33,0.4,0.00423,3.3829,0.3,0.003922,6.5364,0.2,0.00453,3.2709,0.1,0.004522,5.7183,0.022652,2.561
2026-01-05,4457.52,2.3,0.6,0.013426,3.4284,0.5,0.019966,6.6669,0.2,0.006863,3.2933,0.1,0.006855,5.7575,0.034316,2.6489
2026-01-06,4525.48,2.11,0.8,0.008848,3.4587,0.7,0.014606,6.7642,0.8,0.002149,3.3004,0.7,0.001241,5.7646,0.015246,2.6893
2026-01-07,4551.06,1.13,1.0,0.004222,3.4733,0.9,0.007258,6.8133,0.8,0.004522,3.3153,0.7,0.007858,5.8099,0.005652,2.7045
2026-01-08,4552.37,-0.82,1.0,0.000288,3.4743,0.9,0.000447,6.8164,0.8,0.00023,3.3161,0.7,0.000347,5.8119,0.000288,2.7053
2026-01-09,4586.32,-1.12,0.9,0.007308,3.4997,0.8,0.013052,6.9053,0.8,0.005966,3.3359,0.7,0.010385,5.8723,0.007458,2.7255
2026-01-12,4624.79,0.25,0.8,0.007399,3.5256,0.7,0.013057,6.9955,0.8,0.00671,3.3582,0.7,0.011688,5.9409,0.008388,2.7483
2026-01-13,4692.64,-2.58,0.8,0.011737,3.5669,0.6,0.020184,7.1367,0.8,0.011737,3.3977,0.6,0.020184,6.0608,0.014671,2.7886
2026-01-14,4723.1,-2.53,0.7,0.005043,3.5849,0.4,0.007142,7.1877,0.8,0.005193,3.4153,0.6,0.007742,6.1078,0.006491,2.8067
2026-01-15,4797.55,-1.69,0.5,0.010734,3.6234,0.2,0.011979,7.2738,0.8,0.01261,3.4584,0.6,0.018868,6.223,0.015763,2.851
2026-01-16,4840.74,-1.26,0.4,0.004351,3.6392,0.1,0.003285,7.2977,0.8,0.007202,3.4833,0.6,0.010755,6.2899,0.009003,2.8766
2026-01-19,4904.66,-0.69,0.4,0.005282,3.6584,0.1,0.002633,7.3169,0.8,0.010564,3.5201,0.6,0.015798,6.3893,0.013205,2.9146
2026-01-20,4885.75,-1.96,0.4,-0.001542,3.6528,0.1,-0.000779,7.3112,0.4,-0.003684,3.5071,0.1,-0.006174,6.3498,-0.003856,2.9034
2026-01-21,4909.93,0.3,0.4,0.00198,3.66,0.1,0.000982,7.3184,0.4,0.00198,3.514,0.1,0.000982,6.3561,0.004949,2.9178
2026-01-22,4952.53,2.35,0.6,0.003171,3.6716,0.2,0.001427,7.3288,0.4,0.003471,3.5262,0.1,0.001727,6.3671,0.008676,2.9431
2026-01-23,4990.07,1.24,0.7,0.004398,3.6877,0.4,0.002416,7.3465,0.4,0.003032,3.5369,0.1,0.001508,6.3767,0.00758,2.9654
2026-01-26,4949.59,0.39,0.8,-0.005828,3.6663,0.6,-0.007121,7.2942,0.4,-0.003245,3.5255,0.1,-0.00163,6.3663,-0.008112,2.9413
2026-01-27,5084.85,-2.23,0.9,0.021712,3.7459,0.6,0.032745,7.533,0.9,0.010181,3.5613,0.6,0.003958,6.3915,0.027328,3.0217
2026-01-28,5170.81,0.38,0.8,0.015065,3.8023,0.6,0.020239,7.6855,0.9,0.015215,3.6155,0.6,0.020239,6.5208,0.016905,3.0728
2026-01-29,5221.25,2.02,0.8,0.007804,3.832,0.6,0.011658,7.7751,0.9,0.008779,3.6473,0.6,0.011658,6.5968,0.009755,3.1028
2026-01-30,5224.36,3.66,0.8,0.000477,3.8338,0.6,0.000667,7.7803,0.9,0.000536,3.6492,0.6,0.000667,6.6012,0.000596,3.1046
2026-02-02,4949.67,2.69,0.8,-0.042063,3.6725,0.6,-0.063142,7.289,0.9,-0.047321,3.4765,0.6,-0.063142,6.1844,-0.052579,2.9414
2026-02-03,5288.08,0.37,1.0,0.054396,3.8723,0.9,0.081097,7.8801,1.0,0.061383,3.6899,0.9,0.081097,6.686,0.06837,3.1425
2026-02-04,5371.1,3.77,1.0,0.015699,3.9331,1.0,0.027888,8.0999,1.0,0.015699,3.7479,0.9,0.028188,6.8744,0.015699,3.1918
2026-02-05,5163.57,3.83,1.0,-0.038638,3.7811,1.0,-0.077356,7.4733,1.0,-0.038638,3.6031,0.9,-0.06962,6.3958,-0.038638,3.0685
2026-02-06,5089.14,0.42,1.0,-0.014414,3.7266,1.0,-0.028908,7.2573,1.0,-0.014414,3.5511,0.9,-0.026017,6.2294,-0.014414,3.0243
2026-02-09,5298.04,0.96,1.0,0.041048,3.8796,1.0,0.082017,7.8525,1.0,0.041048,3.6969,0.9,0.073815,6.6892,0.041048,3.1484
2026-02-10,5301.69,4.03,1.0,0.000689,3.8823,0.8,0.000699,7.858,1.0,0.000689,3.6994,0.8,0.000869,6.695,0.000689,3.1506
2026-02-11,5354.49,-4.16,1.0,0.009959,3.9209,0.9,0.015571,7.9803,1.0,0.009959,3.7363,0.8,0.015871,6.8013,0.009959,3.1819
2026-02-12,5522.27,-5.11,0.8,0.031034,4.0426,0.7,0.055731,8.4251,1.0,0.031334,3.8534,0.8,0.050072,7.1419,0.031334,3.2817
2026-02-13,5507.01,-1.49,0.6,-0.002511,4.0325,0.5,-0.004524,8.387,1.0,-0.002763,3.8427,0.8,-0.004485,7.1098,-0.002763,3.2726
2026-02-19,5677.25,2.3,0.5,0.018398,4.1066,0.4,0.030574,8.6434,0.5,0.030163,3.9586,0.4,0.048198,7.4525,0.030913,3.3738
2026-02-20,5808.53,0.12,0.5,0.011562,4.1541,0.4,0.018467,8.803,0.5,0.011562,4.0044,0.4,0.018467,7.5901,0.023124,3.4518
2026-02-23,5846.09,5.4,0.5,0.003233,4.1676,0.3,0.004841,8.8456,0.5,0.003233,4.0173,0.4,0.005141,7.6292,0.006466,3.4741
2026-02-24,5969.64,4.32,0.7,0.010267,4.2103,0.5,0.012056,8.9523,0.7,0.010267,4.0586,0.5,0.016575,7.7556,0.021134,3.5475
2026-02-25,6083.86,6.89,0.9,0.013093,4.2655,0.7,0.018494,9.1178,0.7,0.013393,4.1129,0.5,0.019094,7.9037,0.019133,3.6154
2026-02-26,6307.27,6.07,1.0,0.0329,4.4058,0.9,0.050755,9.5806,0.7,0.025705,4.2187,0.5,0.036682,8.1936,0.036722,3.7481
2026-02-27,6244.13,8.51,1.0,-0.010011,4.3617,0.9,-0.018091,9.4073,0.7,-0.007007,4.1891,0.5,-0.01005,8.1113,-0.010011,3.7106
2026-03-03,5791.91,9.62,1.0,-0.072423,4.0458,1.0,-0.130733,8.1775,1.0,-0.051146,3.9748,1.0,-0.073963,7.5113,-0.072423,3.4419
2026-03-04,5093.54,9.64,1.0,-0.120577,3.558,1.0,-0.241233,6.2048,1.0,-0.120577,3.4956,1.0,-0.241233,5.6994,-0.120577,3.0269
2026-03-05,5583.9,9.6,1.0,0.096271,3.9005,1.0,0.192463,7.399,1.0,0.096271,3.8321,1.0,0.192463,6.7963,0.096271,3.3183
2026-03-06,5584.87,9.53,1.0,0.000174,3.9012,1.0,0.000268,7.401,1.0,0.000174,3.8328,1.0,0.000268,6.7981,0.000174,3.3189
2026-03-09,5251.87,9.55,1.0,-0.059625,3.6686,1.0,-0.11933,6.5178,1.0,-0.059625,3.6042,1.0,-0.11933,5.9869,-0.059625,3.121
2026-03-10,5532.59,9.37,1.0,0.053451,3.8647,1.0,0.106824,7.2141,1.0,0.053451,3.7969,1.0,0.106824,6.6264,0.053451,3.2878
2026-03-11,5609.95,9.37,1.0,0.013983,3.9187,1.0,0.027886,7.4152,1.0,0.013983,3.85,1.0,0.027886,6.8112,0.013983,3.3338
2026-03-12,5583.25,9.46,1.0,-0.004759,3.9001,1.0,-0.009598,7.3441,1.0,-0.004759,3.8316,1.0,-0.009598,6.7458,-0.004759,3.3179
2026-03-13,5487.24,9.24,1.0,-0.017196,3.833,1.0,-0.034472,7.0909,1.0,-0.017196,3.7658,1.0,-0.034472,6.5133,-0.017196,3.2608
2026-03-16,5549.85,9.16,1.0,0.01141,3.8767,1.0,0.022741,7.2521,1.0,0.01141,3.8087,1.0,0.022741,6.6614,0.01141,3.298
2026-03-17,5640.48,8.99,1.0,0.01633,3.94,1.0,0.032581,7.4884,1.0,0.01633,3.8709,1.0,0.032581,6.8784,0.01633,3.3519
2026-03-18,5925.03,8.15,1.0,0.050448,4.1388,1.0,0.100816,8.2434,1.0,0.050448,4.0662,1.0,0.100816,7.5719,0.050448,3.521
2026-03-19,5763.22,8.11,1.0,-0.02731,4.0258,1.0,-0.054698,7.7925,1.0,-0.02731,3.9552,1.0,-0.054698,7.1577,-0.02731,3.4248
2026-03-20,5781.2,7.32,1.0,0.00312,4.0383,1.0,0.00616,7.8405,1.0,0.00312,3.9675,1.0,0.00616,7.2018,0.00312,3.4355
2026-03-23,5405.75,7.93,1.0,-0.064943,3.7761,1.0,-0.129966,6.8215,1.0,-0.064943,3.7098,1.0,-0.129966,6.2658,-0.064943,3.2124
2026-03-24,5553.92,8.04,1.0,0.02741,3.8796,1.0,0.05474,7.1949,1.0,0.02741,3.8115,1.0,0.05474,6.6088,0.02741,3.3005
2026-03-25,5642.21,7.92,1.0,0.015897,3.9412,1.0,0.031714,7.4231,1.0,0.015897,3.8721,1.0,0.031714,6.8184,0.015897,3.3529
2026-03-26,5460.46,7.43,1.0,-0.032213,3.8143,1.0,-0.064504,6.9443,1.0,-0.032213,3.7474,1.0,-0.064504,6.3786,-0.032213,3.2449
2026-03-27,5438.87,4.89,1.0,-0.003954,3.7992,1.0,-0.007987,6.8888,1.0,-0.003954,3.7326,1.0,-0.007987,6.3276,-0.003954,3.2321
2026-03-30,5277.3,5.66,1.0,-0.029707,3.6863,1.0,-0.059492,6.479,1.0,-0.029707,3.6217,1.0,-0.059492,5.9512,-0.029707,3.1361
2026-03-31,5052.46,6.36,1.0,-0.042605,3.5293,1.0,-0.08529,5.9264,1.0,-0.042605,3.4674,1.0,-0.08529,5.4436,-0.042605,3.0025
2026-04-01,5478.7,5.86,1.0,0.084363,3.827,0.8,0.168046,6.9223,1.0,0.084363,3.7599,1.0,0.168646,6.3617,0.084363,3.2558
2026-04-02,5234.05,6.1,1.0,-0.044655,3.6561,0.8,-0.071511,6.4273,1.0,-0.044655,3.592,1.0,-0.089389,5.793,-0.044655,3.1104
2026-04-03,5377.3,6.03,0.9,0.027219,3.7556,0.6,0.043127,6.7044,1.0,0.027369,3.6903,1.0,0.054658,6.1096,0.027369,3.1955
2026-04-06,5450.33,5.37,0.7,0.011923,3.8004,0.4,0.01565,6.8094,1.0,0.013581,3.7404,1.0,0.027083,6.2751,0.013581,3.2389
2026-04-07,5494.78,5.48,0.7,0.005709,3.8221,0.4,0.006493,6.8536,0.7,0.007705,3.7693,0.4,0.014432,6.3657,0.008155,3.2653
2026-04-08,5872.34,3.15,0.6,0.047949,4.0054,0.4,0.054938,7.2301,0.7,0.048099,3.9505,0.4,0.054938,6.7154,0.068712,3.4897
2026-04-09,5778.01,4.99,0.6,-0.009638,3.9668,0.4,-0.012883,7.137,0.7,-0.011244,3.9061,0.4,-0.012883,6.6289,-0.016063,3.4336
2026-04-10,5858.87,3.85,0.7,0.008247,3.9995,0.6,0.010564,7.2124,0.7,0.009796,3.9444,0.4,0.011164,6.7029,0.013994,3.4817
2026-04-13,5808.62,4.85,0.9,-0.006304,3.9743,0.8,-0.01094,7.1335,0.7,-0.006004,3.9207,0.4,-0.006893,6.6567,-0.008577,3.4518
2026-04-14,5967.75,5.04,1.0,0.024506,4.0717,1.0,0.043169,7.4414,1.0,0.018727,3.9941,1.0,0.020085,6.7904,0.027395,3.5464
2026-04-15,6091.39,5.08,1.0,0.020718,4.156,1.0,0.041357,7.7492,1.0,0.020718,4.0769,1.0,0.041357,7.0712,0.020718,3.6199
2026-04-16,6226.05,4.08,1.0,0.022107,4.2479,1.0,0.044134,8.0912,1.0,0.022107,4.167,1.0,0.044134,7.3833,0.022107,3.6999
2026-04-17,6191.92,3.84,1.0,-0.005482,4.2246,1.0,-0.011043,8.0018,1.0,-0.005482,4.1442,1.0,-0.011043,7.3017,-0.005482,3.6796
2026-04-20,6219.09,5.16,1.0,0.004388,4.2432,1.0,0.008697,8.0714,1.0,0.004388,4.1624,1.0,0.008697,7.3652,0.004388,3.6957
2026-04-21,6388.47,6.07,1.0,0.027235,4.3587,1.0,0.054392,8.5104,1.0,0.027235,4.2757,1.0,0.054392,7.7659,0.027235,3.7964
2026-04-22,6417.93,6.47,1.0,0.004611,4.3788,1.0,0.009144,8.5882,1.0,0.004611,4.2954,1.0,0.009144,7.8369,0.004611,3.8139
2026-04-23,6475.81,4.75,1.0,0.009018,4.4183,1.0,0.017958,8.7424,1.0,0.009018,4.3342,1.0,0.017958,7.9776,0.009018,3.8483
2026-04-24,6475.63,4.14,1.0,-2.8e-05,4.4182,1.0,-0.000135,8.7413,1.0,-2.8e-05,4.334,1.0,-0.000135,7.9765,-2.8e-05,3.8482
2026-04-27,6615.03,5.51,1.0,0.021527,4.5133,1.0,0.042974,9.1169,1.0,0.021527,4.4273,1.0,0.042974,8.3193,0.021527,3.931
2026-04-28,6641.02,4.68,1.0,0.003929,4.531,1.0,0.007778,9.1878,1.0,0.003929,4.4447,1.0,0.007778,8.384,0.003929,3.9465
2026-04-29,6690.9,4.01,1.0,0.007511,4.5651,1.0,0.014942,9.3251,1.0,0.007511,4.4781,1.0,0.014942,8.5093,0.007511,3.9761
2026-04-30,6598.87,3.43,1.0,-0.013755,4.5023,1.0,-0.027588,9.0679,1.0,-0.013755,4.4165,1.0,-0.027588,8.2745,-0.013755,3.9214
2026-05-04,6936.99,4.08,1.0,0.051239,4.733,1.0,0.102399,9.9964,1.0,0.051239,4.6428,1.0,0.102399,9.1218,0.051239,4.1224
2026-05-06,7384.56,4.05,1.0,0.064519,5.0383,1.0,0.128959,11.2855,1.0,0.064519,4.9424,1.0,0.128959,10.2982,0.064519,4.3883
2026-05-07,7490.05,2.15,1.0,0.014285,5.1103,1.0,0.028491,11.6071,1.0,0.014285,5.013,1.0,0.028491,10.5916,0.014285,4.451
2026-05-08,7498.0,4.01,1.0,0.001061,5.1157,1.0,0.002043,11.6308,1.0,0.001061,5.0183,1.0,0.002043,10.6132,0.001061,4.4557
2026-05-11,7822.24,4.87,1.0,0.043244,5.337,1.0,0.086408,12.6358,1.0,0.043244,5.2353,1.0,0.086408,11.5303,0.043244,4.6484
2026-05-12,7643.15,4.78,1.0,-0.022895,5.2148,1.0,-0.045869,12.0562,1.0,-0.022895,5.1155,1.0,-0.045869,11.0014,-0.022895,4.542
2026-05-13,7844.01,3.48,1.0,0.02628,5.3518,1.0,0.05248,12.6889,1.0,0.02628,5.2499,1.0,0.05248,11.5788,0.02628,4.6614
2026-05-14,7981.41,3.21,1.0,0.017517,5.4456,1.0,0.034954,13.1324,1.0,0.017517,5.3418,1.0,0.034954,11.9835,0.017517,4.743
2026-05-15,7493.18,5.06,1.0,-0.061171,5.1124,1.0,-0.122421,11.5247,1.0,-0.061171,5.0151,1.0,-0.122421,10.5165,-0.061171,4.4529
2026-05-18,7516.04,4.73,1.0,0.003051,5.128,1.0,0.006022,11.5941,1.0,0.003051,5.0304,1.0,0.006022,10.5798,0.003051,4.4665
2026-05-19,7271.66,3.71,1.0,-0.032514,4.9613,1.0,-0.065108,10.8392,1.0,-0.032514,4.8668,1.0,-0.065108,9.891,-0.032514,4.3212
2026-05-20,7208.95,2.66,1.0,-0.008624,4.9185,1.0,-0.017327,10.6514,1.0,-0.008624,4.8249,1.0,-0.017327,9.7196,-0.008624,4.284
2026-05-21,7815.59,3.94,1.0,0.084151,5.3324,1.0,0.168223,12.4432,1.0,0.084151,5.2309,1.0,0.168223,11.3546,0.084151,4.6445
2026-05-22,7847.71,4.22,1.0,0.00411,5.3543,1.0,0.00814,12.5445,1.0,0.00411,5.2524,1.0,0.00814,11.4471,0.00411,4.6636
2026-05-26,8047.51,1.15,1.0,0.02546,5.4907,1.0,0.05084,13.1823,1.0,0.02546,5.3861,1.0,0.05084,12.029,0.02546,4.7823
2026-05-27,8228.7,-0.01,1.0,0.022515,5.6143,1.0,0.044951,13.7749,1.0,0.022515,5.5074,1.0,0.044951,12.5697,0.022515,4.89
2026-05-28,8185.29,2.37,1.0,-0.005275,5.5847,0.9,-0.01093,13.6243,1.0,-0.005275,5.4783,1.0,-0.01063,12.4361,-0.005275,4.8642
2026-05-29,8476.15,0.3,1.0,0.035534,5.7831,0.9,0.063891,14.4948,1.0,0.035534,5.673,1.0,0.07099,13.3189,0.035534,5.037
2026-06-01,8788.38,1.94,1.0,0.036836,5.9961,0.8,0.065934,15.4505,1.0,0.036836,5.8819,1.0,0.073593,14.2991,0.036836,5.2226
2026-06-02,8801.49,-0.07,1.0,0.001492,6.0051,0.8,0.002323,15.4863,1.0,0.001492,5.8907,0.8,0.002304,14.3321,0.001492,5.2304
2026-06-04,8639.41,0.97,1.0,-0.018415,5.8945,0.7,-0.029828,15.0244,1.0,-0.018415,5.7822,0.8,-0.029528,13.9089,-0.018415,5.134
2026-06-05,8160.59,2.91,1.0,-0.055423,5.5678,0.8,-0.077947,13.8533,1.0,-0.055423,5.4618,0.8,-0.08874,12.6746,-0.055423,4.8495
2026-06-08,7484.41,2.7,1.0,-0.082859,5.1065,1.0,-0.133238,12.0075,1.0,-0.082859,5.0092,0.8,-0.132638,10.9935,-0.082859,4.4477
2026-06-09,8096.93,1.19,1.0,0.081839,5.5244,1.0,0.1636,13.9719,1.0,0.081839,5.4192,1.0,0.13028,12.4257,0.081839,4.8117
2026-06-10,7730.82,0.44,1.0,-0.045216,5.2746,1.0,-0.090511,12.7073,1.0,-0.045216,5.1741,1.0,-0.090511,11.301,-0.045216,4.5941
2026-06-11,7763.95,-2.39,1.0,0.004285,5.2972,1.0,0.008492,12.8152,1.0,0.004285,5.1963,1.0,0.008492,11.397,0.004285,4.6138
2026-06-12,8123.62,-1.35,1.0,0.046326,5.5426,0.9,0.092272,13.9977,1.0,0.046326,5.437,1.0,0.092572,12.452,0.046326,4.8275
2026-06-15,8545.98,-2.56,1.0,0.051992,5.8308,0.7,0.092913,15.2983,1.0,0.051992,5.7197,1.0,0.103904,13.7459,0.051992,5.0785
2026-06-16,8726.6,-5.92,0.9,0.020985,5.9531,0.5,0.028934,15.7409,0.9,0.020985,5.8397,0.5,0.040691,14.3052,0.021135,5.1859
2026-06-17,8864.24,-5.63,0.7,0.013895,6.0358,0.3,0.015133,15.9791,0.9,0.014195,5.9226,0.5,0.015733,14.5302,0.015772,5.2676
2026-06-18,9063.84,-3.56,0.2,0.015012,6.1264,0.0,0.012587,16.1803,0.9,0.020266,6.0427,0.5,0.022478,14.8569,0.022517,5.3863
2026-06-19,9052.42,-3.99,0.1,-0.000402,6.124,0.0,0.0,16.1803,0.9,-0.001134,6.0358,0.5,-0.0013,14.8375,-0.00126,5.3795
2026-06-22,9114.55,-2.88,0.0,0.000536,6.1273,0.0,0.0,16.1803,0.9,0.006177,6.0731,0.5,0.006824,14.9388,0.006863,5.4164
2026-06-23,8203.84,0.29,0.0,0.0,6.1273,0.0,0.0,16.1803,0.0,-0.091276,5.5188,0.0,-0.101458,13.4231,-0.099918,4.8752
2026-06-24,8471.02,0.04,0.5,-0.00075,6.1227,0.3,-0.0009,16.1657,0.0,0.0,5.5188,0.0,0.0,13.4231,0.032568,5.034
2026-06-25,8930.3,1.49,0.7,0.026809,6.2868,0.4,0.032207,16.6863,0.0,0.0,5.5188,0.0,0.0,13.4231,0.054218,5.3069
2026-06-26,8411.21,2.78,0.9,-0.040989,6.0291,0.6,-0.047133,15.8999,0.0,0.0,5.5188,0.0,0.0,13.4231,-0.058127,4.9984
2026-06-29,8394.65,-1.67,1.0,-0.001922,6.0175,0.8,-0.00301,15.852,0.0,0.0,5.5188,0.0,0.0,13.4231,-0.001969,4.9886
2026-06-30,8476.48,-1.71,1.0,0.009748,6.0762,0.8,0.015533,16.0982,1.0,-0.0015,5.5105,0.8,-0.0024,13.3909,0.009748,5.0372
2026-07-01,8303.41,1.26,1.0,-0.020418,5.9521,0.7,-0.033032,15.5665,1.0,-0.020418,5.398,0.8,-0.032732,12.9526,-0.020418,4.9344
2026-07-02,7648.09,1.43,1.0,-0.078922,5.4824,0.8,-0.110846,13.841,1.0,-0.078922,4.972,0.8,-0.126338,11.3162,-0.078922,4.5449
2026-07-03,8088.34,-1.16,0.9,0.057413,5.7971,0.6,0.091438,15.1066,1.0,0.057563,5.2582,0.8,0.092038,12.3577,0.057563,4.8066
2026-07-06,8051.33,-0.96,0.8,-0.004268,5.7724,0.4,-0.006138,15.0139,1.0,-0.004576,5.2341,0.8,-0.007385,12.2665,-0.004576,4.7846
2026-07-07,7656.31,-1.63,0.9,-0.0394,5.545,0.4,-0.039282,14.4241,0.9,-0.049213,4.9765,0.4,-0.079764,11.288,-0.049063,4.5498
2026-07-08,7246.79,-4.06,0.9,-0.048139,5.278,0.4,-0.042822,13.8064,0.9,-0.048139,4.7369,0.4,-0.042822,10.8047,-0.053488,4.3065
2026-07-09,7291.91,-2.99,0.7,0.005304,5.306,0.3,0.004649,13.8706,0.9,0.005604,4.7635,0.4,0.004949,10.8581,0.006226,4.3333
2026-07-10,7475.94,-2.97,0.7,0.017666,5.3998,0.3,0.015119,14.0803,0.9,0.022714,4.8717,0.4,0.020158,11.077,0.025238,4.4426
2026-07-13,6806.93,-3.87,0.7,-0.062642,5.0615,0.2,-0.054017,13.3197,0.9,-0.08054,4.4793,0.4,-0.071622,10.2837,-0.089488,4.0451
2026-07-14,6856.83,-3.19,0.6,0.004982,5.0867,0.2,0.002916,13.3586,0.6,0.006148,4.5069,0.2,0.005233,10.3375,0.007331,4.0747
2026-07-15,7284.41,-0.79,0.6,0.037415,5.277,0.2,0.024927,13.6916,0.6,0.037415,4.6755,0.2,0.024927,10.5952,0.062358,4.3288
2026-07-16,6820.6,0.48,0.6,-0.038203,5.0754,0.2,-0.025485,13.3427,0.6,-0.038203,4.4969,0.2,-0.025485,10.3251,-0.063672,4.0532
2026-07-20,6516.27,-0.62,0.6,-0.026772,4.9396,0.2,-0.017864,13.1043,0.6,-0.026772,4.3765,0.2,-0.017864,10.1407,-0.044619,3.8723
2026-07-21,6747.95,-0.16,0.6,0.021332,5.0449,0.2,0.014206,13.2905,0.6,0.021332,4.4698,0.2,0.014206,10.2848,0.035554,4.01
2026-07-22,6797.7,1.13,0.6,0.004424,5.0673,0.2,0.002933,13.3294,0.6,0.004424,4.4896,0.2,0.002933,10.3149,0.007373,4.0396
2026-07-23,7096.89,-1.12,0.6,0.026408,5.2011,0.2,0.017589,13.5639,0.6,0.026408,4.6082,0.2,0.017589,10.4964,0.044013,4.2174
2026-07-24,6690.62,-1.89,0.6,-0.034348,5.0224,0.2,-0.022914,13.2531,0.6,-0.034348,4.4499,0.2,-0.022914,10.2558,-0.057246,3.976
2026-07-27,6755.75,-2.54,0.6,0.005841,5.0518,0.2,0.003878,13.3045,0.6,0.005841,4.4759,0.2,0.003878,10.2956,0.009735,4.0147
2026-07-28,6023.66,-0.5,0.6,-0.065019,4.7233,0.2,-0.043362,12.7276,0.6,-0.065019,4.1849,0.2,-0.043362,9.8492,-0.108365,3.5796
2026-07-29,5663.24,0.34,0.6,-0.0359,4.5537,0.2,-0.023949,12.4228,0.6,-0.0359,4.0346,0.2,-0.023949,9.6133,-0.059834,3.3654
2026-07-30,5593.56,0.04,0.6,-0.007382,4.5201,0.2,-0.004937,12.3614,0.6,-0.007382,4.0048,0.2,-0.004937,9.5658,-0.012304,3.324
2026-07-31,6595.45,3.25,0.6,0.107469,5.0059,0.2,0.07163,13.2469,0.6,0.107469,4.4352,0.2,0.07163,10.251,0.179115,3.9194
2026-08-03,6257.45,2.4,0.6,-0.030748,4.852,0.2,-0.020515,12.9751,0.6,-0.030748,4.2989,0.2,-0.020515,10.0407,-0.051247,3.7185
2026-08-04,6358.95,4.87,0.6,0.009732,4.8992,0.2,0.006472,13.0591,0.6,0.009732,4.3407,0.2,0.006472,10.1057,0.016221,3.7789
2026-08-05,6598.26,6.05,0.6,0.02258,5.0098,0.2,0.015038,13.2555,0.6,0.02258,4.4387,0.2,0.015038,10.2577,0.037634,3.9211
2026-08-06,6296.38,7.38,0.6,-0.027451,4.8723,0.2,-0.018316,13.0127,0.6,-0.027451,4.3169,0.2,-0.018316,10.0698,-0.045751,3.7417
2026-08-07,6258.77,4.76,0.3,-0.004034,4.8526,0.0,-0.003005,12.9736,0.6,-0.003584,4.3014,0.2,-0.002405,10.0456,-0.005973,3.7193
2026-08-10,6299.66,4.82,0.3,0.00196,4.8621,0.0,0.0,12.9736,0.6,0.00392,4.3183,0.2,0.002597,10.0717,0.006533,3.7436
2026-08-11,6345.53,3.89,0.6,0.001734,4.8706,0.2,-0.0006,12.9658,0.6,0.004369,4.3371,0.2,0.002897,10.1008,0.007281,3.7709
2026-08-12,6579.04,0.84,0.6,0.022079,4.9781,0.2,0.014704,13.1564,0.6,0.022079,4.4329,0.2,0.014704,10.2494,0.036799,3.9096
2026-08-13,6813.34,-2.29,0.6,0.021368,5.0845,0.2,0.014229,13.3436,0.6,0.021368,4.5276,0.2,0.014229,10.3952,0.035613,4.0489
2026-08-14,6977.94,-1.35,0.6,0.014495,5.1582,0.2,0.009648,13.4724,0.6,0.014495,4.5932,0.2,0.009648,10.4955,0.024158,4.1467
2026-08-18,6869.83,-1.09,0.6,-0.009296,5.1102,0.2,-0.006213,13.3887,0.6,-0.009296,4.5505,0.2,-0.006213,10.4303,-0.015493,4.0825
2026-08-19,6471.17,-1.25,0.3,-0.035268,4.93,0.0,-0.023828,13.0696,0.6,-0.034818,4.3921,0.2,-0.023228,10.188,-0.058031,3.8455
2026-08-20,6852.58,-0.83,0.6,0.017232,5.015,0.2,-0.0006,13.0618,0.6,0.035364,4.5474,0.2,0.02356,10.428,0.05894,4.0722
2026-08-21,6912.95,0.74,0.6,0.005286,5.0415,0.2,0.003508,13.1076,0.6,0.005286,4.5715,0.2,0.003508,10.4646,0.00881,4.1081
2026-08-24,6696.96,-0.64,0.6,-0.018747,4.947,0.2,-0.012514,12.9436,0.6,-0.018747,4.4858,0.2,-0.012514,10.3337,-0.031244,3.9797
2026-08-25,6742.74,-3.26,0.6,0.004102,4.9673,0.2,0.002719,12.9788,0.6,0.004102,4.5042,0.2,0.002719,10.3618,0.006836,4.0069
2026-08-26,6808.21,-2.56,0.6,0.005826,4.9962,0.2,0.003868,13.029,0.6,0.005826,4.5304,0.2,0.003868,10.4018,0.00971,4.0458
2026-08-27,6912.37,-2.86,0.3,0.00873,5.0398,0.0,0.005504,13.1007,0.6,0.00918,4.572,0.2,0.006104,10.4653,0.015299,4.1077
2026-08-28,6788.88,-4.64,0.3,-0.00536,5.0128,0.0,0.0,13.1007,0.6,-0.010719,4.523,0.2,-0.007162,10.3904,-0.017865,4.0343
2026-08-31,6820.02,-7.26,0.3,0.001376,5.0197,0.0,0.0,13.1007,0.6,0.002752,4.5354,0.2,0.001819,10.4093,0.004587,4.0529
2026-09-01,6835.8,-7.67,0.3,0.000694,5.0232,0.0,0.0,13.1007,0.3,0.000938,4.5397,0.0,0.00031,10.4125,0.002314,4.0622
2026-09-02,6562.72,-7.38,0.3,-0.011985,4.963,0.0,0.0,13.1007,0.3,-0.011985,4.4853,0.0,0.0,10.4125,-0.039949,3.9
2026-09-03,6579.48,-8.22,0.3,0.000766,4.9668,0.0,0.0,13.1007,0.3,0.000766,4.4887,0.0,0.0,10.4125,0.002554,3.9099
2026-09-04,6687.21,-7.21,0.3,0.004912,4.9912,0.0,0.0,13.1007,0.3,0.004912,4.5108,0.0,0.0,10.4125,0.016374,3.9739
2026-09-07,6995.39,-7.86,0.3,0.013825,5.0602,0.0,0.0,13.1007,0.3,0.013825,4.5731,0.0,0.0,10.4125,0.046085,4.1571
2026-09-08,6954.52,-8.39,0.2,-0.001903,5.0506,0.0,0.0,13.1007,0.2,-0.001903,4.5644,0.0,0.0,10.4125,-0.005842,4.1328
2026-09-09,7051.64,-8.15,0.2,0.002793,5.0647,0.0,0.0,13.1007,0.2,0.002793,4.5772,0.0,0.0,10.4125,0.013965,4.1905
2026-09-10,7033.92,-6.51,0.1,-0.000653,5.0614,0.0,0.0,13.1007,0.2,-0.000503,4.5749,0.0,0.0,10.4125,-0.002513,4.18
2026-09-11,6909.91,-5.17,0.1,-0.001763,5.0524,0.0,0.0,13.1007,0.2,-0.003526,4.5587,0.0,0.0,10.4125,-0.01763,4.1063
2026-09-14,6684.37,-3.17,0.0,-0.003414,5.0352,0.0,0.0,13.1007,0.2,-0.006528,4.529,0.0,0.0,10.4125,-0.03264,3.9722
2026-09-15,6627.26,-3.72,0.4,-0.0006,5.0322,0.2,-0.0006,13.0928,0.4,-0.002009,4.5199,0.2,-0.0006,10.4063,-0.008544,3.9383
2026-09-16,6717.97,-4.78,0.4,0.005475,5.0597,0.2,0.005459,13.1643,0.4,0.005475,4.5446,0.2,0.005459,10.4631,0.013687,3.9922
2026-09-17,6715.41,-3.62,0.5,-0.000302,5.0582,0.2,-0.000168,13.1621,0.4,-0.000152,4.5439,0.2,-0.000168,10.4613,-0.000381,3.9907
2026-09-18,6894.23,-5.58,0.5,0.013314,5.1255,0.2,0.010635,13.3021,0.4,0.010651,4.5923,0.2,0.010635,10.5726,0.026628,4.097
2026-09-21,7007.72,-5.84,0.5,0.008231,5.1677,0.2,0.006569,13.3895,0.4,0.006585,4.6226,0.2,0.006569,10.642,0.016462,4.1644
2026-09-22,7017.91,-3.81,0.4,0.000577,5.1707,0.2,0.000566,13.397,0.4,0.000582,4.6253,0.2,0.000566,10.648,0.001454,4.1705
2026-09-23,7080.92,-4.62,0.1,0.003141,5.1869,0.0,0.002976,13.4369,0.4,0.003591,4.6419,0.2,0.003576,10.6861,0.008978,4.2079
2026-09-28,6889.74,-3.44,0.0,-0.00285,5.1722,0.0,0.0,13.4369,0.4,-0.0108,4.5917,0.2,-0.010816,10.5705,-0.026999,4.0943
2026-09-29,6870.81,-3.38,0.0,0.0,5.1722,0.0,0.0,13.4369,0.0,-0.001699,4.5839,0.0,-0.001715,10.5524,-0.002748,4.083
2026-09-30,6838.04,-3.21,0.0,0.0,5.1722,0.0,0.0,13.4369,0.0,0.0,4.5839,0.0,0.0,10.5524,-0.004769,4.0636
2026-10-01,6971.35,-2.66,0.0,0.0,5.1722,0.0,0.0,13.4369,0.0,0.0,4.5839,0.0,0.0,10.5524,0.019495,4.1428
2026-10-02,7003.74,-1.86,0.0,0.0,5.1722,0.0,0.0,13.4369,0.0,0.0,4.5839,0.0,0.0,10.5524,0.004646,4.162
2026-10-06,6941.39,-1.41,0.1,-0.00015,5.1714,0.0,0.0,13.4369,0.1,-0.00015,4.5832,0.0,0.0,10.5524,-0.008902,4.125
